{
	"type": "FeatureCollection",
	"features": [
		{
			"type": "Feature",
			"properties": { "pm_name": "七虎公園", "pm_type": "公園" },
			"geometry": {
				"type": "Point",
				"coordinates": [121.5020599,25.13649941]
			}
		},
		{
			"type": "Feature",
			"properties": { "pm_name": "七星公園", "pm_type": "公園" },
			"geometry": {
				"type": "Point",
				"coordinates": [121.5030212,25.13661957]
			}
		},
		{
			"type": "Feature",
			"properties": { "pm_name": "八仙公園", "pm_type": "公園" },
			"geometry": {
				"type": "Point",
				"coordinates": [121.502916,25.120286]
			}
		},
		{
			"type": "Feature",
			"properties": { "pm_name": "大豐公園", "pm_type": "公園" },
			"geometry": {
				"type": "Point",
				"coordinates": [121.5037308,25.13194084]
			}
		},
		{
			"type": "Feature",
			"properties": { "pm_name": "中央簡易公園", "pm_type": "公園" },
			"geometry": {
				"type": "Point",
				"coordinates": [121.4999237,25.12809944]
			}
		},
		{
			"type": "Feature",
			"properties": { "pm_name": "中庸1號公園", "pm_type": "公園" },
			"geometry": {
				"type": "Point",
				"coordinates": [121.5012436,25.13804054]
			}
		},
		{
			"type": "Feature",
			"properties": { "pm_name": "丹鳳公園", "pm_type": "公園" },
			"geometry": {
				"type": "Point",
				"coordinates": [121.5109787,25.1264801]
			}
		},
		{
			"type": "Feature",
			"properties": { "pm_name": "公館公園", "pm_type": "公園" },
			"geometry": {
				"type": "Point",
				"coordinates": [121.5064316,25.12799072]
			}
		},
		{
			"type": "Feature",
			"properties": { "pm_name": "天狗庵遺址", "pm_type": "公園" },
			"geometry": {
				"type": "Point",
				"coordinates": [121.5066681,25.13592911]
			}
		},
		{
			"type": "Feature",
			"properties": { "pm_name": "文化1號公園", "pm_type": "公園" },
			"geometry": {
				"type": "Point",
				"coordinates": [121.496462,25.136535]
			}
		},
		{
			"type": "Feature",
			"properties": { "pm_name": "文化2號公園", "pm_type": "公園" },
			"geometry": {
				"type": "Point",
				"coordinates": [121.4968414,25.13643074]
			}
		},
		{
			"type": "Feature",
			"properties": { "pm_name": "文化3號公園", "pm_type": "公園" },
			"geometry": {
				"type": "Point",
				"coordinates": [121.4947128,25.13769913]
			}
		},
		{
			"type": "Feature",
			"properties": {
				"pm_name": "北投258號綠地(承德4號)",
				"pm_type": "公園"
			},
			"geometry": { "type": "Point", "coordinates": [121.51245,25.1019] }
		},
		{
			"type": "Feature",
			"properties": { "pm_name": "北投2號公園", "pm_type": "公園" },
			"geometry": {
				"type": "Point",
				"coordinates": [121.508221,25.13705]
			}
		},
		{
			"type": "Feature",
			"properties": { "pm_name": "北投公園", "pm_type": "公園" },
			"geometry": {
				"type": "Point",
				"coordinates": [121.5047302,25.13656044]
			}
		},
		{
			"type": "Feature",
			"properties": { "pm_name": "北投社三層崎公園", "pm_type": "公園" },
			"geometry": {
				"type": "Point",
				"coordinates": [121.491156,25.14574]
			}
		},
		{
			"type": "Feature",
			"properties": { "pm_name": "石牌公園", "pm_type": "公園" },
			"geometry": {
				"type": "Point",
				"coordinates": [121.5103607,25.11635971]
			}
		},
		{
			"type": "Feature",
			"properties": { "pm_name": "立農公園", "pm_type": "公園" },
			"geometry": {
				"type": "Point",
				"coordinates": [121.5035095,25.11878967]
			}
		},
		{
			"type": "Feature",
			"properties": { "pm_name": "吉利公園", "pm_type": "公園" },
			"geometry": {
				"type": "Point",
				"coordinates": [121.5083695,25.11901093]
			}
		},
		{
			"type": "Feature",
			"properties": { "pm_name": "同德公園", "pm_type": "公園" },
			"geometry": {
				"type": "Point",
				"coordinates": [121.5294495,25.12507057]
			}
		},
		{
			"type": "Feature",
			"properties": { "pm_name": "地熱谷公園", "pm_type": "公園" },
			"geometry": {
				"type": "Point",
				"coordinates": [121.5109787,25.13755989]
			}
		},
		{
			"type": "Feature",
			"properties": { "pm_name": "行義公園", "pm_type": "公園" },
			"geometry": {
				"type": "Point",
				"coordinates": [121.5252304,25.1253891]
			}
		},
		{
			"type": "Feature",
			"properties": { "pm_name": "奇岩1號公園", "pm_type": "公園" },
			"geometry": {
				"type": "Point",
				"coordinates": [121.503698,25.128339]
			}
		},
		{
			"type": "Feature",
			"properties": { "pm_name": "奇岩二號公園", "pm_type": "公園" },
			"geometry": {
				"type": "Point",
				"coordinates": [121.5036926,25.12649918]
			}
		},
		{
			"type": "Feature",
			"properties": { "pm_name": "奇岩三號公園", "pm_type": "公園" },
			"geometry": {
				"type": "Point",
				"coordinates": [121.5052185,25.12598038]
			}
		},
		{
			"type": "Feature",
			"properties": { "pm_name": "東華公園", "pm_type": "公園" },
			"geometry": {
				"type": "Point",
				"coordinates": [121.5070725,25.12183952]
			}
		},
		{
			"type": "Feature",
			"properties": { "pm_name": "林泉公園", "pm_type": "公園" },
			"geometry": {
				"type": "Point",
				"coordinates": [121.51482,25.14133]
			}
		},
		{
			"type": "Feature",
			"properties": { "pm_name": "知行公園", "pm_type": "公園" },
			"geometry": {
				"type": "Point",
				"coordinates": [121.4666519,25.11973]
			}
		},
		{
			"type": "Feature",
			"properties": { "pm_name": "長安公園", "pm_type": "公園" },
			"geometry": {
				"type": "Point",
				"coordinates": [121.5001602,25.13555908]
			}
		},
		{
			"type": "Feature",
			"properties": { "pm_name": "前山公園", "pm_type": "公園" },
			"geometry": {
				"type": "Point",
				"coordinates": [121.5484437,25.15057652]
			}
		},
		{
			"type": "Feature",
			"properties": { "pm_name": "建民公園", "pm_type": "公園" },
			"geometry": {
				"type": "Point",
				"coordinates": [121.519809,25.104744]
			}
		},
		{
			"type": "Feature",
			"properties": { "pm_name": "泉源47號公園", "pm_type": "公園" },
			"geometry": {
				"type": "Point",
				"coordinates": [121.5124588,25.14209938]
			}
		},
		{
			"type": "Feature",
			"properties": { "pm_name": "泉源48號公園", "pm_type": "公園" },
			"geometry": {
				"type": "Point",
				"coordinates": [121.5071564,25.14193916]
			}
		},
		{
			"type": "Feature",
			"properties": { "pm_name": "洲美(公4)公園", "pm_type": "公園" },
			"geometry": {
				"type": "Point",
				"coordinates": [121.506347,25.100089]
			}
		},
		{
			"type": "Feature",
			"properties": { "pm_name": "洲美蜆仔港公園", "pm_type": "公園" },
			"geometry": {
				"type": "Point",
				"coordinates": [121.5111864,25.10099711]
			}
		},
		{
			"type": "Feature",
			"properties": { "pm_name": "致遠公園", "pm_type": "公園" },
			"geometry": {
				"type": "Point",
				"coordinates": [121.5150528,25.11127091]
			}
		},
		{
			"type": "Feature",
			"properties": { "pm_name": "重三公園", "pm_type": "公園" },
			"geometry": {
				"type": "Point",
				"coordinates": [121.4892883,25.14015961]
			}
		},
		{
			"type": "Feature",
			"properties": { "pm_name": "振華公園", "pm_type": "公園" },
			"geometry": {
				"type": "Point",
				"coordinates": [121.5188522,25.11516953]
			}
		},
		{
			"type": "Feature",
			"properties": { "pm_name": "振興公園", "pm_type": "公園" },
			"geometry": {
				"type": "Point",
				"coordinates": [121.5230408,25.11821938]
			}
		},
		{
			"type": "Feature",
			"properties": { "pm_name": "桂花公園", "pm_type": "公園" },
			"geometry": {
				"type": "Point",
				"coordinates": [121.5102234,25.13791084]
			}
		},
		{
			"type": "Feature",
			"properties": { "pm_name": "桃源公園", "pm_type": "公園" },
			"geometry": {
				"type": "Point",
				"coordinates": [121.4827576,25.13806915]
			}
		},
		{
			"type": "Feature",
			"properties": { "pm_name": "健行公園", "pm_type": "公園" },
			"geometry": {
				"type": "Point",
				"coordinates": [121.5088272,25.1212101]
			}
		},
		{
			"type": "Feature",
			"properties": { "pm_name": "崇仰公園", "pm_type": "公園" },
			"geometry": {
				"type": "Point",
				"coordinates": [121.51106,25.12609]
			}
		},
		{
			"type": "Feature",
			"properties": { "pm_name": "清江1公園", "pm_type": "公園" },
			"geometry": {
				"type": "Point",
				"coordinates": [121.5024796,25.1239109]
			}
		},
		{
			"type": "Feature",
			"properties": { "pm_name": "清江二公園", "pm_type": "公園" },
			"geometry": {
				"type": "Point",
				"coordinates": [121.5018921,25.12368012]
			}
		},
		{
			"type": "Feature",
			"properties": { "pm_name": "軟橋公園", "pm_type": "公園" },
			"geometry": {
				"type": "Point",
				"coordinates": [121.517613,25.103102]
			}
		},
		{
			"type": "Feature",
			"properties": { "pm_name": "復興公園", "pm_type": "公園" },
			"geometry": {
				"type": "Point",
				"coordinates": [121.5032272,25.1396904]
			}
		},
		{
			"type": "Feature",
			"properties": { "pm_name": "開明公園", "pm_type": "公園" },
			"geometry": {
				"type": "Point",
				"coordinates": [121.5053177,25.14113045]
			}
		},
		{
			"type": "Feature",
			"properties": { "pm_name": "陽明公園", "pm_type": "公園" },
			"geometry": {
				"type": "Point",
				"coordinates": [121.5390112,25.15901675]
			}
		},
		{
			"type": "Feature",
			"properties": { "pm_name": "新興公園", "pm_type": "公園" },
			"geometry": {
				"type": "Point",
				"coordinates": [121.48703,25.13934]
			}
		},
		{
			"type": "Feature",
			"properties": { "pm_name": "溫泉綠地", "pm_type": "公園" },
			"geometry": {
				"type": "Point",
				"coordinates": [121.512342,25.138933]
			}
		},
		{
			"type": "Feature",
			"properties": { "pm_name": "聖景一公園", "pm_type": "公園" },
			"geometry": {
				"type": "Point",
				"coordinates": [121.46351,25.12045]
			}
		},
		{
			"type": "Feature",
			"properties": { "pm_name": "聖景二公園", "pm_type": "公園" },
			"geometry": {
				"type": "Point",
				"coordinates": [121.46381,25.12038]
			}
		},
		{
			"type": "Feature",
			"properties": { "pm_name": "聖景三公園", "pm_type": "公園" },
			"geometry": {
				"type": "Point",
				"coordinates": [121.46382,25.12046]
			}
		},
		{
			"type": "Feature",
			"properties": { "pm_name": "榮光公園", "pm_type": "公園" },
			"geometry": {
				"type": "Point",
				"coordinates": [121.51429,25.11472]
			}
		},
		{
			"type": "Feature",
			"properties": { "pm_name": "榮富公園", "pm_type": "公園" },
			"geometry": {
				"type": "Point",
				"coordinates": [121.5247269,25.1142292]
			}
		},
		{
			"type": "Feature",
			"properties": { "pm_name": "榮華公園", "pm_type": "公園" },
			"geometry": {
				"type": "Point",
				"coordinates": [121.5219879,25.11054993]
			}
		},
		{
			"type": "Feature",
			"properties": { "pm_name": "福星(公1)公園", "pm_type": "公園" },
			"geometry": {
				"type": "Point",
				"coordinates": [121.512326,25.108828]
			}
		},
		{
			"type": "Feature",
			"properties": { "pm_name": "稻中公園", "pm_type": "公園" },
			"geometry": {
				"type": "Point",
				"coordinates": [121.4892807,25.13862991]
			}
		},
		{
			"type": "Feature",
			"properties": { "pm_name": "稻香公園", "pm_type": "公園" },
			"geometry": {
				"type": "Point",
				"coordinates": [121.4885788,25.14094925]
			}
		},
		{
			"type": "Feature",
			"properties": { "pm_name": "線形公園(一德里)", "pm_type": "公園" },
			"geometry": {
				"type": "Point",
				"coordinates": [121.471619,25.129796]
			}
		},
		{
			"type": "Feature",
			"properties": {
				"pm_name": "線形公園(中央北路3段)",
				"pm_type": "公園"
			},
			"geometry": {
				"type": "Point",
				"coordinates": [121.48244,25.13687]
			}
		},
		{
			"type": "Feature",
			"properties": {
				"pm_name": "線形公園-芝山明德段",
				"pm_type": "公園"
			},
			"geometry": {
				"type": "Point",
				"coordinates": [121.51714,25.1123725]
			}
		},
		{
			"type": "Feature",
			"properties": { "pm_name": "學園公園", "pm_type": "公園" },
			"geometry": {
				"type": "Point",
				"coordinates": [121.4663467,25.1282692]
			}
		},
		{
			"type": "Feature",
			"properties": { "pm_name": "磺港公園", "pm_type": "公園" },
			"geometry": {
				"type": "Point",
				"coordinates": [121.50446,25.130512]
			}
		},
		{
			"type": "Feature",
			"properties": { "pm_name": "豐年公園", "pm_type": "公園" },
			"geometry": {
				"type": "Point",
				"coordinates": [121.4966583,25.13600922]
			}
		},
		{
			"type": "Feature",
			"properties": { "pm_name": "關渡公園", "pm_type": "公園" },
			"geometry": {
				"type": "Point",
				"coordinates": [121.46369,25.11973]
			}
		},
		{
			"type": "Feature",
			"properties": { "pm_name": "觀海公園", "pm_type": "公園" },
			"geometry": {
				"type": "Point",
				"coordinates": [121.4634476,25.12358093]
			}
		},
		{
			"type": "Feature",
			"properties": { "pm_name": "嗄嘮別公園", "pm_type": "公園" },
			"geometry": {
				"type": "Point",
				"coordinates": [121.4844208,25.14035034]
			}
		},
		{
			"type": "Feature",
			"properties": {
				"pm_name": "大業綠地(北投163號)",
				"pm_type": "綠地"
			},
			"geometry": {
				"type": "Point",
				"coordinates": [121.4905396,25.13624001]
			}
		},
		{
			"type": "Feature",
			"properties": { "pm_name": "中和綠地", "pm_type": "綠地" },
			"geometry": {
				"type": "Point",
				"coordinates": [121.4988022,25.14188004]
			}
		},
		{
			"type": "Feature",
			"properties": { "pm_name": "天溪綠地", "pm_type": "綠地" },
			"geometry": { "type": "Point", "coordinates": [121.5301,25.13519] }
		},
		{
			"type": "Feature",
			"properties": { "pm_name": "文化綠地", "pm_type": "綠地" },
			"geometry": {
				"type": "Point",
				"coordinates": [121.498406,25.137449]
			}
		},
		{
			"type": "Feature",
			"properties": { "pm_name": "北投106號綠地", "pm_type": "綠地" },
			"geometry": {
				"type": "Point",
				"coordinates": [121.5209045,25.11108208]
			}
		},
		{
			"type": "Feature",
			"properties": { "pm_name": "北投120號綠地", "pm_type": "綠地" },
			"geometry": {
				"type": "Point",
				"coordinates": [121.501115,25.120132]
			}
		},
		{
			"type": "Feature",
			"properties": { "pm_name": "北投121號綠地", "pm_type": "綠地" },
			"geometry": {
				"type": "Point",
				"coordinates": [121.5049896,25.11664009]
			}
		},
		{
			"type": "Feature",
			"properties": { "pm_name": "北投122號綠地", "pm_type": "綠地" },
			"geometry": {
				"type": "Point",
				"coordinates": [121.5089264,25.11306953]
			}
		},
		{
			"type": "Feature",
			"properties": { "pm_name": "北投123號綠地", "pm_type": "綠地" },
			"geometry": {
				"type": "Point",
				"coordinates": [121.503849,25.117135]
			}
		},
		{
			"type": "Feature",
			"properties": { "pm_name": "北投124號綠地", "pm_type": "綠地" },
			"geometry": {
				"type": "Point",
				"coordinates": [121.506329,25.114865]
			}
		},
		{
			"type": "Feature",
			"properties": { "pm_name": "北投135號綠地", "pm_type": "綠地" },
			"geometry": {
				"type": "Point",
				"coordinates": [121.5103073,25.11183929]
			}
		},
		{
			"type": "Feature",
			"properties": { "pm_name": "北投138號綠地", "pm_type": "綠地" },
			"geometry": {
				"type": "Point",
				"coordinates": [121.502739,25.11441994]
			}
		},
		{
			"type": "Feature",
			"properties": { "pm_name": "北投139號綠地", "pm_type": "綠地" },
			"geometry": {
				"type": "Point",
				"coordinates": [121.5031281,25.11502075]
			}
		},
		{
			"type": "Feature",
			"properties": { "pm_name": "北投160號綠地", "pm_type": "綠地" },
			"geometry": {
				"type": "Point",
				"coordinates": [121.496586,25.135316]
			}
		},
		{
			"type": "Feature",
			"properties": {
				"pm_name": "北投161號綠地 (田心仔綠地)",
				"pm_type": "綠地"
			},
			"geometry": {
				"type": "Point",
				"coordinates": [121.4949265,25.13513947]
			}
		},
		{
			"type": "Feature",
			"properties": { "pm_name": "北投164號綠地", "pm_type": "綠地" },
			"geometry": {
				"type": "Point",
				"coordinates": [121.4959793,25.13344955]
			}
		},
		{
			"type": "Feature",
			"properties": { "pm_name": "北投165號綠地", "pm_type": "綠地" },
			"geometry": {
				"type": "Point",
				"coordinates": [121.4962387,25.13175964]
			}
		},
		{
			"type": "Feature",
			"properties": { "pm_name": "北投166號綠地", "pm_type": "綠地" },
			"geometry": {
				"type": "Point",
				"coordinates": [121.496872,25.13051033]
			}
		},
		{
			"type": "Feature",
			"properties": { "pm_name": "北投167號綠地", "pm_type": "綠地" },
			"geometry": {
				"type": "Point",
				"coordinates": [121.497707,25.128405]
			}
		},
		{
			"type": "Feature",
			"properties": { "pm_name": "北投168號綠地", "pm_type": "綠地" },
			"geometry": {
				"type": "Point",
				"coordinates": [121.4991913,25.12437058]
			}
		},
		{
			"type": "Feature",
			"properties": { "pm_name": "北投169號綠地", "pm_type": "綠地" },
			"geometry": {
				"type": "Point",
				"coordinates": [121.499533,25.12072]
			}
		},
		{
			"type": "Feature",
			"properties": { "pm_name": "北投181號一德綠地", "pm_type": "綠地" },
			"geometry": {
				"type": "Point",
				"coordinates": [121.4647675,25.12393951]
			}
		},
		{
			"type": "Feature",
			"properties": { "pm_name": "北投182號綠地", "pm_type": "綠地" },
			"geometry": {
				"type": "Point",
				"coordinates": [121.4677277,25.12339973]
			}
		},
		{
			"type": "Feature",
			"properties": { "pm_name": "北投183號綠地", "pm_type": "綠地" },
			"geometry": {
				"type": "Point",
				"coordinates": [121.4718628,25.12301064]
			}
		},
		{
			"type": "Feature",
			"properties": { "pm_name": "北投185號綠地", "pm_type": "綠地" },
			"geometry": {
				"type": "Point",
				"coordinates": [121.464987,25.123425]
			}
		},
		{
			"type": "Feature",
			"properties": { "pm_name": "北投186號綠地", "pm_type": "綠地" },
			"geometry": {
				"type": "Point",
				"coordinates": [121.4665299,25.12302971]
			}
		},
		{
			"type": "Feature",
			"properties": { "pm_name": "北投187號綠地", "pm_type": "綠地" },
			"geometry": {
				"type": "Point",
				"coordinates": [121.4682922,25.12290955]
			}
		},
		{
			"type": "Feature",
			"properties": { "pm_name": "北投188號綠地", "pm_type": "綠地" },
			"geometry": {
				"type": "Point",
				"coordinates": [121.4705582,25.12274933]
			}
		},
		{
			"type": "Feature",
			"properties": { "pm_name": "北投191號綠地", "pm_type": "綠地" },
			"geometry": {
				"type": "Point",
				"coordinates": [121.4808426,25.12248993]
			}
		},
		{
			"type": "Feature",
			"properties": { "pm_name": "北投192號綠地", "pm_type": "綠地" },
			"geometry": {
				"type": "Point",
				"coordinates": [121.4809113,25.12208939]
			}
		},
		{
			"type": "Feature",
			"properties": { "pm_name": "北投203號綠地", "pm_type": "綠地" },
			"geometry": { "type": "Point", "coordinates": [121.5031,25.12065] }
		},
		{
			"type": "Feature",
			"properties": {
				"pm_name": "北投257號綠地(承德3號)",
				"pm_type": "綠地"
			},
			"geometry": {
				"type": "Point",
				"coordinates": [121.512199,25.10442]
			}
		},
		{
			"type": "Feature",
			"properties": { "pm_name": "北投39號綠地", "pm_type": "綠地" },
			"geometry": {
				"type": "Point",
				"coordinates": [121.462777,25.121984]
			}
		},
		{
			"type": "Feature",
			"properties": { "pm_name": "北投62號綠地", "pm_type": "綠地" },
			"geometry": {
				"type": "Point",
				"coordinates": [121.503215,25.129382]
			}
		},
		{
			"type": "Feature",
			"properties": { "pm_name": "北投63號綠地", "pm_type": "綠地" },
			"geometry": {
				"type": "Point",
				"coordinates": [121.5033417,25.12759018]
			}
		},
		{
			"type": "Feature",
			"properties": { "pm_name": "北投64號綠地", "pm_type": "綠地" },
			"geometry": {
				"type": "Point",
				"coordinates": [121.503285,25.126383]
			}
		},
		{
			"type": "Feature",
			"properties": { "pm_name": "北投65號綠地", "pm_type": "綠地" },
			"geometry": {
				"type": "Point",
				"coordinates": [121.5030518,25.1246891]
			}
		},
		{
			"type": "Feature",
			"properties": { "pm_name": "北投66號綠地", "pm_type": "綠地" },
			"geometry": {
				"type": "Point",
				"coordinates": [121.5029602,25.12373924]
			}
		},
		{
			"type": "Feature",
			"properties": { "pm_name": "北投69號綠地", "pm_type": "綠地" },
			"geometry": {
				"type": "Point",
				"coordinates": [121.5120392,25.12602043]
			}
		},
		{
			"type": "Feature",
			"properties": { "pm_name": "北投90號綠地", "pm_type": "綠地" },
			"geometry": {
				"type": "Point",
				"coordinates": [121.5203323,25.11861992]
			}
		},
		{
			"type": "Feature",
			"properties": { "pm_name": "北投91號綠地", "pm_type": "綠地" },
			"geometry": {
				"type": "Point",
				"coordinates": [121.521637,25.11903]
			}
		},
		{
			"type": "Feature",
			"properties": { "pm_name": "北投92號綠地", "pm_type": "綠地" },
			"geometry": {
				"type": "Point",
				"coordinates": [121.5222778,25.11926079]
			}
		},
		{
			"type": "Feature",
			"properties": { "pm_name": "北投98號綠地", "pm_type": "綠地" },
			"geometry": {
				"type": "Point",
				"coordinates": [121.5155029,25.11565971]
			}
		},
		{
			"type": "Feature",
			"properties": { "pm_name": "永和綠地", "pm_type": "綠地" },
			"geometry": {
				"type": "Point",
				"coordinates": [121.5279312,25.12791061]
			}
		},
		{
			"type": "Feature",
			"properties": { "pm_name": "永欣綠地", "pm_type": "綠地" },
			"geometry": {
				"type": "Point",
				"coordinates": [121.52695,25.12384]
			}
		},
		{
			"type": "Feature",
			"properties": { "pm_name": "安明綠地", "pm_type": "綠地" },
			"geometry": {
				"type": "Point",
				"coordinates": [121.502133,25.135616]
			}
		},
		{
			"type": "Feature",
			"properties": { "pm_name": "奇岩4號綠地", "pm_type": "綠地" },
			"geometry": {
				"type": "Point",
				"coordinates": [121.5055466,25.12603951]
			}
		},
		{
			"type": "Feature",
			"properties": { "pm_name": "忠義公園", "pm_type": "綠地" },
			"geometry": {
				"type": "Point",
				"coordinates": [121.4779205,25.1350193]
			}
		},
		{
			"type": "Feature",
			"properties": { "pm_name": "承仙綠地", "pm_type": "綠地" },
			"geometry": {
				"type": "Point",
				"coordinates": [121.5026321,25.11968041]
			}
		},
		{
			"type": "Feature",
			"properties": { "pm_name": "明德公園", "pm_type": "綠地" },
			"geometry": {
				"type": "Point",
				"coordinates": [121.5209808,25.10725975]
			}
		},
		{
			"type": "Feature",
			"properties": { "pm_name": "林投坑(一)綠地", "pm_type": "綠地" },
			"geometry": {
				"type": "Point",
				"coordinates": [121.4893723,25.13674927]
			}
		},
		{
			"type": "Feature",
			"properties": { "pm_name": "林投坑(二)綠地", "pm_type": "綠地" },
			"geometry": {
				"type": "Point",
				"coordinates": [121.4890976,25.13651085]
			}
		},
		{
			"type": "Feature",
			"properties": { "pm_name": "湖山綠地", "pm_type": "綠地" },
			"geometry": {
				"type": "Point",
				"coordinates": [121.5438304,25.1517873]
			}
		},
		{
			"type": "Feature",
			"properties": { "pm_name": "番仔厝綠地", "pm_type": "綠地" },
			"geometry": {
				"type": "Point",
				"coordinates": [121.495903,25.13413048]
			}
		},
		{
			"type": "Feature",
			"properties": { "pm_name": "磅空頂綠地", "pm_type": "綠地" },
			"geometry": {
				"type": "Point",
				"coordinates": [121.4650726,25.12298012]
			}
		},
		{
			"type": "Feature",
			"properties": { "pm_name": "櫻花崗公園", "pm_type": "綠地" },
			"geometry": {
				"type": "Point",
				"coordinates": [121.52616,25.12349]
			}
		},
		{
			"type": "Feature",
			"properties": { "pm_name": "北投3號廣場", "pm_type": "廣場" },
			"geometry": {
				"type": "Point",
				"coordinates": [121.4978409,25.13195992]
			}
		},
		{
			"type": "Feature",
			"properties": { "pm_name": "41號公園", "pm_type": "公園" },
			"geometry": { "type": "Point", "coordinates": [121.5644,25.10709] }
		},
		{
			"type": "Feature",
			"properties": { "pm_name": "士林官邸公園", "pm_type": "公園" },
			"geometry": {
				"type": "Point",
				"coordinates": [121.5301514,25.09490013]
			}
		},
		{
			"type": "Feature",
			"properties": { "pm_name": "山仔后公園", "pm_type": "公園" },
			"geometry": {
				"type": "Point",
				"coordinates": [121.5456355,25.13729103]
			}
		},
		{
			"type": "Feature",
			"properties": { "pm_name": "天母公園", "pm_type": "公園" },
			"geometry": {
				"type": "Point",
				"coordinates": [121.530518,25.1259089]
			}
		},
		{
			"type": "Feature",
			"properties": { "pm_name": "天和一號公園", "pm_type": "公園" },
			"geometry": {
				"type": "Point",
				"coordinates": [121.53471,25.11844]
			}
		},
		{
			"type": "Feature",
			"properties": { "pm_name": "天和公園", "pm_type": "公園" },
			"geometry": {
				"type": "Point",
				"coordinates": [121.533989,25.11981964]
			}
		},
		{
			"type": "Feature",
			"properties": { "pm_name": "天壽公園", "pm_type": "公園" },
			"geometry": {
				"type": "Point",
				"coordinates": [121.5256861,25.1140282]
			}
		},
		{
			"type": "Feature",
			"properties": { "pm_name": "天壽綠地", "pm_type": "公園" },
			"geometry": {
				"type": "Point",
				"coordinates": [121.5256861,25.1140282]
			}
		},
		{
			"type": "Feature",
			"properties": { "pm_name": "天壽綠地", "pm_type": "公園" },
			"geometry": {
				"type": "Point",
				"coordinates": [121.5256861,25.1140282]
			}
		},
		{
			"type": "Feature",
			"properties": { "pm_name": "天福2號公園", "pm_type": "公園" },
			"geometry": {
				"type": "Point",
				"coordinates": [121.5316086,25.11709023]
			}
		},
		{
			"type": "Feature",
			"properties": { "pm_name": "外雙溪公園", "pm_type": "公園" },
			"geometry": {
				"type": "Point",
				"coordinates": [121.5523911,25.10127068]
			}
		},
		{
			"type": "Feature",
			"properties": { "pm_name": "仰德一號公園", "pm_type": "公園" },
			"geometry": {
				"type": "Point",
				"coordinates": [121.5377808,25.10007095]
			}
		},
		{
			"type": "Feature",
			"properties": { "pm_name": "仰德二號公園", "pm_type": "公園" },
			"geometry": {
				"type": "Point",
				"coordinates": [121.5382767,25.09999085]
			}
		},
		{
			"type": "Feature",
			"properties": { "pm_name": "名山公園", "pm_type": "公園" },
			"geometry": {
				"type": "Point",
				"coordinates": [121.5323715,25.10154915]
			}
		},
		{
			"type": "Feature",
			"properties": { "pm_name": "至善公園", "pm_type": "公園" },
			"geometry": {
				"type": "Point",
				"coordinates": [121.5382919,25.09819031]
			}
		},
		{
			"type": "Feature",
			"properties": { "pm_name": "至誠公園", "pm_type": "公園" },
			"geometry": {
				"type": "Point",
				"coordinates": [121.5366821,25.10108948]
			}
		},
		{
			"type": "Feature",
			"properties": { "pm_name": "至德園公園", "pm_type": "公園" },
			"geometry": {
				"type": "Point",
				"coordinates": [121.546402,25.09840012]
			}
		},
		{
			"type": "Feature",
			"properties": { "pm_name": "住六(公一)公園", "pm_type": "公園" },
			"geometry": {
				"type": "Point",
				"coordinates": [121.5594925,25.13691396]
			}
		},
		{
			"type": "Feature",
			"properties": { "pm_name": "住六(公二)公園", "pm_type": "公園" },
			"geometry": {
				"type": "Point",
				"coordinates": [121.5576499,25.13760535]
			}
		},
		{
			"type": "Feature",
			"properties": { "pm_name": "克強公園", "pm_type": "公園" },
			"geometry": {
				"type": "Point",
				"coordinates": [121.521967,25.10798596]
			}
		},
		{
			"type": "Feature",
			"properties": { "pm_name": "志成公園", "pm_type": "公園" },
			"geometry": {
				"type": "Point",
				"coordinates": [121.53086,25.09669]
			}
		},
		{
			"type": "Feature",
			"properties": { "pm_name": "忠誠公園", "pm_type": "公園" },
			"geometry": {
				"type": "Point",
				"coordinates": [121.5257416,25.10342026]
			}
		},
		{
			"type": "Feature",
			"properties": { "pm_name": "承德公園", "pm_type": "公園" },
			"geometry": {
				"type": "Point",
				"coordinates": [121.5219803,25.08966065]
			}
		},
		{
			"type": "Feature",
			"properties": { "pm_name": "明勝公園", "pm_type": "公園" },
			"geometry": {
				"type": "Point",
				"coordinates": [121.519187,25.079968]
			}
		},
		{
			"type": "Feature",
			"properties": { "pm_name": "東和公園", "pm_type": "公園" },
			"geometry": {
				"type": "Point",
				"coordinates": [121.5336861,25.1226002]
			}
		},
		{
			"type": "Feature",
			"properties": { "pm_name": "社子公園", "pm_type": "公園" },
			"geometry": {
				"type": "Point",
				"coordinates": [121.5060272,25.09037018]
			}
		},
		{
			"type": "Feature",
			"properties": {
				"pm_name": "社子島福安里堤防綠地",
				"pm_type": "公園"
			},
			"geometry": {
				"type": "Point",
				"coordinates": [121.4964373,25.09814157]
			}
		},
		{
			"type": "Feature",
			"properties": { "pm_name": "社正公園", "pm_type": "公園" },
			"geometry": {
				"type": "Point",
				"coordinates": [121.5104218,25.08749962]
			}
		},
		{
			"type": "Feature",
			"properties": { "pm_name": "芝山公園", "pm_type": "公園" },
			"geometry": {
				"type": "Point",
				"coordinates": [121.5317764,25.10236931]
			}
		},
		{
			"type": "Feature",
			"properties": { "pm_name": "花卉試驗中心", "pm_type": "公園" },
			"geometry": {
				"type": "Point",
				"coordinates": [121.5444106,25.13501543]
			}
		},
		{
			"type": "Feature",
			"properties": { "pm_name": "前港公園", "pm_type": "公園" },
			"geometry": {
				"type": "Point",
				"coordinates": [121.5201556,25.0860629]
			}
		},
		{
			"type": "Feature",
			"properties": { "pm_name": "後港公園", "pm_type": "公園" },
			"geometry": {
				"type": "Point",
				"coordinates": [121.514454,25.093237]
			}
		},
		{
			"type": "Feature",
			"properties": { "pm_name": "美崙公園", "pm_type": "公園" },
			"geometry": {
				"type": "Point",
				"coordinates": [121.5172195,25.09737968]
			}
		},
		{
			"type": "Feature",
			"properties": {
				"pm_name": "原住民文化主題公園",
				"pm_type": "公園"
			},
			"geometry": {
				"type": "Point",
				"coordinates": [121.5507507,25.10157013]
			}
		},
		{
			"type": "Feature",
			"properties": { "pm_name": "海光公園", "pm_type": "公園" },
			"geometry": {
				"type": "Point",
				"coordinates": [121.5078812,25.08185005]
			}
		},
		{
			"type": "Feature",
			"properties": { "pm_name": "基河公園", "pm_type": "公園" },
			"geometry": {
				"type": "Point",
				"coordinates": [121.5240173,25.08003998]
			}
		},
		{
			"type": "Feature",
			"properties": {
				"pm_name": "基隆河沖洗溝加蓋綠地",
				"pm_type": "公園"
			},
			"geometry": {
				"type": "Point",
				"coordinates": [121.5231628,25.08404923]
			}
		},
		{
			"type": "Feature",
			"properties": { "pm_name": "華聲公園", "pm_type": "公園" },
			"geometry": {
				"type": "Point",
				"coordinates": [121.5224915,25.09597969]
			}
		},
		{
			"type": "Feature",
			"properties": { "pm_name": "華齡公園", "pm_type": "公園" },
			"geometry": {
				"type": "Point",
				"coordinates": [121.5231628,25.08404923]
			}
		},
		{
			"type": "Feature",
			"properties": { "pm_name": "新佳公園", "pm_type": "公園" },
			"geometry": {
				"type": "Point",
				"coordinates": [121.5194931,25.09863091]
			}
		},
		{
			"type": "Feature",
			"properties": { "pm_name": "福中公園", "pm_type": "公園" },
			"geometry": {
				"type": "Point",
				"coordinates": [121.518837,25.08791924]
			}
		},
		{
			"type": "Feature",
			"properties": { "pm_name": "福志公園", "pm_type": "公園" },
			"geometry": {
				"type": "Point",
				"coordinates": [121.5340576,25.09905052]
			}
		},
		{
			"type": "Feature",
			"properties": { "pm_name": "福林公園", "pm_type": "公園" },
			"geometry": {
				"type": "Point",
				"coordinates": [121.5294724,25.0958004]
			}
		},
		{
			"type": "Feature",
			"properties": { "pm_name": "福華公園", "pm_type": "公園" },
			"geometry": {
				"type": "Point",
				"coordinates": [121.5189218,25.0821799]
			}
		},
		{
			"type": "Feature",
			"properties": { "pm_name": "福順公園", "pm_type": "公園" },
			"geometry": {
				"type": "Point",
				"coordinates": [121.5111313,25.08234978]
			}
		},
		{
			"type": "Feature",
			"properties": { "pm_name": "翠山公園", "pm_type": "公園" },
			"geometry": {
				"type": "Point",
				"coordinates": [121.56995,25.10845]
			}
		},
		{
			"type": "Feature",
			"properties": { "pm_name": "德仁公園", "pm_type": "公園" },
			"geometry": {
				"type": "Point",
				"coordinates": [121.5214615,25.10265923]
			}
		},
		{
			"type": "Feature",
			"properties": { "pm_name": "德行公園", "pm_type": "公園" },
			"geometry": {
				"type": "Point",
				"coordinates": [121.5236511,25.10511017]
			}
		},
		{
			"type": "Feature",
			"properties": { "pm_name": "線形公園-前街", "pm_type": "公園" },
			"geometry": {
				"type": "Point",
				"coordinates": [121.524831,25.097214]
			}
		},
		{
			"type": "Feature",
			"properties": { "pm_name": "線形公園-後街", "pm_type": "公園" },
			"geometry": {
				"type": "Point",
				"coordinates": [121.524831,25.097214]
			}
		},
		{
			"type": "Feature",
			"properties": { "pm_name": "線形公園-劍潭", "pm_type": "公園" },
			"geometry": {
				"type": "Point",
				"coordinates": [121.523387,25.079087]
			}
		},
		{
			"type": "Feature",
			"properties": { "pm_name": "衛理兒童遊戲場", "pm_type": "公園" },
			"geometry": {
				"type": "Point",
				"coordinates": [121.5533066,25.10232925]
			}
		},
		{
			"type": "Feature",
			"properties": { "pm_name": "磺溪公園", "pm_type": "公園" },
			"geometry": {
				"type": "Point",
				"coordinates": [121.5206299,25.10487938]
			}
		},
		{
			"type": "Feature",
			"properties": { "pm_name": "雙溪公園", "pm_type": "公園" },
			"geometry": {
				"type": "Point",
				"coordinates": [121.5359192,25.09803963]
			}
		},
		{
			"type": "Feature",
			"properties": { "pm_name": "雙溪濕地公園", "pm_type": "公園" },
			"geometry": {
				"type": "Point",
				"coordinates": [121.511988,25.096977]
			}
		},
		{
			"type": "Feature",
			"properties": { "pm_name": "蘭雅1號公園", "pm_type": "公園" },
			"geometry": {
				"type": "Point",
				"coordinates": [121.5291121,25.1099324]
			}
		},
		{
			"type": "Feature",
			"properties": { "pm_name": "蘭雅公園", "pm_type": "公園" },
			"geometry": {
				"type": "Point",
				"coordinates": [121.529919,25.109744]
			}
		},
		{
			"type": "Feature",
			"properties": { "pm_name": "蘭興公園", "pm_type": "公園" },
			"geometry": {
				"type": "Point",
				"coordinates": [121.525193,25.111029]
			}
		},
		{
			"type": "Feature",
			"properties": { "pm_name": "209號綠地", "pm_type": "綠地" },
			"geometry": {
				"type": "Point",
				"coordinates": [121.5280685,25.09259987]
			}
		},
		{
			"type": "Feature",
			"properties": { "pm_name": "士林116號綠地", "pm_type": "綠地" },
			"geometry": {
				"type": "Point",
				"coordinates": [121.5136032,25.09646034]
			}
		},
		{
			"type": "Feature",
			"properties": { "pm_name": "士林117號綠地", "pm_type": "綠地" },
			"geometry": {
				"type": "Point",
				"coordinates": [121.5139008,25.09703064]
			}
		},
		{
			"type": "Feature",
			"properties": { "pm_name": "士林118號綠地", "pm_type": "綠地" },
			"geometry": {
				"type": "Point",
				"coordinates": [121.5194626,25.0931797]
			}
		},
		{
			"type": "Feature",
			"properties": { "pm_name": "士林120號綠地", "pm_type": "綠地" },
			"geometry": {
				"type": "Point",
				"coordinates": [121.5204468,25.09305954]
			}
		},
		{
			"type": "Feature",
			"properties": { "pm_name": "士林121號綠地", "pm_type": "綠地" },
			"geometry": {
				"type": "Point",
				"coordinates": [121.5158081,25.0922699]
			}
		},
		{
			"type": "Feature",
			"properties": { "pm_name": "士林128號綠地", "pm_type": "綠地" },
			"geometry": {
				"type": "Point",
				"coordinates": [121.5223465,25.08466911]
			}
		},
		{
			"type": "Feature",
			"properties": { "pm_name": "士林130號綠地", "pm_type": "綠地" },
			"geometry": {
				"type": "Point",
				"coordinates": [121.5025864,25.08959961]
			}
		},
		{
			"type": "Feature",
			"properties": { "pm_name": "士林131號綠地", "pm_type": "綠地" },
			"geometry": {
				"type": "Point",
				"coordinates": [121.5055924,25.0907898]
			}
		},
		{
			"type": "Feature",
			"properties": { "pm_name": "士林132號綠地", "pm_type": "綠地" },
			"geometry": {
				"type": "Point",
				"coordinates": [121.5068207,25.0906601]
			}
		},
		{
			"type": "Feature",
			"properties": { "pm_name": "士林136號綠地", "pm_type": "綠地" },
			"geometry": {
				"type": "Point",
				"coordinates": [121.51091,25.08691025]
			}
		},
		{
			"type": "Feature",
			"properties": { "pm_name": "士林139號綠地", "pm_type": "綠地" },
			"geometry": {
				"type": "Point",
				"coordinates": [121.509407,25.08486939]
			}
		},
		{
			"type": "Feature",
			"properties": { "pm_name": "士林151號綠地", "pm_type": "綠地" },
			"geometry": {
				"type": "Point",
				"coordinates": [121.548439,25.09576035]
			}
		},
		{
			"type": "Feature",
			"properties": { "pm_name": "士林156號綠地", "pm_type": "綠地" },
			"geometry": {
				"type": "Point",
				"coordinates": [121.554827,25.103392]
			}
		},
		{
			"type": "Feature",
			"properties": {
				"pm_name": "士林173號綠地 (蘭興1號綠地)",
				"pm_type": "綠地"
			},
			"geometry": {
				"type": "Point",
				"coordinates": [121.5261993,25.1128006]
			}
		},
		{
			"type": "Feature",
			"properties": { "pm_name": "士林179號綠地", "pm_type": "綠地" },
			"geometry": {
				"type": "Point",
				"coordinates": [121.5294266,25.10433006]
			}
		},
		{
			"type": "Feature",
			"properties": { "pm_name": "士林197號綠地", "pm_type": "綠地" },
			"geometry": {
				"type": "Point",
				"coordinates": [121.558964,25.136188]
			}
		},
		{
			"type": "Feature",
			"properties": { "pm_name": "士林199號綠地", "pm_type": "綠地" },
			"geometry": {
				"type": "Point",
				"coordinates": [121.5584564,25.1405201]
			}
		},
		{
			"type": "Feature",
			"properties": { "pm_name": "士林200號綠地", "pm_type": "綠地" },
			"geometry": {
				"type": "Point",
				"coordinates": [121.5616684,25.13698006]
			}
		},
		{
			"type": "Feature",
			"properties": { "pm_name": "士林201號綠地", "pm_type": "綠地" },
			"geometry": {
				"type": "Point",
				"coordinates": [121.560669,25.13364029]
			}
		},
		{
			"type": "Feature",
			"properties": {
				"pm_name": "士林206綠地(番仔田綠地)",
				"pm_type": "綠地"
			},
			"geometry": {
				"type": "Point",
				"coordinates": [121.548027,25.09795952]
			}
		},
		{
			"type": "Feature",
			"properties": {
				"pm_name": "士林207綠地(番仔田小綠地)",
				"pm_type": "綠地"
			},
			"geometry": {
				"type": "Point",
				"coordinates": [121.5483933,25.0967598]
			}
		},
		{
			"type": "Feature",
			"properties": { "pm_name": "士林208號綠地", "pm_type": "綠地" },
			"geometry": {
				"type": "Point",
				"coordinates": [121.5337677,25.09733009]
			}
		},
		{
			"type": "Feature",
			"properties": { "pm_name": "士林4號綠地", "pm_type": "綠地" },
			"geometry": {
				"type": "Point",
				"coordinates": [121.5462723,25.13688088]
			}
		},
		{
			"type": "Feature",
			"properties": { "pm_name": "士林68號綠地", "pm_type": "綠地" },
			"geometry": {
				"type": "Point",
				"coordinates": [121.5364304,25.0990696]
			}
		},
		{
			"type": "Feature",
			"properties": {
				"pm_name": "士林73號綠地 (天美綠地)",
				"pm_type": "綠地"
			},
			"geometry": {
				"type": "Point",
				"coordinates": [121.5259705,25.1215992]
			}
		},
		{
			"type": "Feature",
			"properties": { "pm_name": "士林75號綠地", "pm_type": "綠地" },
			"geometry": {
				"type": "Point",
				"coordinates": [121.529441,25.123203]
			}
		},
		{
			"type": "Feature",
			"properties": { "pm_name": "士林76號綠地", "pm_type": "綠地" },
			"geometry": {
				"type": "Point",
				"coordinates": [121.532776,25.124725]
			}
		},
		{
			"type": "Feature",
			"properties": { "pm_name": "士林79號綠地", "pm_type": "綠地" },
			"geometry": {
				"type": "Point",
				"coordinates": [121.5267792,25.11557961]
			}
		},
		{
			"type": "Feature",
			"properties": { "pm_name": "士林80天壽二號", "pm_type": "綠地" },
			"geometry": {
				"type": "Point",
				"coordinates": [121.5264206,25.11326027]
			}
		},
		{
			"type": "Feature",
			"properties": { "pm_name": "士林89號綠地", "pm_type": "綠地" },
			"geometry": {
				"type": "Point",
				"coordinates": [121.5289307,25.10577011]
			}
		},
		{
			"type": "Feature",
			"properties": { "pm_name": "天福綠地", "pm_type": "綠地" },
			"geometry": {
				"type": "Point",
				"coordinates": [121.532547,25.11675072]
			}
		},
		{
			"type": "Feature",
			"properties": { "pm_name": "永倫綠地", "pm_type": "綠地" },
			"geometry": {
				"type": "Point",
				"coordinates": [121.5005264,25.09152031]
			}
		},
		{
			"type": "Feature",
			"properties": { "pm_name": "至臨綠地", "pm_type": "綠地" },
			"geometry": {
				"type": "Point",
				"coordinates": [121.555603,25.10429001]
			}
		},
		{
			"type": "Feature",
			"properties": { "pm_name": "東吳綠地", "pm_type": "綠地" },
			"geometry": {
				"type": "Point",
				"coordinates": [121.5427475,25.09658051]
			}
		},
		{
			"type": "Feature",
			"properties": { "pm_name": "添壽一號綠地", "pm_type": "綠地" },
			"geometry": {
				"type": "Point",
				"coordinates": [121.5269013,25.11673927]
			}
		},
		{
			"type": "Feature",
			"properties": { "pm_name": "聖山綠地", "pm_type": "綠地" },
			"geometry": {
				"type": "Point",
				"coordinates": [121.5323486,25.1068306]
			}
		},
		{
			"type": "Feature",
			"properties": { "pm_name": "福文公園", "pm_type": "綠地" },
			"geometry": {
				"type": "Point",
				"coordinates": [121.5272293,25.09065056]
			}
		},
		{
			"type": "Feature",
			"properties": { "pm_name": "士林3號廣場", "pm_type": "廣場" },
			"geometry": {
				"type": "Point",
				"coordinates": [121.5246124,25.10453033]
			}
		},
		{
			"type": "Feature",
			"properties": { "pm_name": "士林4號廣場", "pm_type": "廣場" },
			"geometry": {
				"type": "Point",
				"coordinates": [121.5319901,25.09605026]
			}
		},
		{
			"type": "Feature",
			"properties": { "pm_name": "天母廣場", "pm_type": "廣場" },
			"geometry": {
				"type": "Point",
				"coordinates": [121.5300827,25.11874962]
			}
		},
		{
			"type": "Feature",
			"properties": { "pm_name": "天生廣場", "pm_type": "廣場" },
			"geometry": {
				"type": "Point",
				"coordinates": [121.53125,25.12619019]
			}
		},
		{
			"type": "Feature",
			"properties": { "pm_name": "一江公園", "pm_type": "公園" },
			"geometry": {
				"type": "Point",
				"coordinates": [121.5312576,25.05327988]
			}
		},
		{
			"type": "Feature",
			"properties": {
				"pm_name": "八二三砲戰紀念公園",
				"pm_type": "公園"
			},
			"geometry": {
				"type": "Point",
				"coordinates": [121.5267716,25.07679939]
			}
		},
		{
			"type": "Feature",
			"properties": { "pm_name": "力行三號公園", "pm_type": "公園" },
			"geometry": {
				"type": "Point",
				"coordinates": [121.5366898,25.08543015]
			}
		},
		{
			"type": "Feature",
			"properties": { "pm_name": "下埤公園", "pm_type": "公園" },
			"geometry": {
				"type": "Point",
				"coordinates": [121.5422821,25.06701088]
			}
		},
		{
			"type": "Feature",
			"properties": { "pm_name": "下塔悠公園", "pm_type": "公園" },
			"geometry": {
				"type": "Point",
				"coordinates": [121.5595627,25.07692909]
			}
		},
		{
			"type": "Feature",
			"properties": { "pm_name": "上塔悠公園", "pm_type": "公園" },
			"geometry": {
				"type": "Point",
				"coordinates": [121.552002,25.07751083]
			}
		},
		{
			"type": "Feature",
			"properties": { "pm_name": "大佳社區公園", "pm_type": "公園" },
			"geometry": {
				"type": "Point",
				"coordinates": [121.5376587,25.07275009]
			}
		},
		{
			"type": "Feature",
			"properties": { "pm_name": "大直公園", "pm_type": "公園" },
			"geometry": {
				"type": "Point",
				"coordinates": [121.5472794,25.08271027]
			}
		},
		{
			"type": "Feature",
			"properties": { "pm_name": "中427公園", "pm_type": "公園" },
			"geometry": {
				"type": "Point",
				"coordinates": [121.5559921,25.0803299]
			}
		},
		{
			"type": "Feature",
			"properties": { "pm_name": "中428公園", "pm_type": "公園" },
			"geometry": {
				"type": "Point",
				"coordinates": [121.553485,25.078447]
			}
		},
		{
			"type": "Feature",
			"properties": { "pm_name": "中429公園", "pm_type": "公園" },
			"geometry": {
				"type": "Point",
				"coordinates": [121.555858,25.078469]
			}
		},
		{
			"type": "Feature",
			"properties": { "pm_name": "中430公園", "pm_type": "公園" },
			"geometry": {
				"type": "Point",
				"coordinates": [121.5620804,25.07829094]
			}
		},
		{
			"type": "Feature",
			"properties": { "pm_name": "中431公園", "pm_type": "公園" },
			"geometry": {
				"type": "Point",
				"coordinates": [121.5652084,25.07740021]
			}
		},
		{
			"type": "Feature",
			"properties": { "pm_name": "中山21號廣場", "pm_type": "公園" },
			"geometry": {
				"type": "Point",
				"coordinates": [121.556282,25.0807991]
			}
		},
		{
			"type": "Feature",
			"properties": { "pm_name": "中吉公園", "pm_type": "公園" },
			"geometry": {
				"type": "Point",
				"coordinates": [121.5318375,25.05636025]
			}
		},
		{
			"type": "Feature",
			"properties": { "pm_name": "中安公園 ", "pm_type": "公園" },
			"geometry": {
				"type": "Point",
				"coordinates": [121.5239868,25.05648994]
			}
		},
		{
			"type": "Feature",
			"properties": { "pm_name": "中原公園", "pm_type": "公園" },
			"geometry": {
				"type": "Point",
				"coordinates": [121.5285873,25.05581093]
			}
		},
		{
			"type": "Feature",
			"properties": { "pm_name": "仁德公園", "pm_type": "公園" },
			"geometry": {
				"type": "Point",
				"coordinates": [121.5290833,25.0531807]
			}
		},
		{
			"type": "Feature",
			"properties": { "pm_name": "四平公園", "pm_type": "公園" },
			"geometry": {
				"type": "Point",
				"coordinates": [121.5345078,25.05323029]
			}
		},
		{
			"type": "Feature",
			"properties": { "pm_name": "正守公園", "pm_type": "公園" },
			"geometry": {
				"type": "Point",
				"coordinates": [121.528745,25.048051]
			}
		},
		{
			"type": "Feature",
			"properties": { "pm_name": "民享公園", "pm_type": "公園" },
			"geometry": {
				"type": "Point",
				"coordinates": [121.5211105,25.0592308]
			}
		},
		{
			"type": "Feature",
			"properties": { "pm_name": "永安公園", "pm_type": "公園" },
			"geometry": {
				"type": "Point",
				"coordinates": [121.5452118,25.07912064]
			}
		},
		{
			"type": "Feature",
			"properties": { "pm_name": "永直公園", "pm_type": "公園" },
			"geometry": {
				"type": "Point",
				"coordinates": [121.5505295,25.08147049]
			}
		},
		{
			"type": "Feature",
			"properties": { "pm_name": "永靜公園", "pm_type": "公園" },
			"geometry": {
				"type": "Point",
				"coordinates": [121.5217819,25.06155968]
			}
		},
		{
			"type": "Feature",
			"properties": { "pm_name": "伊通公園", "pm_type": "公園" },
			"geometry": {
				"type": "Point",
				"coordinates": [121.5347672,25.05015945]
			}
		},
		{
			"type": "Feature",
			"properties": { "pm_name": "吉林公園", "pm_type": "公園" },
			"geometry": {
				"type": "Point",
				"coordinates": [121.5289307,25.05082512]
			}
		},
		{
			"type": "Feature",
			"properties": { "pm_name": "合江公園", "pm_type": "公園" },
			"geometry": {
				"type": "Point",
				"coordinates": [121.5394821,25.05866051]
			}
		},
		{
			"type": "Feature",
			"properties": { "pm_name": "朱昌公園", "pm_type": "公園" },
			"geometry": {
				"type": "Point",
				"coordinates": [121.5388184,25.05545998]
			}
		},
		{
			"type": "Feature",
			"properties": { "pm_name": "朱厝崙公園", "pm_type": "公園" },
			"geometry": {
				"type": "Point",
				"coordinates": [121.5410614,25.0475502]
			}
		},
		{
			"type": "Feature",
			"properties": { "pm_name": "朱崙公園", "pm_type": "公園" },
			"geometry": {
				"type": "Point",
				"coordinates": [121.541687,25.04933929]
			}
		},
		{
			"type": "Feature",
			"properties": { "pm_name": "江寧公園", "pm_type": "公園" },
			"geometry": {
				"type": "Point",
				"coordinates": [121.5394135,25.06122971]
			}
		},
		{
			"type": "Feature",
			"properties": { "pm_name": "自強公園", "pm_type": "公園" },
			"geometry": {
				"type": "Point",
				"coordinates": [121.548603,25.086019]
			}
		},
		{
			"type": "Feature",
			"properties": { "pm_name": "明水公園", "pm_type": "公園" },
			"geometry": {
				"type": "Point",
				"coordinates": [121.5480576,25.07881928]
			}
		},
		{
			"type": "Feature",
			"properties": { "pm_name": "林森公園", "pm_type": "公園" },
			"geometry": {
				"type": "Point",
				"coordinates": [121.5258713,25.05233955]
			}
		},
		{
			"type": "Feature",
			"properties": { "pm_name": "松江公園", "pm_type": "公園" },
			"geometry": {
				"type": "Point",
				"coordinates": [121.5324631,25.05036926]
			}
		},
		{
			"type": "Feature",
			"properties": { "pm_name": "松錦1號公園", "pm_type": "公園" },
			"geometry": {
				"type": "Point",
				"coordinates": [121.532404,25.060117]
			}
		},
		{
			"type": "Feature",
			"properties": { "pm_name": "松錦2號公園", "pm_type": "公園" },
			"geometry": {
				"type": "Point",
				"coordinates": [121.532089,25.059608]
			}
		},
		{
			"type": "Feature",
			"properties": { "pm_name": "直安公園", "pm_type": "公園" },
			"geometry": {
				"type": "Point",
				"coordinates": [121.5478516,25.08119965]
			}
		},
		{
			"type": "Feature",
			"properties": { "pm_name": "花博公園美術園區", "pm_type": "公園" },
			"geometry": {
				"type": "Point",
				"coordinates": [121.5239563,25.07060051]
			}
		},
		{
			"type": "Feature",
			"properties": { "pm_name": "花博公園圓山園區", "pm_type": "公園" },
			"geometry": {
				"type": "Point",
				"coordinates": [121.5206223,25.07156944]
			}
		},
		{
			"type": "Feature",
			"properties": { "pm_name": "花博公園新生園區", "pm_type": "公園" },
			"geometry": {
				"type": "Point",
				"coordinates": [121.5305023,25.06856918]
			}
		},
		{
			"type": "Feature",
			"properties": { "pm_name": "金泰公園", "pm_type": "公園" },
			"geometry": {
				"type": "Point",
				"coordinates": [121.565167,25.076495]
			}
		},
		{
			"type": "Feature",
			"properties": { "pm_name": "建興公園", "pm_type": "公園" },
			"geometry": {
				"type": "Point",
				"coordinates": [121.5381775,25.04714966]
			}
		},
		{
			"type": "Feature",
			"properties": { "pm_name": "培英公園", "pm_type": "公園" },
			"geometry": {
				"type": "Point",
				"coordinates": [121.5449829,25.08226967]
			}
		},
		{
			"type": "Feature",
			"properties": { "pm_name": "康樂公園", "pm_type": "公園" },
			"geometry": {
				"type": "Point",
				"coordinates": [121.5251465,25.05340958]
			}
		},
		{
			"type": "Feature",
			"properties": { "pm_name": "復華公園", "pm_type": "公園" },
			"geometry": {
				"type": "Point",
				"coordinates": [121.5396805,25.0531292]
			}
		},
		{
			"type": "Feature",
			"properties": { "pm_name": "晴光公園", "pm_type": "公園" },
			"geometry": {
				"type": "Point",
				"coordinates": [121.5245667,25.06389999]
			}
		},
		{
			"type": "Feature",
			"properties": { "pm_name": "華山公園", "pm_type": "公園" },
			"geometry": {
				"type": "Point",
				"coordinates": [121.525861,25.047745]
			}
		},
		{
			"type": "Feature",
			"properties": { "pm_name": "進安公園", "pm_type": "公園" },
			"geometry": {
				"type": "Point",
				"coordinates": [121.537468,25.04586983]
			}
		},
		{
			"type": "Feature",
			"properties": { "pm_name": "集英公園", "pm_type": "公園" },
			"geometry": {
				"type": "Point",
				"coordinates": [121.521344,25.065402]
			}
		},
		{
			"type": "Feature",
			"properties": { "pm_name": "圓山自然景觀公園", "pm_type": "公園" },
			"geometry": {
				"type": "Point",
				"coordinates": [121.52233,25.075055]
			}
		},
		{
			"type": "Feature",
			"properties": { "pm_name": "敬業公園", "pm_type": "公園" },
			"geometry": {
				"type": "Point",
				"coordinates": [121.556045,25.085728]
			}
		},
		{
			"type": "Feature",
			"properties": { "pm_name": "新喜公園", "pm_type": "公園" },
			"geometry": {
				"type": "Point",
				"coordinates": [121.5321884,25.06542969]
			}
		},
		{
			"type": "Feature",
			"properties": { "pm_name": "新祿公園", "pm_type": "公園" },
			"geometry": {
				"type": "Point",
				"coordinates": [121.5296478,25.06715965]
			}
		},
		{
			"type": "Feature",
			"properties": { "pm_name": "新壽公園", "pm_type": "公園" },
			"geometry": {
				"type": "Point",
				"coordinates": [121.5299225,25.06331062]
			}
		},
		{
			"type": "Feature",
			"properties": { "pm_name": "新興公園", "pm_type": "公園" },
			"geometry": {
				"type": "Point",
				"coordinates": [121.5246506,25.06151962]
			}
		},
		{
			"type": "Feature",
			"properties": { "pm_name": "農安公園", "pm_type": "公園" },
			"geometry": {
				"type": "Point",
				"coordinates": [121.5352631,25.06528091]
			}
		},
		{
			"type": "Feature",
			"properties": { "pm_name": "榮星花園公園", "pm_type": "公園" },
			"geometry": {
				"type": "Point",
				"coordinates": [121.5404968,25.06265068]
			}
		},
		{
			"type": "Feature",
			"properties": { "pm_name": "聚葉公園", "pm_type": "公園" },
			"geometry": {
				"type": "Point",
				"coordinates": [121.527236,25.060496]
			}
		},
		{
			"type": "Feature",
			"properties": { "pm_name": "劍潭公園", "pm_type": "公園" },
			"geometry": {
				"type": "Point",
				"coordinates": [121.524598,25.080108]
			}
		},
		{
			"type": "Feature",
			"properties": { "pm_name": "德惠公園", "pm_type": "公園" },
			"geometry": {
				"type": "Point",
				"coordinates": [121.5315628,25.06748962]
			}
		},
		{
			"type": "Feature",
			"properties": { "pm_name": "撫順公園", "pm_type": "公園" },
			"geometry": {
				"type": "Point",
				"coordinates": [121.52199,25.064579]
			}
		},
		{
			"type": "Feature",
			"properties": { "pm_name": "興安公園", "pm_type": "公園" },
			"geometry": {
				"type": "Point",
				"coordinates": [121.5417786,25.05567932]
			}
		},
		{
			"type": "Feature",
			"properties": { "pm_name": "興亞公園", "pm_type": "公園" },
			"geometry": {
				"type": "Point",
				"coordinates": [121.531601,25.04738045]
			}
		},
		{
			"type": "Feature",
			"properties": { "pm_name": "興國公園", "pm_type": "公園" },
			"geometry": {
				"type": "Point",
				"coordinates": [121.541941,25.0531]
			}
		},
		{
			"type": "Feature",
			"properties": { "pm_name": "遼寧公園", "pm_type": "公園" },
			"geometry": {
				"type": "Point",
				"coordinates": [121.5423126,25.05360031]
			}
		},
		{
			"type": "Feature",
			"properties": { "pm_name": "錦北公園", "pm_type": "公園" },
			"geometry": {
				"type": "Point",
				"coordinates": [121.5358276,25.06048966]
			}
		},
		{
			"type": "Feature",
			"properties": { "pm_name": "錦州公園", "pm_type": "公園" },
			"geometry": {
				"type": "Point",
				"coordinates": [121.5293198,25.06061935]
			}
		},
		{
			"type": "Feature",
			"properties": { "pm_name": "龍江公園", "pm_type": "公園" },
			"geometry": {
				"type": "Point",
				"coordinates": [121.54216,25.05982018]
			}
		},
		{
			"type": "Feature",
			"properties": { "pm_name": "雙城公園", "pm_type": "公園" },
			"geometry": {
				"type": "Point",
				"coordinates": [121.5240173,25.06731033]
			}
		},
		{
			"type": "Feature",
			"properties": { "pm_name": "力行1號綠地", "pm_type": "綠地" },
			"geometry": {
				"type": "Point",
				"coordinates": [121.5388718,25.08410072]
			}
		},
		{
			"type": "Feature",
			"properties": { "pm_name": "力行2號綠地", "pm_type": "綠地" },
			"geometry": {
				"type": "Point",
				"coordinates": [121.5379334,25.08334923]
			}
		},
		{
			"type": "Feature",
			"properties": { "pm_name": "中山129號綠地", "pm_type": "綠地" },
			"geometry": {
				"type": "Point",
				"coordinates": [121.5396729,25.05372047]
			}
		},
		{
			"type": "Feature",
			"properties": { "pm_name": "中山161號綠地", "pm_type": "綠地" },
			"geometry": {
				"type": "Point",
				"coordinates": [121.5331574,25.07806969]
			}
		},
		{
			"type": "Feature",
			"properties": { "pm_name": "中山240號綠地", "pm_type": "綠地" },
			"geometry": {
				"type": "Point",
				"coordinates": [121.5495987,25.08696938]
			}
		},
		{
			"type": "Feature",
			"properties": { "pm_name": "中山381號綠地", "pm_type": "綠地" },
			"geometry": {
				"type": "Point",
				"coordinates": [121.5472031,25.07959938]
			}
		},
		{
			"type": "Feature",
			"properties": { "pm_name": "中山411號綠地", "pm_type": "綠地" },
			"geometry": {
				"type": "Point",
				"coordinates": [121.5564499,25.0832901]
			}
		},
		{
			"type": "Feature",
			"properties": { "pm_name": "中山412號綠地", "pm_type": "綠地" },
			"geometry": {
				"type": "Point",
				"coordinates": [121.5564575,25.08230019]
			}
		},
		{
			"type": "Feature",
			"properties": { "pm_name": "中山413號綠地", "pm_type": "綠地" },
			"geometry": {
				"type": "Point",
				"coordinates": [121.5561981,25.08332062]
			}
		},
		{
			"type": "Feature",
			"properties": { "pm_name": "中山414號綠地", "pm_type": "綠地" },
			"geometry": {
				"type": "Point",
				"coordinates": [121.5561676,25.08126068]
			}
		},
		{
			"type": "Feature",
			"properties": { "pm_name": "中山415號綠地", "pm_type": "綠地" },
			"geometry": {
				"type": "Point",
				"coordinates": [121.5526276,25.08012009]
			}
		},
		{
			"type": "Feature",
			"properties": { "pm_name": "中山416號綠地", "pm_type": "綠地" },
			"geometry": {
				"type": "Point",
				"coordinates": [121.553772,25.0800705]
			}
		},
		{
			"type": "Feature",
			"properties": { "pm_name": "中山417號綠地", "pm_type": "綠地" },
			"geometry": {
				"type": "Point",
				"coordinates": [121.5552597,25.0800705]
			}
		},
		{
			"type": "Feature",
			"properties": { "pm_name": "中山418號綠地", "pm_type": "綠地" },
			"geometry": {
				"type": "Point",
				"coordinates": [121.5573731,25.08005905]
			}
		},
		{
			"type": "Feature",
			"properties": { "pm_name": "中山419號綠地", "pm_type": "綠地" },
			"geometry": {
				"type": "Point",
				"coordinates": [121.5593414,25.08003998]
			}
		},
		{
			"type": "Feature",
			"properties": { "pm_name": "中山420號綠地", "pm_type": "綠地" },
			"geometry": {
				"type": "Point",
				"coordinates": [121.560997,25.08004952]
			}
		},
		{
			"type": "Feature",
			"properties": { "pm_name": "中山421號綠地", "pm_type": "綠地" },
			"geometry": {
				"type": "Point",
				"coordinates": [121.5621719,25.08037949]
			}
		},
		{
			"type": "Feature",
			"properties": { "pm_name": "中山422號綠地", "pm_type": "綠地" },
			"geometry": {
				"type": "Point",
				"coordinates": [121.552742,25.07986069]
			}
		},
		{
			"type": "Feature",
			"properties": { "pm_name": "中山423號綠地", "pm_type": "綠地" },
			"geometry": {
				"type": "Point",
				"coordinates": [121.5538025,25.07983971]
			}
		},
		{
			"type": "Feature",
			"properties": { "pm_name": "中山424號綠地", "pm_type": "綠地" },
			"geometry": {
				"type": "Point",
				"coordinates": [121.5549164,25.07983971]
			}
		},
		{
			"type": "Feature",
			"properties": { "pm_name": "中山425號綠地", "pm_type": "綠地" },
			"geometry": {
				"type": "Point",
				"coordinates": [121.5558167,25.07983971]
			}
		},
		{
			"type": "Feature",
			"properties": { "pm_name": "中山426號綠地", "pm_type": "綠地" },
			"geometry": {
				"type": "Point",
				"coordinates": [121.5622177,25.08011055]
			}
		},
		{
			"type": "Feature",
			"properties": { "pm_name": "長春綠地", "pm_type": "綠地" },
			"geometry": {
				"type": "Point",
				"coordinates": [121.5380096,25.05290031]
			}
		},
		{
			"type": "Feature",
			"properties": { "pm_name": "中山4號廣場", "pm_type": "廣場" },
			"geometry": {
				"type": "Point",
				"coordinates": [121.5205231,25.0526104]
			}
		},
		{
			"type": "Feature",
			"properties": { "pm_name": "九華公園", "pm_type": "公園" },
			"geometry": {
				"type": "Point",
				"coordinates": [121.5613785,25.08859062]
			}
		},
		{
			"type": "Feature",
			"properties": { "pm_name": "下灣公園", "pm_type": "公園" },
			"geometry": {
				"type": "Point",
				"coordinates": [121.5906982,25.06681061]
			}
		},
		{
			"type": "Feature",
			"properties": { "pm_name": "上灣公園", "pm_type": "公園" },
			"geometry": {
				"type": "Point",
				"coordinates": [121.5958405,25.06546021]
			}
		},
		{
			"type": "Feature",
			"properties": { "pm_name": "口湖公園", "pm_type": "公園" },
			"geometry": {
				"type": "Point",
				"coordinates": [121.598514,25.067328]
			}
		},
		{
			"type": "Feature",
			"properties": { "pm_name": "大坑公園", "pm_type": "公園" },
			"geometry": {
				"type": "Point",
				"coordinates": [121.598706,25.069037]
			}
		},
		{
			"type": "Feature",
			"properties": { "pm_name": "大港墘公園", "pm_type": "公園" },
			"geometry": {
				"type": "Point",
				"coordinates": [121.5729968,25.0774149]
			}
		},
		{
			"type": "Feature",
			"properties": { "pm_name": "大湖公園", "pm_type": "公園" },
			"geometry": {
				"type": "Point",
				"coordinates": [121.602695,25.082976]
			}
		},
		{
			"type": "Feature",
			"properties": { "pm_name": "山腳公園", "pm_type": "公園" },
			"geometry": {
				"type": "Point",
				"coordinates": [121.5799027,25.08408928]
			}
		},
		{
			"type": "Feature",
			"properties": { "pm_name": "五分公園", "pm_type": "公園" },
			"geometry": {
				"type": "Point",
				"coordinates": [121.6147919,25.0671196]
			}
		},
		{
			"type": "Feature",
			"properties": { "pm_name": "內湖125號公園", "pm_type": "公園" },
			"geometry": {
				"type": "Point",
				"coordinates": [121.6112595,25.06469917]
			}
		},
		{
			"type": "Feature",
			"properties": { "pm_name": "文心公園", "pm_type": "公園" },
			"geometry": {
				"type": "Point",
				"coordinates": [121.5841827,25.06545067]
			}
		},
		{
			"type": "Feature",
			"properties": { "pm_name": "文湖公園", "pm_type": "公園" },
			"geometry": {
				"type": "Point",
				"coordinates": [121.560993,25.087427]
			}
		},
		{
			"type": "Feature",
			"properties": { "pm_name": "文德3號公園", "pm_type": "公園" },
			"geometry": {
				"type": "Point",
				"coordinates": [121.5771179,25.07509041]
			}
		},
		{
			"type": "Feature",
			"properties": { "pm_name": "文德二號公園", "pm_type": "公園" },
			"geometry": {
				"type": "Point",
				"coordinates": [121.5837402,25.07785988]
			}
		},
		{
			"type": "Feature",
			"properties": { "pm_name": "仙樹公園", "pm_type": "公園" },
			"geometry": {
				"type": "Point",
				"coordinates": [121.5690002,25.08560944]
			}
		},
		{
			"type": "Feature",
			"properties": { "pm_name": "北勢湖公園", "pm_type": "公園" },
			"geometry": {
				"type": "Point",
				"coordinates": [121.5616837,25.08374977]
			}
		},
		{
			"type": "Feature",
			"properties": { "pm_name": "安泰公園", "pm_type": "公園" },
			"geometry": {
				"type": "Point",
				"coordinates": [121.6186371,25.07408905]
			}
		},
		{
			"type": "Feature",
			"properties": { "pm_name": "安康公園(下)", "pm_type": "公園" },
			"geometry": {
				"type": "Point",
				"coordinates": [121.6106186,25.06720924]
			}
		},
		{
			"type": "Feature",
			"properties": { "pm_name": "安康公園(上)", "pm_type": "公園" },
			"geometry": {
				"type": "Point",
				"coordinates": [121.612381,25.06712914]
			}
		},
		{
			"type": "Feature",
			"properties": { "pm_name": "安湖三號公園", "pm_type": "公園" },
			"geometry": {
				"type": "Point",
				"coordinates": [121.6156921,25.07041931]
			}
		},
		{
			"type": "Feature",
			"properties": { "pm_name": "安湖公園", "pm_type": "公園" },
			"geometry": {
				"type": "Point",
				"coordinates": [121.6154175,25.07402039]
			}
		},
		{
			"type": "Feature",
			"properties": { "pm_name": "成功公園", "pm_type": "公園" },
			"geometry": {
				"type": "Point",
				"coordinates": [121.5966263,25.08429909]
			}
		},
		{
			"type": "Feature",
			"properties": { "pm_name": "行善公園", "pm_type": "公園" },
			"geometry": {
				"type": "Point",
				"coordinates": [121.5755768,25.0532608]
			}
		},
		{
			"type": "Feature",
			"properties": { "pm_name": "西安公園", "pm_type": "公園" },
			"geometry": {
				"type": "Point",
				"coordinates": [121.567482,25.08745003]
			}
		},
		{
			"type": "Feature",
			"properties": { "pm_name": "西安廣場", "pm_type": "公園" },
			"geometry": {
				"type": "Point",
				"coordinates": [121.5608521,25.08675957]
			}
		},
		{
			"type": "Feature",
			"properties": { "pm_name": "西康二號公園", "pm_type": "公園" },
			"geometry": {
				"type": "Point",
				"coordinates": [121.5639267,25.08498001]
			}
		},
		{
			"type": "Feature",
			"properties": { "pm_name": "西康公園", "pm_type": "公園" },
			"geometry": {
				"type": "Point",
				"coordinates": [121.5643921,25.08312035]
			}
		},
		{
			"type": "Feature",
			"properties": { "pm_name": "西湖公園", "pm_type": "公園" },
			"geometry": {
				"type": "Point",
				"coordinates": [121.5703888,25.08361054]
			}
		},
		{
			"type": "Feature",
			"properties": { "pm_name": "扶輪親恩公園", "pm_type": "公園" },
			"geometry": {
				"type": "Point",
				"coordinates": [121.5797501,25.06670952]
			}
		},
		{
			"type": "Feature",
			"properties": { "pm_name": "明美公園", "pm_type": "公園" },
			"geometry": {
				"type": "Point",
				"coordinates": [121.5861969,25.06221962]
			}
		},
		{
			"type": "Feature",
			"properties": { "pm_name": "東湖一號公園", "pm_type": "公園" },
			"geometry": {
				"type": "Point",
				"coordinates": [121.6121368,25.07559967]
			}
		},
		{
			"type": "Feature",
			"properties": { "pm_name": "東湖二號公園", "pm_type": "公園" },
			"geometry": {
				"type": "Point",
				"coordinates": [121.6109238,25.07389069]
			}
		},
		{
			"type": "Feature",
			"properties": { "pm_name": "東湖四號公園", "pm_type": "公園" },
			"geometry": {
				"type": "Point",
				"coordinates": [121.6180801,25.07044983]
			}
		},
		{
			"type": "Feature",
			"properties": { "pm_name": "金瑞公園", "pm_type": "公園" },
			"geometry": {
				"type": "Point",
				"coordinates": [121.5879517,25.08795929]
			}
		},
		{
			"type": "Feature",
			"properties": { "pm_name": "金龍公園", "pm_type": "公園" },
			"geometry": {
				"type": "Point",
				"coordinates": [121.590799,25.08543218]
			}
		},
		{
			"type": "Feature",
			"properties": { "pm_name": "長青公園", "pm_type": "公園" },
			"geometry": {
				"type": "Point",
				"coordinates": [121.5817413,25.0809803]
			}
		},
		{
			"type": "Feature",
			"properties": { "pm_name": "南湖一號公園", "pm_type": "公園" },
			"geometry": {
				"type": "Point",
				"coordinates": [121.6110916,25.06913948]
			}
		},
		{
			"type": "Feature",
			"properties": { "pm_name": "洲子1號公園", "pm_type": "公園" },
			"geometry": {
				"type": "Point",
				"coordinates": [121.5643387,25.07957077]
			}
		},
		{
			"type": "Feature",
			"properties": { "pm_name": "洲子2號公園", "pm_type": "公園" },
			"geometry": {
				"type": "Point",
				"coordinates": [121.5686264,25.07959938]
			}
		},
		{
			"type": "Feature",
			"properties": { "pm_name": "美善公園", "pm_type": "公園" },
			"geometry": {
				"type": "Point",
				"coordinates": [121.5785828,25.05699921]
			}
		},
		{
			"type": "Feature",
			"properties": { "pm_name": "畚箕湖公園", "pm_type": "公園" },
			"geometry": {
				"type": "Point",
				"coordinates": [121.560064,25.089436]
			}
		},
		{
			"type": "Feature",
			"properties": { "pm_name": "康湖二號公園", "pm_type": "公園" },
			"geometry": {
				"type": "Point",
				"coordinates": [121.6088,25.074042]
			}
		},
		{
			"type": "Feature",
			"properties": { "pm_name": "康湖公園", "pm_type": "公園" },
			"geometry": {
				"type": "Point",
				"coordinates": [121.6087265,25.07468033]
			}
		},
		{
			"type": "Feature",
			"properties": { "pm_name": "康寧公園", "pm_type": "公園" },
			"geometry": {
				"type": "Point",
				"coordinates": [121.6095886,25.0689106]
			}
		},
		{
			"type": "Feature",
			"properties": { "pm_name": "清白公園", "pm_type": "公園" },
			"geometry": {
				"type": "Point",
				"coordinates": [121.5952835,25.08169937]
			}
		},
		{
			"type": "Feature",
			"properties": { "pm_name": "港都公園", "pm_type": "公園" },
			"geometry": {
				"type": "Point",
				"coordinates": [121.5752335,25.0827198]
			}
		},
		{
			"type": "Feature",
			"properties": { "pm_name": "港華一號公園", "pm_type": "公園" },
			"geometry": {
				"type": "Point",
				"coordinates": [121.573586,25.087734]
			}
		},
		{
			"type": "Feature",
			"properties": { "pm_name": "港華二號公園", "pm_type": "公園" },
			"geometry": {
				"type": "Point",
				"coordinates": [121.5738373,25.08778954]
			}
		},
		{
			"type": "Feature",
			"properties": { "pm_name": "港華三號公園", "pm_type": "公園" },
			"geometry": {
				"type": "Point",
				"coordinates": [121.575058,25.0866909]
			}
		},
		{
			"type": "Feature",
			"properties": { "pm_name": "港華六號公園", "pm_type": "公園" },
			"geometry": {
				"type": "Point",
				"coordinates": [121.5746231,25.08426094]
			}
		},
		{
			"type": "Feature",
			"properties": { "pm_name": "港華四號公園", "pm_type": "公園" },
			"geometry": {
				"type": "Point",
				"coordinates": [121.5752792,25.08653069]
			}
		},
		{
			"type": "Feature",
			"properties": { "pm_name": "港墘公園", "pm_type": "公園" },
			"geometry": {
				"type": "Point",
				"coordinates": [121.576437,25.080978]
			}
		},
		{
			"type": "Feature",
			"properties": { "pm_name": "游美公園", "pm_type": "公園" },
			"geometry": {
				"type": "Point",
				"coordinates": [121.5971985,25.06459999]
			}
		},
		{
			"type": "Feature",
			"properties": { "pm_name": "湖山9號公園", "pm_type": "公園" },
			"geometry": {
				"type": "Point",
				"coordinates": [121.6035004,25.08522034]
			}
		},
		{
			"type": "Feature",
			"properties": { "pm_name": "湖山八號公園", "pm_type": "公園" },
			"geometry": {
				"type": "Point",
				"coordinates": [121.6032715,25.08391953]
			}
		},
		{
			"type": "Feature",
			"properties": { "pm_name": "湖山三號公園", "pm_type": "公園" },
			"geometry": {
				"type": "Point",
				"coordinates": [121.6044693,25.08716011]
			}
		},
		{
			"type": "Feature",
			"properties": { "pm_name": "湖山五號公園", "pm_type": "公園" },
			"geometry": {
				"type": "Point",
				"coordinates": [121.6008377,25.08157921]
			}
		},
		{
			"type": "Feature",
			"properties": { "pm_name": "湖山六號公園", "pm_type": "公園" },
			"geometry": {
				"type": "Point",
				"coordinates": [121.6018601,25.08309937]
			}
		},
		{
			"type": "Feature",
			"properties": { "pm_name": "湖山四號公園", "pm_type": "公園" },
			"geometry": {
				"type": "Point",
				"coordinates": [121.6007538,25.08270073]
			}
		},
		{
			"type": "Feature",
			"properties": { "pm_name": "湖元公園", "pm_type": "公園" },
			"geometry": {
				"type": "Point",
				"coordinates": [121.5870209,25.06822968]
			}
		},
		{
			"type": "Feature",
			"properties": { "pm_name": "湖畔公園", "pm_type": "公園" },
			"geometry": {
				"type": "Point",
				"coordinates": [121.601473,25.088247]
			}
		},
		{
			"type": "Feature",
			"properties": { "pm_name": "湖聖公園", "pm_type": "公園" },
			"geometry": {
				"type": "Point",
				"coordinates": [121.5917664,25.06977081]
			}
		},
		{
			"type": "Feature",
			"properties": { "pm_name": "湖興公園", "pm_type": "公園" },
			"geometry": {
				"type": "Point",
				"coordinates": [121.589592,25.06693077]
			}
		},
		{
			"type": "Feature",
			"properties": { "pm_name": "湖濱公園", "pm_type": "公園" },
			"geometry": {
				"type": "Point",
				"coordinates": [121.5876265,25.08154729]
			}
		},
		{
			"type": "Feature",
			"properties": { "pm_name": "湖寶公園", "pm_type": "公園" },
			"geometry": {
				"type": "Point",
				"coordinates": [121.5995636,25.0666008]
			}
		},
		{
			"type": "Feature",
			"properties": { "pm_name": "週美綠地", "pm_type": "公園" },
			"geometry": {
				"type": "Point",
				"coordinates": [121.5819016,25.0564003]
			}
		},
		{
			"type": "Feature",
			"properties": { "pm_name": "陽光公園", "pm_type": "公園" },
			"geometry": {
				"type": "Point",
				"coordinates": [121.586719,25.076736]
			}
		},
		{
			"type": "Feature",
			"properties": { "pm_name": "新明公園", "pm_type": "公園" },
			"geometry": {
				"type": "Point",
				"coordinates": [121.5788117,25.05413055]
			}
		},
		{
			"type": "Feature",
			"properties": { "pm_name": "煙波庭公園", "pm_type": "公園" },
			"geometry": {
				"type": "Point",
				"coordinates": [121.5992508,25.08633995]
			}
		},
		{
			"type": "Feature",
			"properties": { "pm_name": "瑞光公園", "pm_type": "公園" },
			"geometry": {
				"type": "Point",
				"coordinates": [121.5776825,25.07118034]
			}
		},
		{
			"type": "Feature",
			"properties": { "pm_name": "瑞湖公園", "pm_type": "公園" },
			"geometry": {
				"type": "Point",
				"coordinates": [121.576889,25.06930924]
			}
		},
		{
			"type": "Feature",
			"properties": { "pm_name": "瑞陽公園", "pm_type": "公園" },
			"geometry": {
				"type": "Point",
				"coordinates": [121.579352,25.07751]
			}
		},
		{
			"type": "Feature",
			"properties": { "pm_name": "碧山公園", "pm_type": "公園" },
			"geometry": {
				"type": "Point",
				"coordinates": [121.5919571,25.08708]
			}
		},
		{
			"type": "Feature",
			"properties": { "pm_name": "碧湖公園", "pm_type": "公園" },
			"geometry": {
				"type": "Point",
				"coordinates": [121.5842896,25.08218956]
			}
		},
		{
			"type": "Feature",
			"properties": { "pm_name": "福壽公園", "pm_type": "公園" },
			"geometry": {
				"type": "Point",
				"coordinates": [121.5965576,25.07980919]
			}
		},
		{
			"type": "Feature",
			"properties": { "pm_name": "翠湖公園", "pm_type": "公園" },
			"geometry": {
				"type": "Point",
				"coordinates": [121.602107,25.08626]
			}
		},
		{
			"type": "Feature",
			"properties": { "pm_name": "樂活公園", "pm_type": "公園" },
			"geometry": {
				"type": "Point",
				"coordinates": [121.618814,25.068244]
			}
		},
		{
			"type": "Feature",
			"properties": { "pm_name": "樂康公園", "pm_type": "公園" },
			"geometry": {
				"type": "Point",
				"coordinates": [121.620697,25.07007027]
			}
		},
		{
			"type": "Feature",
			"properties": { "pm_name": "環東公園", "pm_type": "公園" },
			"geometry": {
				"type": "Point",
				"coordinates": [121.5429306,25.04372978]
			}
		},
		{
			"type": "Feature",
			"properties": { "pm_name": "麗湖公園", "pm_type": "公園" },
			"geometry": {
				"type": "Point",
				"coordinates": [121.599282,25.073539]
			}
		},
		{
			"type": "Feature",
			"properties": { "pm_name": "內湖110號綠地", "pm_type": "綠地" },
			"geometry": {
				"type": "Point",
				"coordinates": [121.5800705,25.07122994]
			}
		},
		{
			"type": "Feature",
			"properties": { "pm_name": "內湖117號綠地", "pm_type": "綠地" },
			"geometry": {
				"type": "Point",
				"coordinates": [121.6018524,25.08326912]
			}
		},
		{
			"type": "Feature",
			"properties": { "pm_name": "內湖119號安興綠地", "pm_type": "綠地" },
			"geometry": {
				"type": "Point",
				"coordinates": [121.5836716,25.0576992]
			}
		},
		{
			"type": "Feature",
			"properties": { "pm_name": "文德1號綠地", "pm_type": "綠地" },
			"geometry": {
				"type": "Point",
				"coordinates": [121.5842133,25.07859039]
			}
		},
		{
			"type": "Feature",
			"properties": { "pm_name": "石潭公園", "pm_type": "綠地" },
			"geometry": {
				"type": "Point",
				"coordinates": [121.5932083,25.06311989]
			}
		},
		{
			"type": "Feature",
			"properties": { "pm_name": "康樂綠地", "pm_type": "綠地" },
			"geometry": {
				"type": "Point",
				"coordinates": [121.6206131,25.07490921]
			}
		},
		{
			"type": "Feature",
			"properties": { "pm_name": "港華5號綠地", "pm_type": "綠地" },
			"geometry": {
				"type": "Point",
				"coordinates": [121.5742874,25.08544922]
			}
		},
		{
			"type": "Feature",
			"properties": { "pm_name": "湖興綠地", "pm_type": "綠地" },
			"geometry": {
				"type": "Point",
				"coordinates": [121.5908966,25.06893921]
			}
		},
		{
			"type": "Feature",
			"properties": { "pm_name": "紫陽綠地", "pm_type": "綠地" },
			"geometry": {
				"type": "Point",
				"coordinates": [121.5867996,25.07641029]
			}
		},
		{
			"type": "Feature",
			"properties": { "pm_name": "潭美公園", "pm_type": "綠地" },
			"geometry": {
				"type": "Point",
				"coordinates": [121.5816803,25.05701065]
			}
		},
		{
			"type": "Feature",
			"properties": { "pm_name": "麗湖綠地", "pm_type": "綠地" },
			"geometry": {
				"type": "Point",
				"coordinates": [121.600509,25.073374]
			}
		},
		{
			"type": "Feature",
			"properties": { "pm_name": "治磐廣場", "pm_type": "廣場" },
			"geometry": {
				"type": "Point",
				"coordinates": [121.5663071,25.08272934]
			}
		},
		{
			"type": "Feature",
			"properties": { "pm_name": "港富廣場", "pm_type": "廣場" },
			"geometry": {
				"type": "Point",
				"coordinates": [121.5781174,25.08029938]
			}
		},
		{
			"type": "Feature",
			"properties": { "pm_name": "灣仔廣場", "pm_type": "廣場" },
			"geometry": {
				"type": "Point",
				"coordinates": [121.5908966,25.06893921]
			}
		},
		{
			"type": "Feature",
			"properties": { "pm_name": "大同公園", "pm_type": "公園" },
			"geometry": {
				"type": "Point",
				"coordinates": [121.512001,25.06797981]
			}
		},
		{
			"type": "Feature",
			"properties": { "pm_name": "大稻埕公園", "pm_type": "公園" },
			"geometry": {
				"type": "Point",
				"coordinates": [121.5103684,25.05866051]
			}
		},
		{
			"type": "Feature",
			"properties": { "pm_name": "大龍公園", "pm_type": "公園" },
			"geometry": {
				"type": "Point",
				"coordinates": [121.5155792,25.07024002]
			}
		},
		{
			"type": "Feature",
			"properties": { "pm_name": "玉泉公園", "pm_type": "公園" },
			"geometry": {
				"type": "Point",
				"coordinates": [121.5076523,25.04993057]
			}
		},
		{
			"type": "Feature",
			"properties": { "pm_name": "至聖公園", "pm_type": "公園" },
			"geometry": {
				"type": "Point",
				"coordinates": [121.5176926,25.07118988]
			}
		},
		{
			"type": "Feature",
			"properties": { "pm_name": "忠和公園", "pm_type": "公園" },
			"geometry": {
				"type": "Point",
				"coordinates": [121.5086136,25.0578804]
			}
		},
		{
			"type": "Feature",
			"properties": { "pm_name": "哈密公園", "pm_type": "公園" },
			"geometry": {
				"type": "Point",
				"coordinates": [121.515594,25.074846]
			}
		},
		{
			"type": "Feature",
			"properties": { "pm_name": "建成公園", "pm_type": "公園" },
			"geometry": {
				"type": "Point",
				"coordinates": [121.5182266,25.0540905]
			}
		},
		{
			"type": "Feature",
			"properties": { "pm_name": "迪化公園", "pm_type": "公園" },
			"geometry": {
				"type": "Point",
				"coordinates": [121.5120087,25.07110977]
			}
		},
		{
			"type": "Feature",
			"properties": { "pm_name": "國順公園", "pm_type": "公園" },
			"geometry": {
				"type": "Point",
				"coordinates": [121.510025,25.066222]
			}
		},
		{
			"type": "Feature",
			"properties": { "pm_name": "景化公園", "pm_type": "公園" },
			"geometry": {
				"type": "Point",
				"coordinates": [121.5127411,25.06535912]
			}
		},
		{
			"type": "Feature",
			"properties": { "pm_name": "朝陽公園", "pm_type": "公園" },
			"geometry": {
				"type": "Point",
				"coordinates": [121.51313,25.05595]
			}
		},
		{
			"type": "Feature",
			"properties": { "pm_name": "塔城公園", "pm_type": "公園" },
			"geometry": {
				"type": "Point",
				"coordinates": [121.5108032,25.05072022]
			}
		},
		{
			"type": "Feature",
			"properties": { "pm_name": "德鄰公園", "pm_type": "公園" },
			"geometry": {
				"type": "Point",
				"coordinates": [121.514928,25.062169]
			}
		},
		{
			"type": "Feature",
			"properties": { "pm_name": "蔣渭水紀念公園", "pm_type": "公園" },
			"geometry": {
				"type": "Point",
				"coordinates": [121.516777,25.05970955]
			}
		},
		{
			"type": "Feature",
			"properties": { "pm_name": "樹德公園", "pm_type": "公園" },
			"geometry": {
				"type": "Point",
				"coordinates": [121.5162811,25.06679916]
			}
		},
		{
			"type": "Feature",
			"properties": { "pm_name": "歸綏戲曲公園", "pm_type": "公園" },
			"geometry": {
				"type": "Point",
				"coordinates": [121.513092,25.05797005]
			}
		},
		{
			"type": "Feature",
			"properties": { "pm_name": "蘭州公園", "pm_type": "公園" },
			"geometry": {
				"type": "Point",
				"coordinates": [121.5153809,25.06395912]
			}
		},
		{
			"type": "Feature",
			"properties": { "pm_name": "大同249綠地", "pm_type": "綠地" },
			"geometry": {
				"type": "Point",
				"coordinates": [121.5114594,25.07743073]
			}
		},
		{
			"type": "Feature",
			"properties": { "pm_name": "大同250綠地", "pm_type": "綠地" },
			"geometry": {
				"type": "Point",
				"coordinates": [121.5098572,25.07722092]
			}
		},
		{
			"type": "Feature",
			"properties": { "pm_name": "大同251綠地", "pm_type": "綠地" },
			"geometry": {
				"type": "Point",
				"coordinates": [121.5118485,25.07838059]
			}
		},
		{
			"type": "Feature",
			"properties": { "pm_name": "敦煌1號綠地", "pm_type": "綠地" },
			"geometry": {
				"type": "Point",
				"coordinates": [121.5162888,25.0747509]
			}
		},
		{
			"type": "Feature",
			"properties": { "pm_name": "敦煌2號綠地", "pm_type": "綠地" },
			"geometry": {
				"type": "Point",
				"coordinates": [121.5164414,25.07696915]
			}
		},
		{
			"type": "Feature",
			"properties": { "pm_name": "大同16號廣場", "pm_type": "廣場" },
			"geometry": {
				"type": "Point",
				"coordinates": [121.5086136,25.05637932]
			}
		},
		{
			"type": "Feature",
			"properties": { "pm_name": "大稻埕廣場", "pm_type": "廣場" },
			"geometry": {
				"type": "Point",
				"coordinates": [121.5095367,25.05500031]
			}
		},
		{
			"type": "Feature",
			"properties": { "pm_name": "六藝廣場", "pm_type": "廣場" },
			"geometry": {
				"type": "Point",
				"coordinates": [121.5150528,25.07468987]
			}
		},
		{
			"type": "Feature",
			"properties": { "pm_name": "太原廣場", "pm_type": "廣場" },
			"geometry": {
				"type": "Point",
				"coordinates": [121.5166397,25.04747963]
			}
		},
		{
			"type": "Feature",
			"properties": { "pm_name": "永樂廣場", "pm_type": "廣場" },
			"geometry": {
				"type": "Point",
				"coordinates": [121.5096588,25.0546608]
			}
		},
		{
			"type": "Feature",
			"properties": { "pm_name": "保安廣場", "pm_type": "廣場" },
			"geometry": {
				"type": "Point",
				"coordinates": [121.5189285,25.07055092]
			}
		},
		{
			"type": "Feature",
			"properties": { "pm_name": "建成圓環", "pm_type": "廣場" },
			"geometry": {
				"type": "Point",
				"coordinates": [121.5142952,25.0527604]
			}
		},
		{
			"type": "Feature",
			"properties": { "pm_name": "八德公園", "pm_type": "公園" },
			"geometry": {
				"type": "Point",
				"coordinates": [121.5457077,25.04693031]
			}
		},
		{
			"type": "Feature",
			"properties": { "pm_name": "三民公園", "pm_type": "公園" },
			"geometry": {
				"type": "Point",
				"coordinates": [121.5669632,25.06138039]
			}
		},
		{
			"type": "Feature",
			"properties": { "pm_name": "三民公園A", "pm_type": "公園" },
			"geometry": {
				"type": "Point",
				"coordinates": [121.5669632,25.06138039]
			}
		},
		{
			"type": "Feature",
			"properties": { "pm_name": "中華公園", "pm_type": "公園" },
			"geometry": {
				"type": "Point",
				"coordinates": [121.552484,25.053527]
			}
		},
		{
			"type": "Feature",
			"properties": { "pm_name": "民生公園", "pm_type": "公園" },
			"geometry": {
				"type": "Point",
				"coordinates": [121.5580978,25.05747986]
			}
		},
		{
			"type": "Feature",
			"properties": { "pm_name": "民有一號公園", "pm_type": "公園" },
			"geometry": {
				"type": "Point",
				"coordinates": [121.5474014,25.06077004]
			}
		},
		{
			"type": "Feature",
			"properties": { "pm_name": "民有二號公園", "pm_type": "公園" },
			"geometry": {
				"type": "Point",
				"coordinates": [121.5463181,25.05964088]
			}
		},
		{
			"type": "Feature",
			"properties": { "pm_name": "民有三號公園", "pm_type": "公園" },
			"geometry": {
				"type": "Point",
				"coordinates": [121.5476227,25.05862045]
			}
		},
		{
			"type": "Feature",
			"properties": { "pm_name": "民福綠地", "pm_type": "公園" },
			"geometry": {
				"type": "Point",
				"coordinates": [121.54879,25.06276]
			}
		},
		{
			"type": "Feature",
			"properties": { "pm_name": "民權公園", "pm_type": "公園" },
			"geometry": {
				"type": "Point",
				"coordinates": [121.5591736,25.06191063]
			}
		},
		{
			"type": "Feature",
			"properties": { "pm_name": "吉仁公園", "pm_type": "公園" },
			"geometry": {
				"type": "Point",
				"coordinates": [121.5534821,25.0478096]
			}
		},
		{
			"type": "Feature",
			"properties": { "pm_name": "吉祥公園", "pm_type": "公園" },
			"geometry": {
				"type": "Point",
				"coordinates": [121.5640488,25.0505333]
			}
		},
		{
			"type": "Feature",
			"properties": { "pm_name": "安平公園", "pm_type": "公園" },
			"geometry": {
				"type": "Point",
				"coordinates": [121.5644913,25.05302048]
			}
		},
		{
			"type": "Feature",
			"properties": { "pm_name": "西松公園", "pm_type": "公園" },
			"geometry": {
				"type": "Point",
				"coordinates": [121.5641327,25.05368996]
			}
		},
		{
			"type": "Feature",
			"properties": { "pm_name": "延壽一號公園", "pm_type": "公園" },
			"geometry": {
				"type": "Point",
				"coordinates": [121.5563507,25.05763054]
			}
		},
		{
			"type": "Feature",
			"properties": { "pm_name": "延壽二號公園", "pm_type": "公園" },
			"geometry": {
				"type": "Point",
				"coordinates": [121.5527573,25.05735016]
			}
		},
		{
			"type": "Feature",
			"properties": { "pm_name": "延壽三號公園", "pm_type": "公園" },
			"geometry": {
				"type": "Point",
				"coordinates": [121.5518036,25.05686951]
			}
		},
		{
			"type": "Feature",
			"properties": { "pm_name": "松基公園", "pm_type": "公園" },
			"geometry": {
				"type": "Point",
				"coordinates": [121.545445,25.055369]
			}
		},
		{
			"type": "Feature",
			"properties": { "pm_name": "松榮公園", "pm_type": "公園" },
			"geometry": {
				"type": "Point",
				"coordinates": [121.555107,25.060208]
			}
		},
		{
			"type": "Feature",
			"properties": { "pm_name": "長壽公園", "pm_type": "公園" },
			"geometry": {
				"type": "Point",
				"coordinates": [121.5589218,25.05336952]
			}
		},
		{
			"type": "Feature",
			"properties": { "pm_name": "美仁一號公園", "pm_type": "公園" },
			"geometry": {
				"type": "Point",
				"coordinates": [121.5534592,25.05014992]
			}
		},
		{
			"type": "Feature",
			"properties": { "pm_name": "美仁二號公園", "pm_type": "公園" },
			"geometry": {
				"type": "Point",
				"coordinates": [121.553421,25.04949951]
			}
		},
		{
			"type": "Feature",
			"properties": { "pm_name": "健康公園", "pm_type": "公園" },
			"geometry": {
				"type": "Point",
				"coordinates": [121.5688705,25.05411911]
			}
		},
		{
			"type": "Feature",
			"properties": { "pm_name": "婦聯公園", "pm_type": "公園" },
			"geometry": {
				"type": "Point",
				"coordinates": [121.5597305,25.05468941]
			}
		},
		{
			"type": "Feature",
			"properties": { "pm_name": "富民生態公園", "pm_type": "公園" },
			"geometry": {
				"type": "Point",
				"coordinates": [121.5643387,25.06015015]
			}
		},
		{
			"type": "Feature",
			"properties": { "pm_name": "富錦一號公園", "pm_type": "公園" },
			"geometry": {
				"type": "Point",
				"coordinates": [121.5590286,25.05888939]
			}
		},
		{
			"type": "Feature",
			"properties": { "pm_name": "富錦二號公園", "pm_type": "公園" },
			"geometry": {
				"type": "Point",
				"coordinates": [121.5596237,25.05961037]
			}
		},
		{
			"type": "Feature",
			"properties": { "pm_name": "富錦三號公園", "pm_type": "公園" },
			"geometry": {
				"type": "Point",
				"coordinates": [121.5588989,25.06023979]
			}
		},
		{
			"type": "Feature",
			"properties": { "pm_name": "富錦五號公園", "pm_type": "公園" },
			"geometry": {
				"type": "Point",
				"coordinates": [121.5535431,25.05884934]
			}
		},
		{
			"type": "Feature",
			"properties": { "pm_name": "富錦六號公園", "pm_type": "公園" },
			"geometry": {
				"type": "Point",
				"coordinates": [121.5529022,25.05821037]
			}
		},
		{
			"type": "Feature",
			"properties": { "pm_name": "復盛公園", "pm_type": "公園" },
			"geometry": {
				"type": "Point",
				"coordinates": [121.56147,25.04747963]
			}
		},
		{
			"type": "Feature",
			"properties": { "pm_name": "復源公園", "pm_type": "公園" },
			"geometry": {
				"type": "Point",
				"coordinates": [121.5544815,25.04648972]
			}
		},
		{
			"type": "Feature",
			"properties": { "pm_name": "敦中公園", "pm_type": "公園" },
			"geometry": {
				"type": "Point",
				"coordinates": [121.5458908,25.04990006]
			}
		},
		{
			"type": "Feature",
			"properties": { "pm_name": "敦化公園", "pm_type": "公園" },
			"geometry": {
				"type": "Point",
				"coordinates": [121.5504837,25.04640961]
			}
		},
		{
			"type": "Feature",
			"properties": { "pm_name": "敦北公園", "pm_type": "公園" },
			"geometry": {
				"type": "Point",
				"coordinates": [121.5515671,25.06122971]
			}
		},
		{
			"type": "Feature",
			"properties": { "pm_name": "新中公園", "pm_type": "公園" },
			"geometry": {
				"type": "Point",
				"coordinates": [121.5608673,25.06052017]
			}
		},
		{
			"type": "Feature",
			"properties": { "pm_name": "新東公園", "pm_type": "公園" },
			"geometry": {
				"type": "Point",
				"coordinates": [121.568367,25.05879974]
			}
		},
		{
			"type": "Feature",
			"properties": { "pm_name": "寧安公園", "pm_type": "公園" },
			"geometry": {
				"type": "Point",
				"coordinates": [121.5548706,25.05035019]
			}
		},
		{
			"type": "Feature",
			"properties": { "pm_name": "精忠2號公園", "pm_type": "公園" },
			"geometry": {
				"type": "Point",
				"coordinates": [121.5528488,25.05639076]
			}
		},
		{
			"type": "Feature",
			"properties": { "pm_name": "精忠公園", "pm_type": "公園" },
			"geometry": {
				"type": "Point",
				"coordinates": [121.5521698,25.05933952]
			}
		},
		{
			"type": "Feature",
			"properties": { "pm_name": "慶城公園 A", "pm_type": "公園" },
			"geometry": {
				"type": "Point",
				"coordinates": [121.5463867,25.05327034]
			}
		},
		{
			"type": "Feature",
			"properties": { "pm_name": "撫遠公園", "pm_type": "公園" },
			"geometry": {
				"type": "Point",
				"coordinates": [121.5669479,25.06444931]
			}
		},
		{
			"type": "Feature",
			"properties": {
				"pm_name": "舊宗1號公園 ( 新東農園 )",
				"pm_type": "公園"
			},
			"geometry": {
				"type": "Point",
				"coordinates": [121.5688629,25.06195068]
			}
		},
		{
			"type": "Feature",
			"properties": { "pm_name": "舊宗2號公園", "pm_type": "公園" },
			"geometry": {
				"type": "Point",
				"coordinates": [121.5699997,25.05491066]
			}
		},
		{
			"type": "Feature",
			"properties": { "pm_name": "鵬程公園", "pm_type": "公園" },
			"geometry": {
				"type": "Point",
				"coordinates": [121.5686722,25.0555191]
			}
		},
		{
			"type": "Feature",
			"properties": { "pm_name": "寶清公園", "pm_type": "公園" },
			"geometry": {
				"type": "Point",
				"coordinates": [121.5676422,25.05212021]
			}
		},
		{
			"type": "Feature",
			"properties": {
				"pm_name": "松山121號綠地三民圓環",
				"pm_type": "綠地"
			},
			"geometry": {
				"type": "Point",
				"coordinates": [121.5625687,25.05916023]
			}
		},
		{
			"type": "Feature",
			"properties": { "pm_name": "大理公園", "pm_type": "公園" },
			"geometry": {
				"type": "Point",
				"coordinates": [121.49366,25.03413963]
			}
		},
		{
			"type": "Feature",
			"properties": { "pm_name": "日善公園", "pm_type": "公園" },
			"geometry": {
				"type": "Point",
				"coordinates": [121.496312,25.026383]
			}
		},
		{
			"type": "Feature",
			"properties": { "pm_name": "寺前公園", "pm_type": "公園" },
			"geometry": {
				"type": "Point",
				"coordinates": [121.4992065,25.03354073]
			}
		},
		{
			"type": "Feature",
			"properties": { "pm_name": "老松公園", "pm_type": "公園" },
			"geometry": {
				"type": "Point",
				"coordinates": [121.502739,25.03852081]
			}
		},
		{
			"type": "Feature",
			"properties": { "pm_name": "西園公園", "pm_type": "公園" },
			"geometry": {
				"type": "Point",
				"coordinates": [121.497882,25.026955]
			}
		},
		{
			"type": "Feature",
			"properties": { "pm_name": "孝德公園", "pm_type": "公園" },
			"geometry": {
				"type": "Point",
				"coordinates": [121.49425,25.024124]
			}
		},
		{
			"type": "Feature",
			"properties": {
				"pm_name": "和平青草園(原萬華402號公園)",
				"pm_type": "公園"
			},
			"geometry": {
				"type": "Point",
				"coordinates": [121.4972076,25.03265953]
			}
		},
		{
			"type": "Feature",
			"properties": { "pm_name": "東園公園", "pm_type": "公園" },
			"geometry": {
				"type": "Point",
				"coordinates": [121.4952469,25.02095032]
			}
		},
		{
			"type": "Feature",
			"properties": { "pm_name": "長沙公園", "pm_type": "公園" },
			"geometry": {
				"type": "Point",
				"coordinates": [121.4999237,25.04150009]
			}
		},
		{
			"type": "Feature",
			"properties": { "pm_name": "長順公園", "pm_type": "公園" },
			"geometry": {
				"type": "Point",
				"coordinates": [121.4890289,25.03185082]
			}
		},
		{
			"type": "Feature",
			"properties": { "pm_name": "青山公園", "pm_type": "公園" },
			"geometry": {
				"type": "Point",
				"coordinates": [121.4983063,25.03936958]
			}
		},
		{
			"type": "Feature",
			"properties": { "pm_name": "青年公園", "pm_type": "公園" },
			"geometry": {
				"type": "Point",
				"coordinates": [121.505861,25.02511024]
			}
		},
		{
			"type": "Feature",
			"properties": { "pm_name": "保德公園", "pm_type": "公園" },
			"geometry": {
				"type": "Point",
				"coordinates": [121.497467,25.02279091]
			}
		},
		{
			"type": "Feature",
			"properties": { "pm_name": "柳鄉公園", "pm_type": "公園" },
			"geometry": {
				"type": "Point",
				"coordinates": [121.4954376,25.03726006]
			}
		},
		{
			"type": "Feature",
			"properties": { "pm_name": "桂林公園", "pm_type": "公園" },
			"geometry": {
				"type": "Point",
				"coordinates": [121.4968185,25.03890991]
			}
		},
		{
			"type": "Feature",
			"properties": { "pm_name": "華江一號公園", "pm_type": "公園" },
			"geometry": {
				"type": "Point",
				"coordinates": [121.4941101,25.03589058]
			}
		},
		{
			"type": "Feature",
			"properties": { "pm_name": "華江七號公園", "pm_type": "公園" },
			"geometry": {
				"type": "Point",
				"coordinates": [121.493461,25.035028]
			}
		},
		{
			"type": "Feature",
			"properties": { "pm_name": "華江二號公園", "pm_type": "公園" },
			"geometry": {
				"type": "Point",
				"coordinates": [25.03580093, 121.4915085]
			}
		},
		{
			"type": "Feature",
			"properties": { "pm_name": "華江八號公園", "pm_type": "公園" },
			"geometry": {
				"type": "Point",
				"coordinates": [121.4926834,25.03405953]
			}
		},
		{
			"type": "Feature",
			"properties": { "pm_name": "華西公園", "pm_type": "公園" },
			"geometry": {
				"type": "Point",
				"coordinates": [121.4986572,25.03866959]
			}
		},
		{
			"type": "Feature",
			"properties": {
				"pm_name": "新糖廍公園(糖廍文化園區)",
				"pm_type": "公園"
			},
			"geometry": {
				"type": "Point",
				"coordinates": [121.4946463,25.03354906]
			}
		},
		{
			"type": "Feature",
			"properties": { "pm_name": "萬華51號公園", "pm_type": "公園" },
			"geometry": {
				"type": "Point",
				"coordinates": [121.5029221,25.03594017]
			}
		},
		{
			"type": "Feature",
			"properties": { "pm_name": "壽德公園", "pm_type": "公園" },
			"geometry": {
				"type": "Point",
				"coordinates": [121.5011368,25.02442932]
			}
		},
		{
			"type": "Feature",
			"properties": { "pm_name": "福星公園", "pm_type": "公園" },
			"geometry": {
				"type": "Point",
				"coordinates": [121.5059128,25.0460701]
			}
		},
		{
			"type": "Feature",
			"properties": { "pm_name": "綠堤公園", "pm_type": "公園" },
			"geometry": {
				"type": "Point",
				"coordinates": [121.492897,25.03321075]
			}
		},
		{
			"type": "Feature",
			"properties": { "pm_name": "聚德公園", "pm_type": "公園" },
			"geometry": {
				"type": "Point",
				"coordinates": [121.4947205,25.03488922]
			}
		},
		{
			"type": "Feature",
			"properties": { "pm_name": "艋舺公園", "pm_type": "公園" },
			"geometry": {
				"type": "Point",
				"coordinates": [121.4999117,25.03603785]
			}
		},
		{
			"type": "Feature",
			"properties": { "pm_name": "糖廍公園", "pm_type": "公園" },
			"geometry": {
				"type": "Point",
				"coordinates": [121.4946526,25.03439311]
			}
		},
		{
			"type": "Feature",
			"properties": { "pm_name": "錦德公園", "pm_type": "公園" },
			"geometry": {
				"type": "Point",
				"coordinates": [121.492363,25.02330017]
			}
		},
		{
			"type": "Feature",
			"properties": { "pm_name": "萬華266號綠地", "pm_type": "綠地" },
			"geometry": {
				"type": "Point",
				"coordinates": [121.5030975,25.03915978]
			}
		},
		{
			"type": "Feature",
			"properties": {
				"pm_name": "西本願寺（萬華406號）廣場",
				"pm_type": "廣場"
			},
			"geometry": {
				"type": "Point",
				"coordinates": [121.5070801,25.04030037]
			}
		},
		{
			"type": "Feature",
			"properties": { "pm_name": "二二八和平公園", "pm_type": "公園" },
			"geometry": {
				"type": "Point",
				"coordinates": [121.514297,25.042286]
			}
		},
		{
			"type": "Feature",
			"properties": { "pm_name": "中央藝文公園", "pm_type": "公園" },
			"geometry": {
				"type": "Point",
				"coordinates": [121.526856,25.046272]
			}
		},
		{
			"type": "Feature",
			"properties": { "pm_name": "中正403號公園", "pm_type": "公園" },
			"geometry": {
				"type": "Point",
				"coordinates": [121.52049,25.02559]
			}
		},
		{
			"type": "Feature",
			"properties": { "pm_name": "介壽公園", "pm_type": "公園" },
			"geometry": {
				"type": "Point",
				"coordinates": [121.5146332,25.03926086]
			}
		},
		{
			"type": "Feature",
			"properties": { "pm_name": "文光公園", "pm_type": "公園" },
			"geometry": {
				"type": "Point",
				"coordinates": [121.5308533,25.03903961]
			}
		},
		{
			"type": "Feature",
			"properties": { "pm_name": "文盛公園", "pm_type": "公園" },
			"geometry": {
				"type": "Point",
				"coordinates": [121.5321198,25.0161705]
			}
		},
		{
			"type": "Feature",
			"properties": { "pm_name": "水源町公園", "pm_type": "公園" },
			"geometry": {
				"type": "Point",
				"coordinates": [121.5346044,25.01187015]
			}
		},
		{
			"type": "Feature",
			"properties": { "pm_name": "永昌公園", "pm_type": "公園" },
			"geometry": {
				"type": "Point",
				"coordinates": [121.5099564,25.02622986]
			}
		},
		{
			"type": "Feature",
			"properties": { "pm_name": "永福公園", "pm_type": "公園" },
			"geometry": {
				"type": "Point",
				"coordinates": [121.532098,25.009801]
			}
		},
		{
			"type": "Feature",
			"properties": { "pm_name": "忠孝公園", "pm_type": "公園" },
			"geometry": {
				"type": "Point",
				"coordinates": [121.5320206,25.04183006]
			}
		},
		{
			"type": "Feature",
			"properties": { "pm_name": "信愛公園", "pm_type": "公園" },
			"geometry": {
				"type": "Point",
				"coordinates": [121.5287628,25.0349102]
			}
		},
		{
			"type": "Feature",
			"properties": { "pm_name": "南昌公園", "pm_type": "公園" },
			"geometry": {
				"type": "Point",
				"coordinates": [121.5202026,25.02681923]
			}
		},
		{
			"type": "Feature",
			"properties": { "pm_name": "牯嶺公園", "pm_type": "公園" },
			"geometry": {
				"type": "Point",
				"coordinates": [121.5186768,25.02312088]
			}
		},
		{
			"type": "Feature",
			"properties": { "pm_name": "連雲公園", "pm_type": "公園" },
			"geometry": {
				"type": "Point",
				"coordinates": [121.5318222,25.03520966]
			}
		},
		{
			"type": "Feature",
			"properties": { "pm_name": "逸仙公園", "pm_type": "公園" },
			"geometry": {
				"type": "Point",
				"coordinates": [121.5200272,25.04770088]
			}
		},
		{
			"type": "Feature",
			"properties": { "pm_name": "齊東公園", "pm_type": "公園" },
			"geometry": {
				"type": "Point",
				"coordinates": [121.5282974,25.04174995]
			}
		},
		{
			"type": "Feature",
			"properties": { "pm_name": "黎明公園", "pm_type": "公園" },
			"geometry": {
				"type": "Point",
				"coordinates": [121.5155563,25.04413986]
			}
		},
		{
			"type": "Feature",
			"properties": { "pm_name": "螢橋公園", "pm_type": "公園" },
			"geometry": {
				"type": "Point",
				"coordinates": [121.5172501,25.02672005]
			}
		},
		{
			"type": "Feature",
			"properties": { "pm_name": "中正138號綠地", "pm_type": "綠地" },
			"geometry": {
				"type": "Point",
				"coordinates": [121.5145111,25.03783989]
			}
		},
		{
			"type": "Feature",
			"properties": { "pm_name": "北門廣場", "pm_type": "廣場" },
			"geometry": {
				"type": "Point",
				"coordinates": [121.5116831,25.0480021]
			}
		},
		{
			"type": "Feature",
			"properties": { "pm_name": "交通4號廣場", "pm_type": "廣場" },
			"geometry": {
				"type": "Point",
				"coordinates": [121.5188065,25.04738045]
			}
		},
		{
			"type": "Feature",
			"properties": { "pm_name": "交通8號廣場", "pm_type": "廣場" },
			"geometry": {
				"type": "Point",
				"coordinates": [121.51651,25.05031967]
			}
		},
		{
			"type": "Feature",
			"properties": { "pm_name": "行旅廣場", "pm_type": "廣場" },
			"geometry": {
				"type": "Point",
				"coordinates": [121.5132041,25.0477977]
			}
		},
		{
			"type": "Feature",
			"properties": { "pm_name": "瑠公公園", "pm_type": "公園" },
			"geometry": {
				"type": "Point",
				"coordinates": [121.545723,25.0424099]
			}
		},
		{
			"type": "Feature",
			"properties": { "pm_name": "瑠公圳公園 ", "pm_type": "公園" },
			"geometry": {
				"type": "Point",
				"coordinates": [121.5431213,25.04360962]
			}
		},
		{
			"type": "Feature",
			"properties": { "pm_name": "大安公園", "pm_type": "公園" },
			"geometry": {
				"type": "Point",
				"coordinates": [121.5428085,25.04276085]
			}
		},
		{
			"type": "Feature",
			"properties": { "pm_name": "大安森林公園", "pm_type": "公園" },
			"geometry": {
				"type": "Point",
				"coordinates": [121.5358429,25.0333004]
			}
		},
		{
			"type": "Feature",
			"properties": { "pm_name": "大學公園", "pm_type": "公園" },
			"geometry": {
				"type": "Point",
				"coordinates": [121.532898,25.02190971]
			}
		},
		{
			"type": "Feature",
			"properties": { "pm_name": "仁慈公園", "pm_type": "公園" },
			"geometry": {
				"type": "Point",
				"coordinates": [121.5457077,25.0341301]
			}
		},
		{
			"type": "Feature",
			"properties": { "pm_name": "仁愛公園", "pm_type": "公園" },
			"geometry": {
				"type": "Point",
				"coordinates": [121.5462418,25.03661919]
			}
		},
		{
			"type": "Feature",
			"properties": { "pm_name": "仁愛圓環", "pm_type": "公園" },
			"geometry": {
				"type": "Point",
				"coordinates": [121.5496826,25.03763008]
			}
		},
		{
			"type": "Feature",
			"properties": { "pm_name": "公館公園", "pm_type": "公園" },
			"geometry": {
				"type": "Point",
				"coordinates": [121.5407911,25.01142672]
			}
		},
		{
			"type": "Feature",
			"properties": { "pm_name": "古風公園", "pm_type": "公園" },
			"geometry": {
				"type": "Point",
				"coordinates": [121.5290527,25.02197075]
			}
		},
		{
			"type": "Feature",
			"properties": { "pm_name": "古莊公園", "pm_type": "公園" },
			"geometry": {
				"type": "Point",
				"coordinates": [121.5282135,25.02272987]
			}
		},
		{
			"type": "Feature",
			"properties": { "pm_name": "四維公園", "pm_type": "公園" },
			"geometry": {
				"type": "Point",
				"coordinates": [121.5453262,25.03063011]
			}
		},
		{
			"type": "Feature",
			"properties": { "pm_name": "平安公園", "pm_type": "公園" },
			"geometry": {
				"type": "Point",
				"coordinates": [121.5493164,25.03195953]
			}
		},
		{
			"type": "Feature",
			"properties": { "pm_name": "民榮公園", "pm_type": "公園" },
			"geometry": {
				"type": "Point",
				"coordinates": [121.5356979,25.03540039]
			}
		},
		{
			"type": "Feature",
			"properties": { "pm_name": "民輝公園", "pm_type": "公園" },
			"geometry": {
				"type": "Point",
				"coordinates": [121.5350571,25.03951073]
			}
		},
		{
			"type": "Feature",
			"properties": { "pm_name": "永康公園", "pm_type": "公園" },
			"geometry": {
				"type": "Point",
				"coordinates": [121.5297165,25.03162003]
			}
		},
		{
			"type": "Feature",
			"properties": { "pm_name": "光信公園", "pm_type": "公園" },
			"geometry": {
				"type": "Point",
				"coordinates": [121.5558014,25.03556061]
			}
		},
		{
			"type": "Feature",
			"properties": { "pm_name": "全安公園", "pm_type": "公園" },
			"geometry": {
				"type": "Point",
				"coordinates": [121.5512085,25.02545929]
			}
		},
		{
			"type": "Feature",
			"properties": { "pm_name": "安東公園", "pm_type": "公園" },
			"geometry": {
				"type": "Point",
				"coordinates": [121.5448227,25.02893066]
			}
		},
		{
			"type": "Feature",
			"properties": { "pm_name": "安祥公園", "pm_type": "公園" },
			"geometry": {
				"type": "Point",
				"coordinates": [121.5427322,25.03454018]
			}
		},
		{
			"type": "Feature",
			"properties": { "pm_name": "辛亥一號公園", "pm_type": "公園" },
			"geometry": {
				"type": "Point",
				"coordinates": [121.5326614,25.0227108]
			}
		},
		{
			"type": "Feature",
			"properties": { "pm_name": "和平公園", "pm_type": "公園" },
			"geometry": {
				"type": "Point",
				"coordinates": [121.5425186,25.02349091]
			}
		},
		{
			"type": "Feature",
			"properties": { "pm_name": "和安公園", "pm_type": "公園" },
			"geometry": {
				"type": "Point",
				"coordinates": [121.5444794,25.03450966]
			}
		},
		{
			"type": "Feature",
			"properties": { "pm_name": "居安公園", "pm_type": "公園" },
			"geometry": {
				"type": "Point",
				"coordinates": [121.5493317,25.02968025]
			}
		},
		{
			"type": "Feature",
			"properties": { "pm_name": "延吉公園", "pm_type": "公園" },
			"geometry": {
				"type": "Point",
				"coordinates": [121.5557709,25.04257011]
			}
		},
		{
			"type": "Feature",
			"properties": { "pm_name": "昌隆198公園", "pm_type": "公園" },
			"geometry": {
				"type": "Point",
				"coordinates": [121.5357132,25.0437603]
			}
		},
		{
			"type": "Feature",
			"properties": { "pm_name": "東豐公園", "pm_type": "公園" },
			"geometry": {
				"type": "Point",
				"coordinates": [121.5448608,25.03577995]
			}
		},
		{
			"type": "Feature",
			"properties": { "pm_name": "法治公園", "pm_type": "公園" },
			"geometry": {
				"type": "Point",
				"coordinates": [121.5529175,25.02691078]
			}
		},
		{
			"type": "Feature",
			"properties": { "pm_name": "臥龍公園", "pm_type": "公園" },
			"geometry": {
				"type": "Point",
				"coordinates": [121.5498886,25.01670075]
			}
		},
		{
			"type": "Feature",
			"properties": { "pm_name": "虎嘯公園", "pm_type": "公園" },
			"geometry": {
				"type": "Point",
				"coordinates": [121.5492783,25.0225296]
			}
		},
		{
			"type": "Feature",
			"properties": { "pm_name": "金山公園", "pm_type": "公園" },
			"geometry": {
				"type": "Point",
				"coordinates": [121.5247561,25.0309598]
			}
		},
		{
			"type": "Feature",
			"properties": { "pm_name": "金杭公園", "pm_type": "公園" },
			"geometry": {
				"type": "Point",
				"coordinates": [121.5268771,25.03290038]
			}
		},
		{
			"type": "Feature",
			"properties": { "pm_name": "金華公園", "pm_type": "公園" },
			"geometry": {
				"type": "Point",
				"coordinates": [121.5311737,25.02959061]
			}
		},
		{
			"type": "Feature",
			"properties": { "pm_name": "附中公園", "pm_type": "公園" },
			"geometry": {
				"type": "Point",
				"coordinates": [121.5422592,25.03634071]
			}
		},
		{
			"type": "Feature",
			"properties": { "pm_name": "青峰公園", "pm_type": "公園" },
			"geometry": {
				"type": "Point",
				"coordinates": [121.5514069,25.01569939]
			}
		},
		{
			"type": "Feature",
			"properties": { "pm_name": "師大公園", "pm_type": "公園" },
			"geometry": {
				"type": "Point",
				"coordinates": [121.5283737,25.02459908]
			}
		},
		{
			"type": "Feature",
			"properties": { "pm_name": "泰順公園", "pm_type": "公園" },
			"geometry": {
				"type": "Point",
				"coordinates": [121.5316391,25.02462006]
			}
		},
		{
			"type": "Feature",
			"properties": { "pm_name": "通化公園", "pm_type": "公園" },
			"geometry": {
				"type": "Point",
				"coordinates": [121.5545578,25.03215981]
			}
		},
		{
			"type": "Feature",
			"properties": { "pm_name": "富陽自然生態公園", "pm_type": "公園" },
			"geometry": {
				"type": "Point",
				"coordinates": [121.557488,25.016674]
			}
		},
		{
			"type": "Feature",
			"properties": { "pm_name": "敦仁公園", "pm_type": "公園" },
			"geometry": {
				"type": "Point",
				"coordinates": [121.5469087,25.04040191]
			}
		},
		{
			"type": "Feature",
			"properties": { "pm_name": "敦安公園", "pm_type": "公園" },
			"geometry": {
				"type": "Point",
				"coordinates": [121.5537033,25.03446007]
			}
		},
		{
			"type": "Feature",
			"properties": { "pm_name": "敦親公園", "pm_type": "公園" },
			"geometry": {
				"type": "Point",
				"coordinates": [121.5409088,25.0226593]
			}
		},
		{
			"type": "Feature",
			"properties": { "pm_name": "新龍公園", "pm_type": "公園" },
			"geometry": {
				"type": "Point",
				"coordinates": [121.5401611,25.02765083]
			}
		},
		{
			"type": "Feature",
			"properties": { "pm_name": "溫州公園", "pm_type": "公園" },
			"geometry": {
				"type": "Point",
				"coordinates": [121.5313416,25.01880074]
			}
		},
		{
			"type": "Feature",
			"properties": { "pm_name": "瑞安公園", "pm_type": "公園" },
			"geometry": {
				"type": "Point",
				"coordinates": [121.5393524,25.02613068]
			}
		},
		{
			"type": "Feature",
			"properties": { "pm_name": "群賢公園", "pm_type": "公園" },
			"geometry": {
				"type": "Point",
				"coordinates": [121.5465698,25.02540016]
			}
		},
		{
			"type": "Feature",
			"properties": { "pm_name": "誠安公園", "pm_type": "公園" },
			"geometry": {
				"type": "Point",
				"coordinates": [121.5409088,25.04249001]
			}
		},
		{
			"type": "Feature",
			"properties": { "pm_name": "嘉興公園", "pm_type": "公園" },
			"geometry": {
				"type": "Point",
				"coordinates": [121.5519486,25.02136993]
			}
		},
		{
			"type": "Feature",
			"properties": { "pm_name": "寧馨公園A", "pm_type": "公園" },
			"geometry": {
				"type": "Point",
				"coordinates": [121.533493,25.04434967]
			}
		},
		{
			"type": "Feature",
			"properties": { "pm_name": "福州山公園", "pm_type": "公園" },
			"geometry": {
				"type": "Point",
				"coordinates": [121.5516129,25.01589012]
			}
		},
		{
			"type": "Feature",
			"properties": { "pm_name": "德安公園", "pm_type": "公園" },
			"geometry": {
				"type": "Point",
				"coordinates": [121.5477753,25.03487968]
			}
		},
		{
			"type": "Feature",
			"properties": { "pm_name": "黎孝公園", "pm_type": "公園" },
			"geometry": {
				"type": "Point",
				"coordinates": [121.5559921,25.01976013]
			}
		},
		{
			"type": "Feature",
			"properties": { "pm_name": "黎和生態公園", "pm_type": "公園" },
			"geometry": {
				"type": "Point",
				"coordinates": [121.560002,25.015128]
			}
		},
		{
			"type": "Feature",
			"properties": { "pm_name": "錦安公園", "pm_type": "公園" },
			"geometry": {
				"type": "Point",
				"coordinates": [121.5279465,25.0279808]
			}
		},
		{
			"type": "Feature",
			"properties": { "pm_name": "龍生公園", "pm_type": "公園" },
			"geometry": {
				"type": "Point",
				"coordinates": [121.5413971,25.02601051]
			}
		},
		{
			"type": "Feature",
			"properties": { "pm_name": "龍門公園", "pm_type": "公園" },
			"geometry": {
				"type": "Point",
				"coordinates": [121.5366821,25.02425957]
			}
		},
		{
			"type": "Feature",
			"properties": { "pm_name": "龍陣一號公園", "pm_type": "公園" },
			"geometry": {
				"type": "Point",
				"coordinates": [121.5425415,25.0275898]
			}
		},
		{
			"type": "Feature",
			"properties": { "pm_name": "龍陣二號公園 A", "pm_type": "公園" },
			"geometry": {
				"type": "Point",
				"coordinates": [121.5424881,25.02923966]
			}
		},
		{
			"type": "Feature",
			"properties": { "pm_name": "龍陣二號公園 B", "pm_type": "公園" },
			"geometry": {
				"type": "Point",
				"coordinates": [121.5424881,25.02923966]
			}
		},
		{
			"type": "Feature",
			"properties": { "pm_name": "龍圖公園", "pm_type": "公園" },
			"geometry": {
				"type": "Point",
				"coordinates": [121.5416031,25.03049088]
			}
		},
		{
			"type": "Feature",
			"properties": { "pm_name": "龍鳳公園", "pm_type": "公園" },
			"geometry": {
				"type": "Point",
				"coordinates": [121.5432735,25.02561092]
			}
		},
		{
			"type": "Feature",
			"properties": { "pm_name": "臨江公園", "pm_type": "公園" },
			"geometry": {
				"type": "Point",
				"coordinates": [121.5557404,25.0281601]
			}
		},
		{
			"type": "Feature",
			"properties": { "pm_name": "麗水公園", "pm_type": "公園" },
			"geometry": {
				"type": "Point",
				"coordinates": [121.5280876,25.03191447]
			}
		},
		{
			"type": "Feature",
			"properties": { "pm_name": "大安125號綠地", "pm_type": "綠地" },
			"geometry": {
				"type": "Point",
				"coordinates": [121.5336838,25.04442024]
			}
		},
		{
			"type": "Feature",
			"properties": { "pm_name": "大安195號綠地", "pm_type": "綠地" },
			"geometry": {
				"type": "Point",
				"coordinates": [121.5314331,25.02001953]
			}
		},
		{
			"type": "Feature",
			"properties": { "pm_name": "黎和綠地", "pm_type": "綠地" },
			"geometry": {
				"type": "Point",
				"coordinates": [121.5605698,25.01593018]
			}
		},
		{
			"type": "Feature",
			"properties": { "pm_name": "錦華綠地", "pm_type": "綠地" },
			"geometry": {
				"type": "Point",
				"coordinates": [121.5295792,25.02957916]
			}
		},
		{
			"type": "Feature",
			"properties": { "pm_name": "三張里公園", "pm_type": "公園" },
			"geometry": {
				"type": "Point",
				"coordinates": [121.5667267,25.03092957]
			}
		},
		{
			"type": "Feature",
			"properties": { "pm_name": "三犁公園", "pm_type": "公園" },
			"geometry": {
				"type": "Point",
				"coordinates": [121.5700226,25.02977943]
			}
		},
		{
			"type": "Feature",
			"properties": { "pm_name": "三興公園", "pm_type": "公園" },
			"geometry": {
				"type": "Point",
				"coordinates": [121.5595474,25.02857971]
			}
		},
		{
			"type": "Feature",
			"properties": { "pm_name": "中全公園", "pm_type": "公園" },
			"geometry": {
				"type": "Point",
				"coordinates": [121.5748901,25.03858948]
			}
		},
		{
			"type": "Feature",
			"properties": { "pm_name": "中興公園", "pm_type": "公園" },
			"geometry": {
				"type": "Point",
				"coordinates": [121.5592499,25.03426933]
			}
		},
		{
			"type": "Feature",
			"properties": { "pm_name": "五分埔公園", "pm_type": "公園" },
			"geometry": {
				"type": "Point",
				"coordinates": [121.580101,25.04693985]
			}
		},
		{
			"type": "Feature",
			"properties": { "pm_name": "五常公園", "pm_type": "公園" },
			"geometry": {
				"type": "Point",
				"coordinates": [121.5743408,25.04768944]
			}
		},
		{
			"type": "Feature",
			"properties": { "pm_name": "四育公園", "pm_type": "公園" },
			"geometry": {
				"type": "Point",
				"coordinates": [121.5751419,25.04676056]
			}
		},
		{
			"type": "Feature",
			"properties": { "pm_name": "永吉公園", "pm_type": "公園" },
			"geometry": {
				"type": "Point",
				"coordinates": [121.5750427,25.04359055]
			}
		},
		{
			"type": "Feature",
			"properties": { "pm_name": "永春公園", "pm_type": "公園" },
			"geometry": {
				"type": "Point",
				"coordinates": [121.5791168,25.04229927]
			}
		},
		{
			"type": "Feature",
			"properties": { "pm_name": "永春陂濕地公園", "pm_type": "公園" },
			"geometry": {
				"type": "Point",
				"coordinates": [121.580069,25.032812]
			}
		},
		{
			"type": "Feature",
			"properties": { "pm_name": "永春崗公園", "pm_type": "公園" },
			"geometry": {
				"type": "Point",
				"coordinates": [121.5775909,25.03170967]
			}
		},
		{
			"type": "Feature",
			"properties": { "pm_name": "交五", "pm_type": "公園" },
			"geometry": {
				"type": "Point",
				"coordinates": [121.5741501,25.0492096]
			}
		},
		{
			"type": "Feature",
			"properties": { "pm_name": "安強公園", "pm_type": "公園" },
			"geometry": {
				"type": "Point",
				"coordinates": [121.5753403,25.03668976]
			}
		},
		{
			"type": "Feature",
			"properties": { "pm_name": "吳興公園", "pm_type": "公園" },
			"geometry": {
				"type": "Point",
				"coordinates": [121.5679398,25.02329063]
			}
		},
		{
			"type": "Feature",
			"properties": { "pm_name": "念儒公園", "pm_type": "公園" },
			"geometry": {
				"type": "Point",
				"coordinates": [121.573761,25.03771973]
			}
		},
		{
			"type": "Feature",
			"properties": { "pm_name": "林口2號綠地(松光)", "pm_type": "公園" },
			"geometry": { "type": "Point", "coordinates": [121.57882,25.0399] }
		},
		{
			"type": "Feature",
			"properties": { "pm_name": "林口公園", "pm_type": "公園" },
			"geometry": {
				"type": "Point",
				"coordinates": [121.578949,25.03906059]
			}
		},
		{
			"type": "Feature",
			"properties": { "pm_name": "松友公園", "pm_type": "公園" },
			"geometry": {
				"type": "Point",
				"coordinates": [121.576149,25.03391075]
			}
		},
		{
			"type": "Feature",
			"properties": { "pm_name": "松壽廣場", "pm_type": "公園" },
			"geometry": {
				"type": "Point",
				"coordinates": [121.5660782,25.03738976]
			}
		},
		{
			"type": "Feature",
			"properties": { "pm_name": "松德公園", "pm_type": "公園" },
			"geometry": {
				"type": "Point",
				"coordinates": [121.573288,25.03602028]
			}
		},
		{
			"type": "Feature",
			"properties": { "pm_name": "虎林公園", "pm_type": "公園" },
			"geometry": {
				"type": "Point",
				"coordinates": [121.5772934,25.03148079]
			}
		},
		{
			"type": "Feature",
			"properties": {
				"pm_name": "信義352號公園 (松智公園)",
				"pm_type": "公園"
			},
			"geometry": {
				"type": "Point",
				"coordinates": [121.5655136,25.03582001]
			}
		},
		{
			"type": "Feature",
			"properties": { "pm_name": "信義安康公園", "pm_type": "公園" },
			"geometry": {
				"type": "Point",
				"coordinates": [121.5700684,25.03572083]
			}
		},
		{
			"type": "Feature",
			"properties": { "pm_name": "春光公園", "pm_type": "公園" },
			"geometry": {
				"type": "Point",
				"coordinates": [121.5807419,25.04223061]
			}
		},
		{
			"type": "Feature",
			"properties": { "pm_name": "革新公園", "pm_type": "公園" },
			"geometry": {
				"type": "Point",
				"coordinates": [121.5673676,25.04383087]
			}
		},
		{
			"type": "Feature",
			"properties": { "pm_name": "泰和公園", "pm_type": "公園" },
			"geometry": {
				"type": "Point",
				"coordinates": [121.5681992,25.02313995]
			}
		},
		{
			"type": "Feature",
			"properties": { "pm_name": "眷村文化公園", "pm_type": "公園" },
			"geometry": {
				"type": "Point",
				"coordinates": [121.5617523,25.0316391]
			}
		},
		{
			"type": "Feature",
			"properties": { "pm_name": "富台公園", "pm_type": "公園" },
			"geometry": {
				"type": "Point",
				"coordinates": [121.5722427,25.04207039]
			}
		},
		{
			"type": "Feature",
			"properties": { "pm_name": "富生1號公園", "pm_type": "公園" },
			"geometry": {
				"type": "Point",
				"coordinates": [121.5698486,25.04222919]
			}
		},
		{
			"type": "Feature",
			"properties": { "pm_name": "富生2號公園", "pm_type": "公園" },
			"geometry": {
				"type": "Point",
				"coordinates": [121.5696237,25.04238053]
			}
		},
		{
			"type": "Feature",
			"properties": { "pm_name": "富生公園", "pm_type": "公園" },
			"geometry": {
				"type": "Point",
				"coordinates": [121.5698471,25.04208946]
			}
		},
		{
			"type": "Feature",
			"properties": { "pm_name": "惠安公園", "pm_type": "公園" },
			"geometry": {
				"type": "Point",
				"coordinates": [121.564621,25.02454948]
			}
		},
		{
			"type": "Feature",
			"properties": { "pm_name": "景平公園", "pm_type": "公園" },
			"geometry": {
				"type": "Point",
				"coordinates": [121.563942,25.02989006]
			}
		},
		{
			"type": "Feature",
			"properties": { "pm_name": "景勤1號公園", "pm_type": "公園" },
			"geometry": {
				"type": "Point",
				"coordinates": [121.560257,25.02633095]
			}
		},
		{
			"type": "Feature",
			"properties": { "pm_name": "景勤2號公園", "pm_type": "公園" },
			"geometry": {
				"type": "Point",
				"coordinates": [121.5574875,25.02603912]
			}
		},
		{
			"type": "Feature",
			"properties": { "pm_name": "象山公園", "pm_type": "公園" },
			"geometry": {
				"type": "Point",
				"coordinates": [121.5700913,25.03041077]
			}
		},
		{
			"type": "Feature",
			"properties": { "pm_name": "雅祥公園", "pm_type": "公園" },
			"geometry": {
				"type": "Point",
				"coordinates": [121.5718308,25.04756928]
			}
		},
		{
			"type": "Feature",
			"properties": { "pm_name": "福祥公園", "pm_type": "公園" },
			"geometry": {
				"type": "Point",
				"coordinates": [121.5705032,25.04603958]
			}
		},
		{
			"type": "Feature",
			"properties": { "pm_name": "福德公園", "pm_type": "公園" },
			"geometry": {
				"type": "Point",
				"coordinates": [121.5818481,25.03824043]
			}
		},
		{
			"type": "Feature",
			"properties": { "pm_name": "黎忠公園", "pm_type": "公園" },
			"geometry": {
				"type": "Point",
				"coordinates": [121.559372,25.01907921]
			}
		},
		{
			"type": "Feature",
			"properties": { "pm_name": "黎富公園", "pm_type": "公園" },
			"geometry": {
				"type": "Point",
				"coordinates": [121.5567017,25.02100945]
			}
		},
		{
			"type": "Feature",
			"properties": { "pm_name": "黎雙公園", "pm_type": "公園" },
			"geometry": {
				"type": "Point",
				"coordinates": [121.5634689,25.02498055]
			}
		},
		{
			"type": "Feature",
			"properties": { "pm_name": "糶米公園", "pm_type": "公園" },
			"geometry": {
				"type": "Point",
				"coordinates": [121.572468,25.018614]
			}
		},
		{
			"type": "Feature",
			"properties": { "pm_name": "太子綠地", "pm_type": "綠地" },
			"geometry": {
				"type": "Point",
				"coordinates": [121.5770721,25.04519081]
			}
		},
		{
			"type": "Feature",
			"properties": { "pm_name": "交六", "pm_type": "綠地" },
			"geometry": {
				"type": "Point",
				"coordinates": [121.5708695,25.04932976]
			}
		},
		{
			"type": "Feature",
			"properties": { "pm_name": "松光綠地", "pm_type": "綠地" },
			"geometry": {
				"type": "Point",
				"coordinates": [121.5785294,25.03949928]
			}
		},
		{
			"type": "Feature",
			"properties": { "pm_name": "松隆綠地", "pm_type": "綠地" },
			"geometry": {
				"type": "Point",
				"coordinates": [121.5801086,25.03495979]
			}
		},
		{
			"type": "Feature",
			"properties": { "pm_name": "信義350綠地", "pm_type": "綠地" },
			"geometry": {
				"type": "Point",
				"coordinates": [121.5625687,25.03923035]
			}
		},
		{
			"type": "Feature",
			"properties": { "pm_name": "信義351號綠地", "pm_type": "綠地" },
			"geometry": {
				"type": "Point",
				"coordinates": [121.5654373,25.03918076]
			}
		},
		{
			"type": "Feature",
			"properties": {
				"pm_name": "信義353號綠地 (松仁綠地)",
				"pm_type": "綠地"
			},
			"geometry": {
				"type": "Point",
				"coordinates": [121.5677185,25.03274918]
			}
		},
		{
			"type": "Feature",
			"properties": { "pm_name": "信義354號綠地", "pm_type": "綠地" },
			"geometry": {
				"type": "Point",
				"coordinates": [121.5684204,25.02946091]
			}
		},
		{
			"type": "Feature",
			"properties": { "pm_name": "信義355號綠地", "pm_type": "綠地" },
			"geometry": {
				"type": "Point",
				"coordinates": [121.5683365,25.03089905]
			}
		},
		{
			"type": "Feature",
			"properties": { "pm_name": "信義356號綠地", "pm_type": "綠地" },
			"geometry": {
				"type": "Point",
				"coordinates": [121.5737076,25.03338051]
			}
		},
		{
			"type": "Feature",
			"properties": {
				"pm_name": "信義382號綠地 (惠安水與綠生活綠地)",
				"pm_type": "綠地"
			},
			"geometry": {
				"type": "Point",
				"coordinates": [121.5682373,25.0233593]
			}
		},
		{
			"type": "Feature",
			"properties": { "pm_name": "崇德綠地", "pm_type": "綠地" },
			"geometry": {
				"type": "Point",
				"coordinates": [121.5554504,25.02421951]
			}
		},
		{
			"type": "Feature",
			"properties": { "pm_name": "黎平綠地", "pm_type": "綠地" },
			"geometry": {
				"type": "Point",
				"coordinates": [121.5571213,25.02318955]
			}
		},
		{
			"type": "Feature",
			"properties": { "pm_name": "市民廣場", "pm_type": "廣場" },
			"geometry": {
				"type": "Point",
				"coordinates": [121.5627518,25.03664017]
			}
		},
		{
			"type": "Feature",
			"properties": { "pm_name": "忠信廣場", "pm_type": "廣場" },
			"geometry": {
				"type": "Point",
				"coordinates": [121.5679092,25.0405407]
			}
		},
		{
			"type": "Feature",
			"properties": { "pm_name": "信義20號廣場", "pm_type": "廣場" },
			"geometry": {
				"type": "Point",
				"coordinates": [121.5775833,25.04874992]
			}
		},
		{
			"type": "Feature",
			"properties": { "pm_name": "信義21號廣場", "pm_type": "廣場" },
			"geometry": {
				"type": "Point",
				"coordinates": [121.5644684,25.03473091]
			}
		},
		{
			"type": "Feature",
			"properties": { "pm_name": "信義21號廣場", "pm_type": "廣場" },
			"geometry": {
				"type": "Point",
				"coordinates": [121.5644684,25.03473091]
			}
		},
		{
			"type": "Feature",
			"properties": { "pm_name": "信義廣場", "pm_type": "廣場" },
			"geometry": {
				"type": "Point",
				"coordinates": [121.56604,25.03347969]
			}
		},
		{
			"type": "Feature",
			"properties": { "pm_name": "厚生廣場", "pm_type": "廣場" },
			"geometry": {
				"type": "Point",
				"coordinates": [121.5681,25.04340935]
			}
		},
		{
			"type": "Feature",
			"properties": { "pm_name": "景聯廣場", "pm_type": "廣場" },
			"geometry": {
				"type": "Point",
				"coordinates": [121.5614014,25.03252029]
			}
		},
		{
			"type": "Feature",
			"properties": { "pm_name": "三重世貿公園", "pm_type": "公園" },
			"geometry": {
				"type": "Point",
				"coordinates": [121.615387,25.05792999]
			}
		},
		{
			"type": "Feature",
			"properties": { "pm_name": "中南公園", "pm_type": "公園" },
			"geometry": {
				"type": "Point",
				"coordinates": [121.6154709,25.05121994]
			}
		},
		{
			"type": "Feature",
			"properties": { "pm_name": "中研公園", "pm_type": "公園" },
			"geometry": {
				"type": "Point",
				"coordinates": [121.6130524,25.04689026]
			}
		},
		{
			"type": "Feature",
			"properties": { "pm_name": "中興公園", "pm_type": "公園" },
			"geometry": {
				"type": "Point",
				"coordinates": [121.6148529,25.0442009]
			}
		},
		{
			"type": "Feature",
			"properties": { "pm_name": "六福公園", "pm_type": "公園" },
			"geometry": {
				"type": "Point",
				"coordinates": [121.6165085,25.04726028]
			}
		},
		{
			"type": "Feature",
			"properties": { "pm_name": "四分河濱公園", "pm_type": "公園" },
			"geometry": {
				"type": "Point",
				"coordinates": [121.6156921,25.04862976]
			}
		},
		{
			"type": "Feature",
			"properties": { "pm_name": "市民公園", "pm_type": "公園" },
			"geometry": {
				"type": "Point",
				"coordinates": [121.5817337,25.0492897]
			}
		},
		{
			"type": "Feature",
			"properties": { "pm_name": "玉成公園", "pm_type": "公園" },
			"geometry": {
				"type": "Point",
				"coordinates": [121.5855026,25.04254913]
			}
		},
		{
			"type": "Feature",
			"properties": { "pm_name": "玉東公園", "pm_type": "公園" },
			"geometry": {
				"type": "Point",
				"coordinates": [121.584156,25.050188]
			}
		},
		{
			"type": "Feature",
			"properties": { "pm_name": "合成18號綠園", "pm_type": "公園" },
			"geometry": {
				"type": "Point",
				"coordinates": [121.5829163,25.04626083]
			}
		},
		{
			"type": "Feature",
			"properties": { "pm_name": "合成8號綠園", "pm_type": "公園" },
			"geometry": {
				"type": "Point",
				"coordinates": [121.5937882,25.05083084]
			}
		},
		{
			"type": "Feature",
			"properties": { "pm_name": "合成公園", "pm_type": "公園" },
			"geometry": {
				"type": "Point",
				"coordinates": [121.5811386,25.04509926]
			}
		},
		{
			"type": "Feature",
			"properties": { "pm_name": "合樂公園", "pm_type": "公園" },
			"geometry": {
				"type": "Point",
				"coordinates": [121.5818863,25.04850006]
			}
		},
		{
			"type": "Feature",
			"properties": { "pm_name": "百福公園", "pm_type": "公園" },
			"geometry": {
				"type": "Point",
				"coordinates": [121.5885391,25.03793907]
			}
		},
		{
			"type": "Feature",
			"properties": { "pm_name": "幸福公園", "pm_type": "公園" },
			"geometry": {
				"type": "Point",
				"coordinates": [121.6160507,25.04602051]
			}
		},
		{
			"type": "Feature",
			"properties": { "pm_name": "昆陽公園", "pm_type": "公園" },
			"geometry": {
				"type": "Point",
				"coordinates": [121.5942001,25.04871941]
			}
		},
		{
			"type": "Feature",
			"properties": { "pm_name": "東坡公園", "pm_type": "公園" },
			"geometry": {
				"type": "Point",
				"coordinates": [121.5933075,25.04523087]
			}
		},
		{
			"type": "Feature",
			"properties": { "pm_name": "東明公園", "pm_type": "公園" },
			"geometry": {
				"type": "Point",
				"coordinates": [121.6036377,25.05480003]
			}
		},
		{
			"type": "Feature",
			"properties": { "pm_name": "東陽公園", "pm_type": "公園" },
			"geometry": {
				"type": "Point",
				"coordinates": [121.6037369,25.0574398]
			}
		},
		{
			"type": "Feature",
			"properties": { "pm_name": "南汐公園", "pm_type": "公園" },
			"geometry": {
				"type": "Point",
				"coordinates": [121.617691,25.05467987]
			}
		},
		{
			"type": "Feature",
			"properties": { "pm_name": "南港公園", "pm_type": "公園" },
			"geometry": {
				"type": "Point",
				"coordinates": [121.5919113,25.04306984]
			}
		},
		{
			"type": "Feature",
			"properties": { "pm_name": "南興公園", "pm_type": "公園" },
			"geometry": {
				"type": "Point",
				"coordinates": [121.6069031,25.05401993]
			}
		},
		{
			"type": "Feature",
			"properties": { "pm_name": "後山埤公園", "pm_type": "公園" },
			"geometry": {
				"type": "Point",
				"coordinates": [121.5899506,25.04371071]
			}
		},
		{
			"type": "Feature",
			"properties": { "pm_name": "胡適公園", "pm_type": "公園" },
			"geometry": {
				"type": "Point",
				"coordinates": [121.6179123,25.03992081]
			}
		},
		{
			"type": "Feature",
			"properties": { "pm_name": "重陽公園", "pm_type": "公園" },
			"geometry": {
				"type": "Point",
				"coordinates": [121.5991516,25.05620003]
			}
		},
		{
			"type": "Feature",
			"properties": { "pm_name": "理想公園", "pm_type": "公園" },
			"geometry": {
				"type": "Point",
				"coordinates": [121.6215897,25.03986931]
			}
		},
		{
			"type": "Feature",
			"properties": { "pm_name": "瓶蓋印象公園", "pm_type": "公園" },
			"geometry": {
				"type": "Point",
				"coordinates": [121.606226,25.053719]
			}
		},
		{
			"type": "Feature",
			"properties": { "pm_name": "港後公園", "pm_type": "公園" },
			"geometry": {
				"type": "Point",
				"coordinates": [121.6153793,25.06274986]
			}
		},
		{
			"type": "Feature",
			"properties": { "pm_name": "湧聲公園", "pm_type": "公園" },
			"geometry": {
				"type": "Point",
				"coordinates": [121.5927582,25.04327965]
			}
		},
		{
			"type": "Feature",
			"properties": { "pm_name": "新勝公園", "pm_type": "公園" },
			"geometry": {
				"type": "Point",
				"coordinates": [121.5931625,25.04884911]
			}
		},
		{
			"type": "Feature",
			"properties": { "pm_name": "新富公園", "pm_type": "公園" },
			"geometry": {
				"type": "Point",
				"coordinates": [121.6169586,25.05303001]
			}
		},
		{
			"type": "Feature",
			"properties": { "pm_name": "新新公園", "pm_type": "公園" },
			"geometry": {
				"type": "Point",
				"coordinates": [121.588752,25.051391]
			}
		},
		{
			"type": "Feature",
			"properties": { "pm_name": "萬福公園", "pm_type": "公園" },
			"geometry": {
				"type": "Point",
				"coordinates": [121.5844498,25.04624939]
			}
		},
		{
			"type": "Feature",
			"properties": { "pm_name": "經貿公園", "pm_type": "公園" },
			"geometry": {
				"type": "Point",
				"coordinates": [121.6163635,25.06258011]
			}
		},
		{
			"type": "Feature",
			"properties": { "pm_name": "福山公園", "pm_type": "公園" },
			"geometry": {
				"type": "Point",
				"coordinates": [121.6178513,25.04470062]
			}
		},
		{
			"type": "Feature",
			"properties": { "pm_name": "興南公園", "pm_type": "公園" },
			"geometry": {
				"type": "Point",
				"coordinates": [121.5973969,25.05512047]
			}
		},
		{
			"type": "Feature",
			"properties": { "pm_name": "興華公園", "pm_type": "公園" },
			"geometry": {
				"type": "Point",
				"coordinates": [121.6047897,25.05677033]
			}
		},
		{
			"type": "Feature",
			"properties": { "pm_name": "錫口廊道", "pm_type": "公園" },
			"geometry": {
				"type": "Point",
				"coordinates": [121.5799314,25.05100657]
			}
		},
		{
			"type": "Feature",
			"properties": { "pm_name": "聯成公園", "pm_type": "公園" },
			"geometry": {
				"type": "Point",
				"coordinates": [121.5872192,25.04659081]
			}
		},
		{
			"type": "Feature",
			"properties": { "pm_name": "舊莊公園", "pm_type": "公園" },
			"geometry": {
				"type": "Point",
				"coordinates": [121.6202698,25.04137039]
			}
		},
		{
			"type": "Feature",
			"properties": { "pm_name": "九如綠地", "pm_type": "綠地" },
			"geometry": {
				"type": "Point",
				"coordinates": [121.6163101,25.03856087]
			}
		},
		{
			"type": "Feature",
			"properties": { "pm_name": "四分綠地", "pm_type": "綠地" },
			"geometry": {
				"type": "Point",
				"coordinates": [121.615002,25.03588189]
			}
		},
		{
			"type": "Feature",
			"properties": { "pm_name": "成福綠地", "pm_type": "綠地" },
			"geometry": {
				"type": "Point",
				"coordinates": [121.5929489,25.0453701]
			}
		},
		{
			"type": "Feature",
			"properties": { "pm_name": "成德綠地", "pm_type": "綠地" },
			"geometry": {
				"type": "Point",
				"coordinates": [121.5874634,25.04644966]
			}
		},
		{
			"type": "Feature",
			"properties": { "pm_name": "東明綠地", "pm_type": "綠地" },
			"geometry": {
				"type": "Point",
				"coordinates": [121.6006928,25.05426979]
			}
		},
		{
			"type": "Feature",
			"properties": { "pm_name": "東新綠地", "pm_type": "綠地" },
			"geometry": {
				"type": "Point",
				"coordinates": [121.6024475,25.05359078]
			}
		},
		{
			"type": "Feature",
			"properties": { "pm_name": "南深綠地", "pm_type": "綠地" },
			"geometry": {
				"type": "Point",
				"coordinates": [121.6231613,25.03792954]
			}
		},
		{
			"type": "Feature",
			"properties": { "pm_name": "南港29號綠地", "pm_type": "綠地" },
			"geometry": {
				"type": "Point",
				"coordinates": [121.6172333,25.04239082]
			}
		},
		{
			"type": "Feature",
			"properties": { "pm_name": "南港65號園區綠地", "pm_type": "綠地" },
			"geometry": {
				"type": "Point",
				"coordinates": [121.6142197,25.05903053]
			}
		},
		{
			"type": "Feature",
			"properties": { "pm_name": "新坡綠地", "pm_type": "綠地" },
			"geometry": {
				"type": "Point",
				"coordinates": [121.6177521,25.0356102]
			}
		},
		{
			"type": "Feature",
			"properties": { "pm_name": "新南綠地", "pm_type": "綠地" },
			"geometry": {
				"type": "Point",
				"coordinates": [121.6065521,25.05184937]
			}
		},
		{
			"type": "Feature",
			"properties": { "pm_name": "新陽綠地", "pm_type": "綠地" },
			"geometry": {
				"type": "Point",
				"coordinates": [121.6034164,25.05693054]
			}
		},
		{
			"type": "Feature",
			"properties": { "pm_name": "合心廣場", "pm_type": "廣場" },
			"geometry": {
				"type": "Point",
				"coordinates": [121.583458,25.04660988]
			}
		},
		{
			"type": "Feature",
			"properties": { "pm_name": "南港五號廣場", "pm_type": "廣場" },
			"geometry": {
				"type": "Point",
				"coordinates": [121.5998001,25.05406952]
			}
		},
		{
			"type": "Feature",
			"properties": { "pm_name": "140高地", "pm_type": "公園" },
			"geometry": {
				"type": "Point",
				"coordinates": [121.569603,25.00358009]
			}
		},
		{
			"type": "Feature",
			"properties": { "pm_name": "久康公園", "pm_type": "公園" },
			"geometry": {
				"type": "Point",
				"coordinates": [121.5645828,24.98934937]
			}
		},
		{
			"type": "Feature",
			"properties": { "pm_name": "小坑1號公園", "pm_type": "公園" },
			"geometry": {
				"type": "Point",
				"coordinates": [121.585228,24.98337936]
			}
		},
		{
			"type": "Feature",
			"properties": {
				"pm_name": "文山(景美)49號公園",
				"pm_type": "公園"
			},
			"geometry": {
				"type": "Point",
				"coordinates": [121.5478516,24.99588966]
			}
		},
		{
			"type": "Feature",
			"properties": { "pm_name": "文山木柵59號公園", "pm_type": "公園" },
			"geometry": {
				"type": "Point",
				"coordinates": [121.5825806,24.98526001]
			}
		},
		{
			"type": "Feature",
			"properties": { "pm_name": "文山森林公園", "pm_type": "公園" },
			"geometry": {
				"type": "Point",
				"coordinates": [121.548322,25.00435]
			}
		},
		{
			"type": "Feature",
			"properties": { "pm_name": "木南公園", "pm_type": "公園" },
			"geometry": {
				"type": "Point",
				"coordinates": [121.5708389,24.9865303]
			}
		},
		{
			"type": "Feature",
			"properties": { "pm_name": "木柵公園", "pm_type": "公園" },
			"geometry": {
				"type": "Point",
				"coordinates": [121.560463,24.98694992]
			}
		},
		{
			"type": "Feature",
			"properties": { "pm_name": "木新公園", "pm_type": "公園" },
			"geometry": {
				"type": "Point",
				"coordinates": [121.5580368,24.9822197]
			}
		},
		{
			"type": "Feature",
			"properties": { "pm_name": "木榮公園", "pm_type": "公園" },
			"geometry": {
				"type": "Point",
				"coordinates": [121.5686569,24.98464012]
			}
		},
		{
			"type": "Feature",
			"properties": { "pm_name": "水景公園", "pm_type": "公園" },
			"geometry": {
				"type": "Point",
				"coordinates": [121.5868378,24.98698044]
			}
		},
		{
			"type": "Feature",
			"properties": { "pm_name": "仙岩公園", "pm_type": "公園" },
			"geometry": {
				"type": "Point",
				"coordinates": [121.5493622,24.99797058]
			}
		},
		{
			"type": "Feature",
			"properties": { "pm_name": "光明公園", "pm_type": "公園" },
			"geometry": {
				"type": "Point",
				"coordinates": [121.5547104,24.98646927]
			}
		},
		{
			"type": "Feature",
			"properties": { "pm_name": "光輝公園", "pm_type": "公園" },
			"geometry": {
				"type": "Point",
				"coordinates": [121.5558395,24.98612022]
			}
		},
		{
			"type": "Feature",
			"properties": { "pm_name": "辛亥生態公園", "pm_type": "公園" },
			"geometry": {
				"type": "Point",
				"coordinates": [121.556764,25.003685]
			}
		},
		{
			"type": "Feature",
			"properties": { "pm_name": "坡內坑公園", "pm_type": "公園" },
			"geometry": {
				"type": "Point",
				"coordinates": [121.5765533,25.00497055]
			}
		},
		{
			"type": "Feature",
			"properties": { "pm_name": "忠順公園", "pm_type": "公園" },
			"geometry": {
				"type": "Point",
				"coordinates": [121.561142,24.98314095]
			}
		},
		{
			"type": "Feature",
			"properties": { "pm_name": "忠順萊茵公園", "pm_type": "公園" },
			"geometry": {
				"type": "Point",
				"coordinates": [121.5653687,24.98678017]
			}
		},
		{
			"type": "Feature",
			"properties": { "pm_name": "明義公園", "pm_type": "公園" },
			"geometry": {
				"type": "Point",
				"coordinates": [121.5609818,24.98806953]
			}
		},
		{
			"type": "Feature",
			"properties": { "pm_name": "芳寧公園", "pm_type": "公園" },
			"geometry": {
				"type": "Point",
				"coordinates": [121.5632782,25.00452995]
			}
		},
		{
			"type": "Feature",
			"properties": { "pm_name": "保儀公園", "pm_type": "公園" },
			"geometry": {
				"type": "Point",
				"coordinates": [121.5634689,24.98353958]
			}
		},
		{
			"type": "Feature",
			"properties": { "pm_name": "恆光公園", "pm_type": "公園" },
			"geometry": {
				"type": "Point",
				"coordinates": [121.5675888,24.98241043]
			}
		},
		{
			"type": "Feature",
			"properties": { "pm_name": "原野運動公園", "pm_type": "公園" },
			"geometry": {
				"type": "Point",
				"coordinates": [121.571373,24.99712944]
			}
		},
		{
			"type": "Feature",
			"properties": { "pm_name": "博嘉公園", "pm_type": "公園" },
			"geometry": {
				"type": "Point",
				"coordinates": [121.5735397,25.00045013]
			}
		},
		{
			"type": "Feature",
			"properties": { "pm_name": "景仁公園", "pm_type": "公園" },
			"geometry": {
				"type": "Point",
				"coordinates": [121.5401001,24.99666977]
			}
		},
		{
			"type": "Feature",
			"properties": { "pm_name": "景行公園", "pm_type": "公園" },
			"geometry": {
				"type": "Point",
				"coordinates": [121.542778,24.99251938]
			}
		},
		{
			"type": "Feature",
			"properties": {
				"pm_name": "景美公園(原萬慶公園)",
				"pm_type": "公園"
			},
			"geometry": {
				"type": "Point",
				"coordinates": [121.5375977,24.99402046]
			}
		},
		{
			"type": "Feature",
			"properties": { "pm_name": "景美運動公園", "pm_type": "公園" },
			"geometry": {
				"type": "Point",
				"coordinates": [121.5445175,25.00254059]
			}
		},
		{
			"type": "Feature",
			"properties": { "pm_name": "景華公園", "pm_type": "公園" },
			"geometry": {
				"type": "Point",
				"coordinates": [121.5437927,24.99518967]
			}
		},
		{
			"type": "Feature",
			"properties": { "pm_name": "景福公園", "pm_type": "公園" },
			"geometry": {
				"type": "Point",
				"coordinates": [121.5403214,24.99567986]
			}
		},
		{
			"type": "Feature",
			"properties": { "pm_name": "景豐公園", "pm_type": "公園" },
			"geometry": {
				"type": "Point",
				"coordinates": [121.5450516,25.0001297]
			}
		},
		{
			"type": "Feature",
			"properties": { "pm_name": "華興公園", "pm_type": "公園" },
			"geometry": {
				"type": "Point",
				"coordinates": [121.5504684,24.98917007]
			}
		},
		{
			"type": "Feature",
			"properties": { "pm_name": "順興公園綠地", "pm_type": "公園" },
			"geometry": {
				"type": "Point",
				"coordinates": [121.5643768,24.98608971]
			}
		},
		{
			"type": "Feature",
			"properties": { "pm_name": "新榮公園", "pm_type": "公園" },
			"geometry": {
				"type": "Point",
				"coordinates": [121.570221,24.98332977]
			}
		},
		{
			"type": "Feature",
			"properties": { "pm_name": "椰城公園", "pm_type": "公園" },
			"geometry": {
				"type": "Point",
				"coordinates": [121.5687027,25.0063591]
			}
		},
		{
			"type": "Feature",
			"properties": { "pm_name": "萬年1號公園", "pm_type": "公園" },
			"geometry": {
				"type": "Point",
				"coordinates": [121.5362015,25.00569916]
			}
		},
		{
			"type": "Feature",
			"properties": { "pm_name": "萬年2號公園", "pm_type": "公園" },
			"geometry": {
				"type": "Point",
				"coordinates": [121.5362015,25.00569916]
			}
		},
		{
			"type": "Feature",
			"properties": { "pm_name": "萬年3號公園", "pm_type": "公園" },
			"geometry": {
				"type": "Point",
				"coordinates": [121.5369263,25.00704002]
			}
		},
		{
			"type": "Feature",
			"properties": { "pm_name": "萬有1號公園", "pm_type": "公園" },
			"geometry": {
				"type": "Point",
				"coordinates": [121.5429535,24.99983025]
			}
		},
		{
			"type": "Feature",
			"properties": { "pm_name": "萬有2號公園", "pm_type": "公園" },
			"geometry": {
				"type": "Point",
				"coordinates": [121.5419006,25.00070953]
			}
		},
		{
			"type": "Feature",
			"properties": { "pm_name": "萬有3號公園", "pm_type": "公園" },
			"geometry": {
				"type": "Point",
				"coordinates": [121.5430985,24.99872017]
			}
		},
		{
			"type": "Feature",
			"properties": { "pm_name": "萬和1號公園", "pm_type": "公園" },
			"geometry": {
				"type": "Point",
				"coordinates": [121.5363236,25.00049019]
			}
		},
		{
			"type": "Feature",
			"properties": { "pm_name": "萬和2號公園", "pm_type": "公園" },
			"geometry": {
				"type": "Point",
				"coordinates": [121.5365372,25.00148964]
			}
		},
		{
			"type": "Feature",
			"properties": { "pm_name": "萬和3號公園", "pm_type": "公園" },
			"geometry": {
				"type": "Point",
				"coordinates": [121.5363388,25.00381088]
			}
		},
		{
			"type": "Feature",
			"properties": { "pm_name": "萬芳10號公園", "pm_type": "公園" },
			"geometry": {
				"type": "Point",
				"coordinates": [121.5624924,25.00164986]
			}
		},
		{
			"type": "Feature",
			"properties": { "pm_name": "萬芳11號公園", "pm_type": "公園" },
			"geometry": {
				"type": "Point",
				"coordinates": [121.5630798,25.00304985]
			}
		},
		{
			"type": "Feature",
			"properties": { "pm_name": "萬芳12號公園", "pm_type": "公園" },
			"geometry": {
				"type": "Point",
				"coordinates": [121.5635834,25.00147057]
			}
		},
		{
			"type": "Feature",
			"properties": { "pm_name": "萬芳13號公園", "pm_type": "公園" },
			"geometry": {
				"type": "Point",
				"coordinates": [121.5653992,25.00172997]
			}
		},
		{
			"type": "Feature",
			"properties": { "pm_name": "萬芳14號公園", "pm_type": "公園" },
			"geometry": {
				"type": "Point",
				"coordinates": [121.5653305,25.00032044]
			}
		},
		{
			"type": "Feature",
			"properties": { "pm_name": "萬芳1號公園", "pm_type": "公園" },
			"geometry": {
				"type": "Point",
				"coordinates": [121.5667267,24.99986076]
			}
		},
		{
			"type": "Feature",
			"properties": { "pm_name": "萬芳2號公園", "pm_type": "公園" },
			"geometry": {
				"type": "Point",
				"coordinates": [121.5667725,24.99920082]
			}
		},
		{
			"type": "Feature",
			"properties": { "pm_name": "萬芳3號公園", "pm_type": "公園" },
			"geometry": {
				"type": "Point",
				"coordinates": [121.5671005,24.99925041]
			}
		},
		{
			"type": "Feature",
			"properties": { "pm_name": "萬芳4號公園", "pm_type": "公園" },
			"geometry": {
				"type": "Point",
				"coordinates": [121.5675278,25.00153923]
			}
		},
		{
			"type": "Feature",
			"properties": { "pm_name": "萬芳6號公園", "pm_type": "公園" },
			"geometry": {
				"type": "Point",
				"coordinates": [121.5691834,24.99950028]
			}
		},
		{
			"type": "Feature",
			"properties": { "pm_name": "萬芳7號公園", "pm_type": "公園" },
			"geometry": {
				"type": "Point",
				"coordinates": [121.5661621,25.00157929]
			}
		},
		{
			"type": "Feature",
			"properties": { "pm_name": "萬芳8號公園", "pm_type": "公園" },
			"geometry": {
				"type": "Point",
				"coordinates": [121.560463,25.0030098]
			}
		},
		{
			"type": "Feature",
			"properties": { "pm_name": "萬芳9號公園", "pm_type": "公園" },
			"geometry": {
				"type": "Point",
				"coordinates": [121.5614777,25.00177956]
			}
		},
		{
			"type": "Feature",
			"properties": { "pm_name": "萬盛公園", "pm_type": "公園" },
			"geometry": {
				"type": "Point",
				"coordinates": [121.5410614,25.00514984]
			}
		},
		{
			"type": "Feature",
			"properties": { "pm_name": "萬壽1號公園", "pm_type": "公園" },
			"geometry": {
				"type": "Point",
				"coordinates": [121.5892181,24.98747063]
			}
		},
		{
			"type": "Feature",
			"properties": { "pm_name": "萬壽2號公園", "pm_type": "公園" },
			"geometry": {
				"type": "Point",
				"coordinates": [121.5895615,24.98736954]
			}
		},
		{
			"type": "Feature",
			"properties": { "pm_name": "萬壽3號公園", "pm_type": "公園" },
			"geometry": {
				"type": "Point",
				"coordinates": [121.5860825,24.98542023]
			}
		},
		{
			"type": "Feature",
			"properties": {
				"pm_name": "萬興櫻花生態景觀公園",
				"pm_type": "公園"
			},
			"geometry": {
				"type": "Point",
				"coordinates": [121.5731031,24.9915411]
			}
		},
		{
			"type": "Feature",
			"properties": { "pm_name": "試院公園", "pm_type": "公園" },
			"geometry": {
				"type": "Point",
				"coordinates": [121.5473175,24.98778915]
			}
		},
		{
			"type": "Feature",
			"properties": { "pm_name": "福興公園", "pm_type": "公園" },
			"geometry": {
				"type": "Point",
				"coordinates": [121.5481567,25.00399971]
			}
		},
		{
			"type": "Feature",
			"properties": { "pm_name": "樟林公園", "pm_type": "公園" },
			"geometry": {
				"type": "Point",
				"coordinates": [121.5592117,24.98464012]
			}
		},
		{
			"type": "Feature",
			"properties": { "pm_name": "樟新公園", "pm_type": "公園" },
			"geometry": {
				"type": "Point",
				"coordinates": [121.5569534,24.97919083]
			}
		},
		{
			"type": "Feature",
			"properties": { "pm_name": "樟樹公園", "pm_type": "公園" },
			"geometry": {
				"type": "Point",
				"coordinates": [121.559372,24.98271942]
			}
		},
		{
			"type": "Feature",
			"properties": { "pm_name": "樟興公園", "pm_type": "公園" },
			"geometry": {
				"type": "Point",
				"coordinates": [121.5541229,24.98067093]
			}
		},
		{
			"type": "Feature",
			"properties": { "pm_name": "興旺公園", "pm_type": "公園" },
			"geometry": {
				"type": "Point",
				"coordinates": [121.5504608,25.0058403]
			}
		},
		{
			"type": "Feature",
			"properties": { "pm_name": "興家公園", "pm_type": "公園" },
			"geometry": {
				"type": "Point",
				"coordinates": [121.5608215,24.99473]
			}
		},
		{
			"type": "Feature",
			"properties": { "pm_name": "興泰公園", "pm_type": "公園" },
			"geometry": {
				"type": "Point",
				"coordinates": [121.555481,25.00481033]
			}
		},
		{
			"type": "Feature",
			"properties": { "pm_name": "興隆公園", "pm_type": "公園" },
			"geometry": {
				"type": "Point",
				"coordinates": [121.5510864,25.00013924]
			}
		},
		{
			"type": "Feature",
			"properties": { "pm_name": "興福公園", "pm_type": "公園" },
			"geometry": {
				"type": "Point",
				"coordinates": [121.5459671,24.9971199]
			}
		},
		{
			"type": "Feature",
			"properties": { "pm_name": "興德綠色步道", "pm_type": "公園" },
			"geometry": {
				"type": "Point",
				"coordinates": [121.5595398,24.99477005]
			}
		},
		{
			"type": "Feature",
			"properties": { "pm_name": "興豐公園", "pm_type": "公園" },
			"geometry": {
				"type": "Point",
				"coordinates": [121.5512695,25.00019074]
			}
		},
		{
			"type": "Feature",
			"properties": { "pm_name": "文山50號綠地", "pm_type": "綠地" },
			"geometry": {
				"type": "Point",
				"coordinates": [121.5750885,24.99078941]
			}
		},
		{
			"type": "Feature",
			"properties": { "pm_name": "文山木柵60號綠地", "pm_type": "綠地" },
			"geometry": {
				"type": "Point",
				"coordinates": [121.583252,25.00042915]
			}
		},
		{
			"type": "Feature",
			"properties": { "pm_name": "木柵14號綠地", "pm_type": "綠地" },
			"geometry": {
				"type": "Point",
				"coordinates": [121.5515289,24.99163055]
			}
		},
		{
			"type": "Feature",
			"properties": {
				"pm_name": "木柵17號(秀明綠地)",
				"pm_type": "綠地"
			},
			"geometry": {
				"type": "Point",
				"coordinates": [121.5648117,24.98903084]
			}
		},
		{
			"type": "Feature",
			"properties": { "pm_name": "木柵49號綠地", "pm_type": "綠地" },
			"geometry": {
				"type": "Point",
				"coordinates": [121.5736694,24.99308014]
			}
		},
		{
			"type": "Feature",
			"properties": { "pm_name": "指南綠地", "pm_type": "綠地" },
			"geometry": {
				"type": "Point",
				"coordinates": [121.5796738,24.98300934]
			}
		},
		{
			"type": "Feature",
			"properties": { "pm_name": "軍功綠地", "pm_type": "綠地" },
			"geometry": {
				"type": "Point",
				"coordinates": [121.5726776,25.00127983]
			}
		},
		{
			"type": "Feature",
			"properties": { "pm_name": "清溪綠地", "pm_type": "綠地" },
			"geometry": {
				"type": "Point",
				"coordinates": [121.5805512,24.98506928]
			}
		},
		{
			"type": "Feature",
			"properties": { "pm_name": "景美29號綠地", "pm_type": "綠地" },
			"geometry": {
				"type": "Point",
				"coordinates": [121.5518189,24.99637032]
			}
		},
		{
			"type": "Feature",
			"properties": { "pm_name": "景美30號綠地", "pm_type": "綠地" },
			"geometry": {
				"type": "Point",
				"coordinates": [121.5551987,25.00074959]
			}
		},
		{
			"type": "Feature",
			"properties": { "pm_name": "景美32號綠地", "pm_type": "綠地" },
			"geometry": {
				"type": "Point",
				"coordinates": [121.5579605,25.00922012]
			}
		},
		{
			"type": "Feature",
			"properties": { "pm_name": "萬利綠地", "pm_type": "綠地" },
			"geometry": {
				"type": "Point",
				"coordinates": [121.5647507,25.00028992]
			}
		},
		{
			"type": "Feature",
			"properties": { "pm_name": "萬利綠地", "pm_type": "綠地" },
			"geometry": {
				"type": "Point",
				"coordinates": [121.5647507,25.00028992]
			}
		},
		{
			"type": "Feature",
			"properties": { "pm_name": "七虎公園", "pm_type": "公園" },
			"geometry": {
				"type": "Point",
				"coordinates": [121.5020599,25.13649941]
			}
		},
		{
			"type": "Feature",
			"properties": { "pm_name": "七星公園", "pm_type": "公園" },
			"geometry": {
				"type": "Point",
				"coordinates": [121.5030212,25.13661957]
			}
		},
		{
			"type": "Feature",
			"properties": { "pm_name": "八仙公園", "pm_type": "公園" },
			"geometry": {
				"type": "Point",
				"coordinates": [121.502916,25.120286]
			}
		},
		{
			"type": "Feature",
			"properties": { "pm_name": "大豐公園", "pm_type": "公園" },
			"geometry": {
				"type": "Point",
				"coordinates": [121.5037308,25.13194084]
			}
		},
		{
			"type": "Feature",
			"properties": { "pm_name": "中央簡易公園", "pm_type": "公園" },
			"geometry": {
				"type": "Point",
				"coordinates": [121.4999237,25.12809944]
			}
		},
		{
			"type": "Feature",
			"properties": { "pm_name": "中庸1號公園", "pm_type": "公園" },
			"geometry": {
				"type": "Point",
				"coordinates": [121.5012436,25.13804054]
			}
		},
		{
			"type": "Feature",
			"properties": { "pm_name": "丹鳳公園", "pm_type": "公園" },
			"geometry": {
				"type": "Point",
				"coordinates": [121.5109787,25.1264801]
			}
		},
		{
			"type": "Feature",
			"properties": { "pm_name": "公館公園", "pm_type": "公園" },
			"geometry": {
				"type": "Point",
				"coordinates": [121.5064316,25.12799072]
			}
		},
		{
			"type": "Feature",
			"properties": { "pm_name": "天狗庵遺址", "pm_type": "公園" },
			"geometry": {
				"type": "Point",
				"coordinates": [121.5066681,25.13592911]
			}
		},
		{
			"type": "Feature",
			"properties": { "pm_name": "文化1號公園", "pm_type": "公園" },
			"geometry": {
				"type": "Point",
				"coordinates": [121.496462,25.136535]
			}
		},
		{
			"type": "Feature",
			"properties": { "pm_name": "文化2號公園", "pm_type": "公園" },
			"geometry": {
				"type": "Point",
				"coordinates": [121.4968414,25.13643074]
			}
		},
		{
			"type": "Feature",
			"properties": { "pm_name": "文化3號公園", "pm_type": "公園" },
			"geometry": {
				"type": "Point",
				"coordinates": [121.4947128,25.13769913]
			}
		},
		{
			"type": "Feature",
			"properties": {
				"pm_name": "北投258號綠地(承德4號)",
				"pm_type": "公園"
			},
			"geometry": { "type": "Point", "coordinates": [121.51245,25.1019] }
		},
		{
			"type": "Feature",
			"properties": { "pm_name": "北投2號公園", "pm_type": "公園" },
			"geometry": {
				"type": "Point",
				"coordinates": [121.508221,25.13705]
			}
		},
		{
			"type": "Feature",
			"properties": { "pm_name": "北投公園", "pm_type": "公園" },
			"geometry": {
				"type": "Point",
				"coordinates": [121.5047302,25.13656044]
			}
		},
		{
			"type": "Feature",
			"properties": { "pm_name": "北投社三層崎公園", "pm_type": "公園" },
			"geometry": {
				"type": "Point",
				"coordinates": [121.491156,25.14574]
			}
		},
		{
			"type": "Feature",
			"properties": { "pm_name": "石牌公園", "pm_type": "公園" },
			"geometry": {
				"type": "Point",
				"coordinates": [121.5103607,25.11635971]
			}
		},
		{
			"type": "Feature",
			"properties": { "pm_name": "立農公園", "pm_type": "公園" },
			"geometry": {
				"type": "Point",
				"coordinates": [121.5035095,25.11878967]
			}
		},
		{
			"type": "Feature",
			"properties": { "pm_name": "吉利公園", "pm_type": "公園" },
			"geometry": {
				"type": "Point",
				"coordinates": [121.5083695,25.11901093]
			}
		},
		{
			"type": "Feature",
			"properties": { "pm_name": "同德公園", "pm_type": "公園" },
			"geometry": {
				"type": "Point",
				"coordinates": [121.5294495,25.12507057]
			}
		},
		{
			"type": "Feature",
			"properties": { "pm_name": "地熱谷公園", "pm_type": "公園" },
			"geometry": {
				"type": "Point",
				"coordinates": [121.5109787,25.13755989]
			}
		},
		{
			"type": "Feature",
			"properties": { "pm_name": "行義公園", "pm_type": "公園" },
			"geometry": {
				"type": "Point",
				"coordinates": [121.5252304,25.1253891]
			}
		},
		{
			"type": "Feature",
			"properties": { "pm_name": "奇岩1號公園", "pm_type": "公園" },
			"geometry": {
				"type": "Point",
				"coordinates": [121.503698,25.128339]
			}
		},
		{
			"type": "Feature",
			"properties": { "pm_name": "奇岩二號公園", "pm_type": "公園" },
			"geometry": {
				"type": "Point",
				"coordinates": [121.5036926,25.12649918]
			}
		},
		{
			"type": "Feature",
			"properties": { "pm_name": "奇岩三號公園", "pm_type": "公園" },
			"geometry": {
				"type": "Point",
				"coordinates": [121.5052185,25.12598038]
			}
		},
		{
			"type": "Feature",
			"properties": { "pm_name": "東華公園", "pm_type": "公園" },
			"geometry": {
				"type": "Point",
				"coordinates": [121.5070725,25.12183952]
			}
		},
		{
			"type": "Feature",
			"properties": { "pm_name": "林泉公園", "pm_type": "公園" },
			"geometry": {
				"type": "Point",
				"coordinates": [121.51482,25.14133]
			}
		},
		{
			"type": "Feature",
			"properties": { "pm_name": "知行公園", "pm_type": "公園" },
			"geometry": {
				"type": "Point",
				"coordinates": [121.4666519,25.11973]
			}
		},
		{
			"type": "Feature",
			"properties": { "pm_name": "長安公園", "pm_type": "公園" },
			"geometry": {
				"type": "Point",
				"coordinates": [121.5001602,25.13555908]
			}
		},
		{
			"type": "Feature",
			"properties": { "pm_name": "前山公園", "pm_type": "公園" },
			"geometry": {
				"type": "Point",
				"coordinates": [121.5484437,25.15057652]
			}
		},
		{
			"type": "Feature",
			"properties": { "pm_name": "建民公園", "pm_type": "公園" },
			"geometry": {
				"type": "Point",
				"coordinates": [121.519809,25.104744]
			}
		},
		{
			"type": "Feature",
			"properties": { "pm_name": "泉源47號公園", "pm_type": "公園" },
			"geometry": {
				"type": "Point",
				"coordinates": [121.5124588,25.14209938]
			}
		},
		{
			"type": "Feature",
			"properties": { "pm_name": "泉源48號公園", "pm_type": "公園" },
			"geometry": {
				"type": "Point",
				"coordinates": [121.5071564,25.14193916]
			}
		},
		{
			"type": "Feature",
			"properties": { "pm_name": "洲美(公4)公園", "pm_type": "公園" },
			"geometry": {
				"type": "Point",
				"coordinates": [121.506347,25.100089]
			}
		},
		{
			"type": "Feature",
			"properties": { "pm_name": "洲美蜆仔港公園", "pm_type": "公園" },
			"geometry": {
				"type": "Point",
				"coordinates": [121.5111864,25.10099711]
			}
		},
		{
			"type": "Feature",
			"properties": { "pm_name": "致遠公園", "pm_type": "公園" },
			"geometry": {
				"type": "Point",
				"coordinates": [121.5150528,25.11127091]
			}
		},
		{
			"type": "Feature",
			"properties": { "pm_name": "重三公園", "pm_type": "公園" },
			"geometry": {
				"type": "Point",
				"coordinates": [121.4892883,25.14015961]
			}
		},
		{
			"type": "Feature",
			"properties": { "pm_name": "振華公園", "pm_type": "公園" },
			"geometry": {
				"type": "Point",
				"coordinates": [121.5188522,25.11516953]
			}
		},
		{
			"type": "Feature",
			"properties": { "pm_name": "振興公園", "pm_type": "公園" },
			"geometry": {
				"type": "Point",
				"coordinates": [121.5230408,25.11821938]
			}
		},
		{
			"type": "Feature",
			"properties": { "pm_name": "桂花公園", "pm_type": "公園" },
			"geometry": {
				"type": "Point",
				"coordinates": [121.5102234,25.13791084]
			}
		},
		{
			"type": "Feature",
			"properties": { "pm_name": "桃源公園", "pm_type": "公園" },
			"geometry": {
				"type": "Point",
				"coordinates": [121.4827576,25.13806915]
			}
		},
		{
			"type": "Feature",
			"properties": { "pm_name": "健行公園", "pm_type": "公園" },
			"geometry": {
				"type": "Point",
				"coordinates": [121.5088272,25.1212101]
			}
		},
		{
			"type": "Feature",
			"properties": { "pm_name": "崇仰公園", "pm_type": "公園" },
			"geometry": {
				"type": "Point",
				"coordinates": [121.51106,25.12609]
			}
		},
		{
			"type": "Feature",
			"properties": { "pm_name": "清江1公園", "pm_type": "公園" },
			"geometry": {
				"type": "Point",
				"coordinates": [121.5024796,25.1239109]
			}
		},
		{
			"type": "Feature",
			"properties": { "pm_name": "清江二公園", "pm_type": "公園" },
			"geometry": {
				"type": "Point",
				"coordinates": [121.5018921,25.12368012]
			}
		},
		{
			"type": "Feature",
			"properties": { "pm_name": "軟橋公園", "pm_type": "公園" },
			"geometry": {
				"type": "Point",
				"coordinates": [121.517613,25.103102]
			}
		},
		{
			"type": "Feature",
			"properties": { "pm_name": "復興公園", "pm_type": "公園" },
			"geometry": {
				"type": "Point",
				"coordinates": [121.5032272,25.1396904]
			}
		},
		{
			"type": "Feature",
			"properties": { "pm_name": "開明公園", "pm_type": "公園" },
			"geometry": {
				"type": "Point",
				"coordinates": [121.5053177,25.14113045]
			}
		},
		{
			"type": "Feature",
			"properties": { "pm_name": "陽明公園", "pm_type": "公園" },
			"geometry": {
				"type": "Point",
				"coordinates": [121.5390112,25.15901675]
			}
		},
		{
			"type": "Feature",
			"properties": { "pm_name": "新興公園", "pm_type": "公園" },
			"geometry": {
				"type": "Point",
				"coordinates": [121.48703,25.13934]
			}
		},
		{
			"type": "Feature",
			"properties": { "pm_name": "溫泉綠地", "pm_type": "公園" },
			"geometry": {
				"type": "Point",
				"coordinates": [121.512342,25.138933]
			}
		},
		{
			"type": "Feature",
			"properties": { "pm_name": "聖景一公園", "pm_type": "公園" },
			"geometry": {
				"type": "Point",
				"coordinates": [121.46351,25.12045]
			}
		},
		{
			"type": "Feature",
			"properties": { "pm_name": "聖景二公園", "pm_type": "公園" },
			"geometry": {
				"type": "Point",
				"coordinates": [121.46381,25.12038]
			}
		},
		{
			"type": "Feature",
			"properties": { "pm_name": "聖景三公園", "pm_type": "公園" },
			"geometry": {
				"type": "Point",
				"coordinates": [121.46382,25.12046]
			}
		},
		{
			"type": "Feature",
			"properties": { "pm_name": "榮光公園", "pm_type": "公園" },
			"geometry": {
				"type": "Point",
				"coordinates": [121.51429,25.11472]
			}
		},
		{
			"type": "Feature",
			"properties": { "pm_name": "榮富公園", "pm_type": "公園" },
			"geometry": {
				"type": "Point",
				"coordinates": [121.5247269,25.1142292]
			}
		},
		{
			"type": "Feature",
			"properties": { "pm_name": "榮華公園", "pm_type": "公園" },
			"geometry": {
				"type": "Point",
				"coordinates": [121.5219879,25.11054993]
			}
		},
		{
			"type": "Feature",
			"properties": { "pm_name": "福星(公1)公園", "pm_type": "公園" },
			"geometry": {
				"type": "Point",
				"coordinates": [121.512326,25.108828]
			}
		},
		{
			"type": "Feature",
			"properties": { "pm_name": "稻中公園", "pm_type": "公園" },
			"geometry": {
				"type": "Point",
				"coordinates": [121.4892807,25.13862991]
			}
		},
		{
			"type": "Feature",
			"properties": { "pm_name": "稻香公園", "pm_type": "公園" },
			"geometry": {
				"type": "Point",
				"coordinates": [121.4885788,25.14094925]
			}
		},
		{
			"type": "Feature",
			"properties": { "pm_name": "線形公園(一德里)", "pm_type": "公園" },
			"geometry": {
				"type": "Point",
				"coordinates": [121.471619,25.129796]
			}
		},
		{
			"type": "Feature",
			"properties": {
				"pm_name": "線形公園(中央北路3段)",
				"pm_type": "公園"
			},
			"geometry": {
				"type": "Point",
				"coordinates": [121.48244,25.13687]
			}
		},
		{
			"type": "Feature",
			"properties": {
				"pm_name": "線形公園-芝山明德段",
				"pm_type": "公園"
			},
			"geometry": {
				"type": "Point",
				"coordinates": [121.51714,25.1123725]
			}
		},
		{
			"type": "Feature",
			"properties": { "pm_name": "學園公園", "pm_type": "公園" },
			"geometry": {
				"type": "Point",
				"coordinates": [121.4663467,25.1282692]
			}
		},
		{
			"type": "Feature",
			"properties": { "pm_name": "磺港公園", "pm_type": "公園" },
			"geometry": {
				"type": "Point",
				"coordinates": [121.50446,25.130512]
			}
		},
		{
			"type": "Feature",
			"properties": { "pm_name": "豐年公園", "pm_type": "公園" },
			"geometry": {
				"type": "Point",
				"coordinates": [121.4966583,25.13600922]
			}
		},
		{
			"type": "Feature",
			"properties": { "pm_name": "關渡公園", "pm_type": "公園" },
			"geometry": {
				"type": "Point",
				"coordinates": [121.46369,25.11973]
			}
		},
		{
			"type": "Feature",
			"properties": { "pm_name": "觀海公園", "pm_type": "公園" },
			"geometry": {
				"type": "Point",
				"coordinates": [121.4634476,25.12358093]
			}
		},
		{
			"type": "Feature",
			"properties": { "pm_name": "嗄嘮別公園", "pm_type": "公園" },
			"geometry": {
				"type": "Point",
				"coordinates": [121.4844208,25.14035034]
			}
		},
		{
			"type": "Feature",
			"properties": {
				"pm_name": "大業綠地(北投163號)",
				"pm_type": "綠地"
			},
			"geometry": {
				"type": "Point",
				"coordinates": [121.4905396,25.13624001]
			}
		},
		{
			"type": "Feature",
			"properties": { "pm_name": "中和綠地", "pm_type": "綠地" },
			"geometry": {
				"type": "Point",
				"coordinates": [121.4988022,25.14188004]
			}
		},
		{
			"type": "Feature",
			"properties": { "pm_name": "天溪綠地", "pm_type": "綠地" },
			"geometry": { "type": "Point", "coordinates": [121.5301,25.13519] }
		},
		{
			"type": "Feature",
			"properties": { "pm_name": "文化綠地", "pm_type": "綠地" },
			"geometry": {
				"type": "Point",
				"coordinates": [121.498406,25.137449]
			}
		},
		{
			"type": "Feature",
			"properties": { "pm_name": "北投106號綠地", "pm_type": "綠地" },
			"geometry": {
				"type": "Point",
				"coordinates": [121.5209045,25.11108208]
			}
		},
		{
			"type": "Feature",
			"properties": { "pm_name": "北投120號綠地", "pm_type": "綠地" },
			"geometry": {
				"type": "Point",
				"coordinates": [121.501115,25.120132]
			}
		},
		{
			"type": "Feature",
			"properties": { "pm_name": "北投121號綠地", "pm_type": "綠地" },
			"geometry": {
				"type": "Point",
				"coordinates": [121.5049896,25.11664009]
			}
		},
		{
			"type": "Feature",
			"properties": { "pm_name": "北投122號綠地", "pm_type": "綠地" },
			"geometry": {
				"type": "Point",
				"coordinates": [121.5089264,25.11306953]
			}
		},
		{
			"type": "Feature",
			"properties": { "pm_name": "北投123號綠地", "pm_type": "綠地" },
			"geometry": {
				"type": "Point",
				"coordinates": [121.503849,25.117135]
			}
		},
		{
			"type": "Feature",
			"properties": { "pm_name": "北投124號綠地", "pm_type": "綠地" },
			"geometry": {
				"type": "Point",
				"coordinates": [121.506329,25.114865]
			}
		},
		{
			"type": "Feature",
			"properties": { "pm_name": "北投135號綠地", "pm_type": "綠地" },
			"geometry": {
				"type": "Point",
				"coordinates": [121.5103073,25.11183929]
			}
		},
		{
			"type": "Feature",
			"properties": { "pm_name": "北投138號綠地", "pm_type": "綠地" },
			"geometry": {
				"type": "Point",
				"coordinates": [121.502739,25.11441994]
			}
		},
		{
			"type": "Feature",
			"properties": { "pm_name": "北投139號綠地", "pm_type": "綠地" },
			"geometry": {
				"type": "Point",
				"coordinates": [121.5031281,25.11502075]
			}
		},
		{
			"type": "Feature",
			"properties": { "pm_name": "北投160號綠地", "pm_type": "綠地" },
			"geometry": {
				"type": "Point",
				"coordinates": [121.496586,25.135316]
			}
		},
		{
			"type": "Feature",
			"properties": {
				"pm_name": "北投161號綠地 (田心仔綠地)",
				"pm_type": "綠地"
			},
			"geometry": {
				"type": "Point",
				"coordinates": [121.4949265,25.13513947]
			}
		},
		{
			"type": "Feature",
			"properties": { "pm_name": "北投164號綠地", "pm_type": "綠地" },
			"geometry": {
				"type": "Point",
				"coordinates": [121.4959793,25.13344955]
			}
		},
		{
			"type": "Feature",
			"properties": { "pm_name": "北投165號綠地", "pm_type": "綠地" },
			"geometry": {
				"type": "Point",
				"coordinates": [121.4962387,25.13175964]
			}
		},
		{
			"type": "Feature",
			"properties": { "pm_name": "北投166號綠地", "pm_type": "綠地" },
			"geometry": {
				"type": "Point",
				"coordinates": [121.496872,25.13051033]
			}
		},
		{
			"type": "Feature",
			"properties": { "pm_name": "北投167號綠地", "pm_type": "綠地" },
			"geometry": {
				"type": "Point",
				"coordinates": [121.497707,25.128405]
			}
		},
		{
			"type": "Feature",
			"properties": { "pm_name": "北投168號綠地", "pm_type": "綠地" },
			"geometry": {
				"type": "Point",
				"coordinates": [121.4991913,25.12437058]
			}
		},
		{
			"type": "Feature",
			"properties": { "pm_name": "北投169號綠地", "pm_type": "綠地" },
			"geometry": {
				"type": "Point",
				"coordinates": [121.499533,25.12072]
			}
		},
		{
			"type": "Feature",
			"properties": { "pm_name": "北投181號一德綠地", "pm_type": "綠地" },
			"geometry": {
				"type": "Point",
				"coordinates": [121.4647675,25.12393951]
			}
		},
		{
			"type": "Feature",
			"properties": { "pm_name": "北投182號綠地", "pm_type": "綠地" },
			"geometry": {
				"type": "Point",
				"coordinates": [121.4677277,25.12339973]
			}
		},
		{
			"type": "Feature",
			"properties": { "pm_name": "北投183號綠地", "pm_type": "綠地" },
			"geometry": {
				"type": "Point",
				"coordinates": [121.4718628,25.12301064]
			}
		},
		{
			"type": "Feature",
			"properties": { "pm_name": "北投185號綠地", "pm_type": "綠地" },
			"geometry": {
				"type": "Point",
				"coordinates": [121.464987,25.123425]
			}
		},
		{
			"type": "Feature",
			"properties": { "pm_name": "北投186號綠地", "pm_type": "綠地" },
			"geometry": {
				"type": "Point",
				"coordinates": [121.4665299,25.12302971]
			}
		},
		{
			"type": "Feature",
			"properties": { "pm_name": "北投187號綠地", "pm_type": "綠地" },
			"geometry": {
				"type": "Point",
				"coordinates": [121.4682922,25.12290955]
			}
		},
		{
			"type": "Feature",
			"properties": { "pm_name": "北投188號綠地", "pm_type": "綠地" },
			"geometry": {
				"type": "Point",
				"coordinates": [121.4705582,25.12274933]
			}
		},
		{
			"type": "Feature",
			"properties": { "pm_name": "北投191號綠地", "pm_type": "綠地" },
			"geometry": {
				"type": "Point",
				"coordinates": [121.4808426,25.12248993]
			}
		},
		{
			"type": "Feature",
			"properties": { "pm_name": "北投192號綠地", "pm_type": "綠地" },
			"geometry": {
				"type": "Point",
				"coordinates": [121.4809113,25.12208939]
			}
		},
		{
			"type": "Feature",
			"properties": { "pm_name": "北投203號綠地", "pm_type": "綠地" },
			"geometry": { "type": "Point", "coordinates": [121.5031,25.12065] }
		},
		{
			"type": "Feature",
			"properties": {
				"pm_name": "北投257號綠地(承德3號)",
				"pm_type": "綠地"
			},
			"geometry": {
				"type": "Point",
				"coordinates": [121.512199,25.10442]
			}
		},
		{
			"type": "Feature",
			"properties": { "pm_name": "北投39號綠地", "pm_type": "綠地" },
			"geometry": {
				"type": "Point",
				"coordinates": [121.462777,25.121984]
			}
		},
		{
			"type": "Feature",
			"properties": { "pm_name": "北投62號綠地", "pm_type": "綠地" },
			"geometry": {
				"type": "Point",
				"coordinates": [121.503215,25.129382]
			}
		},
		{
			"type": "Feature",
			"properties": { "pm_name": "北投63號綠地", "pm_type": "綠地" },
			"geometry": {
				"type": "Point",
				"coordinates": [121.5033417,25.12759018]
			}
		},
		{
			"type": "Feature",
			"properties": { "pm_name": "北投64號綠地", "pm_type": "綠地" },
			"geometry": {
				"type": "Point",
				"coordinates": [121.503285,25.126383]
			}
		},
		{
			"type": "Feature",
			"properties": { "pm_name": "北投65號綠地", "pm_type": "綠地" },
			"geometry": {
				"type": "Point",
				"coordinates": [121.5030518,25.1246891]
			}
		},
		{
			"type": "Feature",
			"properties": { "pm_name": "北投66號綠地", "pm_type": "綠地" },
			"geometry": {
				"type": "Point",
				"coordinates": [121.5029602,25.12373924]
			}
		},
		{
			"type": "Feature",
			"properties": { "pm_name": "北投69號綠地", "pm_type": "綠地" },
			"geometry": {
				"type": "Point",
				"coordinates": [121.5120392,25.12602043]
			}
		},
		{
			"type": "Feature",
			"properties": { "pm_name": "北投90號綠地", "pm_type": "綠地" },
			"geometry": {
				"type": "Point",
				"coordinates": [121.5203323,25.11861992]
			}
		},
		{
			"type": "Feature",
			"properties": { "pm_name": "北投91號綠地", "pm_type": "綠地" },
			"geometry": {
				"type": "Point",
				"coordinates": [121.521637,25.11903]
			}
		},
		{
			"type": "Feature",
			"properties": { "pm_name": "北投92號綠地", "pm_type": "綠地" },
			"geometry": {
				"type": "Point",
				"coordinates": [121.5222778,25.11926079]
			}
		},
		{
			"type": "Feature",
			"properties": { "pm_name": "北投98號綠地", "pm_type": "綠地" },
			"geometry": {
				"type": "Point",
				"coordinates": [121.5155029,25.11565971]
			}
		},
		{
			"type": "Feature",
			"properties": { "pm_name": "永和綠地", "pm_type": "綠地" },
			"geometry": {
				"type": "Point",
				"coordinates": [121.5279312,25.12791061]
			}
		},
		{
			"type": "Feature",
			"properties": { "pm_name": "永欣綠地", "pm_type": "綠地" },
			"geometry": {
				"type": "Point",
				"coordinates": [121.52695,25.12384]
			}
		},
		{
			"type": "Feature",
			"properties": { "pm_name": "安明綠地", "pm_type": "綠地" },
			"geometry": {
				"type": "Point",
				"coordinates": [121.502133,25.135616]
			}
		},
		{
			"type": "Feature",
			"properties": { "pm_name": "奇岩4號綠地", "pm_type": "綠地" },
			"geometry": {
				"type": "Point",
				"coordinates": [121.5055466,25.12603951]
			}
		},
		{
			"type": "Feature",
			"properties": { "pm_name": "忠義公園", "pm_type": "綠地" },
			"geometry": {
				"type": "Point",
				"coordinates": [121.4779205,25.1350193]
			}
		},
		{
			"type": "Feature",
			"properties": { "pm_name": "承仙綠地", "pm_type": "綠地" },
			"geometry": {
				"type": "Point",
				"coordinates": [121.5026321,25.11968041]
			}
		},
		{
			"type": "Feature",
			"properties": { "pm_name": "明德公園", "pm_type": "綠地" },
			"geometry": {
				"type": "Point",
				"coordinates": [121.5209808,25.10725975]
			}
		},
		{
			"type": "Feature",
			"properties": { "pm_name": "林投坑(一)綠地", "pm_type": "綠地" },
			"geometry": {
				"type": "Point",
				"coordinates": [121.4893723,25.13674927]
			}
		},
		{
			"type": "Feature",
			"properties": { "pm_name": "林投坑(二)綠地", "pm_type": "綠地" },
			"geometry": {
				"type": "Point",
				"coordinates": [121.4890976,25.13651085]
			}
		},
		{
			"type": "Feature",
			"properties": { "pm_name": "湖山綠地", "pm_type": "綠地" },
			"geometry": {
				"type": "Point",
				"coordinates": [121.5438304,25.1517873]
			}
		},
		{
			"type": "Feature",
			"properties": { "pm_name": "番仔厝綠地", "pm_type": "綠地" },
			"geometry": {
				"type": "Point",
				"coordinates": [121.495903,25.13413048]
			}
		},
		{
			"type": "Feature",
			"properties": { "pm_name": "磅空頂綠地", "pm_type": "綠地" },
			"geometry": {
				"type": "Point",
				"coordinates": [121.4650726,25.12298012]
			}
		},
		{
			"type": "Feature",
			"properties": { "pm_name": "櫻花崗公園", "pm_type": "綠地" },
			"geometry": {
				"type": "Point",
				"coordinates": [121.52616,25.12349]
			}
		},
		{
			"type": "Feature",
			"properties": { "pm_name": "北投3號廣場", "pm_type": "廣場" },
			"geometry": {
				"type": "Point",
				"coordinates": [121.4978409,25.13195992]
			}
		},
		{
			"type": "Feature",
			"properties": { "pm_name": "41號公園", "pm_type": "公園" },
			"geometry": { "type": "Point", "coordinates": [121.5644,25.10709] }
		},
		{
			"type": "Feature",
			"properties": { "pm_name": "士林官邸公園", "pm_type": "公園" },
			"geometry": {
				"type": "Point",
				"coordinates": [121.5301514,25.09490013]
			}
		},
		{
			"type": "Feature",
			"properties": { "pm_name": "山仔后公園", "pm_type": "公園" },
			"geometry": {
				"type": "Point",
				"coordinates": [121.5456355,25.13729103]
			}
		},
		{
			"type": "Feature",
			"properties": { "pm_name": "天母公園", "pm_type": "公園" },
			"geometry": {
				"type": "Point",
				"coordinates": [121.530518,25.1259089]
			}
		},
		{
			"type": "Feature",
			"properties": { "pm_name": "天和一號公園", "pm_type": "公園" },
			"geometry": {
				"type": "Point",
				"coordinates": [121.53471,25.11844]
			}
		},
		{
			"type": "Feature",
			"properties": { "pm_name": "天和公園", "pm_type": "公園" },
			"geometry": {
				"type": "Point",
				"coordinates": [121.533989,25.11981964]
			}
		},
		{
			"type": "Feature",
			"properties": { "pm_name": "天壽公園", "pm_type": "公園" },
			"geometry": {
				"type": "Point",
				"coordinates": [121.5256861,25.1140282]
			}
		},
		{
			"type": "Feature",
			"properties": { "pm_name": "天壽綠地", "pm_type": "公園" },
			"geometry": {
				"type": "Point",
				"coordinates": [121.5256861,25.1140282]
			}
		},
		{
			"type": "Feature",
			"properties": { "pm_name": "天壽綠地", "pm_type": "公園" },
			"geometry": {
				"type": "Point",
				"coordinates": [121.5256861,25.1140282]
			}
		},
		{
			"type": "Feature",
			"properties": { "pm_name": "天福2號公園", "pm_type": "公園" },
			"geometry": {
				"type": "Point",
				"coordinates": [121.5316086,25.11709023]
			}
		},
		{
			"type": "Feature",
			"properties": { "pm_name": "外雙溪公園", "pm_type": "公園" },
			"geometry": {
				"type": "Point",
				"coordinates": [121.5523911,25.10127068]
			}
		},
		{
			"type": "Feature",
			"properties": { "pm_name": "仰德一號公園", "pm_type": "公園" },
			"geometry": {
				"type": "Point",
				"coordinates": [121.5377808,25.10007095]
			}
		},
		{
			"type": "Feature",
			"properties": { "pm_name": "仰德二號公園", "pm_type": "公園" },
			"geometry": {
				"type": "Point",
				"coordinates": [121.5382767,25.09999085]
			}
		},
		{
			"type": "Feature",
			"properties": { "pm_name": "名山公園", "pm_type": "公園" },
			"geometry": {
				"type": "Point",
				"coordinates": [121.5323715,25.10154915]
			}
		},
		{
			"type": "Feature",
			"properties": { "pm_name": "至善公園", "pm_type": "公園" },
			"geometry": {
				"type": "Point",
				"coordinates": [121.5382919,25.09819031]
			}
		},
		{
			"type": "Feature",
			"properties": { "pm_name": "至誠公園", "pm_type": "公園" },
			"geometry": {
				"type": "Point",
				"coordinates": [121.5366821,25.10108948]
			}
		},
		{
			"type": "Feature",
			"properties": { "pm_name": "至德園公園", "pm_type": "公園" },
			"geometry": {
				"type": "Point",
				"coordinates": [121.546402,25.09840012]
			}
		},
		{
			"type": "Feature",
			"properties": { "pm_name": "住六(公一)公園", "pm_type": "公園" },
			"geometry": {
				"type": "Point",
				"coordinates": [121.5594925,25.13691396]
			}
		},
		{
			"type": "Feature",
			"properties": { "pm_name": "住六(公二)公園", "pm_type": "公園" },
			"geometry": {
				"type": "Point",
				"coordinates": [121.5576499,25.13760535]
			}
		},
		{
			"type": "Feature",
			"properties": { "pm_name": "克強公園", "pm_type": "公園" },
			"geometry": {
				"type": "Point",
				"coordinates": [121.521967,25.10798596]
			}
		},
		{
			"type": "Feature",
			"properties": { "pm_name": "志成公園", "pm_type": "公園" },
			"geometry": {
				"type": "Point",
				"coordinates": [121.53086,25.09669]
			}
		},
		{
			"type": "Feature",
			"properties": { "pm_name": "忠誠公園", "pm_type": "公園" },
			"geometry": {
				"type": "Point",
				"coordinates": [121.5257416,25.10342026]
			}
		},
		{
			"type": "Feature",
			"properties": { "pm_name": "承德公園", "pm_type": "公園" },
			"geometry": {
				"type": "Point",
				"coordinates": [121.5219803,25.08966065]
			}
		},
		{
			"type": "Feature",
			"properties": { "pm_name": "明勝公園", "pm_type": "公園" },
			"geometry": {
				"type": "Point",
				"coordinates": [121.519187,25.079968]
			}
		},
		{
			"type": "Feature",
			"properties": { "pm_name": "東和公園", "pm_type": "公園" },
			"geometry": {
				"type": "Point",
				"coordinates": [121.5336861,25.1226002]
			}
		},
		{
			"type": "Feature",
			"properties": { "pm_name": "社子公園", "pm_type": "公園" },
			"geometry": {
				"type": "Point",
				"coordinates": [121.5060272,25.09037018]
			}
		},
		{
			"type": "Feature",
			"properties": {
				"pm_name": "社子島福安里堤防綠地",
				"pm_type": "公園"
			},
			"geometry": {
				"type": "Point",
				"coordinates": [121.4964373,25.09814157]
			}
		},
		{
			"type": "Feature",
			"properties": { "pm_name": "社正公園", "pm_type": "公園" },
			"geometry": {
				"type": "Point",
				"coordinates": [121.5104218,25.08749962]
			}
		},
		{
			"type": "Feature",
			"properties": { "pm_name": "芝山公園", "pm_type": "公園" },
			"geometry": {
				"type": "Point",
				"coordinates": [121.5317764,25.10236931]
			}
		},
		{
			"type": "Feature",
			"properties": { "pm_name": "花卉試驗中心", "pm_type": "公園" },
			"geometry": {
				"type": "Point",
				"coordinates": [121.5444106,25.13501543]
			}
		},
		{
			"type": "Feature",
			"properties": { "pm_name": "前港公園", "pm_type": "公園" },
			"geometry": {
				"type": "Point",
				"coordinates": [121.5201556,25.0860629]
			}
		},
		{
			"type": "Feature",
			"properties": { "pm_name": "後港公園", "pm_type": "公園" },
			"geometry": {
				"type": "Point",
				"coordinates": [121.514454,25.093237]
			}
		},
		{
			"type": "Feature",
			"properties": { "pm_name": "美崙公園", "pm_type": "公園" },
			"geometry": {
				"type": "Point",
				"coordinates": [121.5172195,25.09737968]
			}
		},
		{
			"type": "Feature",
			"properties": {
				"pm_name": "原住民文化主題公園",
				"pm_type": "公園"
			},
			"geometry": {
				"type": "Point",
				"coordinates": [121.5507507,25.10157013]
			}
		},
		{
			"type": "Feature",
			"properties": { "pm_name": "海光公園", "pm_type": "公園" },
			"geometry": {
				"type": "Point",
				"coordinates": [121.5078812,25.08185005]
			}
		},
		{
			"type": "Feature",
			"properties": { "pm_name": "基河公園", "pm_type": "公園" },
			"geometry": {
				"type": "Point",
				"coordinates": [121.5240173,25.08003998]
			}
		},
		{
			"type": "Feature",
			"properties": {
				"pm_name": "基隆河沖洗溝加蓋綠地",
				"pm_type": "公園"
			},
			"geometry": {
				"type": "Point",
				"coordinates": [121.5231628,25.08404923]
			}
		},
		{
			"type": "Feature",
			"properties": { "pm_name": "華聲公園", "pm_type": "公園" },
			"geometry": {
				"type": "Point",
				"coordinates": [121.5224915,25.09597969]
			}
		},
		{
			"type": "Feature",
			"properties": { "pm_name": "華齡公園", "pm_type": "公園" },
			"geometry": {
				"type": "Point",
				"coordinates": [121.5231628,25.08404923]
			}
		},
		{
			"type": "Feature",
			"properties": { "pm_name": "新佳公園", "pm_type": "公園" },
			"geometry": {
				"type": "Point",
				"coordinates": [121.5194931,25.09863091]
			}
		},
		{
			"type": "Feature",
			"properties": { "pm_name": "福中公園", "pm_type": "公園" },
			"geometry": {
				"type": "Point",
				"coordinates": [121.518837,25.08791924]
			}
		},
		{
			"type": "Feature",
			"properties": { "pm_name": "福志公園", "pm_type": "公園" },
			"geometry": {
				"type": "Point",
				"coordinates": [121.5340576,25.09905052]
			}
		},
		{
			"type": "Feature",
			"properties": { "pm_name": "福林公園", "pm_type": "公園" },
			"geometry": {
				"type": "Point",
				"coordinates": [121.5294724,25.0958004]
			}
		},
		{
			"type": "Feature",
			"properties": { "pm_name": "福華公園", "pm_type": "公園" },
			"geometry": {
				"type": "Point",
				"coordinates": [121.5189218,25.0821799]
			}
		},
		{
			"type": "Feature",
			"properties": { "pm_name": "福順公園", "pm_type": "公園" },
			"geometry": {
				"type": "Point",
				"coordinates": [121.5111313,25.08234978]
			}
		},
		{
			"type": "Feature",
			"properties": { "pm_name": "翠山公園", "pm_type": "公園" },
			"geometry": {
				"type": "Point",
				"coordinates": [121.56995,25.10845]
			}
		},
		{
			"type": "Feature",
			"properties": { "pm_name": "德仁公園", "pm_type": "公園" },
			"geometry": {
				"type": "Point",
				"coordinates": [121.5214615,25.10265923]
			}
		},
		{
			"type": "Feature",
			"properties": { "pm_name": "德行公園", "pm_type": "公園" },
			"geometry": {
				"type": "Point",
				"coordinates": [121.5236511,25.10511017]
			}
		},
		{
			"type": "Feature",
			"properties": { "pm_name": "線形公園-前街", "pm_type": "公園" },
			"geometry": {
				"type": "Point",
				"coordinates": [121.524831,25.097214]
			}
		},
		{
			"type": "Feature",
			"properties": { "pm_name": "線形公園-後街", "pm_type": "公園" },
			"geometry": {
				"type": "Point",
				"coordinates": [121.524831,25.097214]
			}
		},
		{
			"type": "Feature",
			"properties": { "pm_name": "線形公園-劍潭", "pm_type": "公園" },
			"geometry": {
				"type": "Point",
				"coordinates": [121.523387,25.079087]
			}
		},
		{
			"type": "Feature",
			"properties": { "pm_name": "衛理兒童遊戲場", "pm_type": "公園" },
			"geometry": {
				"type": "Point",
				"coordinates": [121.5533066,25.10232925]
			}
		},
		{
			"type": "Feature",
			"properties": { "pm_name": "磺溪公園", "pm_type": "公園" },
			"geometry": {
				"type": "Point",
				"coordinates": [121.5206299,25.10487938]
			}
		},
		{
			"type": "Feature",
			"properties": { "pm_name": "雙溪公園", "pm_type": "公園" },
			"geometry": {
				"type": "Point",
				"coordinates": [121.5359192,25.09803963]
			}
		},
		{
			"type": "Feature",
			"properties": { "pm_name": "雙溪濕地公園", "pm_type": "公園" },
			"geometry": {
				"type": "Point",
				"coordinates": [121.511988,25.096977]
			}
		},
		{
			"type": "Feature",
			"properties": { "pm_name": "蘭雅1號公園", "pm_type": "公園" },
			"geometry": {
				"type": "Point",
				"coordinates": [121.5291121,25.1099324]
			}
		},
		{
			"type": "Feature",
			"properties": { "pm_name": "蘭雅公園", "pm_type": "公園" },
			"geometry": {
				"type": "Point",
				"coordinates": [121.529919,25.109744]
			}
		},
		{
			"type": "Feature",
			"properties": { "pm_name": "蘭興公園", "pm_type": "公園" },
			"geometry": {
				"type": "Point",
				"coordinates": [121.525193,25.111029]
			}
		},
		{
			"type": "Feature",
			"properties": { "pm_name": "209號綠地", "pm_type": "綠地" },
			"geometry": {
				"type": "Point",
				"coordinates": [121.5280685,25.09259987]
			}
		},
		{
			"type": "Feature",
			"properties": { "pm_name": "士林116號綠地", "pm_type": "綠地" },
			"geometry": {
				"type": "Point",
				"coordinates": [121.5136032,25.09646034]
			}
		},
		{
			"type": "Feature",
			"properties": { "pm_name": "士林117號綠地", "pm_type": "綠地" },
			"geometry": {
				"type": "Point",
				"coordinates": [121.5139008,25.09703064]
			}
		},
		{
			"type": "Feature",
			"properties": { "pm_name": "士林118號綠地", "pm_type": "綠地" },
			"geometry": {
				"type": "Point",
				"coordinates": [121.5194626,25.0931797]
			}
		},
		{
			"type": "Feature",
			"properties": { "pm_name": "士林120號綠地", "pm_type": "綠地" },
			"geometry": {
				"type": "Point",
				"coordinates": [121.5204468,25.09305954]
			}
		},
		{
			"type": "Feature",
			"properties": { "pm_name": "士林121號綠地", "pm_type": "綠地" },
			"geometry": {
				"type": "Point",
				"coordinates": [121.5158081,25.0922699]
			}
		},
		{
			"type": "Feature",
			"properties": { "pm_name": "士林128號綠地", "pm_type": "綠地" },
			"geometry": {
				"type": "Point",
				"coordinates": [121.5223465,25.08466911]
			}
		},
		{
			"type": "Feature",
			"properties": { "pm_name": "士林130號綠地", "pm_type": "綠地" },
			"geometry": {
				"type": "Point",
				"coordinates": [121.5025864,25.08959961]
			}
		},
		{
			"type": "Feature",
			"properties": { "pm_name": "士林131號綠地", "pm_type": "綠地" },
			"geometry": {
				"type": "Point",
				"coordinates": [121.5055924,25.0907898]
			}
		},
		{
			"type": "Feature",
			"properties": { "pm_name": "士林132號綠地", "pm_type": "綠地" },
			"geometry": {
				"type": "Point",
				"coordinates": [121.5068207,25.0906601]
			}
		},
		{
			"type": "Feature",
			"properties": { "pm_name": "士林136號綠地", "pm_type": "綠地" },
			"geometry": {
				"type": "Point",
				"coordinates": [121.51091,25.08691025]
			}
		},
		{
			"type": "Feature",
			"properties": { "pm_name": "士林139號綠地", "pm_type": "綠地" },
			"geometry": {
				"type": "Point",
				"coordinates": [121.509407,25.08486939]
			}
		},
		{
			"type": "Feature",
			"properties": { "pm_name": "士林151號綠地", "pm_type": "綠地" },
			"geometry": {
				"type": "Point",
				"coordinates": [121.548439,25.09576035]
			}
		},
		{
			"type": "Feature",
			"properties": { "pm_name": "士林156號綠地", "pm_type": "綠地" },
			"geometry": {
				"type": "Point",
				"coordinates": [121.554827,25.103392]
			}
		},
		{
			"type": "Feature",
			"properties": {
				"pm_name": "士林173號綠地 (蘭興1號綠地)",
				"pm_type": "綠地"
			},
			"geometry": {
				"type": "Point",
				"coordinates": [121.5261993,25.1128006]
			}
		},
		{
			"type": "Feature",
			"properties": { "pm_name": "士林179號綠地", "pm_type": "綠地" },
			"geometry": {
				"type": "Point",
				"coordinates": [121.5294266,25.10433006]
			}
		},
		{
			"type": "Feature",
			"properties": { "pm_name": "士林197號綠地", "pm_type": "綠地" },
			"geometry": {
				"type": "Point",
				"coordinates": [121.558964,25.136188]
			}
		},
		{
			"type": "Feature",
			"properties": { "pm_name": "士林199號綠地", "pm_type": "綠地" },
			"geometry": {
				"type": "Point",
				"coordinates": [121.5584564,25.1405201]
			}
		},
		{
			"type": "Feature",
			"properties": { "pm_name": "士林200號綠地", "pm_type": "綠地" },
			"geometry": {
				"type": "Point",
				"coordinates": [121.5616684,25.13698006]
			}
		},
		{
			"type": "Feature",
			"properties": { "pm_name": "士林201號綠地", "pm_type": "綠地" },
			"geometry": {
				"type": "Point",
				"coordinates": [121.560669,25.13364029]
			}
		},
		{
			"type": "Feature",
			"properties": {
				"pm_name": "士林206綠地(番仔田綠地)",
				"pm_type": "綠地"
			},
			"geometry": {
				"type": "Point",
				"coordinates": [121.548027,25.09795952]
			}
		},
		{
			"type": "Feature",
			"properties": {
				"pm_name": "士林207綠地(番仔田小綠地)",
				"pm_type": "綠地"
			},
			"geometry": {
				"type": "Point",
				"coordinates": [121.5483933,25.0967598]
			}
		},
		{
			"type": "Feature",
			"properties": { "pm_name": "士林208號綠地", "pm_type": "綠地" },
			"geometry": {
				"type": "Point",
				"coordinates": [121.5337677,25.09733009]
			}
		},
		{
			"type": "Feature",
			"properties": { "pm_name": "士林4號綠地", "pm_type": "綠地" },
			"geometry": {
				"type": "Point",
				"coordinates": [121.5462723,25.13688088]
			}
		},
		{
			"type": "Feature",
			"properties": { "pm_name": "士林68號綠地", "pm_type": "綠地" },
			"geometry": {
				"type": "Point",
				"coordinates": [121.5364304,25.0990696]
			}
		},
		{
			"type": "Feature",
			"properties": {
				"pm_name": "士林73號綠地 (天美綠地)",
				"pm_type": "綠地"
			},
			"geometry": {
				"type": "Point",
				"coordinates": [121.5259705,25.1215992]
			}
		},
		{
			"type": "Feature",
			"properties": { "pm_name": "士林75號綠地", "pm_type": "綠地" },
			"geometry": {
				"type": "Point",
				"coordinates": [121.529441,25.123203]
			}
		},
		{
			"type": "Feature",
			"properties": { "pm_name": "士林76號綠地", "pm_type": "綠地" },
			"geometry": {
				"type": "Point",
				"coordinates": [121.532776,25.124725]
			}
		},
		{
			"type": "Feature",
			"properties": { "pm_name": "士林79號綠地", "pm_type": "綠地" },
			"geometry": {
				"type": "Point",
				"coordinates": [121.5267792,25.11557961]
			}
		},
		{
			"type": "Feature",
			"properties": { "pm_name": "士林80天壽二號", "pm_type": "綠地" },
			"geometry": {
				"type": "Point",
				"coordinates": [121.5264206,25.11326027]
			}
		},
		{
			"type": "Feature",
			"properties": { "pm_name": "士林89號綠地", "pm_type": "綠地" },
			"geometry": {
				"type": "Point",
				"coordinates": [121.5289307,25.10577011]
			}
		},
		{
			"type": "Feature",
			"properties": { "pm_name": "天福綠地", "pm_type": "綠地" },
			"geometry": {
				"type": "Point",
				"coordinates": [121.532547,25.11675072]
			}
		},
		{
			"type": "Feature",
			"properties": { "pm_name": "永倫綠地", "pm_type": "綠地" },
			"geometry": {
				"type": "Point",
				"coordinates": [121.5005264,25.09152031]
			}
		},
		{
			"type": "Feature",
			"properties": { "pm_name": "至臨綠地", "pm_type": "綠地" },
			"geometry": {
				"type": "Point",
				"coordinates": [121.555603,25.10429001]
			}
		},
		{
			"type": "Feature",
			"properties": { "pm_name": "東吳綠地", "pm_type": "綠地" },
			"geometry": {
				"type": "Point",
				"coordinates": [121.5427475,25.09658051]
			}
		},
		{
			"type": "Feature",
			"properties": { "pm_name": "添壽一號綠地", "pm_type": "綠地" },
			"geometry": {
				"type": "Point",
				"coordinates": [121.5269013,25.11673927]
			}
		},
		{
			"type": "Feature",
			"properties": { "pm_name": "聖山綠地", "pm_type": "綠地" },
			"geometry": {
				"type": "Point",
				"coordinates": [121.5323486,25.1068306]
			}
		},
		{
			"type": "Feature",
			"properties": { "pm_name": "福文公園", "pm_type": "綠地" },
			"geometry": {
				"type": "Point",
				"coordinates": [121.5272293,25.09065056]
			}
		},
		{
			"type": "Feature",
			"properties": { "pm_name": "士林3號廣場", "pm_type": "廣場" },
			"geometry": {
				"type": "Point",
				"coordinates": [121.5246124,25.10453033]
			}
		},
		{
			"type": "Feature",
			"properties": { "pm_name": "士林4號廣場", "pm_type": "廣場" },
			"geometry": {
				"type": "Point",
				"coordinates": [121.5319901,25.09605026]
			}
		},
		{
			"type": "Feature",
			"properties": { "pm_name": "天母廣場", "pm_type": "廣場" },
			"geometry": {
				"type": "Point",
				"coordinates": [121.5300827,25.11874962]
			}
		},
		{
			"type": "Feature",
			"properties": { "pm_name": "天生廣場", "pm_type": "廣場" },
			"geometry": {
				"type": "Point",
				"coordinates": [121.53125,25.12619019]
			}
		},
		{
			"type": "Feature",
			"properties": { "pm_name": "一江公園", "pm_type": "公園" },
			"geometry": {
				"type": "Point",
				"coordinates": [121.5312576,25.05327988]
			}
		},
		{
			"type": "Feature",
			"properties": {
				"pm_name": "八二三砲戰紀念公園",
				"pm_type": "公園"
			},
			"geometry": {
				"type": "Point",
				"coordinates": [121.5267716,25.07679939]
			}
		},
		{
			"type": "Feature",
			"properties": { "pm_name": "力行三號公園", "pm_type": "公園" },
			"geometry": {
				"type": "Point",
				"coordinates": [121.5366898,25.08543015]
			}
		},
		{
			"type": "Feature",
			"properties": { "pm_name": "下埤公園", "pm_type": "公園" },
			"geometry": {
				"type": "Point",
				"coordinates": [121.5422821,25.06701088]
			}
		},
		{
			"type": "Feature",
			"properties": { "pm_name": "下塔悠公園", "pm_type": "公園" },
			"geometry": {
				"type": "Point",
				"coordinates": [121.5595627,25.07692909]
			}
		},
		{
			"type": "Feature",
			"properties": { "pm_name": "上塔悠公園", "pm_type": "公園" },
			"geometry": {
				"type": "Point",
				"coordinates": [121.552002,25.07751083]
			}
		},
		{
			"type": "Feature",
			"properties": { "pm_name": "大佳社區公園", "pm_type": "公園" },
			"geometry": {
				"type": "Point",
				"coordinates": [121.5376587,25.07275009]
			}
		},
		{
			"type": "Feature",
			"properties": { "pm_name": "大直公園", "pm_type": "公園" },
			"geometry": {
				"type": "Point",
				"coordinates": [121.5472794,25.08271027]
			}
		},
		{
			"type": "Feature",
			"properties": { "pm_name": "中427公園", "pm_type": "公園" },
			"geometry": {
				"type": "Point",
				"coordinates": [121.5559921,25.0803299]
			}
		},
		{
			"type": "Feature",
			"properties": { "pm_name": "中428公園", "pm_type": "公園" },
			"geometry": {
				"type": "Point",
				"coordinates": [121.553485,25.078447]
			}
		},
		{
			"type": "Feature",
			"properties": { "pm_name": "中429公園", "pm_type": "公園" },
			"geometry": {
				"type": "Point",
				"coordinates": [121.555858,25.078469]
			}
		},
		{
			"type": "Feature",
			"properties": { "pm_name": "中430公園", "pm_type": "公園" },
			"geometry": {
				"type": "Point",
				"coordinates": [121.5620804,25.07829094]
			}
		},
		{
			"type": "Feature",
			"properties": { "pm_name": "中431公園", "pm_type": "公園" },
			"geometry": {
				"type": "Point",
				"coordinates": [121.5652084,25.07740021]
			}
		},
		{
			"type": "Feature",
			"properties": { "pm_name": "中山21號廣場", "pm_type": "公園" },
			"geometry": {
				"type": "Point",
				"coordinates": [121.556282,25.0807991]
			}
		},
		{
			"type": "Feature",
			"properties": { "pm_name": "中吉公園", "pm_type": "公園" },
			"geometry": {
				"type": "Point",
				"coordinates": [121.5318375,25.05636025]
			}
		},
		{
			"type": "Feature",
			"properties": { "pm_name": "中安公園 ", "pm_type": "公園" },
			"geometry": {
				"type": "Point",
				"coordinates": [121.5239868,25.05648994]
			}
		},
		{
			"type": "Feature",
			"properties": { "pm_name": "中原公園", "pm_type": "公園" },
			"geometry": {
				"type": "Point",
				"coordinates": [121.5285873,25.05581093]
			}
		},
		{
			"type": "Feature",
			"properties": { "pm_name": "仁德公園", "pm_type": "公園" },
			"geometry": {
				"type": "Point",
				"coordinates": [121.5290833,25.0531807]
			}
		},
		{
			"type": "Feature",
			"properties": { "pm_name": "四平公園", "pm_type": "公園" },
			"geometry": {
				"type": "Point",
				"coordinates": [121.5345078,25.05323029]
			}
		},
		{
			"type": "Feature",
			"properties": { "pm_name": "正守公園", "pm_type": "公園" },
			"geometry": {
				"type": "Point",
				"coordinates": [121.528745,25.048051]
			}
		},
		{
			"type": "Feature",
			"properties": { "pm_name": "民享公園", "pm_type": "公園" },
			"geometry": {
				"type": "Point",
				"coordinates": [121.5211105,25.0592308]
			}
		},
		{
			"type": "Feature",
			"properties": { "pm_name": "永安公園", "pm_type": "公園" },
			"geometry": {
				"type": "Point",
				"coordinates": [121.5452118,25.07912064]
			}
		},
		{
			"type": "Feature",
			"properties": { "pm_name": "永直公園", "pm_type": "公園" },
			"geometry": {
				"type": "Point",
				"coordinates": [121.5505295,25.08147049]
			}
		},
		{
			"type": "Feature",
			"properties": { "pm_name": "永靜公園", "pm_type": "公園" },
			"geometry": {
				"type": "Point",
				"coordinates": [121.5217819,25.06155968]
			}
		},
		{
			"type": "Feature",
			"properties": { "pm_name": "伊通公園", "pm_type": "公園" },
			"geometry": {
				"type": "Point",
				"coordinates": [121.5347672,25.05015945]
			}
		},
		{
			"type": "Feature",
			"properties": { "pm_name": "吉林公園", "pm_type": "公園" },
			"geometry": {
				"type": "Point",
				"coordinates": [121.5289307,25.05082512]
			}
		},
		{
			"type": "Feature",
			"properties": { "pm_name": "合江公園", "pm_type": "公園" },
			"geometry": {
				"type": "Point",
				"coordinates": [121.5394821,25.05866051]
			}
		},
		{
			"type": "Feature",
			"properties": { "pm_name": "朱昌公園", "pm_type": "公園" },
			"geometry": {
				"type": "Point",
				"coordinates": [121.5388184,25.05545998]
			}
		},
		{
			"type": "Feature",
			"properties": { "pm_name": "朱厝崙公園", "pm_type": "公園" },
			"geometry": {
				"type": "Point",
				"coordinates": [121.5410614,25.0475502]
			}
		},
		{
			"type": "Feature",
			"properties": { "pm_name": "朱崙公園", "pm_type": "公園" },
			"geometry": {
				"type": "Point",
				"coordinates": [121.541687,25.04933929]
			}
		},
		{
			"type": "Feature",
			"properties": { "pm_name": "江寧公園", "pm_type": "公園" },
			"geometry": {
				"type": "Point",
				"coordinates": [121.5394135,25.06122971]
			}
		},
		{
			"type": "Feature",
			"properties": { "pm_name": "自強公園", "pm_type": "公園" },
			"geometry": {
				"type": "Point",
				"coordinates": [121.548603,25.086019]
			}
		},
		{
			"type": "Feature",
			"properties": { "pm_name": "明水公園", "pm_type": "公園" },
			"geometry": {
				"type": "Point",
				"coordinates": [121.5480576,25.07881928]
			}
		},
		{
			"type": "Feature",
			"properties": { "pm_name": "林森公園", "pm_type": "公園" },
			"geometry": {
				"type": "Point",
				"coordinates": [121.5258713,25.05233955]
			}
		},
		{
			"type": "Feature",
			"properties": { "pm_name": "松江公園", "pm_type": "公園" },
			"geometry": {
				"type": "Point",
				"coordinates": [121.5324631,25.05036926]
			}
		},
		{
			"type": "Feature",
			"properties": { "pm_name": "松錦1號公園", "pm_type": "公園" },
			"geometry": {
				"type": "Point",
				"coordinates": [121.532404,25.060117]
			}
		},
		{
			"type": "Feature",
			"properties": { "pm_name": "松錦2號公園", "pm_type": "公園" },
			"geometry": {
				"type": "Point",
				"coordinates": [121.532089,25.059608]
			}
		},
		{
			"type": "Feature",
			"properties": { "pm_name": "直安公園", "pm_type": "公園" },
			"geometry": {
				"type": "Point",
				"coordinates": [121.5478516,25.08119965]
			}
		},
		{
			"type": "Feature",
			"properties": { "pm_name": "花博公園美術園區", "pm_type": "公園" },
			"geometry": {
				"type": "Point",
				"coordinates": [121.5239563,25.07060051]
			}
		},
		{
			"type": "Feature",
			"properties": { "pm_name": "花博公園圓山園區", "pm_type": "公園" },
			"geometry": {
				"type": "Point",
				"coordinates": [121.5206223,25.07156944]
			}
		},
		{
			"type": "Feature",
			"properties": { "pm_name": "花博公園新生園區", "pm_type": "公園" },
			"geometry": {
				"type": "Point",
				"coordinates": [121.5305023,25.06856918]
			}
		},
		{
			"type": "Feature",
			"properties": { "pm_name": "金泰公園", "pm_type": "公園" },
			"geometry": {
				"type": "Point",
				"coordinates": [121.565167,25.076495]
			}
		},
		{
			"type": "Feature",
			"properties": { "pm_name": "建興公園", "pm_type": "公園" },
			"geometry": {
				"type": "Point",
				"coordinates": [121.5381775,25.04714966]
			}
		},
		{
			"type": "Feature",
			"properties": { "pm_name": "培英公園", "pm_type": "公園" },
			"geometry": {
				"type": "Point",
				"coordinates": [121.5449829,25.08226967]
			}
		},
		{
			"type": "Feature",
			"properties": { "pm_name": "康樂公園", "pm_type": "公園" },
			"geometry": {
				"type": "Point",
				"coordinates": [121.5251465,25.05340958]
			}
		},
		{
			"type": "Feature",
			"properties": { "pm_name": "復華公園", "pm_type": "公園" },
			"geometry": {
				"type": "Point",
				"coordinates": [121.5396805,25.0531292]
			}
		},
		{
			"type": "Feature",
			"properties": { "pm_name": "晴光公園", "pm_type": "公園" },
			"geometry": {
				"type": "Point",
				"coordinates": [121.5245667,25.06389999]
			}
		},
		{
			"type": "Feature",
			"properties": { "pm_name": "華山公園", "pm_type": "公園" },
			"geometry": {
				"type": "Point",
				"coordinates": [121.525861,25.047745]
			}
		},
		{
			"type": "Feature",
			"properties": { "pm_name": "進安公園", "pm_type": "公園" },
			"geometry": {
				"type": "Point",
				"coordinates": [121.537468,25.04586983]
			}
		},
		{
			"type": "Feature",
			"properties": { "pm_name": "集英公園", "pm_type": "公園" },
			"geometry": {
				"type": "Point",
				"coordinates": [121.521344,25.065402]
			}
		},
		{
			"type": "Feature",
			"properties": { "pm_name": "圓山自然景觀公園", "pm_type": "公園" },
			"geometry": {
				"type": "Point",
				"coordinates": [121.52233,25.075055]
			}
		},
		{
			"type": "Feature",
			"properties": { "pm_name": "敬業公園", "pm_type": "公園" },
			"geometry": {
				"type": "Point",
				"coordinates": [121.556045,25.085728]
			}
		},
		{
			"type": "Feature",
			"properties": { "pm_name": "新喜公園", "pm_type": "公園" },
			"geometry": {
				"type": "Point",
				"coordinates": [121.5321884,25.06542969]
			}
		},
		{
			"type": "Feature",
			"properties": { "pm_name": "新祿公園", "pm_type": "公園" },
			"geometry": {
				"type": "Point",
				"coordinates": [121.5296478,25.06715965]
			}
		},
		{
			"type": "Feature",
			"properties": { "pm_name": "新壽公園", "pm_type": "公園" },
			"geometry": {
				"type": "Point",
				"coordinates": [121.5299225,25.06331062]
			}
		},
		{
			"type": "Feature",
			"properties": { "pm_name": "新興公園", "pm_type": "公園" },
			"geometry": {
				"type": "Point",
				"coordinates": [121.5246506,25.06151962]
			}
		},
		{
			"type": "Feature",
			"properties": { "pm_name": "農安公園", "pm_type": "公園" },
			"geometry": {
				"type": "Point",
				"coordinates": [121.5352631,25.06528091]
			}
		},
		{
			"type": "Feature",
			"properties": { "pm_name": "榮星花園公園", "pm_type": "公園" },
			"geometry": {
				"type": "Point",
				"coordinates": [121.5404968,25.06265068]
			}
		},
		{
			"type": "Feature",
			"properties": { "pm_name": "聚葉公園", "pm_type": "公園" },
			"geometry": {
				"type": "Point",
				"coordinates": [121.527236,25.060496]
			}
		},
		{
			"type": "Feature",
			"properties": { "pm_name": "劍潭公園", "pm_type": "公園" },
			"geometry": {
				"type": "Point",
				"coordinates": [121.524598,25.080108]
			}
		},
		{
			"type": "Feature",
			"properties": { "pm_name": "德惠公園", "pm_type": "公園" },
			"geometry": {
				"type": "Point",
				"coordinates": [121.5315628,25.06748962]
			}
		},
		{
			"type": "Feature",
			"properties": { "pm_name": "撫順公園", "pm_type": "公園" },
			"geometry": {
				"type": "Point",
				"coordinates": [121.52199,25.064579]
			}
		},
		{
			"type": "Feature",
			"properties": { "pm_name": "興安公園", "pm_type": "公園" },
			"geometry": {
				"type": "Point",
				"coordinates": [121.5417786,25.05567932]
			}
		},
		{
			"type": "Feature",
			"properties": { "pm_name": "興亞公園", "pm_type": "公園" },
			"geometry": {
				"type": "Point",
				"coordinates": [121.531601,25.04738045]
			}
		},
		{
			"type": "Feature",
			"properties": { "pm_name": "興國公園", "pm_type": "公園" },
			"geometry": {
				"type": "Point",
				"coordinates": [121.541941,25.0531]
			}
		},
		{
			"type": "Feature",
			"properties": { "pm_name": "遼寧公園", "pm_type": "公園" },
			"geometry": {
				"type": "Point",
				"coordinates": [121.5423126,25.05360031]
			}
		},
		{
			"type": "Feature",
			"properties": { "pm_name": "錦北公園", "pm_type": "公園" },
			"geometry": {
				"type": "Point",
				"coordinates": [121.5358276,25.06048966]
			}
		},
		{
			"type": "Feature",
			"properties": { "pm_name": "錦州公園", "pm_type": "公園" },
			"geometry": {
				"type": "Point",
				"coordinates": [121.5293198,25.06061935]
			}
		},
		{
			"type": "Feature",
			"properties": { "pm_name": "龍江公園", "pm_type": "公園" },
			"geometry": {
				"type": "Point",
				"coordinates": [121.54216,25.05982018]
			}
		},
		{
			"type": "Feature",
			"properties": { "pm_name": "雙城公園", "pm_type": "公園" },
			"geometry": {
				"type": "Point",
				"coordinates": [121.5240173,25.06731033]
			}
		},
		{
			"type": "Feature",
			"properties": { "pm_name": "力行1號綠地", "pm_type": "綠地" },
			"geometry": {
				"type": "Point",
				"coordinates": [121.5388718,25.08410072]
			}
		},
		{
			"type": "Feature",
			"properties": { "pm_name": "力行2號綠地", "pm_type": "綠地" },
			"geometry": {
				"type": "Point",
				"coordinates": [121.5379334,25.08334923]
			}
		},
		{
			"type": "Feature",
			"properties": { "pm_name": "中山129號綠地", "pm_type": "綠地" },
			"geometry": {
				"type": "Point",
				"coordinates": [121.5396729,25.05372047]
			}
		},
		{
			"type": "Feature",
			"properties": { "pm_name": "中山161號綠地", "pm_type": "綠地" },
			"geometry": {
				"type": "Point",
				"coordinates": [121.5331574,25.07806969]
			}
		},
		{
			"type": "Feature",
			"properties": { "pm_name": "中山240號綠地", "pm_type": "綠地" },
			"geometry": {
				"type": "Point",
				"coordinates": [121.5495987,25.08696938]
			}
		},
		{
			"type": "Feature",
			"properties": { "pm_name": "中山381號綠地", "pm_type": "綠地" },
			"geometry": {
				"type": "Point",
				"coordinates": [121.5472031,25.07959938]
			}
		},
		{
			"type": "Feature",
			"properties": { "pm_name": "中山411號綠地", "pm_type": "綠地" },
			"geometry": {
				"type": "Point",
				"coordinates": [121.5564499,25.0832901]
			}
		},
		{
			"type": "Feature",
			"properties": { "pm_name": "中山412號綠地", "pm_type": "綠地" },
			"geometry": {
				"type": "Point",
				"coordinates": [121.5564575,25.08230019]
			}
		},
		{
			"type": "Feature",
			"properties": { "pm_name": "中山413號綠地", "pm_type": "綠地" },
			"geometry": {
				"type": "Point",
				"coordinates": [121.5561981,25.08332062]
			}
		},
		{
			"type": "Feature",
			"properties": { "pm_name": "中山414號綠地", "pm_type": "綠地" },
			"geometry": {
				"type": "Point",
				"coordinates": [121.5561676,25.08126068]
			}
		},
		{
			"type": "Feature",
			"properties": { "pm_name": "中山415號綠地", "pm_type": "綠地" },
			"geometry": {
				"type": "Point",
				"coordinates": [121.5526276,25.08012009]
			}
		},
		{
			"type": "Feature",
			"properties": { "pm_name": "中山416號綠地", "pm_type": "綠地" },
			"geometry": {
				"type": "Point",
				"coordinates": [121.553772,25.0800705]
			}
		},
		{
			"type": "Feature",
			"properties": { "pm_name": "中山417號綠地", "pm_type": "綠地" },
			"geometry": {
				"type": "Point",
				"coordinates": [121.5552597,25.0800705]
			}
		},
		{
			"type": "Feature",
			"properties": { "pm_name": "中山418號綠地", "pm_type": "綠地" },
			"geometry": {
				"type": "Point",
				"coordinates": [121.5573731,25.08005905]
			}
		},
		{
			"type": "Feature",
			"properties": { "pm_name": "中山419號綠地", "pm_type": "綠地" },
			"geometry": {
				"type": "Point",
				"coordinates": [121.5593414,25.08003998]
			}
		},
		{
			"type": "Feature",
			"properties": { "pm_name": "中山420號綠地", "pm_type": "綠地" },
			"geometry": {
				"type": "Point",
				"coordinates": [121.560997,25.08004952]
			}
		},
		{
			"type": "Feature",
			"properties": { "pm_name": "中山421號綠地", "pm_type": "綠地" },
			"geometry": {
				"type": "Point",
				"coordinates": [121.5621719,25.08037949]
			}
		},
		{
			"type": "Feature",
			"properties": { "pm_name": "中山422號綠地", "pm_type": "綠地" },
			"geometry": {
				"type": "Point",
				"coordinates": [121.552742,25.07986069]
			}
		},
		{
			"type": "Feature",
			"properties": { "pm_name": "中山423號綠地", "pm_type": "綠地" },
			"geometry": {
				"type": "Point",
				"coordinates": [121.5538025,25.07983971]
			}
		},
		{
			"type": "Feature",
			"properties": { "pm_name": "中山424號綠地", "pm_type": "綠地" },
			"geometry": {
				"type": "Point",
				"coordinates": [121.5549164,25.07983971]
			}
		},
		{
			"type": "Feature",
			"properties": { "pm_name": "中山425號綠地", "pm_type": "綠地" },
			"geometry": {
				"type": "Point",
				"coordinates": [121.5558167,25.07983971]
			}
		},
		{
			"type": "Feature",
			"properties": { "pm_name": "中山426號綠地", "pm_type": "綠地" },
			"geometry": {
				"type": "Point",
				"coordinates": [121.5622177,25.08011055]
			}
		},
		{
			"type": "Feature",
			"properties": { "pm_name": "長春綠地", "pm_type": "綠地" },
			"geometry": {
				"type": "Point",
				"coordinates": [121.5380096,25.05290031]
			}
		},
		{
			"type": "Feature",
			"properties": { "pm_name": "中山4號廣場", "pm_type": "廣場" },
			"geometry": {
				"type": "Point",
				"coordinates": [121.5205231,25.0526104]
			}
		},
		{
			"type": "Feature",
			"properties": { "pm_name": "九華公園", "pm_type": "公園" },
			"geometry": {
				"type": "Point",
				"coordinates": [121.5613785,25.08859062]
			}
		},
		{
			"type": "Feature",
			"properties": { "pm_name": "下灣公園", "pm_type": "公園" },
			"geometry": {
				"type": "Point",
				"coordinates": [121.5906982,25.06681061]
			}
		},
		{
			"type": "Feature",
			"properties": { "pm_name": "上灣公園", "pm_type": "公園" },
			"geometry": {
				"type": "Point",
				"coordinates": [121.5958405,25.06546021]
			}
		},
		{
			"type": "Feature",
			"properties": { "pm_name": "口湖公園", "pm_type": "公園" },
			"geometry": {
				"type": "Point",
				"coordinates": [121.598514,25.067328]
			}
		},
		{
			"type": "Feature",
			"properties": { "pm_name": "大坑公園", "pm_type": "公園" },
			"geometry": {
				"type": "Point",
				"coordinates": [121.598706,25.069037]
			}
		},
		{
			"type": "Feature",
			"properties": { "pm_name": "大港墘公園", "pm_type": "公園" },
			"geometry": {
				"type": "Point",
				"coordinates": [121.5729968,25.0774149]
			}
		},
		{
			"type": "Feature",
			"properties": { "pm_name": "大湖公園", "pm_type": "公園" },
			"geometry": {
				"type": "Point",
				"coordinates": [121.602695,25.082976]
			}
		},
		{
			"type": "Feature",
			"properties": { "pm_name": "山腳公園", "pm_type": "公園" },
			"geometry": {
				"type": "Point",
				"coordinates": [121.5799027,25.08408928]
			}
		},
		{
			"type": "Feature",
			"properties": { "pm_name": "五分公園", "pm_type": "公園" },
			"geometry": {
				"type": "Point",
				"coordinates": [121.6147919,25.0671196]
			}
		},
		{
			"type": "Feature",
			"properties": { "pm_name": "內湖125號公園", "pm_type": "公園" },
			"geometry": {
				"type": "Point",
				"coordinates": [121.6112595,25.06469917]
			}
		},
		{
			"type": "Feature",
			"properties": { "pm_name": "文心公園", "pm_type": "公園" },
			"geometry": {
				"type": "Point",
				"coordinates": [121.5841827,25.06545067]
			}
		},
		{
			"type": "Feature",
			"properties": { "pm_name": "文湖公園", "pm_type": "公園" },
			"geometry": {
				"type": "Point",
				"coordinates": [121.560993,25.087427]
			}
		},
		{
			"type": "Feature",
			"properties": { "pm_name": "文德3號公園", "pm_type": "公園" },
			"geometry": {
				"type": "Point",
				"coordinates": [121.5771179,25.07509041]
			}
		},
		{
			"type": "Feature",
			"properties": { "pm_name": "文德二號公園", "pm_type": "公園" },
			"geometry": {
				"type": "Point",
				"coordinates": [121.5837402,25.07785988]
			}
		},
		{
			"type": "Feature",
			"properties": { "pm_name": "仙樹公園", "pm_type": "公園" },
			"geometry": {
				"type": "Point",
				"coordinates": [121.5690002,25.08560944]
			}
		},
		{
			"type": "Feature",
			"properties": { "pm_name": "北勢湖公園", "pm_type": "公園" },
			"geometry": {
				"type": "Point",
				"coordinates": [121.5616837,25.08374977]
			}
		},
		{
			"type": "Feature",
			"properties": { "pm_name": "安泰公園", "pm_type": "公園" },
			"geometry": {
				"type": "Point",
				"coordinates": [121.6186371,25.07408905]
			}
		},
		{
			"type": "Feature",
			"properties": { "pm_name": "安康公園(下)", "pm_type": "公園" },
			"geometry": {
				"type": "Point",
				"coordinates": [121.6106186,25.06720924]
			}
		},
		{
			"type": "Feature",
			"properties": { "pm_name": "安康公園(上)", "pm_type": "公園" },
			"geometry": {
				"type": "Point",
				"coordinates": [121.612381,25.06712914]
			}
		},
		{
			"type": "Feature",
			"properties": { "pm_name": "安湖三號公園", "pm_type": "公園" },
			"geometry": {
				"type": "Point",
				"coordinates": [121.6156921,25.07041931]
			}
		},
		{
			"type": "Feature",
			"properties": { "pm_name": "安湖公園", "pm_type": "公園" },
			"geometry": {
				"type": "Point",
				"coordinates": [121.6154175,25.07402039]
			}
		},
		{
			"type": "Feature",
			"properties": { "pm_name": "成功公園", "pm_type": "公園" },
			"geometry": {
				"type": "Point",
				"coordinates": [121.5966263,25.08429909]
			}
		},
		{
			"type": "Feature",
			"properties": { "pm_name": "行善公園", "pm_type": "公園" },
			"geometry": {
				"type": "Point",
				"coordinates": [121.5755768,25.0532608]
			}
		},
		{
			"type": "Feature",
			"properties": { "pm_name": "西安公園", "pm_type": "公園" },
			"geometry": {
				"type": "Point",
				"coordinates": [121.567482,25.08745003]
			}
		},
		{
			"type": "Feature",
			"properties": { "pm_name": "西安廣場", "pm_type": "公園" },
			"geometry": {
				"type": "Point",
				"coordinates": [121.5608521,25.08675957]
			}
		},
		{
			"type": "Feature",
			"properties": { "pm_name": "西康二號公園", "pm_type": "公園" },
			"geometry": {
				"type": "Point",
				"coordinates": [121.5639267,25.08498001]
			}
		},
		{
			"type": "Feature",
			"properties": { "pm_name": "西康公園", "pm_type": "公園" },
			"geometry": {
				"type": "Point",
				"coordinates": [121.5643921,25.08312035]
			}
		},
		{
			"type": "Feature",
			"properties": { "pm_name": "西湖公園", "pm_type": "公園" },
			"geometry": {
				"type": "Point",
				"coordinates": [121.5703888,25.08361054]
			}
		},
		{
			"type": "Feature",
			"properties": { "pm_name": "扶輪親恩公園", "pm_type": "公園" },
			"geometry": {
				"type": "Point",
				"coordinates": [121.5797501,25.06670952]
			}
		},
		{
			"type": "Feature",
			"properties": { "pm_name": "明美公園", "pm_type": "公園" },
			"geometry": {
				"type": "Point",
				"coordinates": [121.5861969,25.06221962]
			}
		},
		{
			"type": "Feature",
			"properties": { "pm_name": "東湖一號公園", "pm_type": "公園" },
			"geometry": {
				"type": "Point",
				"coordinates": [121.6121368,25.07559967]
			}
		},
		{
			"type": "Feature",
			"properties": { "pm_name": "東湖二號公園", "pm_type": "公園" },
			"geometry": {
				"type": "Point",
				"coordinates": [121.6109238,25.07389069]
			}
		},
		{
			"type": "Feature",
			"properties": { "pm_name": "東湖四號公園", "pm_type": "公園" },
			"geometry": {
				"type": "Point",
				"coordinates": [121.6180801,25.07044983]
			}
		},
		{
			"type": "Feature",
			"properties": { "pm_name": "金瑞公園", "pm_type": "公園" },
			"geometry": {
				"type": "Point",
				"coordinates": [121.5879517,25.08795929]
			}
		},
		{
			"type": "Feature",
			"properties": { "pm_name": "金龍公園", "pm_type": "公園" },
			"geometry": {
				"type": "Point",
				"coordinates": [121.590799,25.08543218]
			}
		},
		{
			"type": "Feature",
			"properties": { "pm_name": "長青公園", "pm_type": "公園" },
			"geometry": {
				"type": "Point",
				"coordinates": [121.5817413,25.0809803]
			}
		},
		{
			"type": "Feature",
			"properties": { "pm_name": "南湖一號公園", "pm_type": "公園" },
			"geometry": {
				"type": "Point",
				"coordinates": [121.6110916,25.06913948]
			}
		},
		{
			"type": "Feature",
			"properties": { "pm_name": "洲子1號公園", "pm_type": "公園" },
			"geometry": {
				"type": "Point",
				"coordinates": [121.5643387,25.07957077]
			}
		},
		{
			"type": "Feature",
			"properties": { "pm_name": "洲子2號公園", "pm_type": "公園" },
			"geometry": {
				"type": "Point",
				"coordinates": [121.5686264,25.07959938]
			}
		},
		{
			"type": "Feature",
			"properties": { "pm_name": "美善公園", "pm_type": "公園" },
			"geometry": {
				"type": "Point",
				"coordinates": [121.5785828,25.05699921]
			}
		},
		{
			"type": "Feature",
			"properties": { "pm_name": "畚箕湖公園", "pm_type": "公園" },
			"geometry": {
				"type": "Point",
				"coordinates": [121.560064,25.089436]
			}
		},
		{
			"type": "Feature",
			"properties": { "pm_name": "康湖二號公園", "pm_type": "公園" },
			"geometry": {
				"type": "Point",
				"coordinates": [121.6088,25.074042]
			}
		},
		{
			"type": "Feature",
			"properties": { "pm_name": "康湖公園", "pm_type": "公園" },
			"geometry": {
				"type": "Point",
				"coordinates": [121.6087265,25.07468033]
			}
		},
		{
			"type": "Feature",
			"properties": { "pm_name": "康寧公園", "pm_type": "公園" },
			"geometry": {
				"type": "Point",
				"coordinates": [121.6095886,25.0689106]
			}
		},
		{
			"type": "Feature",
			"properties": { "pm_name": "清白公園", "pm_type": "公園" },
			"geometry": {
				"type": "Point",
				"coordinates": [121.5952835,25.08169937]
			}
		},
		{
			"type": "Feature",
			"properties": { "pm_name": "港都公園", "pm_type": "公園" },
			"geometry": {
				"type": "Point",
				"coordinates": [121.5752335,25.0827198]
			}
		},
		{
			"type": "Feature",
			"properties": { "pm_name": "港華一號公園", "pm_type": "公園" },
			"geometry": {
				"type": "Point",
				"coordinates": [121.573586,25.087734]
			}
		},
		{
			"type": "Feature",
			"properties": { "pm_name": "港華二號公園", "pm_type": "公園" },
			"geometry": {
				"type": "Point",
				"coordinates": [121.5738373,25.08778954]
			}
		},
		{
			"type": "Feature",
			"properties": { "pm_name": "港華三號公園", "pm_type": "公園" },
			"geometry": {
				"type": "Point",
				"coordinates": [121.575058,25.0866909]
			}
		},
		{
			"type": "Feature",
			"properties": { "pm_name": "港華六號公園", "pm_type": "公園" },
			"geometry": {
				"type": "Point",
				"coordinates": [121.5746231,25.08426094]
			}
		},
		{
			"type": "Feature",
			"properties": { "pm_name": "港華四號公園", "pm_type": "公園" },
			"geometry": {
				"type": "Point",
				"coordinates": [121.5752792,25.08653069]
			}
		},
		{
			"type": "Feature",
			"properties": { "pm_name": "港墘公園", "pm_type": "公園" },
			"geometry": {
				"type": "Point",
				"coordinates": [121.576437,25.080978]
			}
		},
		{
			"type": "Feature",
			"properties": { "pm_name": "游美公園", "pm_type": "公園" },
			"geometry": {
				"type": "Point",
				"coordinates": [121.5971985,25.06459999]
			}
		},
		{
			"type": "Feature",
			"properties": { "pm_name": "湖山9號公園", "pm_type": "公園" },
			"geometry": {
				"type": "Point",
				"coordinates": [121.6035004,25.08522034]
			}
		},
		{
			"type": "Feature",
			"properties": { "pm_name": "湖山八號公園", "pm_type": "公園" },
			"geometry": {
				"type": "Point",
				"coordinates": [121.6032715,25.08391953]
			}
		},
		{
			"type": "Feature",
			"properties": { "pm_name": "湖山三號公園", "pm_type": "公園" },
			"geometry": {
				"type": "Point",
				"coordinates": [121.6044693,25.08716011]
			}
		},
		{
			"type": "Feature",
			"properties": { "pm_name": "湖山五號公園", "pm_type": "公園" },
			"geometry": {
				"type": "Point",
				"coordinates": [121.6008377,25.08157921]
			}
		},
		{
			"type": "Feature",
			"properties": { "pm_name": "湖山六號公園", "pm_type": "公園" },
			"geometry": {
				"type": "Point",
				"coordinates": [121.6018601,25.08309937]
			}
		},
		{
			"type": "Feature",
			"properties": { "pm_name": "湖山四號公園", "pm_type": "公園" },
			"geometry": {
				"type": "Point",
				"coordinates": [121.6007538,25.08270073]
			}
		},
		{
			"type": "Feature",
			"properties": { "pm_name": "湖元公園", "pm_type": "公園" },
			"geometry": {
				"type": "Point",
				"coordinates": [121.5870209,25.06822968]
			}
		},
		{
			"type": "Feature",
			"properties": { "pm_name": "湖畔公園", "pm_type": "公園" },
			"geometry": {
				"type": "Point",
				"coordinates": [121.601473,25.088247]
			}
		},
		{
			"type": "Feature",
			"properties": { "pm_name": "湖聖公園", "pm_type": "公園" },
			"geometry": {
				"type": "Point",
				"coordinates": [121.5917664,25.06977081]
			}
		},
		{
			"type": "Feature",
			"properties": { "pm_name": "湖興公園", "pm_type": "公園" },
			"geometry": {
				"type": "Point",
				"coordinates": [121.589592,25.06693077]
			}
		},
		{
			"type": "Feature",
			"properties": { "pm_name": "湖濱公園", "pm_type": "公園" },
			"geometry": {
				"type": "Point",
				"coordinates": [121.5876265,25.08154729]
			}
		},
		{
			"type": "Feature",
			"properties": { "pm_name": "湖寶公園", "pm_type": "公園" },
			"geometry": {
				"type": "Point",
				"coordinates": [121.5995636,25.0666008]
			}
		},
		{
			"type": "Feature",
			"properties": { "pm_name": "週美綠地", "pm_type": "公園" },
			"geometry": {
				"type": "Point",
				"coordinates": [121.5819016,25.0564003]
			}
		},
		{
			"type": "Feature",
			"properties": { "pm_name": "陽光公園", "pm_type": "公園" },
			"geometry": {
				"type": "Point",
				"coordinates": [121.586719,25.076736]
			}
		},
		{
			"type": "Feature",
			"properties": { "pm_name": "新明公園", "pm_type": "公園" },
			"geometry": {
				"type": "Point",
				"coordinates": [121.5788117,25.05413055]
			}
		},
		{
			"type": "Feature",
			"properties": { "pm_name": "煙波庭公園", "pm_type": "公園" },
			"geometry": {
				"type": "Point",
				"coordinates": [121.5992508,25.08633995]
			}
		},
		{
			"type": "Feature",
			"properties": { "pm_name": "瑞光公園", "pm_type": "公園" },
			"geometry": {
				"type": "Point",
				"coordinates": [121.5776825,25.07118034]
			}
		},
		{
			"type": "Feature",
			"properties": { "pm_name": "瑞湖公園", "pm_type": "公園" },
			"geometry": {
				"type": "Point",
				"coordinates": [121.576889,25.06930924]
			}
		},
		{
			"type": "Feature",
			"properties": { "pm_name": "瑞陽公園", "pm_type": "公園" },
			"geometry": {
				"type": "Point",
				"coordinates": [121.579352,25.07751]
			}
		},
		{
			"type": "Feature",
			"properties": { "pm_name": "碧山公園", "pm_type": "公園" },
			"geometry": {
				"type": "Point",
				"coordinates": [121.5919571,25.08708]
			}
		},
		{
			"type": "Feature",
			"properties": { "pm_name": "碧湖公園", "pm_type": "公園" },
			"geometry": {
				"type": "Point",
				"coordinates": [121.5842896,25.08218956]
			}
		},
		{
			"type": "Feature",
			"properties": { "pm_name": "福壽公園", "pm_type": "公園" },
			"geometry": {
				"type": "Point",
				"coordinates": [121.5965576,25.07980919]
			}
		},
		{
			"type": "Feature",
			"properties": { "pm_name": "翠湖公園", "pm_type": "公園" },
			"geometry": {
				"type": "Point",
				"coordinates": [121.602107,25.08626]
			}
		},
		{
			"type": "Feature",
			"properties": { "pm_name": "樂活公園", "pm_type": "公園" },
			"geometry": {
				"type": "Point",
				"coordinates": [121.618814,25.068244]
			}
		},
		{
			"type": "Feature",
			"properties": { "pm_name": "樂康公園", "pm_type": "公園" },
			"geometry": {
				"type": "Point",
				"coordinates": [121.620697,25.07007027]
			}
		},
		{
			"type": "Feature",
			"properties": { "pm_name": "環東公園", "pm_type": "公園" },
			"geometry": {
				"type": "Point",
				"coordinates": [121.5429306,25.04372978]
			}
		},
		{
			"type": "Feature",
			"properties": { "pm_name": "麗湖公園", "pm_type": "公園" },
			"geometry": {
				"type": "Point",
				"coordinates": [121.599282,25.073539]
			}
		},
		{
			"type": "Feature",
			"properties": { "pm_name": "內湖110號綠地", "pm_type": "綠地" },
			"geometry": {
				"type": "Point",
				"coordinates": [121.5800705,25.07122994]
			}
		},
		{
			"type": "Feature",
			"properties": { "pm_name": "內湖117號綠地", "pm_type": "綠地" },
			"geometry": {
				"type": "Point",
				"coordinates": [121.6018524,25.08326912]
			}
		},
		{
			"type": "Feature",
			"properties": { "pm_name": "內湖119號安興綠地", "pm_type": "綠地" },
			"geometry": {
				"type": "Point",
				"coordinates": [121.5836716,25.0576992]
			}
		},
		{
			"type": "Feature",
			"properties": { "pm_name": "文德1號綠地", "pm_type": "綠地" },
			"geometry": {
				"type": "Point",
				"coordinates": [121.5842133,25.07859039]
			}
		},
		{
			"type": "Feature",
			"properties": { "pm_name": "石潭公園", "pm_type": "綠地" },
			"geometry": {
				"type": "Point",
				"coordinates": [121.5932083,25.06311989]
			}
		},
		{
			"type": "Feature",
			"properties": { "pm_name": "康樂綠地", "pm_type": "綠地" },
			"geometry": {
				"type": "Point",
				"coordinates": [121.6206131,25.07490921]
			}
		},
		{
			"type": "Feature",
			"properties": { "pm_name": "港華5號綠地", "pm_type": "綠地" },
			"geometry": {
				"type": "Point",
				"coordinates": [121.5742874,25.08544922]
			}
		},
		{
			"type": "Feature",
			"properties": { "pm_name": "湖興綠地", "pm_type": "綠地" },
			"geometry": {
				"type": "Point",
				"coordinates": [121.5908966,25.06893921]
			}
		},
		{
			"type": "Feature",
			"properties": { "pm_name": "紫陽綠地", "pm_type": "綠地" },
			"geometry": {
				"type": "Point",
				"coordinates": [121.5867996,25.07641029]
			}
		},
		{
			"type": "Feature",
			"properties": { "pm_name": "潭美公園", "pm_type": "綠地" },
			"geometry": {
				"type": "Point",
				"coordinates": [121.5816803,25.05701065]
			}
		},
		{
			"type": "Feature",
			"properties": { "pm_name": "麗湖綠地", "pm_type": "綠地" },
			"geometry": {
				"type": "Point",
				"coordinates": [121.600509,25.073374]
			}
		},
		{
			"type": "Feature",
			"properties": { "pm_name": "治磐廣場", "pm_type": "廣場" },
			"geometry": {
				"type": "Point",
				"coordinates": [121.5663071,25.08272934]
			}
		},
		{
			"type": "Feature",
			"properties": { "pm_name": "港富廣場", "pm_type": "廣場" },
			"geometry": {
				"type": "Point",
				"coordinates": [121.5781174,25.08029938]
			}
		},
		{
			"type": "Feature",
			"properties": { "pm_name": "灣仔廣場", "pm_type": "廣場" },
			"geometry": {
				"type": "Point",
				"coordinates": [121.5908966,25.06893921]
			}
		},
		{
			"type": "Feature",
			"properties": { "pm_name": "大同公園", "pm_type": "公園" },
			"geometry": {
				"type": "Point",
				"coordinates": [121.512001,25.06797981]
			}
		},
		{
			"type": "Feature",
			"properties": { "pm_name": "大稻埕公園", "pm_type": "公園" },
			"geometry": {
				"type": "Point",
				"coordinates": [121.5103684,25.05866051]
			}
		},
		{
			"type": "Feature",
			"properties": { "pm_name": "大龍公園", "pm_type": "公園" },
			"geometry": {
				"type": "Point",
				"coordinates": [121.5155792,25.07024002]
			}
		},
		{
			"type": "Feature",
			"properties": { "pm_name": "玉泉公園", "pm_type": "公園" },
			"geometry": {
				"type": "Point",
				"coordinates": [121.5076523,25.04993057]
			}
		},
		{
			"type": "Feature",
			"properties": { "pm_name": "至聖公園", "pm_type": "公園" },
			"geometry": {
				"type": "Point",
				"coordinates": [121.5176926,25.07118988]
			}
		},
		{
			"type": "Feature",
			"properties": { "pm_name": "忠和公園", "pm_type": "公園" },
			"geometry": {
				"type": "Point",
				"coordinates": [121.5086136,25.0578804]
			}
		},
		{
			"type": "Feature",
			"properties": { "pm_name": "哈密公園", "pm_type": "公園" },
			"geometry": {
				"type": "Point",
				"coordinates": [121.515594,25.074846]
			}
		},
		{
			"type": "Feature",
			"properties": { "pm_name": "建成公園", "pm_type": "公園" },
			"geometry": {
				"type": "Point",
				"coordinates": [121.5182266,25.0540905]
			}
		},
		{
			"type": "Feature",
			"properties": { "pm_name": "迪化公園", "pm_type": "公園" },
			"geometry": {
				"type": "Point",
				"coordinates": [121.5120087,25.07110977]
			}
		},
		{
			"type": "Feature",
			"properties": { "pm_name": "國順公園", "pm_type": "公園" },
			"geometry": {
				"type": "Point",
				"coordinates": [121.510025,25.066222]
			}
		},
		{
			"type": "Feature",
			"properties": { "pm_name": "景化公園", "pm_type": "公園" },
			"geometry": {
				"type": "Point",
				"coordinates": [121.5127411,25.06535912]
			}
		},
		{
			"type": "Feature",
			"properties": { "pm_name": "朝陽公園", "pm_type": "公園" },
			"geometry": {
				"type": "Point",
				"coordinates": [121.51313,25.05595]
			}
		},
		{
			"type": "Feature",
			"properties": { "pm_name": "塔城公園", "pm_type": "公園" },
			"geometry": {
				"type": "Point",
				"coordinates": [121.5108032,25.05072022]
			}
		},
		{
			"type": "Feature",
			"properties": { "pm_name": "德鄰公園", "pm_type": "公園" },
			"geometry": {
				"type": "Point",
				"coordinates": [121.514928,25.062169]
			}
		},
		{
			"type": "Feature",
			"properties": { "pm_name": "蔣渭水紀念公園", "pm_type": "公園" },
			"geometry": {
				"type": "Point",
				"coordinates": [121.516777,25.05970955]
			}
		},
		{
			"type": "Feature",
			"properties": { "pm_name": "樹德公園", "pm_type": "公園" },
			"geometry": {
				"type": "Point",
				"coordinates": [121.5162811,25.06679916]
			}
		},
		{
			"type": "Feature",
			"properties": { "pm_name": "歸綏戲曲公園", "pm_type": "公園" },
			"geometry": {
				"type": "Point",
				"coordinates": [121.513092,25.05797005]
			}
		},
		{
			"type": "Feature",
			"properties": { "pm_name": "蘭州公園", "pm_type": "公園" },
			"geometry": {
				"type": "Point",
				"coordinates": [121.5153809,25.06395912]
			}
		},
		{
			"type": "Feature",
			"properties": { "pm_name": "大同249綠地", "pm_type": "綠地" },
			"geometry": {
				"type": "Point",
				"coordinates": [121.5114594,25.07743073]
			}
		},
		{
			"type": "Feature",
			"properties": { "pm_name": "大同250綠地", "pm_type": "綠地" },
			"geometry": {
				"type": "Point",
				"coordinates": [121.5098572,25.07722092]
			}
		},
		{
			"type": "Feature",
			"properties": { "pm_name": "大同251綠地", "pm_type": "綠地" },
			"geometry": {
				"type": "Point",
				"coordinates": [121.5118485,25.07838059]
			}
		},
		{
			"type": "Feature",
			"properties": { "pm_name": "敦煌1號綠地", "pm_type": "綠地" },
			"geometry": {
				"type": "Point",
				"coordinates": [121.5162888,25.0747509]
			}
		},
		{
			"type": "Feature",
			"properties": { "pm_name": "敦煌2號綠地", "pm_type": "綠地" },
			"geometry": {
				"type": "Point",
				"coordinates": [121.5164414,25.07696915]
			}
		},
		{
			"type": "Feature",
			"properties": { "pm_name": "大同16號廣場", "pm_type": "廣場" },
			"geometry": {
				"type": "Point",
				"coordinates": [121.5086136,25.05637932]
			}
		},
		{
			"type": "Feature",
			"properties": { "pm_name": "大稻埕廣場", "pm_type": "廣場" },
			"geometry": {
				"type": "Point",
				"coordinates": [121.5095367,25.05500031]
			}
		},
		{
			"type": "Feature",
			"properties": { "pm_name": "六藝廣場", "pm_type": "廣場" },
			"geometry": {
				"type": "Point",
				"coordinates": [121.5150528,25.07468987]
			}
		},
		{
			"type": "Feature",
			"properties": { "pm_name": "太原廣場", "pm_type": "廣場" },
			"geometry": {
				"type": "Point",
				"coordinates": [121.5166397,25.04747963]
			}
		},
		{
			"type": "Feature",
			"properties": { "pm_name": "永樂廣場", "pm_type": "廣場" },
			"geometry": {
				"type": "Point",
				"coordinates": [121.5096588,25.0546608]
			}
		},
		{
			"type": "Feature",
			"properties": { "pm_name": "保安廣場", "pm_type": "廣場" },
			"geometry": {
				"type": "Point",
				"coordinates": [121.5189285,25.07055092]
			}
		},
		{
			"type": "Feature",
			"properties": { "pm_name": "建成圓環", "pm_type": "廣場" },
			"geometry": {
				"type": "Point",
				"coordinates": [121.5142952,25.0527604]
			}
		},
		{
			"type": "Feature",
			"properties": { "pm_name": "八德公園", "pm_type": "公園" },
			"geometry": {
				"type": "Point",
				"coordinates": [121.5457077,25.04693031]
			}
		},
		{
			"type": "Feature",
			"properties": { "pm_name": "三民公園", "pm_type": "公園" },
			"geometry": {
				"type": "Point",
				"coordinates": [121.5669632,25.06138039]
			}
		},
		{
			"type": "Feature",
			"properties": { "pm_name": "三民公園A", "pm_type": "公園" },
			"geometry": {
				"type": "Point",
				"coordinates": [121.5669632,25.06138039]
			}
		},
		{
			"type": "Feature",
			"properties": { "pm_name": "中華公園", "pm_type": "公園" },
			"geometry": {
				"type": "Point",
				"coordinates": [121.552484,25.053527]
			}
		},
		{
			"type": "Feature",
			"properties": { "pm_name": "民生公園", "pm_type": "公園" },
			"geometry": {
				"type": "Point",
				"coordinates": [121.5580978,25.05747986]
			}
		},
		{
			"type": "Feature",
			"properties": { "pm_name": "民有一號公園", "pm_type": "公園" },
			"geometry": {
				"type": "Point",
				"coordinates": [121.5474014,25.06077004]
			}
		},
		{
			"type": "Feature",
			"properties": { "pm_name": "民有二號公園", "pm_type": "公園" },
			"geometry": {
				"type": "Point",
				"coordinates": [121.5463181,25.05964088]
			}
		},
		{
			"type": "Feature",
			"properties": { "pm_name": "民有三號公園", "pm_type": "公園" },
			"geometry": {
				"type": "Point",
				"coordinates": [121.5476227,25.05862045]
			}
		},
		{
			"type": "Feature",
			"properties": { "pm_name": "民福綠地", "pm_type": "公園" },
			"geometry": {
				"type": "Point",
				"coordinates": [121.54879,25.06276]
			}
		},
		{
			"type": "Feature",
			"properties": { "pm_name": "民權公園", "pm_type": "公園" },
			"geometry": {
				"type": "Point",
				"coordinates": [121.5591736,25.06191063]
			}
		},
		{
			"type": "Feature",
			"properties": { "pm_name": "吉仁公園", "pm_type": "公園" },
			"geometry": {
				"type": "Point",
				"coordinates": [121.5534821,25.0478096]
			}
		},
		{
			"type": "Feature",
			"properties": { "pm_name": "吉祥公園", "pm_type": "公園" },
			"geometry": {
				"type": "Point",
				"coordinates": [121.5640488,25.0505333]
			}
		},
		{
			"type": "Feature",
			"properties": { "pm_name": "安平公園", "pm_type": "公園" },
			"geometry": {
				"type": "Point",
				"coordinates": [121.5644913,25.05302048]
			}
		},
		{
			"type": "Feature",
			"properties": { "pm_name": "西松公園", "pm_type": "公園" },
			"geometry": {
				"type": "Point",
				"coordinates": [121.5641327,25.05368996]
			}
		},
		{
			"type": "Feature",
			"properties": { "pm_name": "延壽一號公園", "pm_type": "公園" },
			"geometry": {
				"type": "Point",
				"coordinates": [121.5563507,25.05763054]
			}
		},
		{
			"type": "Feature",
			"properties": { "pm_name": "延壽二號公園", "pm_type": "公園" },
			"geometry": {
				"type": "Point",
				"coordinates": [121.5527573,25.05735016]
			}
		},
		{
			"type": "Feature",
			"properties": { "pm_name": "延壽三號公園", "pm_type": "公園" },
			"geometry": {
				"type": "Point",
				"coordinates": [121.5518036,25.05686951]
			}
		},
		{
			"type": "Feature",
			"properties": { "pm_name": "松基公園", "pm_type": "公園" },
			"geometry": {
				"type": "Point",
				"coordinates": [121.545445,25.055369]
			}
		},
		{
			"type": "Feature",
			"properties": { "pm_name": "松榮公園", "pm_type": "公園" },
			"geometry": {
				"type": "Point",
				"coordinates": [121.555107,25.060208]
			}
		},
		{
			"type": "Feature",
			"properties": { "pm_name": "長壽公園", "pm_type": "公園" },
			"geometry": {
				"type": "Point",
				"coordinates": [121.5589218,25.05336952]
			}
		},
		{
			"type": "Feature",
			"properties": { "pm_name": "美仁一號公園", "pm_type": "公園" },
			"geometry": {
				"type": "Point",
				"coordinates": [121.5534592,25.05014992]
			}
		},
		{
			"type": "Feature",
			"properties": { "pm_name": "美仁二號公園", "pm_type": "公園" },
			"geometry": {
				"type": "Point",
				"coordinates": [121.553421,25.04949951]
			}
		},
		{
			"type": "Feature",
			"properties": { "pm_name": "健康公園", "pm_type": "公園" },
			"geometry": {
				"type": "Point",
				"coordinates": [121.5688705,25.05411911]
			}
		},
		{
			"type": "Feature",
			"properties": { "pm_name": "婦聯公園", "pm_type": "公園" },
			"geometry": {
				"type": "Point",
				"coordinates": [121.5597305,25.05468941]
			}
		},
		{
			"type": "Feature",
			"properties": { "pm_name": "富民生態公園", "pm_type": "公園" },
			"geometry": {
				"type": "Point",
				"coordinates": [121.5643387,25.06015015]
			}
		},
		{
			"type": "Feature",
			"properties": { "pm_name": "富錦一號公園", "pm_type": "公園" },
			"geometry": {
				"type": "Point",
				"coordinates": [121.5590286,25.05888939]
			}
		},
		{
			"type": "Feature",
			"properties": { "pm_name": "富錦二號公園", "pm_type": "公園" },
			"geometry": {
				"type": "Point",
				"coordinates": [121.5596237,25.05961037]
			}
		},
		{
			"type": "Feature",
			"properties": { "pm_name": "富錦三號公園", "pm_type": "公園" },
			"geometry": {
				"type": "Point",
				"coordinates": [121.5588989,25.06023979]
			}
		},
		{
			"type": "Feature",
			"properties": { "pm_name": "富錦五號公園", "pm_type": "公園" },
			"geometry": {
				"type": "Point",
				"coordinates": [121.5535431,25.05884934]
			}
		},
		{
			"type": "Feature",
			"properties": { "pm_name": "富錦六號公園", "pm_type": "公園" },
			"geometry": {
				"type": "Point",
				"coordinates": [121.5529022,25.05821037]
			}
		},
		{
			"type": "Feature",
			"properties": { "pm_name": "復盛公園", "pm_type": "公園" },
			"geometry": {
				"type": "Point",
				"coordinates": [121.56147,25.04747963]
			}
		},
		{
			"type": "Feature",
			"properties": { "pm_name": "復源公園", "pm_type": "公園" },
			"geometry": {
				"type": "Point",
				"coordinates": [121.5544815,25.04648972]
			}
		},
		{
			"type": "Feature",
			"properties": { "pm_name": "敦中公園", "pm_type": "公園" },
			"geometry": {
				"type": "Point",
				"coordinates": [121.5458908,25.04990006]
			}
		},
		{
			"type": "Feature",
			"properties": { "pm_name": "敦化公園", "pm_type": "公園" },
			"geometry": {
				"type": "Point",
				"coordinates": [121.5504837,25.04640961]
			}
		},
		{
			"type": "Feature",
			"properties": { "pm_name": "敦北公園", "pm_type": "公園" },
			"geometry": {
				"type": "Point",
				"coordinates": [121.5515671,25.06122971]
			}
		},
		{
			"type": "Feature",
			"properties": { "pm_name": "新中公園", "pm_type": "公園" },
			"geometry": {
				"type": "Point",
				"coordinates": [121.5608673,25.06052017]
			}
		},
		{
			"type": "Feature",
			"properties": { "pm_name": "新東公園", "pm_type": "公園" },
			"geometry": {
				"type": "Point",
				"coordinates": [121.568367,25.05879974]
			}
		},
		{
			"type": "Feature",
			"properties": { "pm_name": "寧安公園", "pm_type": "公園" },
			"geometry": {
				"type": "Point",
				"coordinates": [121.5548706,25.05035019]
			}
		},
		{
			"type": "Feature",
			"properties": { "pm_name": "精忠2號公園", "pm_type": "公園" },
			"geometry": {
				"type": "Point",
				"coordinates": [121.5528488,25.05639076]
			}
		},
		{
			"type": "Feature",
			"properties": { "pm_name": "精忠公園", "pm_type": "公園" },
			"geometry": {
				"type": "Point",
				"coordinates": [121.5521698,25.05933952]
			}
		},
		{
			"type": "Feature",
			"properties": { "pm_name": "慶城公園 A", "pm_type": "公園" },
			"geometry": {
				"type": "Point",
				"coordinates": [121.5463867,25.05327034]
			}
		},
		{
			"type": "Feature",
			"properties": { "pm_name": "撫遠公園", "pm_type": "公園" },
			"geometry": {
				"type": "Point",
				"coordinates": [121.5669479,25.06444931]
			}
		},
		{
			"type": "Feature",
			"properties": {
				"pm_name": "舊宗1號公園 ( 新東農園 )",
				"pm_type": "公園"
			},
			"geometry": {
				"type": "Point",
				"coordinates": [121.5688629,25.06195068]
			}
		},
		{
			"type": "Feature",
			"properties": { "pm_name": "舊宗2號公園", "pm_type": "公園" },
			"geometry": {
				"type": "Point",
				"coordinates": [121.5699997,25.05491066]
			}
		},
		{
			"type": "Feature",
			"properties": { "pm_name": "鵬程公園", "pm_type": "公園" },
			"geometry": {
				"type": "Point",
				"coordinates": [121.5686722,25.0555191]
			}
		},
		{
			"type": "Feature",
			"properties": { "pm_name": "寶清公園", "pm_type": "公園" },
			"geometry": {
				"type": "Point",
				"coordinates": [121.5676422,25.05212021]
			}
		},
		{
			"type": "Feature",
			"properties": {
				"pm_name": "松山121號綠地三民圓環",
				"pm_type": "綠地"
			},
			"geometry": {
				"type": "Point",
				"coordinates": [121.5625687,25.05916023]
			}
		},
		{
			"type": "Feature",
			"properties": { "pm_name": "大理公園", "pm_type": "公園" },
			"geometry": {
				"type": "Point",
				"coordinates": [121.49366,25.03413963]
			}
		},
		{
			"type": "Feature",
			"properties": { "pm_name": "日善公園", "pm_type": "公園" },
			"geometry": {
				"type": "Point",
				"coordinates": [121.496312,25.026383]
			}
		},
		{
			"type": "Feature",
			"properties": { "pm_name": "寺前公園", "pm_type": "公園" },
			"geometry": {
				"type": "Point",
				"coordinates": [121.4992065,25.03354073]
			}
		},
		{
			"type": "Feature",
			"properties": { "pm_name": "老松公園", "pm_type": "公園" },
			"geometry": {
				"type": "Point",
				"coordinates": [121.502739,25.03852081]
			}
		},
		{
			"type": "Feature",
			"properties": { "pm_name": "西園公園", "pm_type": "公園" },
			"geometry": {
				"type": "Point",
				"coordinates": [121.497882,25.026955]
			}
		},
		{
			"type": "Feature",
			"properties": { "pm_name": "孝德公園", "pm_type": "公園" },
			"geometry": {
				"type": "Point",
				"coordinates": [121.49425,25.024124]
			}
		},
		{
			"type": "Feature",
			"properties": {
				"pm_name": "和平青草園(原萬華402號公園)",
				"pm_type": "公園"
			},
			"geometry": {
				"type": "Point",
				"coordinates": [121.4972076,25.03265953]
			}
		},
		{
			"type": "Feature",
			"properties": { "pm_name": "東園公園", "pm_type": "公園" },
			"geometry": {
				"type": "Point",
				"coordinates": [121.4952469,25.02095032]
			}
		},
		{
			"type": "Feature",
			"properties": { "pm_name": "長沙公園", "pm_type": "公園" },
			"geometry": {
				"type": "Point",
				"coordinates": [121.4999237,25.04150009]
			}
		},
		{
			"type": "Feature",
			"properties": { "pm_name": "長順公園", "pm_type": "公園" },
			"geometry": {
				"type": "Point",
				"coordinates": [121.4890289,25.03185082]
			}
		},
		{
			"type": "Feature",
			"properties": { "pm_name": "青山公園", "pm_type": "公園" },
			"geometry": {
				"type": "Point",
				"coordinates": [121.4983063,25.03936958]
			}
		},
		{
			"type": "Feature",
			"properties": { "pm_name": "青年公園", "pm_type": "公園" },
			"geometry": {
				"type": "Point",
				"coordinates": [121.505861,25.02511024]
			}
		},
		{
			"type": "Feature",
			"properties": { "pm_name": "保德公園", "pm_type": "公園" },
			"geometry": {
				"type": "Point",
				"coordinates": [121.497467,25.02279091]
			}
		},
		{
			"type": "Feature",
			"properties": { "pm_name": "柳鄉公園", "pm_type": "公園" },
			"geometry": {
				"type": "Point",
				"coordinates": [121.4954376,25.03726006]
			}
		},
		{
			"type": "Feature",
			"properties": { "pm_name": "桂林公園", "pm_type": "公園" },
			"geometry": {
				"type": "Point",
				"coordinates": [121.4968185,25.03890991]
			}
		},
		{
			"type": "Feature",
			"properties": { "pm_name": "華江一號公園", "pm_type": "公園" },
			"geometry": {
				"type": "Point",
				"coordinates": [121.4941101,25.03589058]
			}
		},
		{
			"type": "Feature",
			"properties": { "pm_name": "華江七號公園", "pm_type": "公園" },
			"geometry": {
				"type": "Point",
				"coordinates": [121.493461,25.035028]
			}
		},
		{
			"type": "Feature",
			"properties": { "pm_name": "華江二號公園", "pm_type": "公園" },
			"geometry": {
				"type": "Point",
				"coordinates": [25.03580093, 121.4915085]
			}
		},
		{
			"type": "Feature",
			"properties": { "pm_name": "華江八號公園", "pm_type": "公園" },
			"geometry": {
				"type": "Point",
				"coordinates": [121.4926834,25.03405953]
			}
		},
		{
			"type": "Feature",
			"properties": { "pm_name": "華西公園", "pm_type": "公園" },
			"geometry": {
				"type": "Point",
				"coordinates": [121.4986572,25.03866959]
			}
		},
		{
			"type": "Feature",
			"properties": {
				"pm_name": "新糖廍公園(糖廍文化園區)",
				"pm_type": "公園"
			},
			"geometry": {
				"type": "Point",
				"coordinates": [121.4946463,25.03354906]
			}
		},
		{
			"type": "Feature",
			"properties": { "pm_name": "萬華51號公園", "pm_type": "公園" },
			"geometry": {
				"type": "Point",
				"coordinates": [121.5029221,25.03594017]
			}
		},
		{
			"type": "Feature",
			"properties": { "pm_name": "壽德公園", "pm_type": "公園" },
			"geometry": {
				"type": "Point",
				"coordinates": [121.5011368,25.02442932]
			}
		},
		{
			"type": "Feature",
			"properties": { "pm_name": "福星公園", "pm_type": "公園" },
			"geometry": {
				"type": "Point",
				"coordinates": [121.5059128,25.0460701]
			}
		},
		{
			"type": "Feature",
			"properties": { "pm_name": "綠堤公園", "pm_type": "公園" },
			"geometry": {
				"type": "Point",
				"coordinates": [121.492897,25.03321075]
			}
		},
		{
			"type": "Feature",
			"properties": { "pm_name": "聚德公園", "pm_type": "公園" },
			"geometry": {
				"type": "Point",
				"coordinates": [121.4947205,25.03488922]
			}
		},
		{
			"type": "Feature",
			"properties": { "pm_name": "艋舺公園", "pm_type": "公園" },
			"geometry": {
				"type": "Point",
				"coordinates": [121.4999117,25.03603785]
			}
		},
		{
			"type": "Feature",
			"properties": { "pm_name": "糖廍公園", "pm_type": "公園" },
			"geometry": {
				"type": "Point",
				"coordinates": [121.4946526,25.03439311]
			}
		},
		{
			"type": "Feature",
			"properties": { "pm_name": "錦德公園", "pm_type": "公園" },
			"geometry": {
				"type": "Point",
				"coordinates": [121.492363,25.02330017]
			}
		},
		{
			"type": "Feature",
			"properties": { "pm_name": "萬華266號綠地", "pm_type": "綠地" },
			"geometry": {
				"type": "Point",
				"coordinates": [121.5030975,25.03915978]
			}
		},
		{
			"type": "Feature",
			"properties": {
				"pm_name": "西本願寺（萬華406號）廣場",
				"pm_type": "廣場"
			},
			"geometry": {
				"type": "Point",
				"coordinates": [121.5070801,25.04030037]
			}
		},
		{
			"type": "Feature",
			"properties": { "pm_name": "二二八和平公園", "pm_type": "公園" },
			"geometry": {
				"type": "Point",
				"coordinates": [121.514297,25.042286]
			}
		},
		{
			"type": "Feature",
			"properties": { "pm_name": "中央藝文公園", "pm_type": "公園" },
			"geometry": {
				"type": "Point",
				"coordinates": [121.526856,25.046272]
			}
		},
		{
			"type": "Feature",
			"properties": { "pm_name": "中正403號公園", "pm_type": "公園" },
			"geometry": {
				"type": "Point",
				"coordinates": [121.52049,25.02559]
			}
		},
		{
			"type": "Feature",
			"properties": { "pm_name": "介壽公園", "pm_type": "公園" },
			"geometry": {
				"type": "Point",
				"coordinates": [121.5146332,25.03926086]
			}
		},
		{
			"type": "Feature",
			"properties": { "pm_name": "文光公園", "pm_type": "公園" },
			"geometry": {
				"type": "Point",
				"coordinates": [121.5308533,25.03903961]
			}
		},
		{
			"type": "Feature",
			"properties": { "pm_name": "文盛公園", "pm_type": "公園" },
			"geometry": {
				"type": "Point",
				"coordinates": [121.5321198,25.0161705]
			}
		},
		{
			"type": "Feature",
			"properties": { "pm_name": "水源町公園", "pm_type": "公園" },
			"geometry": {
				"type": "Point",
				"coordinates": [121.5346044,25.01187015]
			}
		},
		{
			"type": "Feature",
			"properties": { "pm_name": "永昌公園", "pm_type": "公園" },
			"geometry": {
				"type": "Point",
				"coordinates": [121.5099564,25.02622986]
			}
		},
		{
			"type": "Feature",
			"properties": { "pm_name": "永福公園", "pm_type": "公園" },
			"geometry": {
				"type": "Point",
				"coordinates": [121.532098,25.009801]
			}
		},
		{
			"type": "Feature",
			"properties": { "pm_name": "忠孝公園", "pm_type": "公園" },
			"geometry": {
				"type": "Point",
				"coordinates": [121.5320206,25.04183006]
			}
		},
		{
			"type": "Feature",
			"properties": { "pm_name": "信愛公園", "pm_type": "公園" },
			"geometry": {
				"type": "Point",
				"coordinates": [121.5287628,25.0349102]
			}
		},
		{
			"type": "Feature",
			"properties": { "pm_name": "南昌公園", "pm_type": "公園" },
			"geometry": {
				"type": "Point",
				"coordinates": [121.5202026,25.02681923]
			}
		},
		{
			"type": "Feature",
			"properties": { "pm_name": "牯嶺公園", "pm_type": "公園" },
			"geometry": {
				"type": "Point",
				"coordinates": [121.5186768,25.02312088]
			}
		},
		{
			"type": "Feature",
			"properties": { "pm_name": "連雲公園", "pm_type": "公園" },
			"geometry": {
				"type": "Point",
				"coordinates": [121.5318222,25.03520966]
			}
		},
		{
			"type": "Feature",
			"properties": { "pm_name": "逸仙公園", "pm_type": "公園" },
			"geometry": {
				"type": "Point",
				"coordinates": [121.5200272,25.04770088]
			}
		},
		{
			"type": "Feature",
			"properties": { "pm_name": "齊東公園", "pm_type": "公園" },
			"geometry": {
				"type": "Point",
				"coordinates": [121.5282974,25.04174995]
			}
		},
		{
			"type": "Feature",
			"properties": { "pm_name": "黎明公園", "pm_type": "公園" },
			"geometry": {
				"type": "Point",
				"coordinates": [121.5155563,25.04413986]
			}
		},
		{
			"type": "Feature",
			"properties": { "pm_name": "螢橋公園", "pm_type": "公園" },
			"geometry": {
				"type": "Point",
				"coordinates": [121.5172501,25.02672005]
			}
		},
		{
			"type": "Feature",
			"properties": { "pm_name": "中正138號綠地", "pm_type": "綠地" },
			"geometry": {
				"type": "Point",
				"coordinates": [121.5145111,25.03783989]
			}
		},
		{
			"type": "Feature",
			"properties": { "pm_name": "北門廣場", "pm_type": "廣場" },
			"geometry": {
				"type": "Point",
				"coordinates": [121.5116831,25.0480021]
			}
		},
		{
			"type": "Feature",
			"properties": { "pm_name": "交通4號廣場", "pm_type": "廣場" },
			"geometry": {
				"type": "Point",
				"coordinates": [121.5188065,25.04738045]
			}
		},
		{
			"type": "Feature",
			"properties": { "pm_name": "交通8號廣場", "pm_type": "廣場" },
			"geometry": {
				"type": "Point",
				"coordinates": [121.51651,25.05031967]
			}
		},
		{
			"type": "Feature",
			"properties": { "pm_name": "行旅廣場", "pm_type": "廣場" },
			"geometry": {
				"type": "Point",
				"coordinates": [121.5132041,25.0477977]
			}
		},
		{
			"type": "Feature",
			"properties": { "pm_name": "瑠公公園", "pm_type": "公園" },
			"geometry": {
				"type": "Point",
				"coordinates": [121.545723,25.0424099]
			}
		},
		{
			"type": "Feature",
			"properties": { "pm_name": "瑠公圳公園 ", "pm_type": "公園" },
			"geometry": {
				"type": "Point",
				"coordinates": [121.5431213,25.04360962]
			}
		},
		{
			"type": "Feature",
			"properties": { "pm_name": "大安公園", "pm_type": "公園" },
			"geometry": {
				"type": "Point",
				"coordinates": [121.5428085,25.04276085]
			}
		},
		{
			"type": "Feature",
			"properties": { "pm_name": "大安森林公園", "pm_type": "公園" },
			"geometry": {
				"type": "Point",
				"coordinates": [121.5358429,25.0333004]
			}
		},
		{
			"type": "Feature",
			"properties": { "pm_name": "大學公園", "pm_type": "公園" },
			"geometry": {
				"type": "Point",
				"coordinates": [121.532898,25.02190971]
			}
		},
		{
			"type": "Feature",
			"properties": { "pm_name": "仁慈公園", "pm_type": "公園" },
			"geometry": {
				"type": "Point",
				"coordinates": [121.5457077,25.0341301]
			}
		},
		{
			"type": "Feature",
			"properties": { "pm_name": "仁愛公園", "pm_type": "公園" },
			"geometry": {
				"type": "Point",
				"coordinates": [121.5462418,25.03661919]
			}
		},
		{
			"type": "Feature",
			"properties": { "pm_name": "仁愛圓環", "pm_type": "公園" },
			"geometry": {
				"type": "Point",
				"coordinates": [121.5496826,25.03763008]
			}
		},
		{
			"type": "Feature",
			"properties": { "pm_name": "公館公園", "pm_type": "公園" },
			"geometry": {
				"type": "Point",
				"coordinates": [121.5407911,25.01142672]
			}
		},
		{
			"type": "Feature",
			"properties": { "pm_name": "古風公園", "pm_type": "公園" },
			"geometry": {
				"type": "Point",
				"coordinates": [121.5290527,25.02197075]
			}
		},
		{
			"type": "Feature",
			"properties": { "pm_name": "古莊公園", "pm_type": "公園" },
			"geometry": {
				"type": "Point",
				"coordinates": [121.5282135,25.02272987]
			}
		},
		{
			"type": "Feature",
			"properties": { "pm_name": "四維公園", "pm_type": "公園" },
			"geometry": {
				"type": "Point",
				"coordinates": [121.5453262,25.03063011]
			}
		},
		{
			"type": "Feature",
			"properties": { "pm_name": "平安公園", "pm_type": "公園" },
			"geometry": {
				"type": "Point",
				"coordinates": [121.5493164,25.03195953]
			}
		},
		{
			"type": "Feature",
			"properties": { "pm_name": "民榮公園", "pm_type": "公園" },
			"geometry": {
				"type": "Point",
				"coordinates": [121.5356979,25.03540039]
			}
		},
		{
			"type": "Feature",
			"properties": { "pm_name": "民輝公園", "pm_type": "公園" },
			"geometry": {
				"type": "Point",
				"coordinates": [121.5350571,25.03951073]
			}
		},
		{
			"type": "Feature",
			"properties": { "pm_name": "永康公園", "pm_type": "公園" },
			"geometry": {
				"type": "Point",
				"coordinates": [121.5297165,25.03162003]
			}
		},
		{
			"type": "Feature",
			"properties": { "pm_name": "光信公園", "pm_type": "公園" },
			"geometry": {
				"type": "Point",
				"coordinates": [121.5558014,25.03556061]
			}
		},
		{
			"type": "Feature",
			"properties": { "pm_name": "全安公園", "pm_type": "公園" },
			"geometry": {
				"type": "Point",
				"coordinates": [121.5512085,25.02545929]
			}
		},
		{
			"type": "Feature",
			"properties": { "pm_name": "安東公園", "pm_type": "公園" },
			"geometry": {
				"type": "Point",
				"coordinates": [121.5448227,25.02893066]
			}
		},
		{
			"type": "Feature",
			"properties": { "pm_name": "安祥公園", "pm_type": "公園" },
			"geometry": {
				"type": "Point",
				"coordinates": [121.5427322,25.03454018]
			}
		},
		{
			"type": "Feature",
			"properties": { "pm_name": "辛亥一號公園", "pm_type": "公園" },
			"geometry": {
				"type": "Point",
				"coordinates": [121.5326614,25.0227108]
			}
		},
		{
			"type": "Feature",
			"properties": { "pm_name": "和平公園", "pm_type": "公園" },
			"geometry": {
				"type": "Point",
				"coordinates": [121.5425186,25.02349091]
			}
		},
		{
			"type": "Feature",
			"properties": { "pm_name": "和安公園", "pm_type": "公園" },
			"geometry": {
				"type": "Point",
				"coordinates": [121.5444794,25.03450966]
			}
		},
		{
			"type": "Feature",
			"properties": { "pm_name": "居安公園", "pm_type": "公園" },
			"geometry": {
				"type": "Point",
				"coordinates": [121.5493317,25.02968025]
			}
		},
		{
			"type": "Feature",
			"properties": { "pm_name": "延吉公園", "pm_type": "公園" },
			"geometry": {
				"type": "Point",
				"coordinates": [121.5557709,25.04257011]
			}
		},
		{
			"type": "Feature",
			"properties": { "pm_name": "昌隆198公園", "pm_type": "公園" },
			"geometry": {
				"type": "Point",
				"coordinates": [121.5357132,25.0437603]
			}
		},
		{
			"type": "Feature",
			"properties": { "pm_name": "東豐公園", "pm_type": "公園" },
			"geometry": {
				"type": "Point",
				"coordinates": [121.5448608,25.03577995]
			}
		},
		{
			"type": "Feature",
			"properties": { "pm_name": "法治公園", "pm_type": "公園" },
			"geometry": {
				"type": "Point",
				"coordinates": [121.5529175,25.02691078]
			}
		},
		{
			"type": "Feature",
			"properties": { "pm_name": "臥龍公園", "pm_type": "公園" },
			"geometry": {
				"type": "Point",
				"coordinates": [121.5498886,25.01670075]
			}
		},
		{
			"type": "Feature",
			"properties": { "pm_name": "虎嘯公園", "pm_type": "公園" },
			"geometry": {
				"type": "Point",
				"coordinates": [121.5492783,25.0225296]
			}
		},
		{
			"type": "Feature",
			"properties": { "pm_name": "金山公園", "pm_type": "公園" },
			"geometry": {
				"type": "Point",
				"coordinates": [121.5247561,25.0309598]
			}
		},
		{
			"type": "Feature",
			"properties": { "pm_name": "金杭公園", "pm_type": "公園" },
			"geometry": {
				"type": "Point",
				"coordinates": [121.5268771,25.03290038]
			}
		},
		{
			"type": "Feature",
			"properties": { "pm_name": "金華公園", "pm_type": "公園" },
			"geometry": {
				"type": "Point",
				"coordinates": [121.5311737,25.02959061]
			}
		},
		{
			"type": "Feature",
			"properties": { "pm_name": "附中公園", "pm_type": "公園" },
			"geometry": {
				"type": "Point",
				"coordinates": [121.5422592,25.03634071]
			}
		},
		{
			"type": "Feature",
			"properties": { "pm_name": "青峰公園", "pm_type": "公園" },
			"geometry": {
				"type": "Point",
				"coordinates": [121.5514069,25.01569939]
			}
		},
		{
			"type": "Feature",
			"properties": { "pm_name": "師大公園", "pm_type": "公園" },
			"geometry": {
				"type": "Point",
				"coordinates": [121.5283737,25.02459908]
			}
		},
		{
			"type": "Feature",
			"properties": { "pm_name": "泰順公園", "pm_type": "公園" },
			"geometry": {
				"type": "Point",
				"coordinates": [121.5316391,25.02462006]
			}
		},
		{
			"type": "Feature",
			"properties": { "pm_name": "通化公園", "pm_type": "公園" },
			"geometry": {
				"type": "Point",
				"coordinates": [121.5545578,25.03215981]
			}
		},
		{
			"type": "Feature",
			"properties": { "pm_name": "富陽自然生態公園", "pm_type": "公園" },
			"geometry": {
				"type": "Point",
				"coordinates": [121.557488,25.016674]
			}
		},
		{
			"type": "Feature",
			"properties": { "pm_name": "敦仁公園", "pm_type": "公園" },
			"geometry": {
				"type": "Point",
				"coordinates": [121.5469087,25.04040191]
			}
		},
		{
			"type": "Feature",
			"properties": { "pm_name": "敦安公園", "pm_type": "公園" },
			"geometry": {
				"type": "Point",
				"coordinates": [121.5537033,25.03446007]
			}
		},
		{
			"type": "Feature",
			"properties": { "pm_name": "敦親公園", "pm_type": "公園" },
			"geometry": {
				"type": "Point",
				"coordinates": [121.5409088,25.0226593]
			}
		},
		{
			"type": "Feature",
			"properties": { "pm_name": "新龍公園", "pm_type": "公園" },
			"geometry": {
				"type": "Point",
				"coordinates": [121.5401611,25.02765083]
			}
		},
		{
			"type": "Feature",
			"properties": { "pm_name": "溫州公園", "pm_type": "公園" },
			"geometry": {
				"type": "Point",
				"coordinates": [121.5313416,25.01880074]
			}
		},
		{
			"type": "Feature",
			"properties": { "pm_name": "瑞安公園", "pm_type": "公園" },
			"geometry": {
				"type": "Point",
				"coordinates": [121.5393524,25.02613068]
			}
		},
		{
			"type": "Feature",
			"properties": { "pm_name": "群賢公園", "pm_type": "公園" },
			"geometry": {
				"type": "Point",
				"coordinates": [121.5465698,25.02540016]
			}
		},
		{
			"type": "Feature",
			"properties": { "pm_name": "誠安公園", "pm_type": "公園" },
			"geometry": {
				"type": "Point",
				"coordinates": [121.5409088,25.04249001]
			}
		},
		{
			"type": "Feature",
			"properties": { "pm_name": "嘉興公園", "pm_type": "公園" },
			"geometry": {
				"type": "Point",
				"coordinates": [121.5519486,25.02136993]
			}
		},
		{
			"type": "Feature",
			"properties": { "pm_name": "寧馨公園A", "pm_type": "公園" },
			"geometry": {
				"type": "Point",
				"coordinates": [121.533493,25.04434967]
			}
		},
		{
			"type": "Feature",
			"properties": { "pm_name": "福州山公園", "pm_type": "公園" },
			"geometry": {
				"type": "Point",
				"coordinates": [121.5516129,25.01589012]
			}
		},
		{
			"type": "Feature",
			"properties": { "pm_name": "德安公園", "pm_type": "公園" },
			"geometry": {
				"type": "Point",
				"coordinates": [121.5477753,25.03487968]
			}
		},
		{
			"type": "Feature",
			"properties": { "pm_name": "黎孝公園", "pm_type": "公園" },
			"geometry": {
				"type": "Point",
				"coordinates": [121.5559921,25.01976013]
			}
		},
		{
			"type": "Feature",
			"properties": { "pm_name": "黎和生態公園", "pm_type": "公園" },
			"geometry": {
				"type": "Point",
				"coordinates": [121.560002,25.015128]
			}
		},
		{
			"type": "Feature",
			"properties": { "pm_name": "錦安公園", "pm_type": "公園" },
			"geometry": {
				"type": "Point",
				"coordinates": [121.5279465,25.0279808]
			}
		},
		{
			"type": "Feature",
			"properties": { "pm_name": "龍生公園", "pm_type": "公園" },
			"geometry": {
				"type": "Point",
				"coordinates": [121.5413971,25.02601051]
			}
		},
		{
			"type": "Feature",
			"properties": { "pm_name": "龍門公園", "pm_type": "公園" },
			"geometry": {
				"type": "Point",
				"coordinates": [121.5366821,25.02425957]
			}
		},
		{
			"type": "Feature",
			"properties": { "pm_name": "龍陣一號公園", "pm_type": "公園" },
			"geometry": {
				"type": "Point",
				"coordinates": [121.5425415,25.0275898]
			}
		},
		{
			"type": "Feature",
			"properties": { "pm_name": "龍陣二號公園 A", "pm_type": "公園" },
			"geometry": {
				"type": "Point",
				"coordinates": [121.5424881,25.02923966]
			}
		},
		{
			"type": "Feature",
			"properties": { "pm_name": "龍陣二號公園 B", "pm_type": "公園" },
			"geometry": {
				"type": "Point",
				"coordinates": [121.5424881,25.02923966]
			}
		},
		{
			"type": "Feature",
			"properties": { "pm_name": "龍圖公園", "pm_type": "公園" },
			"geometry": {
				"type": "Point",
				"coordinates": [121.5416031,25.03049088]
			}
		},
		{
			"type": "Feature",
			"properties": { "pm_name": "龍鳳公園", "pm_type": "公園" },
			"geometry": {
				"type": "Point",
				"coordinates": [121.5432735,25.02561092]
			}
		},
		{
			"type": "Feature",
			"properties": { "pm_name": "臨江公園", "pm_type": "公園" },
			"geometry": {
				"type": "Point",
				"coordinates": [121.5557404,25.0281601]
			}
		},
		{
			"type": "Feature",
			"properties": { "pm_name": "麗水公園", "pm_type": "公園" },
			"geometry": {
				"type": "Point",
				"coordinates": [121.5280876,25.03191447]
			}
		},
		{
			"type": "Feature",
			"properties": { "pm_name": "大安125號綠地", "pm_type": "綠地" },
			"geometry": {
				"type": "Point",
				"coordinates": [121.5336838,25.04442024]
			}
		},
		{
			"type": "Feature",
			"properties": { "pm_name": "大安195號綠地", "pm_type": "綠地" },
			"geometry": {
				"type": "Point",
				"coordinates": [121.5314331,25.02001953]
			}
		},
		{
			"type": "Feature",
			"properties": { "pm_name": "黎和綠地", "pm_type": "綠地" },
			"geometry": {
				"type": "Point",
				"coordinates": [121.5605698,25.01593018]
			}
		},
		{
			"type": "Feature",
			"properties": { "pm_name": "錦華綠地", "pm_type": "綠地" },
			"geometry": {
				"type": "Point",
				"coordinates": [121.5295792,25.02957916]
			}
		},
		{
			"type": "Feature",
			"properties": { "pm_name": "三張里公園", "pm_type": "公園" },
			"geometry": {
				"type": "Point",
				"coordinates": [121.5667267,25.03092957]
			}
		},
		{
			"type": "Feature",
			"properties": { "pm_name": "三犁公園", "pm_type": "公園" },
			"geometry": {
				"type": "Point",
				"coordinates": [121.5700226,25.02977943]
			}
		},
		{
			"type": "Feature",
			"properties": { "pm_name": "三興公園", "pm_type": "公園" },
			"geometry": {
				"type": "Point",
				"coordinates": [121.5595474,25.02857971]
			}
		},
		{
			"type": "Feature",
			"properties": { "pm_name": "中全公園", "pm_type": "公園" },
			"geometry": {
				"type": "Point",
				"coordinates": [121.5748901,25.03858948]
			}
		},
		{
			"type": "Feature",
			"properties": { "pm_name": "中興公園", "pm_type": "公園" },
			"geometry": {
				"type": "Point",
				"coordinates": [121.5592499,25.03426933]
			}
		},
		{
			"type": "Feature",
			"properties": { "pm_name": "五分埔公園", "pm_type": "公園" },
			"geometry": {
				"type": "Point",
				"coordinates": [121.580101,25.04693985]
			}
		},
		{
			"type": "Feature",
			"properties": { "pm_name": "五常公園", "pm_type": "公園" },
			"geometry": {
				"type": "Point",
				"coordinates": [121.5743408,25.04768944]
			}
		},
		{
			"type": "Feature",
			"properties": { "pm_name": "四育公園", "pm_type": "公園" },
			"geometry": {
				"type": "Point",
				"coordinates": [121.5751419,25.04676056]
			}
		},
		{
			"type": "Feature",
			"properties": { "pm_name": "永吉公園", "pm_type": "公園" },
			"geometry": {
				"type": "Point",
				"coordinates": [121.5750427,25.04359055]
			}
		},
		{
			"type": "Feature",
			"properties": { "pm_name": "永春公園", "pm_type": "公園" },
			"geometry": {
				"type": "Point",
				"coordinates": [121.5791168,25.04229927]
			}
		},
		{
			"type": "Feature",
			"properties": { "pm_name": "永春陂濕地公園", "pm_type": "公園" },
			"geometry": {
				"type": "Point",
				"coordinates": [121.580069,25.032812]
			}
		},
		{
			"type": "Feature",
			"properties": { "pm_name": "永春崗公園", "pm_type": "公園" },
			"geometry": {
				"type": "Point",
				"coordinates": [121.5775909,25.03170967]
			}
		},
		{
			"type": "Feature",
			"properties": { "pm_name": "交五", "pm_type": "公園" },
			"geometry": {
				"type": "Point",
				"coordinates": [121.5741501,25.0492096]
			}
		},
		{
			"type": "Feature",
			"properties": { "pm_name": "安強公園", "pm_type": "公園" },
			"geometry": {
				"type": "Point",
				"coordinates": [121.5753403,25.03668976]
			}
		},
		{
			"type": "Feature",
			"properties": { "pm_name": "吳興公園", "pm_type": "公園" },
			"geometry": {
				"type": "Point",
				"coordinates": [121.5679398,25.02329063]
			}
		},
		{
			"type": "Feature",
			"properties": { "pm_name": "念儒公園", "pm_type": "公園" },
			"geometry": {
				"type": "Point",
				"coordinates": [121.573761,25.03771973]
			}
		},
		{
			"type": "Feature",
			"properties": { "pm_name": "林口2號綠地(松光)", "pm_type": "公園" },
			"geometry": { "type": "Point", "coordinates": [121.57882,25.0399] }
		},
		{
			"type": "Feature",
			"properties": { "pm_name": "林口公園", "pm_type": "公園" },
			"geometry": {
				"type": "Point",
				"coordinates": [121.578949,25.03906059]
			}
		},
		{
			"type": "Feature",
			"properties": { "pm_name": "松友公園", "pm_type": "公園" },
			"geometry": {
				"type": "Point",
				"coordinates": [121.576149,25.03391075]
			}
		},
		{
			"type": "Feature",
			"properties": { "pm_name": "松壽廣場", "pm_type": "公園" },
			"geometry": {
				"type": "Point",
				"coordinates": [121.5660782,25.03738976]
			}
		},
		{
			"type": "Feature",
			"properties": { "pm_name": "松德公園", "pm_type": "公園" },
			"geometry": {
				"type": "Point",
				"coordinates": [121.573288,25.03602028]
			}
		},
		{
			"type": "Feature",
			"properties": { "pm_name": "虎林公園", "pm_type": "公園" },
			"geometry": {
				"type": "Point",
				"coordinates": [121.5772934,25.03148079]
			}
		},
		{
			"type": "Feature",
			"properties": {
				"pm_name": "信義352號公園 (松智公園)",
				"pm_type": "公園"
			},
			"geometry": {
				"type": "Point",
				"coordinates": [121.5655136,25.03582001]
			}
		},
		{
			"type": "Feature",
			"properties": { "pm_name": "信義安康公園", "pm_type": "公園" },
			"geometry": {
				"type": "Point",
				"coordinates": [121.5700684,25.03572083]
			}
		},
		{
			"type": "Feature",
			"properties": { "pm_name": "春光公園", "pm_type": "公園" },
			"geometry": {
				"type": "Point",
				"coordinates": [121.5807419,25.04223061]
			}
		},
		{
			"type": "Feature",
			"properties": { "pm_name": "革新公園", "pm_type": "公園" },
			"geometry": {
				"type": "Point",
				"coordinates": [121.5673676,25.04383087]
			}
		},
		{
			"type": "Feature",
			"properties": { "pm_name": "泰和公園", "pm_type": "公園" },
			"geometry": {
				"type": "Point",
				"coordinates": [121.5681992,25.02313995]
			}
		},
		{
			"type": "Feature",
			"properties": { "pm_name": "眷村文化公園", "pm_type": "公園" },
			"geometry": {
				"type": "Point",
				"coordinates": [121.5617523,25.0316391]
			}
		},
		{
			"type": "Feature",
			"properties": { "pm_name": "富台公園", "pm_type": "公園" },
			"geometry": {
				"type": "Point",
				"coordinates": [121.5722427,25.04207039]
			}
		},
		{
			"type": "Feature",
			"properties": { "pm_name": "富生1號公園", "pm_type": "公園" },
			"geometry": {
				"type": "Point",
				"coordinates": [121.5698486,25.04222919]
			}
		},
		{
			"type": "Feature",
			"properties": { "pm_name": "富生2號公園", "pm_type": "公園" },
			"geometry": {
				"type": "Point",
				"coordinates": [121.5696237,25.04238053]
			}
		},
		{
			"type": "Feature",
			"properties": { "pm_name": "富生公園", "pm_type": "公園" },
			"geometry": {
				"type": "Point",
				"coordinates": [121.5698471,25.04208946]
			}
		},
		{
			"type": "Feature",
			"properties": { "pm_name": "惠安公園", "pm_type": "公園" },
			"geometry": {
				"type": "Point",
				"coordinates": [121.564621,25.02454948]
			}
		},
		{
			"type": "Feature",
			"properties": { "pm_name": "景平公園", "pm_type": "公園" },
			"geometry": {
				"type": "Point",
				"coordinates": [121.563942,25.02989006]
			}
		},
		{
			"type": "Feature",
			"properties": { "pm_name": "景勤1號公園", "pm_type": "公園" },
			"geometry": {
				"type": "Point",
				"coordinates": [121.560257,25.02633095]
			}
		},
		{
			"type": "Feature",
			"properties": { "pm_name": "景勤2號公園", "pm_type": "公園" },
			"geometry": {
				"type": "Point",
				"coordinates": [121.5574875,25.02603912]
			}
		},
		{
			"type": "Feature",
			"properties": { "pm_name": "象山公園", "pm_type": "公園" },
			"geometry": {
				"type": "Point",
				"coordinates": [121.5700913,25.03041077]
			}
		},
		{
			"type": "Feature",
			"properties": { "pm_name": "雅祥公園", "pm_type": "公園" },
			"geometry": {
				"type": "Point",
				"coordinates": [121.5718308,25.04756928]
			}
		},
		{
			"type": "Feature",
			"properties": { "pm_name": "福祥公園", "pm_type": "公園" },
			"geometry": {
				"type": "Point",
				"coordinates": [121.5705032,25.04603958]
			}
		},
		{
			"type": "Feature",
			"properties": { "pm_name": "福德公園", "pm_type": "公園" },
			"geometry": {
				"type": "Point",
				"coordinates": [121.5818481,25.03824043]
			}
		},
		{
			"type": "Feature",
			"properties": { "pm_name": "黎忠公園", "pm_type": "公園" },
			"geometry": {
				"type": "Point",
				"coordinates": [121.559372,25.01907921]
			}
		},
		{
			"type": "Feature",
			"properties": { "pm_name": "黎富公園", "pm_type": "公園" },
			"geometry": {
				"type": "Point",
				"coordinates": [121.5567017,25.02100945]
			}
		},
		{
			"type": "Feature",
			"properties": { "pm_name": "黎雙公園", "pm_type": "公園" },
			"geometry": {
				"type": "Point",
				"coordinates": [121.5634689,25.02498055]
			}
		},
		{
			"type": "Feature",
			"properties": { "pm_name": "糶米公園", "pm_type": "公園" },
			"geometry": {
				"type": "Point",
				"coordinates": [121.572468,25.018614]
			}
		},
		{
			"type": "Feature",
			"properties": { "pm_name": "太子綠地", "pm_type": "綠地" },
			"geometry": {
				"type": "Point",
				"coordinates": [121.5770721,25.04519081]
			}
		},
		{
			"type": "Feature",
			"properties": { "pm_name": "交六", "pm_type": "綠地" },
			"geometry": {
				"type": "Point",
				"coordinates": [121.5708695,25.04932976]
			}
		},
		{
			"type": "Feature",
			"properties": { "pm_name": "松光綠地", "pm_type": "綠地" },
			"geometry": {
				"type": "Point",
				"coordinates": [121.5785294,25.03949928]
			}
		},
		{
			"type": "Feature",
			"properties": { "pm_name": "松隆綠地", "pm_type": "綠地" },
			"geometry": {
				"type": "Point",
				"coordinates": [121.5801086,25.03495979]
			}
		},
		{
			"type": "Feature",
			"properties": { "pm_name": "信義350綠地", "pm_type": "綠地" },
			"geometry": {
				"type": "Point",
				"coordinates": [121.5625687,25.03923035]
			}
		},
		{
			"type": "Feature",
			"properties": { "pm_name": "信義351號綠地", "pm_type": "綠地" },
			"geometry": {
				"type": "Point",
				"coordinates": [121.5654373,25.03918076]
			}
		},
		{
			"type": "Feature",
			"properties": {
				"pm_name": "信義353號綠地 (松仁綠地)",
				"pm_type": "綠地"
			},
			"geometry": {
				"type": "Point",
				"coordinates": [121.5677185,25.03274918]
			}
		},
		{
			"type": "Feature",
			"properties": { "pm_name": "信義354號綠地", "pm_type": "綠地" },
			"geometry": {
				"type": "Point",
				"coordinates": [121.5684204,25.02946091]
			}
		},
		{
			"type": "Feature",
			"properties": { "pm_name": "信義355號綠地", "pm_type": "綠地" },
			"geometry": {
				"type": "Point",
				"coordinates": [121.5683365,25.03089905]
			}
		},
		{
			"type": "Feature",
			"properties": { "pm_name": "信義356號綠地", "pm_type": "綠地" },
			"geometry": {
				"type": "Point",
				"coordinates": [121.5737076,25.03338051]
			}
		},
		{
			"type": "Feature",
			"properties": {
				"pm_name": "信義382號綠地 (惠安水與綠生活綠地)",
				"pm_type": "綠地"
			},
			"geometry": {
				"type": "Point",
				"coordinates": [121.5682373,25.0233593]
			}
		},
		{
			"type": "Feature",
			"properties": { "pm_name": "崇德綠地", "pm_type": "綠地" },
			"geometry": {
				"type": "Point",
				"coordinates": [121.5554504,25.02421951]
			}
		},
		{
			"type": "Feature",
			"properties": { "pm_name": "黎平綠地", "pm_type": "綠地" },
			"geometry": {
				"type": "Point",
				"coordinates": [121.5571213,25.02318955]
			}
		},
		{
			"type": "Feature",
			"properties": { "pm_name": "市民廣場", "pm_type": "廣場" },
			"geometry": {
				"type": "Point",
				"coordinates": [121.5627518,25.03664017]
			}
		},
		{
			"type": "Feature",
			"properties": { "pm_name": "忠信廣場", "pm_type": "廣場" },
			"geometry": {
				"type": "Point",
				"coordinates": [121.5679092,25.0405407]
			}
		},
		{
			"type": "Feature",
			"properties": { "pm_name": "信義20號廣場", "pm_type": "廣場" },
			"geometry": {
				"type": "Point",
				"coordinates": [121.5775833,25.04874992]
			}
		},
		{
			"type": "Feature",
			"properties": { "pm_name": "信義21號廣場", "pm_type": "廣場" },
			"geometry": {
				"type": "Point",
				"coordinates": [121.5644684,25.03473091]
			}
		},
		{
			"type": "Feature",
			"properties": { "pm_name": "信義21號廣場", "pm_type": "廣場" },
			"geometry": {
				"type": "Point",
				"coordinates": [121.5644684,25.03473091]
			}
		},
		{
			"type": "Feature",
			"properties": { "pm_name": "信義廣場", "pm_type": "廣場" },
			"geometry": {
				"type": "Point",
				"coordinates": [121.56604,25.03347969]
			}
		},
		{
			"type": "Feature",
			"properties": { "pm_name": "厚生廣場", "pm_type": "廣場" },
			"geometry": {
				"type": "Point",
				"coordinates": [121.5681,25.04340935]
			}
		},
		{
			"type": "Feature",
			"properties": { "pm_name": "景聯廣場", "pm_type": "廣場" },
			"geometry": {
				"type": "Point",
				"coordinates": [121.5614014,25.03252029]
			}
		},
		{
			"type": "Feature",
			"properties": { "pm_name": "三重世貿公園", "pm_type": "公園" },
			"geometry": {
				"type": "Point",
				"coordinates": [121.615387,25.05792999]
			}
		},
		{
			"type": "Feature",
			"properties": { "pm_name": "中南公園", "pm_type": "公園" },
			"geometry": {
				"type": "Point",
				"coordinates": [121.6154709,25.05121994]
			}
		},
		{
			"type": "Feature",
			"properties": { "pm_name": "中研公園", "pm_type": "公園" },
			"geometry": {
				"type": "Point",
				"coordinates": [121.6130524,25.04689026]
			}
		},
		{
			"type": "Feature",
			"properties": { "pm_name": "中興公園", "pm_type": "公園" },
			"geometry": {
				"type": "Point",
				"coordinates": [121.6148529,25.0442009]
			}
		},
		{
			"type": "Feature",
			"properties": { "pm_name": "六福公園", "pm_type": "公園" },
			"geometry": {
				"type": "Point",
				"coordinates": [121.6165085,25.04726028]
			}
		},
		{
			"type": "Feature",
			"properties": { "pm_name": "四分河濱公園", "pm_type": "公園" },
			"geometry": {
				"type": "Point",
				"coordinates": [121.6156921,25.04862976]
			}
		},
		{
			"type": "Feature",
			"properties": { "pm_name": "市民公園", "pm_type": "公園" },
			"geometry": {
				"type": "Point",
				"coordinates": [121.5817337,25.0492897]
			}
		},
		{
			"type": "Feature",
			"properties": { "pm_name": "玉成公園", "pm_type": "公園" },
			"geometry": {
				"type": "Point",
				"coordinates": [121.5855026,25.04254913]
			}
		},
		{
			"type": "Feature",
			"properties": { "pm_name": "玉東公園", "pm_type": "公園" },
			"geometry": {
				"type": "Point",
				"coordinates": [121.584156,25.050188]
			}
		},
		{
			"type": "Feature",
			"properties": { "pm_name": "合成18號綠園", "pm_type": "公園" },
			"geometry": {
				"type": "Point",
				"coordinates": [121.5829163,25.04626083]
			}
		},
		{
			"type": "Feature",
			"properties": { "pm_name": "合成8號綠園", "pm_type": "公園" },
			"geometry": {
				"type": "Point",
				"coordinates": [121.5937882,25.05083084]
			}
		},
		{
			"type": "Feature",
			"properties": { "pm_name": "合成公園", "pm_type": "公園" },
			"geometry": {
				"type": "Point",
				"coordinates": [121.5811386,25.04509926]
			}
		},
		{
			"type": "Feature",
			"properties": { "pm_name": "合樂公園", "pm_type": "公園" },
			"geometry": {
				"type": "Point",
				"coordinates": [121.5818863,25.04850006]
			}
		},
		{
			"type": "Feature",
			"properties": { "pm_name": "百福公園", "pm_type": "公園" },
			"geometry": {
				"type": "Point",
				"coordinates": [121.5885391,25.03793907]
			}
		},
		{
			"type": "Feature",
			"properties": { "pm_name": "幸福公園", "pm_type": "公園" },
			"geometry": {
				"type": "Point",
				"coordinates": [121.6160507,25.04602051]
			}
		},
		{
			"type": "Feature",
			"properties": { "pm_name": "昆陽公園", "pm_type": "公園" },
			"geometry": {
				"type": "Point",
				"coordinates": [121.5942001,25.04871941]
			}
		},
		{
			"type": "Feature",
			"properties": { "pm_name": "東坡公園", "pm_type": "公園" },
			"geometry": {
				"type": "Point",
				"coordinates": [121.5933075,25.04523087]
			}
		},
		{
			"type": "Feature",
			"properties": { "pm_name": "東明公園", "pm_type": "公園" },
			"geometry": {
				"type": "Point",
				"coordinates": [121.6036377,25.05480003]
			}
		},
		{
			"type": "Feature",
			"properties": { "pm_name": "東陽公園", "pm_type": "公園" },
			"geometry": {
				"type": "Point",
				"coordinates": [121.6037369,25.0574398]
			}
		},
		{
			"type": "Feature",
			"properties": { "pm_name": "南汐公園", "pm_type": "公園" },
			"geometry": {
				"type": "Point",
				"coordinates": [121.617691,25.05467987]
			}
		},
		{
			"type": "Feature",
			"properties": { "pm_name": "南港公園", "pm_type": "公園" },
			"geometry": {
				"type": "Point",
				"coordinates": [121.5919113,25.04306984]
			}
		},
		{
			"type": "Feature",
			"properties": { "pm_name": "南興公園", "pm_type": "公園" },
			"geometry": {
				"type": "Point",
				"coordinates": [121.6069031,25.05401993]
			}
		},
		{
			"type": "Feature",
			"properties": { "pm_name": "後山埤公園", "pm_type": "公園" },
			"geometry": {
				"type": "Point",
				"coordinates": [121.5899506,25.04371071]
			}
		},
		{
			"type": "Feature",
			"properties": { "pm_name": "胡適公園", "pm_type": "公園" },
			"geometry": {
				"type": "Point",
				"coordinates": [121.6179123,25.03992081]
			}
		},
		{
			"type": "Feature",
			"properties": { "pm_name": "重陽公園", "pm_type": "公園" },
			"geometry": {
				"type": "Point",
				"coordinates": [121.5991516,25.05620003]
			}
		},
		{
			"type": "Feature",
			"properties": { "pm_name": "理想公園", "pm_type": "公園" },
			"geometry": {
				"type": "Point",
				"coordinates": [121.6215897,25.03986931]
			}
		},
		{
			"type": "Feature",
			"properties": { "pm_name": "瓶蓋印象公園", "pm_type": "公園" },
			"geometry": {
				"type": "Point",
				"coordinates": [121.606226,25.053719]
			}
		},
		{
			"type": "Feature",
			"properties": { "pm_name": "港後公園", "pm_type": "公園" },
			"geometry": {
				"type": "Point",
				"coordinates": [121.6153793,25.06274986]
			}
		},
		{
			"type": "Feature",
			"properties": { "pm_name": "湧聲公園", "pm_type": "公園" },
			"geometry": {
				"type": "Point",
				"coordinates": [121.5927582,25.04327965]
			}
		},
		{
			"type": "Feature",
			"properties": { "pm_name": "新勝公園", "pm_type": "公園" },
			"geometry": {
				"type": "Point",
				"coordinates": [121.5931625,25.04884911]
			}
		},
		{
			"type": "Feature",
			"properties": { "pm_name": "新富公園", "pm_type": "公園" },
			"geometry": {
				"type": "Point",
				"coordinates": [121.6169586,25.05303001]
			}
		},
		{
			"type": "Feature",
			"properties": { "pm_name": "新新公園", "pm_type": "公園" },
			"geometry": {
				"type": "Point",
				"coordinates": [121.588752,25.051391]
			}
		},
		{
			"type": "Feature",
			"properties": { "pm_name": "萬福公園", "pm_type": "公園" },
			"geometry": {
				"type": "Point",
				"coordinates": [121.5844498,25.04624939]
			}
		},
		{
			"type": "Feature",
			"properties": { "pm_name": "經貿公園", "pm_type": "公園" },
			"geometry": {
				"type": "Point",
				"coordinates": [121.6163635,25.06258011]
			}
		},
		{
			"type": "Feature",
			"properties": { "pm_name": "福山公園", "pm_type": "公園" },
			"geometry": {
				"type": "Point",
				"coordinates": [121.6178513,25.04470062]
			}
		},
		{
			"type": "Feature",
			"properties": { "pm_name": "興南公園", "pm_type": "公園" },
			"geometry": {
				"type": "Point",
				"coordinates": [121.5973969,25.05512047]
			}
		},
		{
			"type": "Feature",
			"properties": { "pm_name": "興華公園", "pm_type": "公園" },
			"geometry": {
				"type": "Point",
				"coordinates": [121.6047897,25.05677033]
			}
		},
		{
			"type": "Feature",
			"properties": { "pm_name": "錫口廊道", "pm_type": "公園" },
			"geometry": {
				"type": "Point",
				"coordinates": [121.5799314,25.05100657]
			}
		},
		{
			"type": "Feature",
			"properties": { "pm_name": "聯成公園", "pm_type": "公園" },
			"geometry": {
				"type": "Point",
				"coordinates": [121.5872192,25.04659081]
			}
		},
		{
			"type": "Feature",
			"properties": { "pm_name": "舊莊公園", "pm_type": "公園" },
			"geometry": {
				"type": "Point",
				"coordinates": [121.6202698,25.04137039]
			}
		},
		{
			"type": "Feature",
			"properties": { "pm_name": "九如綠地", "pm_type": "綠地" },
			"geometry": {
				"type": "Point",
				"coordinates": [121.6163101,25.03856087]
			}
		},
		{
			"type": "Feature",
			"properties": { "pm_name": "四分綠地", "pm_type": "綠地" },
			"geometry": {
				"type": "Point",
				"coordinates": [121.615002,25.03588189]
			}
		},
		{
			"type": "Feature",
			"properties": { "pm_name": "成福綠地", "pm_type": "綠地" },
			"geometry": {
				"type": "Point",
				"coordinates": [121.5929489,25.0453701]
			}
		},
		{
			"type": "Feature",
			"properties": { "pm_name": "成德綠地", "pm_type": "綠地" },
			"geometry": {
				"type": "Point",
				"coordinates": [121.5874634,25.04644966]
			}
		},
		{
			"type": "Feature",
			"properties": { "pm_name": "東明綠地", "pm_type": "綠地" },
			"geometry": {
				"type": "Point",
				"coordinates": [121.6006928,25.05426979]
			}
		},
		{
			"type": "Feature",
			"properties": { "pm_name": "東新綠地", "pm_type": "綠地" },
			"geometry": {
				"type": "Point",
				"coordinates": [121.6024475,25.05359078]
			}
		},
		{
			"type": "Feature",
			"properties": { "pm_name": "南深綠地", "pm_type": "綠地" },
			"geometry": {
				"type": "Point",
				"coordinates": [121.6231613,25.03792954]
			}
		},
		{
			"type": "Feature",
			"properties": { "pm_name": "南港29號綠地", "pm_type": "綠地" },
			"geometry": {
				"type": "Point",
				"coordinates": [121.6172333,25.04239082]
			}
		},
		{
			"type": "Feature",
			"properties": { "pm_name": "南港65號園區綠地", "pm_type": "綠地" },
			"geometry": {
				"type": "Point",
				"coordinates": [121.6142197,25.05903053]
			}
		},
		{
			"type": "Feature",
			"properties": { "pm_name": "新坡綠地", "pm_type": "綠地" },
			"geometry": {
				"type": "Point",
				"coordinates": [121.6177521,25.0356102]
			}
		},
		{
			"type": "Feature",
			"properties": { "pm_name": "新南綠地", "pm_type": "綠地" },
			"geometry": {
				"type": "Point",
				"coordinates": [121.6065521,25.05184937]
			}
		},
		{
			"type": "Feature",
			"properties": { "pm_name": "新陽綠地", "pm_type": "綠地" },
			"geometry": {
				"type": "Point",
				"coordinates": [121.6034164,25.05693054]
			}
		},
		{
			"type": "Feature",
			"properties": { "pm_name": "合心廣場", "pm_type": "廣場" },
			"geometry": {
				"type": "Point",
				"coordinates": [121.583458,25.04660988]
			}
		},
		{
			"type": "Feature",
			"properties": { "pm_name": "南港五號廣場", "pm_type": "廣場" },
			"geometry": {
				"type": "Point",
				"coordinates": [121.5998001,25.05406952]
			}
		},
		{
			"type": "Feature",
			"properties": { "pm_name": "140高地", "pm_type": "公園" },
			"geometry": {
				"type": "Point",
				"coordinates": [121.569603,25.00358009]
			}
		},
		{
			"type": "Feature",
			"properties": { "pm_name": "久康公園", "pm_type": "公園" },
			"geometry": {
				"type": "Point",
				"coordinates": [121.5645828,24.98934937]
			}
		},
		{
			"type": "Feature",
			"properties": { "pm_name": "小坑1號公園", "pm_type": "公園" },
			"geometry": {
				"type": "Point",
				"coordinates": [121.585228,24.98337936]
			}
		},
		{
			"type": "Feature",
			"properties": {
				"pm_name": "文山(景美)49號公園",
				"pm_type": "公園"
			},
			"geometry": {
				"type": "Point",
				"coordinates": [121.5478516,24.99588966]
			}
		},
		{
			"type": "Feature",
			"properties": { "pm_name": "文山木柵59號公園", "pm_type": "公園" },
			"geometry": {
				"type": "Point",
				"coordinates": [121.5825806,24.98526001]
			}
		},
		{
			"type": "Feature",
			"properties": { "pm_name": "文山森林公園", "pm_type": "公園" },
			"geometry": {
				"type": "Point",
				"coordinates": [121.548322,25.00435]
			}
		},
		{
			"type": "Feature",
			"properties": { "pm_name": "木南公園", "pm_type": "公園" },
			"geometry": {
				"type": "Point",
				"coordinates": [121.5708389,24.9865303]
			}
		},
		{
			"type": "Feature",
			"properties": { "pm_name": "木柵公園", "pm_type": "公園" },
			"geometry": {
				"type": "Point",
				"coordinates": [121.560463,24.98694992]
			}
		},
		{
			"type": "Feature",
			"properties": { "pm_name": "木新公園", "pm_type": "公園" },
			"geometry": {
				"type": "Point",
				"coordinates": [121.5580368,24.9822197]
			}
		},
		{
			"type": "Feature",
			"properties": { "pm_name": "木榮公園", "pm_type": "公園" },
			"geometry": {
				"type": "Point",
				"coordinates": [121.5686569,24.98464012]
			}
		},
		{
			"type": "Feature",
			"properties": { "pm_name": "水景公園", "pm_type": "公園" },
			"geometry": {
				"type": "Point",
				"coordinates": [121.5868378,24.98698044]
			}
		},
		{
			"type": "Feature",
			"properties": { "pm_name": "仙岩公園", "pm_type": "公園" },
			"geometry": {
				"type": "Point",
				"coordinates": [121.5493622,24.99797058]
			}
		},
		{
			"type": "Feature",
			"properties": { "pm_name": "光明公園", "pm_type": "公園" },
			"geometry": {
				"type": "Point",
				"coordinates": [121.5547104,24.98646927]
			}
		},
		{
			"type": "Feature",
			"properties": { "pm_name": "光輝公園", "pm_type": "公園" },
			"geometry": {
				"type": "Point",
				"coordinates": [121.5558395,24.98612022]
			}
		},
		{
			"type": "Feature",
			"properties": { "pm_name": "辛亥生態公園", "pm_type": "公園" },
			"geometry": {
				"type": "Point",
				"coordinates": [121.556764,25.003685]
			}
		},
		{
			"type": "Feature",
			"properties": { "pm_name": "坡內坑公園", "pm_type": "公園" },
			"geometry": {
				"type": "Point",
				"coordinates": [121.5765533,25.00497055]
			}
		},
		{
			"type": "Feature",
			"properties": { "pm_name": "忠順公園", "pm_type": "公園" },
			"geometry": {
				"type": "Point",
				"coordinates": [121.561142,24.98314095]
			}
		},
		{
			"type": "Feature",
			"properties": { "pm_name": "忠順萊茵公園", "pm_type": "公園" },
			"geometry": {
				"type": "Point",
				"coordinates": [121.5653687,24.98678017]
			}
		},
		{
			"type": "Feature",
			"properties": { "pm_name": "明義公園", "pm_type": "公園" },
			"geometry": {
				"type": "Point",
				"coordinates": [121.5609818,24.98806953]
			}
		},
		{
			"type": "Feature",
			"properties": { "pm_name": "芳寧公園", "pm_type": "公園" },
			"geometry": {
				"type": "Point",
				"coordinates": [121.5632782,25.00452995]
			}
		},
		{
			"type": "Feature",
			"properties": { "pm_name": "保儀公園", "pm_type": "公園" },
			"geometry": {
				"type": "Point",
				"coordinates": [121.5634689,24.98353958]
			}
		},
		{
			"type": "Feature",
			"properties": { "pm_name": "恆光公園", "pm_type": "公園" },
			"geometry": {
				"type": "Point",
				"coordinates": [121.5675888,24.98241043]
			}
		},
		{
			"type": "Feature",
			"properties": { "pm_name": "原野運動公園", "pm_type": "公園" },
			"geometry": {
				"type": "Point",
				"coordinates": [121.571373,24.99712944]
			}
		},
		{
			"type": "Feature",
			"properties": { "pm_name": "博嘉公園", "pm_type": "公園" },
			"geometry": {
				"type": "Point",
				"coordinates": [121.5735397,25.00045013]
			}
		},
		{
			"type": "Feature",
			"properties": { "pm_name": "景仁公園", "pm_type": "公園" },
			"geometry": {
				"type": "Point",
				"coordinates": [121.5401001,24.99666977]
			}
		},
		{
			"type": "Feature",
			"properties": { "pm_name": "景行公園", "pm_type": "公園" },
			"geometry": {
				"type": "Point",
				"coordinates": [121.542778,24.99251938]
			}
		},
		{
			"type": "Feature",
			"properties": {
				"pm_name": "景美公園(原萬慶公園)",
				"pm_type": "公園"
			},
			"geometry": {
				"type": "Point",
				"coordinates": [121.5375977,24.99402046]
			}
		},
		{
			"type": "Feature",
			"properties": { "pm_name": "景美運動公園", "pm_type": "公園" },
			"geometry": {
				"type": "Point",
				"coordinates": [121.5445175,25.00254059]
			}
		},
		{
			"type": "Feature",
			"properties": { "pm_name": "景華公園", "pm_type": "公園" },
			"geometry": {
				"type": "Point",
				"coordinates": [121.5437927,24.99518967]
			}
		},
		{
			"type": "Feature",
			"properties": { "pm_name": "景福公園", "pm_type": "公園" },
			"geometry": {
				"type": "Point",
				"coordinates": [121.5403214,24.99567986]
			}
		},
		{
			"type": "Feature",
			"properties": { "pm_name": "景豐公園", "pm_type": "公園" },
			"geometry": {
				"type": "Point",
				"coordinates": [121.5450516,25.0001297]
			}
		},
		{
			"type": "Feature",
			"properties": { "pm_name": "華興公園", "pm_type": "公園" },
			"geometry": {
				"type": "Point",
				"coordinates": [121.5504684,24.98917007]
			}
		},
		{
			"type": "Feature",
			"properties": { "pm_name": "順興公園綠地", "pm_type": "公園" },
			"geometry": {
				"type": "Point",
				"coordinates": [121.5643768,24.98608971]
			}
		},
		{
			"type": "Feature",
			"properties": { "pm_name": "新榮公園", "pm_type": "公園" },
			"geometry": {
				"type": "Point",
				"coordinates": [121.570221,24.98332977]
			}
		},
		{
			"type": "Feature",
			"properties": { "pm_name": "椰城公園", "pm_type": "公園" },
			"geometry": {
				"type": "Point",
				"coordinates": [121.5687027,25.0063591]
			}
		},
		{
			"type": "Feature",
			"properties": { "pm_name": "萬年1號公園", "pm_type": "公園" },
			"geometry": {
				"type": "Point",
				"coordinates": [121.5362015,25.00569916]
			}
		},
		{
			"type": "Feature",
			"properties": { "pm_name": "萬年2號公園", "pm_type": "公園" },
			"geometry": {
				"type": "Point",
				"coordinates": [121.5362015,25.00569916]
			}
		},
		{
			"type": "Feature",
			"properties": { "pm_name": "萬年3號公園", "pm_type": "公園" },
			"geometry": {
				"type": "Point",
				"coordinates": [121.5369263,25.00704002]
			}
		},
		{
			"type": "Feature",
			"properties": { "pm_name": "萬有1號公園", "pm_type": "公園" },
			"geometry": {
				"type": "Point",
				"coordinates": [121.5429535,24.99983025]
			}
		},
		{
			"type": "Feature",
			"properties": { "pm_name": "萬有2號公園", "pm_type": "公園" },
			"geometry": {
				"type": "Point",
				"coordinates": [121.5419006,25.00070953]
			}
		},
		{
			"type": "Feature",
			"properties": { "pm_name": "萬有3號公園", "pm_type": "公園" },
			"geometry": {
				"type": "Point",
				"coordinates": [121.5430985,24.99872017]
			}
		},
		{
			"type": "Feature",
			"properties": { "pm_name": "萬和1號公園", "pm_type": "公園" },
			"geometry": {
				"type": "Point",
				"coordinates": [121.5363236,25.00049019]
			}
		},
		{
			"type": "Feature",
			"properties": { "pm_name": "萬和2號公園", "pm_type": "公園" },
			"geometry": {
				"type": "Point",
				"coordinates": [121.5365372,25.00148964]
			}
		},
		{
			"type": "Feature",
			"properties": { "pm_name": "萬和3號公園", "pm_type": "公園" },
			"geometry": {
				"type": "Point",
				"coordinates": [121.5363388,25.00381088]
			}
		},
		{
			"type": "Feature",
			"properties": { "pm_name": "萬芳10號公園", "pm_type": "公園" },
			"geometry": {
				"type": "Point",
				"coordinates": [121.5624924,25.00164986]
			}
		},
		{
			"type": "Feature",
			"properties": { "pm_name": "萬芳11號公園", "pm_type": "公園" },
			"geometry": {
				"type": "Point",
				"coordinates": [121.5630798,25.00304985]
			}
		},
		{
			"type": "Feature",
			"properties": { "pm_name": "萬芳12號公園", "pm_type": "公園" },
			"geometry": {
				"type": "Point",
				"coordinates": [121.5635834,25.00147057]
			}
		},
		{
			"type": "Feature",
			"properties": { "pm_name": "萬芳13號公園", "pm_type": "公園" },
			"geometry": {
				"type": "Point",
				"coordinates": [121.5653992,25.00172997]
			}
		},
		{
			"type": "Feature",
			"properties": { "pm_name": "萬芳14號公園", "pm_type": "公園" },
			"geometry": {
				"type": "Point",
				"coordinates": [121.5653305,25.00032044]
			}
		},
		{
			"type": "Feature",
			"properties": { "pm_name": "萬芳1號公園", "pm_type": "公園" },
			"geometry": {
				"type": "Point",
				"coordinates": [121.5667267,24.99986076]
			}
		},
		{
			"type": "Feature",
			"properties": { "pm_name": "萬芳2號公園", "pm_type": "公園" },
			"geometry": {
				"type": "Point",
				"coordinates": [121.5667725,24.99920082]
			}
		},
		{
			"type": "Feature",
			"properties": { "pm_name": "萬芳3號公園", "pm_type": "公園" },
			"geometry": {
				"type": "Point",
				"coordinates": [121.5671005,24.99925041]
			}
		},
		{
			"type": "Feature",
			"properties": { "pm_name": "萬芳4號公園", "pm_type": "公園" },
			"geometry": {
				"type": "Point",
				"coordinates": [121.5675278,25.00153923]
			}
		},
		{
			"type": "Feature",
			"properties": { "pm_name": "萬芳6號公園", "pm_type": "公園" },
			"geometry": {
				"type": "Point",
				"coordinates": [121.5691834,24.99950028]
			}
		},
		{
			"type": "Feature",
			"properties": { "pm_name": "萬芳7號公園", "pm_type": "公園" },
			"geometry": {
				"type": "Point",
				"coordinates": [121.5661621,25.00157929]
			}
		},
		{
			"type": "Feature",
			"properties": { "pm_name": "萬芳8號公園", "pm_type": "公園" },
			"geometry": {
				"type": "Point",
				"coordinates": [121.560463,25.0030098]
			}
		},
		{
			"type": "Feature",
			"properties": { "pm_name": "萬芳9號公園", "pm_type": "公園" },
			"geometry": {
				"type": "Point",
				"coordinates": [121.5614777,25.00177956]
			}
		},
		{
			"type": "Feature",
			"properties": { "pm_name": "萬盛公園", "pm_type": "公園" },
			"geometry": {
				"type": "Point",
				"coordinates": [121.5410614,25.00514984]
			}
		},
		{
			"type": "Feature",
			"properties": { "pm_name": "萬壽1號公園", "pm_type": "公園" },
			"geometry": {
				"type": "Point",
				"coordinates": [121.5892181,24.98747063]
			}
		},
		{
			"type": "Feature",
			"properties": { "pm_name": "萬壽2號公園", "pm_type": "公園" },
			"geometry": {
				"type": "Point",
				"coordinates": [121.5895615,24.98736954]
			}
		},
		{
			"type": "Feature",
			"properties": { "pm_name": "萬壽3號公園", "pm_type": "公園" },
			"geometry": {
				"type": "Point",
				"coordinates": [121.5860825,24.98542023]
			}
		},
		{
			"type": "Feature",
			"properties": {
				"pm_name": "萬興櫻花生態景觀公園",
				"pm_type": "公園"
			},
			"geometry": {
				"type": "Point",
				"coordinates": [121.5731031,24.9915411]
			}
		},
		{
			"type": "Feature",
			"properties": { "pm_name": "試院公園", "pm_type": "公園" },
			"geometry": {
				"type": "Point",
				"coordinates": [121.5473175,24.98778915]
			}
		},
		{
			"type": "Feature",
			"properties": { "pm_name": "福興公園", "pm_type": "公園" },
			"geometry": {
				"type": "Point",
				"coordinates": [121.5481567,25.00399971]
			}
		},
		{
			"type": "Feature",
			"properties": { "pm_name": "樟林公園", "pm_type": "公園" },
			"geometry": {
				"type": "Point",
				"coordinates": [121.5592117,24.98464012]
			}
		},
		{
			"type": "Feature",
			"properties": { "pm_name": "樟新公園", "pm_type": "公園" },
			"geometry": {
				"type": "Point",
				"coordinates": [121.5569534,24.97919083]
			}
		},
		{
			"type": "Feature",
			"properties": { "pm_name": "樟樹公園", "pm_type": "公園" },
			"geometry": {
				"type": "Point",
				"coordinates": [121.559372,24.98271942]
			}
		},
		{
			"type": "Feature",
			"properties": { "pm_name": "樟興公園", "pm_type": "公園" },
			"geometry": {
				"type": "Point",
				"coordinates": [121.5541229,24.98067093]
			}
		},
		{
			"type": "Feature",
			"properties": { "pm_name": "興旺公園", "pm_type": "公園" },
			"geometry": {
				"type": "Point",
				"coordinates": [121.5504608,25.0058403]
			}
		},
		{
			"type": "Feature",
			"properties": { "pm_name": "興家公園", "pm_type": "公園" },
			"geometry": {
				"type": "Point",
				"coordinates": [121.5608215,24.99473]
			}
		},
		{
			"type": "Feature",
			"properties": { "pm_name": "興泰公園", "pm_type": "公園" },
			"geometry": {
				"type": "Point",
				"coordinates": [121.555481,25.00481033]
			}
		},
		{
			"type": "Feature",
			"properties": { "pm_name": "興隆公園", "pm_type": "公園" },
			"geometry": {
				"type": "Point",
				"coordinates": [121.5510864,25.00013924]
			}
		},
		{
			"type": "Feature",
			"properties": { "pm_name": "興福公園", "pm_type": "公園" },
			"geometry": {
				"type": "Point",
				"coordinates": [121.5459671,24.9971199]
			}
		},
		{
			"type": "Feature",
			"properties": { "pm_name": "興德綠色步道", "pm_type": "公園" },
			"geometry": {
				"type": "Point",
				"coordinates": [121.5595398,24.99477005]
			}
		},
		{
			"type": "Feature",
			"properties": { "pm_name": "興豐公園", "pm_type": "公園" },
			"geometry": {
				"type": "Point",
				"coordinates": [121.5512695,25.00019074]
			}
		},
		{
			"type": "Feature",
			"properties": { "pm_name": "文山50號綠地", "pm_type": "綠地" },
			"geometry": {
				"type": "Point",
				"coordinates": [121.5750885,24.99078941]
			}
		},
		{
			"type": "Feature",
			"properties": { "pm_name": "文山木柵60號綠地", "pm_type": "綠地" },
			"geometry": {
				"type": "Point",
				"coordinates": [121.583252,25.00042915]
			}
		},
		{
			"type": "Feature",
			"properties": { "pm_name": "木柵14號綠地", "pm_type": "綠地" },
			"geometry": {
				"type": "Point",
				"coordinates": [121.5515289,24.99163055]
			}
		},
		{
			"type": "Feature",
			"properties": {
				"pm_name": "木柵17號(秀明綠地)",
				"pm_type": "綠地"
			},
			"geometry": {
				"type": "Point",
				"coordinates": [121.5648117,24.98903084]
			}
		},
		{
			"type": "Feature",
			"properties": { "pm_name": "木柵49號綠地", "pm_type": "綠地" },
			"geometry": {
				"type": "Point",
				"coordinates": [121.5736694,24.99308014]
			}
		},
		{
			"type": "Feature",
			"properties": { "pm_name": "指南綠地", "pm_type": "綠地" },
			"geometry": {
				"type": "Point",
				"coordinates": [121.5796738,24.98300934]
			}
		},
		{
			"type": "Feature",
			"properties": { "pm_name": "軍功綠地", "pm_type": "綠地" },
			"geometry": {
				"type": "Point",
				"coordinates": [121.5726776,25.00127983]
			}
		},
		{
			"type": "Feature",
			"properties": { "pm_name": "清溪綠地", "pm_type": "綠地" },
			"geometry": {
				"type": "Point",
				"coordinates": [121.5805512,24.98506928]
			}
		},
		{
			"type": "Feature",
			"properties": { "pm_name": "景美29號綠地", "pm_type": "綠地" },
			"geometry": {
				"type": "Point",
				"coordinates": [121.5518189,24.99637032]
			}
		},
		{
			"type": "Feature",
			"properties": { "pm_name": "景美30號綠地", "pm_type": "綠地" },
			"geometry": {
				"type": "Point",
				"coordinates": [121.5551987,25.00074959]
			}
		},
		{
			"type": "Feature",
			"properties": { "pm_name": "景美32號綠地", "pm_type": "綠地" },
			"geometry": {
				"type": "Point",
				"coordinates": [121.5579605,25.00922012]
			}
		},
		{
			"type": "Feature",
			"properties": { "pm_name": "萬利綠地", "pm_type": "綠地" },
			"geometry": {
				"type": "Point",
				"coordinates": [121.5647507,25.00028992]
			}
		}
	]
}
