{
	"type": "FeatureCollection",
	"features": [
		{
			"type": "Feature",
			"properties": { "pm_name": "八里大道", "pm_type": "人行道" },
			"geometry": {
				"type": "Point",
				"coordinates": [121.4043818,25.15561033]
			}
		},
		{
			"type": "Feature",
			"properties": { "pm_name": "八里大道", "pm_type": "人行道" },
			"geometry": {
				"type": "Point",
				"coordinates": [121.4044409,25.15555648]
			}
		},
		{
			"type": "Feature",
			"properties": { "pm_name": "八里大道", "pm_type": "人行道" },
			"geometry": {
				"type": "Point",
				"coordinates": [121.4045,25.15550263]
			}
		},
		{
			"type": "Feature",
			"properties": { "pm_name": "八里大道", "pm_type": "人行道" },
			"geometry": {
				"type": "Point",
				"coordinates": [121.4045592,25.15544878]
			}
		},
		{
			"type": "Feature",
			"properties": { "pm_name": "八里大道", "pm_type": "人行道" },
			"geometry": {
				"type": "Point",
				"coordinates": [121.4046183,25.15539493]
			}
		},
		{
			"type": "Feature",
			"properties": { "pm_name": "八里大道", "pm_type": "人行道" },
			"geometry": {
				"type": "Point",
				"coordinates": [121.4046774,25.15534108]
			}
		},
		{
			"type": "Feature",
			"properties": { "pm_name": "八里大道", "pm_type": "人行道" },
			"geometry": {
				"type": "Point",
				"coordinates": [121.4047365,25.15528723]
			}
		},
		{
			"type": "Feature",
			"properties": { "pm_name": "八里大道", "pm_type": "人行道" },
			"geometry": {
				"type": "Point",
				"coordinates": [121.4047957,25.15523338]
			}
		},
		{
			"type": "Feature",
			"properties": { "pm_name": "八里大道", "pm_type": "人行道" },
			"geometry": {
				"type": "Point",
				"coordinates": [121.4048548,25.15517953]
			}
		},
		{
			"type": "Feature",
			"properties": { "pm_name": "八里大道", "pm_type": "人行道" },
			"geometry": {
				"type": "Point",
				"coordinates": [121.4049139,25.15512568]
			}
		},
		{
			"type": "Feature",
			"properties": { "pm_name": "八里大道", "pm_type": "人行道" },
			"geometry": {
				"type": "Point",
				"coordinates": [121.404973,25.15507183]
			}
		},
		{
			"type": "Feature",
			"properties": { "pm_name": "八里大道", "pm_type": "人行道" },
			"geometry": {
				"type": "Point",
				"coordinates": [121.4050321,25.15501798]
			}
		},
		{
			"type": "Feature",
			"properties": { "pm_name": "八里大道", "pm_type": "人行道" },
			"geometry": {
				"type": "Point",
				"coordinates": [121.4050913,25.15496413]
			}
		},
		{
			"type": "Feature",
			"properties": { "pm_name": "八里大道", "pm_type": "人行道" },
			"geometry": {
				"type": "Point",
				"coordinates": [121.4051504,25.15491028]
			}
		},
		{
			"type": "Feature",
			"properties": { "pm_name": "八里大道", "pm_type": "人行道" },
			"geometry": {
				"type": "Point",
				"coordinates": [121.4052095,25.15485643]
			}
		},
		{
			"type": "Feature",
			"properties": { "pm_name": "八里大道", "pm_type": "人行道" },
			"geometry": {
				"type": "Point",
				"coordinates": [121.4052686,25.15480258]
			}
		},
		{
			"type": "Feature",
			"properties": { "pm_name": "八里大道", "pm_type": "人行道" },
			"geometry": {
				"type": "Point",
				"coordinates": [121.4053278,25.15474873]
			}
		},
		{
			"type": "Feature",
			"properties": { "pm_name": "八里大道", "pm_type": "人行道" },
			"geometry": {
				"type": "Point",
				"coordinates": [121.4053869,25.15469488]
			}
		},
		{
			"type": "Feature",
			"properties": { "pm_name": "八里大道", "pm_type": "人行道" },
			"geometry": {
				"type": "Point",
				"coordinates": [121.405446,25.15464103]
			}
		},
		{
			"type": "Feature",
			"properties": { "pm_name": "八里大道", "pm_type": "人行道" },
			"geometry": {
				"type": "Point",
				"coordinates": [121.4055051,25.15458718]
			}
		},
		{
			"type": "Feature",
			"properties": { "pm_name": "八里大道", "pm_type": "人行道" },
			"geometry": {
				"type": "Point",
				"coordinates": [121.4055642,25.15453332]
			}
		},
		{
			"type": "Feature",
			"properties": { "pm_name": "八里大道", "pm_type": "人行道" },
			"geometry": {
				"type": "Point",
				"coordinates": [121.4056234,25.15447947]
			}
		},
		{
			"type": "Feature",
			"properties": { "pm_name": "八里大道", "pm_type": "人行道" },
			"geometry": {
				"type": "Point",
				"coordinates": [121.4056825,25.15442562]
			}
		},
		{
			"type": "Feature",
			"properties": { "pm_name": "八里大道", "pm_type": "人行道" },
			"geometry": {
				"type": "Point",
				"coordinates": [121.4057416,25.15437177]
			}
		},
		{
			"type": "Feature",
			"properties": { "pm_name": "八里大道", "pm_type": "人行道" },
			"geometry": {
				"type": "Point",
				"coordinates": [121.4058007,25.15431792]
			}
		},
		{
			"type": "Feature",
			"properties": { "pm_name": "八里大道", "pm_type": "人行道" },
			"geometry": {
				"type": "Point",
				"coordinates": [121.4058598,25.15426407]
			}
		},
		{
			"type": "Feature",
			"properties": { "pm_name": "八里大道", "pm_type": "人行道" },
			"geometry": {
				"type": "Point",
				"coordinates": [121.405919,25.15421022]
			}
		},
		{
			"type": "Feature",
			"properties": { "pm_name": "八里大道", "pm_type": "人行道" },
			"geometry": {
				"type": "Point",
				"coordinates": [121.4059781,25.15415637]
			}
		},
		{
			"type": "Feature",
			"properties": { "pm_name": "八里大道", "pm_type": "人行道" },
			"geometry": {
				"type": "Point",
				"coordinates": [121.4060372,25.15410252]
			}
		},
		{
			"type": "Feature",
			"properties": { "pm_name": "八里大道", "pm_type": "人行道" },
			"geometry": {
				"type": "Point",
				"coordinates": [121.4060963,25.15404867]
			}
		},
		{
			"type": "Feature",
			"properties": { "pm_name": "八里大道", "pm_type": "人行道" },
			"geometry": {
				"type": "Point",
				"coordinates": [121.4061555,25.15399482]
			}
		},
		{
			"type": "Feature",
			"properties": { "pm_name": "八里大道", "pm_type": "人行道" },
			"geometry": {
				"type": "Point",
				"coordinates": [121.4062146,25.15394097]
			}
		},
		{
			"type": "Feature",
			"properties": { "pm_name": "八里大道", "pm_type": "人行道" },
			"geometry": {
				"type": "Point",
				"coordinates": [121.4062737,25.15388711]
			}
		},
		{
			"type": "Feature",
			"properties": { "pm_name": "八里大道", "pm_type": "人行道" },
			"geometry": {
				"type": "Point",
				"coordinates": [121.4063328,25.15383326]
			}
		},
		{
			"type": "Feature",
			"properties": { "pm_name": "八里大道", "pm_type": "人行道" },
			"geometry": {
				"type": "Point",
				"coordinates": [121.4063929,25.15378036]
			}
		},
		{
			"type": "Feature",
			"properties": { "pm_name": "八里大道", "pm_type": "人行道" },
			"geometry": {
				"type": "Point",
				"coordinates": [121.4064521,25.15372651]
			}
		},
		{
			"type": "Feature",
			"properties": { "pm_name": "八里大道", "pm_type": "人行道" },
			"geometry": {
				"type": "Point",
				"coordinates": [121.4065112,25.15367266]
			}
		},
		{
			"type": "Feature",
			"properties": { "pm_name": "八里大道", "pm_type": "人行道" },
			"geometry": {
				"type": "Point",
				"coordinates": [121.4065703,25.15361881]
			}
		},
		{
			"type": "Feature",
			"properties": { "pm_name": "八里大道", "pm_type": "人行道" },
			"geometry": {
				"type": "Point",
				"coordinates": [121.4066294,25.15356496]
			}
		},
		{
			"type": "Feature",
			"properties": { "pm_name": "八里大道", "pm_type": "人行道" },
			"geometry": {
				"type": "Point",
				"coordinates": [121.4066886,25.15351111]
			}
		},
		{
			"type": "Feature",
			"properties": { "pm_name": "八里大道", "pm_type": "人行道" },
			"geometry": {
				"type": "Point",
				"coordinates": [121.4067477,25.15345725]
			}
		},
		{
			"type": "Feature",
			"properties": { "pm_name": "八里大道", "pm_type": "人行道" },
			"geometry": {
				"type": "Point",
				"coordinates": [121.4068068,25.1534034]
			}
		},
		{
			"type": "Feature",
			"properties": { "pm_name": "八里大道", "pm_type": "人行道" },
			"geometry": {
				"type": "Point",
				"coordinates": [121.4068659,25.15334955]
			}
		},
		{
			"type": "Feature",
			"properties": { "pm_name": "八里大道", "pm_type": "人行道" },
			"geometry": {
				"type": "Point",
				"coordinates": [121.406925,25.1532957]
			}
		},
		{
			"type": "Feature",
			"properties": { "pm_name": "八里大道", "pm_type": "人行道" },
			"geometry": {
				"type": "Point",
				"coordinates": [121.4069842,25.15324185]
			}
		},
		{
			"type": "Feature",
			"properties": { "pm_name": "八里大道", "pm_type": "人行道" },
			"geometry": {
				"type": "Point",
				"coordinates": [121.4070433,25.153188]
			}
		},
		{
			"type": "Feature",
			"properties": { "pm_name": "八里大道", "pm_type": "人行道" },
			"geometry": {
				"type": "Point",
				"coordinates": [121.4071024,25.15313415]
			}
		},
		{
			"type": "Feature",
			"properties": { "pm_name": "八里大道", "pm_type": "人行道" },
			"geometry": {
				"type": "Point",
				"coordinates": [121.4071615,25.1530803]
			}
		},
		{
			"type": "Feature",
			"properties": { "pm_name": "八里大道", "pm_type": "人行道" },
			"geometry": {
				"type": "Point",
				"coordinates": [121.4072207,25.15302645]
			}
		},
		{
			"type": "Feature",
			"properties": { "pm_name": "八里大道", "pm_type": "人行道" },
			"geometry": {
				"type": "Point",
				"coordinates": [121.4072798,25.1529726]
			}
		},
		{
			"type": "Feature",
			"properties": { "pm_name": "八里大道", "pm_type": "人行道" },
			"geometry": {
				"type": "Point",
				"coordinates": [121.4073389,25.15291875]
			}
		},
		{
			"type": "Feature",
			"properties": { "pm_name": "八里大道", "pm_type": "人行道" },
			"geometry": {
				"type": "Point",
				"coordinates": [121.407398,25.1528649]
			}
		},
		{
			"type": "Feature",
			"properties": { "pm_name": "八里大道", "pm_type": "人行道" },
			"geometry": {
				"type": "Point",
				"coordinates": [121.4074571,25.15281105]
			}
		},
		{
			"type": "Feature",
			"properties": { "pm_name": "八里大道", "pm_type": "人行道" },
			"geometry": {
				"type": "Point",
				"coordinates": [121.4075163,25.1527572]
			}
		},
		{
			"type": "Feature",
			"properties": { "pm_name": "八里大道", "pm_type": "人行道" },
			"geometry": {
				"type": "Point",
				"coordinates": [121.4075754,25.15270335]
			}
		},
		{
			"type": "Feature",
			"properties": { "pm_name": "八里大道", "pm_type": "人行道" },
			"geometry": {
				"type": "Point",
				"coordinates": [121.4076345,25.1526495]
			}
		},
		{
			"type": "Feature",
			"properties": { "pm_name": "八里大道", "pm_type": "人行道" },
			"geometry": {
				"type": "Point",
				"coordinates": [121.4076936,25.15259565]
			}
		},
		{
			"type": "Feature",
			"properties": { "pm_name": "八里大道", "pm_type": "人行道" },
			"geometry": {
				"type": "Point",
				"coordinates": [121.4077528,25.1525418]
			}
		},
		{
			"type": "Feature",
			"properties": { "pm_name": "八里大道", "pm_type": "人行道" },
			"geometry": {
				"type": "Point",
				"coordinates": [121.4078119,25.15248795]
			}
		},
		{
			"type": "Feature",
			"properties": { "pm_name": "八里大道", "pm_type": "人行道" },
			"geometry": {
				"type": "Point",
				"coordinates": [121.407871,25.1524341]
			}
		},
		{
			"type": "Feature",
			"properties": { "pm_name": "八里大道", "pm_type": "人行道" },
			"geometry": {
				"type": "Point",
				"coordinates": [121.4079301,25.15238025]
			}
		},
		{
			"type": "Feature",
			"properties": { "pm_name": "八里大道", "pm_type": "人行道" },
			"geometry": {
				"type": "Point",
				"coordinates": [121.4079892,25.1523264]
			}
		},
		{
			"type": "Feature",
			"properties": { "pm_name": "八里大道", "pm_type": "人行道" },
			"geometry": {
				"type": "Point",
				"coordinates": [121.4080484,25.15227255]
			}
		},
		{
			"type": "Feature",
			"properties": { "pm_name": "八里大道", "pm_type": "人行道" },
			"geometry": {
				"type": "Point",
				"coordinates": [121.4081075,25.1522187]
			}
		},
		{
			"type": "Feature",
			"properties": { "pm_name": "八里大道", "pm_type": "人行道" },
			"geometry": {
				"type": "Point",
				"coordinates": [121.4081666,25.15216485]
			}
		},
		{
			"type": "Feature",
			"properties": { "pm_name": "八里大道", "pm_type": "人行道" },
			"geometry": {
				"type": "Point",
				"coordinates": [121.4082257,25.152111]
			}
		},
		{
			"type": "Feature",
			"properties": { "pm_name": "八里大道", "pm_type": "人行道" },
			"geometry": {
				"type": "Point",
				"coordinates": [121.4082848,25.15205715]
			}
		},
		{
			"type": "Feature",
			"properties": { "pm_name": "八里大道", "pm_type": "人行道" },
			"geometry": {
				"type": "Point",
				"coordinates": [121.408343,25.15200239]
			}
		},
		{
			"type": "Feature",
			"properties": { "pm_name": "八里大道", "pm_type": "人行道" },
			"geometry": {
				"type": "Point",
				"coordinates": [121.4041773,25.15522796]
			}
		},
		{
			"type": "Feature",
			"properties": { "pm_name": "八里大道", "pm_type": "人行道" },
			"geometry": {
				"type": "Point",
				"coordinates": [121.4042373,25.15517528]
			}
		},
		{
			"type": "Feature",
			"properties": { "pm_name": "八里大道", "pm_type": "人行道" },
			"geometry": {
				"type": "Point",
				"coordinates": [121.4042974,25.1551226]
			}
		},
		{
			"type": "Feature",
			"properties": { "pm_name": "八里大道", "pm_type": "人行道" },
			"geometry": {
				"type": "Point",
				"coordinates": [121.4043575,25.15506992]
			}
		},
		{
			"type": "Feature",
			"properties": { "pm_name": "八里大道", "pm_type": "人行道" },
			"geometry": {
				"type": "Point",
				"coordinates": [121.4044175,25.15501724]
			}
		},
		{
			"type": "Feature",
			"properties": { "pm_name": "八里大道", "pm_type": "人行道" },
			"geometry": {
				"type": "Point",
				"coordinates": [121.4044776,25.15496456]
			}
		},
		{
			"type": "Feature",
			"properties": { "pm_name": "八里大道", "pm_type": "人行道" },
			"geometry": {
				"type": "Point",
				"coordinates": [121.4045377,25.15491187]
			}
		},
		{
			"type": "Feature",
			"properties": { "pm_name": "八里大道", "pm_type": "人行道" },
			"geometry": {
				"type": "Point",
				"coordinates": [121.4045977,25.15485919]
			}
		},
		{
			"type": "Feature",
			"properties": { "pm_name": "八里大道", "pm_type": "人行道" },
			"geometry": {
				"type": "Point",
				"coordinates": [121.4046578,25.15480651]
			}
		},
		{
			"type": "Feature",
			"properties": { "pm_name": "八里大道", "pm_type": "人行道" },
			"geometry": {
				"type": "Point",
				"coordinates": [121.4047179,25.15475383]
			}
		},
		{
			"type": "Feature",
			"properties": { "pm_name": "八里大道", "pm_type": "人行道" },
			"geometry": {
				"type": "Point",
				"coordinates": [121.4047779,25.15470115]
			}
		},
		{
			"type": "Feature",
			"properties": { "pm_name": "八里大道", "pm_type": "人行道" },
			"geometry": {
				"type": "Point",
				"coordinates": [121.404838,25.15464847]
			}
		},
		{
			"type": "Feature",
			"properties": { "pm_name": "八里大道", "pm_type": "人行道" },
			"geometry": {
				"type": "Point",
				"coordinates": [121.404898,25.15459578]
			}
		},
		{
			"type": "Feature",
			"properties": { "pm_name": "八里大道", "pm_type": "人行道" },
			"geometry": {
				"type": "Point",
				"coordinates": [121.4049581,25.1545431]
			}
		},
		{
			"type": "Feature",
			"properties": { "pm_name": "八里大道", "pm_type": "人行道" },
			"geometry": {
				"type": "Point",
				"coordinates": [121.4050182,25.15449042]
			}
		},
		{
			"type": "Feature",
			"properties": { "pm_name": "八里大道", "pm_type": "人行道" },
			"geometry": {
				"type": "Point",
				"coordinates": [121.4050782,25.15443774]
			}
		},
		{
			"type": "Feature",
			"properties": { "pm_name": "八里大道", "pm_type": "人行道" },
			"geometry": {
				"type": "Point",
				"coordinates": [121.4051383,25.15438506]
			}
		},
		{
			"type": "Feature",
			"properties": { "pm_name": "八里大道", "pm_type": "人行道" },
			"geometry": {
				"type": "Point",
				"coordinates": [121.4051984,25.15433238]
			}
		},
		{
			"type": "Feature",
			"properties": { "pm_name": "八里大道", "pm_type": "人行道" },
			"geometry": {
				"type": "Point",
				"coordinates": [121.4052584,25.15427969]
			}
		},
		{
			"type": "Feature",
			"properties": { "pm_name": "八里大道", "pm_type": "人行道" },
			"geometry": {
				"type": "Point",
				"coordinates": [121.4053185,25.15422701]
			}
		},
		{
			"type": "Feature",
			"properties": { "pm_name": "八里大道", "pm_type": "人行道" },
			"geometry": {
				"type": "Point",
				"coordinates": [121.4053786,25.15417433]
			}
		},
		{
			"type": "Feature",
			"properties": { "pm_name": "八里大道", "pm_type": "人行道" },
			"geometry": {
				"type": "Point",
				"coordinates": [121.4054386,25.15412165]
			}
		},
		{
			"type": "Feature",
			"properties": { "pm_name": "八里大道", "pm_type": "人行道" },
			"geometry": {
				"type": "Point",
				"coordinates": [121.4054987,25.15406897]
			}
		},
		{
			"type": "Feature",
			"properties": { "pm_name": "八里大道", "pm_type": "人行道" },
			"geometry": {
				"type": "Point",
				"coordinates": [121.4055587,25.15401629]
			}
		},
		{
			"type": "Feature",
			"properties": { "pm_name": "八里大道", "pm_type": "人行道" },
			"geometry": {
				"type": "Point",
				"coordinates": [121.4056188,25.1539636]
			}
		},
		{
			"type": "Feature",
			"properties": { "pm_name": "八里大道", "pm_type": "人行道" },
			"geometry": {
				"type": "Point",
				"coordinates": [121.4056789,25.15391092]
			}
		},
		{
			"type": "Feature",
			"properties": { "pm_name": "八里大道", "pm_type": "人行道" },
			"geometry": {
				"type": "Point",
				"coordinates": [121.4057389,25.15385824]
			}
		},
		{
			"type": "Feature",
			"properties": { "pm_name": "八里大道", "pm_type": "人行道" },
			"geometry": {
				"type": "Point",
				"coordinates": [121.405799,25.15380556]
			}
		},
		{
			"type": "Feature",
			"properties": { "pm_name": "八里大道", "pm_type": "人行道" },
			"geometry": {
				"type": "Point",
				"coordinates": [121.4058591,25.15375288]
			}
		},
		{
			"type": "Feature",
			"properties": { "pm_name": "八里大道", "pm_type": "人行道" },
			"geometry": {
				"type": "Point",
				"coordinates": [121.4059191,25.1537002]
			}
		},
		{
			"type": "Feature",
			"properties": { "pm_name": "八里大道", "pm_type": "人行道" },
			"geometry": {
				"type": "Point",
				"coordinates": [121.4059792,25.15364751]
			}
		},
		{
			"type": "Feature",
			"properties": { "pm_name": "八里大道", "pm_type": "人行道" },
			"geometry": {
				"type": "Point",
				"coordinates": [121.4060393,25.15359483]
			}
		},
		{
			"type": "Feature",
			"properties": { "pm_name": "八里大道", "pm_type": "人行道" },
			"geometry": {
				"type": "Point",
				"coordinates": [121.4060993,25.15354215]
			}
		},
		{
			"type": "Feature",
			"properties": { "pm_name": "八里大道", "pm_type": "人行道" },
			"geometry": {
				"type": "Point",
				"coordinates": [121.4061594,25.15348947]
			}
		},
		{
			"type": "Feature",
			"properties": { "pm_name": "八里大道", "pm_type": "人行道" },
			"geometry": {
				"type": "Point",
				"coordinates": [121.4062212,25.15343588]
			}
		},
		{
			"type": "Feature",
			"properties": { "pm_name": "八里大道", "pm_type": "人行道" },
			"geometry": {
				"type": "Point",
				"coordinates": [121.4062813,25.15338318]
			}
		},
		{
			"type": "Feature",
			"properties": { "pm_name": "八里大道", "pm_type": "人行道" },
			"geometry": {
				"type": "Point",
				"coordinates": [121.4063414,25.15333047]
			}
		},
		{
			"type": "Feature",
			"properties": { "pm_name": "八里大道", "pm_type": "人行道" },
			"geometry": {
				"type": "Point",
				"coordinates": [121.4064015,25.15327777]
			}
		},
		{
			"type": "Feature",
			"properties": { "pm_name": "八里大道", "pm_type": "人行道" },
			"geometry": {
				"type": "Point",
				"coordinates": [121.4064617,25.15322506]
			}
		},
		{
			"type": "Feature",
			"properties": { "pm_name": "八里大道", "pm_type": "人行道" },
			"geometry": {
				"type": "Point",
				"coordinates": [121.4065218,25.15317235]
			}
		},
		{
			"type": "Feature",
			"properties": { "pm_name": "八里大道", "pm_type": "人行道" },
			"geometry": {
				"type": "Point",
				"coordinates": [121.4065819,25.15311965]
			}
		},
		{
			"type": "Feature",
			"properties": { "pm_name": "八里大道", "pm_type": "人行道" },
			"geometry": {
				"type": "Point",
				"coordinates": [121.406642,25.15306694]
			}
		},
		{
			"type": "Feature",
			"properties": { "pm_name": "八里大道", "pm_type": "人行道" },
			"geometry": {
				"type": "Point",
				"coordinates": [121.4067021,25.15301423]
			}
		},
		{
			"type": "Feature",
			"properties": { "pm_name": "八里大道", "pm_type": "人行道" },
			"geometry": {
				"type": "Point",
				"coordinates": [121.4067622,25.15296153]
			}
		},
		{
			"type": "Feature",
			"properties": { "pm_name": "八里大道", "pm_type": "人行道" },
			"geometry": {
				"type": "Point",
				"coordinates": [121.4068223,25.15290882]
			}
		},
		{
			"type": "Feature",
			"properties": { "pm_name": "八里大道", "pm_type": "人行道" },
			"geometry": {
				"type": "Point",
				"coordinates": [121.4068825,25.15285611]
			}
		},
		{
			"type": "Feature",
			"properties": { "pm_name": "八里大道", "pm_type": "人行道" },
			"geometry": {
				"type": "Point",
				"coordinates": [121.4069426,25.15280341]
			}
		},
		{
			"type": "Feature",
			"properties": { "pm_name": "八里大道", "pm_type": "人行道" },
			"geometry": {
				"type": "Point",
				"coordinates": [121.4070027,25.1527507]
			}
		},
		{
			"type": "Feature",
			"properties": { "pm_name": "八里大道", "pm_type": "人行道" },
			"geometry": {
				"type": "Point",
				"coordinates": [121.4070628,25.152698]
			}
		},
		{
			"type": "Feature",
			"properties": { "pm_name": "八里大道", "pm_type": "人行道" },
			"geometry": {
				"type": "Point",
				"coordinates": [121.4071229,25.15264529]
			}
		},
		{
			"type": "Feature",
			"properties": { "pm_name": "八里大道", "pm_type": "人行道" },
			"geometry": {
				"type": "Point",
				"coordinates": [121.407183,25.15259258]
			}
		},
		{
			"type": "Feature",
			"properties": { "pm_name": "八里大道", "pm_type": "人行道" },
			"geometry": {
				"type": "Point",
				"coordinates": [121.4072431,25.15253988]
			}
		},
		{
			"type": "Feature",
			"properties": { "pm_name": "八里大道", "pm_type": "人行道" },
			"geometry": {
				"type": "Point",
				"coordinates": [121.4073033,25.15248717]
			}
		},
		{
			"type": "Feature",
			"properties": { "pm_name": "八里大道", "pm_type": "人行道" },
			"geometry": {
				"type": "Point",
				"coordinates": [121.4073634,25.15243446]
			}
		},
		{
			"type": "Feature",
			"properties": { "pm_name": "八里大道", "pm_type": "人行道" },
			"geometry": {
				"type": "Point",
				"coordinates": [121.4074235,25.15238176]
			}
		},
		{
			"type": "Feature",
			"properties": { "pm_name": "八里大道", "pm_type": "人行道" },
			"geometry": {
				"type": "Point",
				"coordinates": [121.4074836,25.15232905]
			}
		},
		{
			"type": "Feature",
			"properties": { "pm_name": "八里大道", "pm_type": "人行道" },
			"geometry": {
				"type": "Point",
				"coordinates": [121.4075437,25.15227634]
			}
		},
		{
			"type": "Feature",
			"properties": { "pm_name": "八里大道", "pm_type": "人行道" },
			"geometry": {
				"type": "Point",
				"coordinates": [121.4076038,25.15222364]
			}
		},
		{
			"type": "Feature",
			"properties": { "pm_name": "八里大道", "pm_type": "人行道" },
			"geometry": {
				"type": "Point",
				"coordinates": [121.4076639,25.15217093]
			}
		},
		{
			"type": "Feature",
			"properties": { "pm_name": "八里大道", "pm_type": "人行道" },
			"geometry": {
				"type": "Point",
				"coordinates": [121.4077241,25.15211822]
			}
		},
		{
			"type": "Feature",
			"properties": { "pm_name": "八里大道", "pm_type": "人行道" },
			"geometry": {
				"type": "Point",
				"coordinates": [121.4077842,25.15206552]
			}
		},
		{
			"type": "Feature",
			"properties": { "pm_name": "八里大道", "pm_type": "人行道" },
			"geometry": {
				"type": "Point",
				"coordinates": [121.4078443,25.15201281]
			}
		},
		{
			"type": "Feature",
			"properties": { "pm_name": "八里大道", "pm_type": "人行道" },
			"geometry": {
				"type": "Point",
				"coordinates": [121.4079044,25.1519601]
			}
		},
		{
			"type": "Feature",
			"properties": { "pm_name": "八里大道", "pm_type": "人行道" },
			"geometry": {
				"type": "Point",
				"coordinates": [121.4079645,25.1519074]
			}
		},
		{
			"type": "Feature",
			"properties": { "pm_name": "八里大道", "pm_type": "人行道" },
			"geometry": {
				"type": "Point",
				"coordinates": [121.4080246,25.15185469]
			}
		},
		{
			"type": "Feature",
			"properties": { "pm_name": "八里大道", "pm_type": "人行道" },
			"geometry": {
				"type": "Point",
				"coordinates": [121.4080847,25.15180199]
			}
		},
		{
			"type": "Feature",
			"properties": { "pm_name": "八里大道", "pm_type": "人行道" },
			"geometry": {
				"type": "Point",
				"coordinates": [121.4081395,25.15175099]
			}
		},
		{
			"type": "Feature",
			"properties": { "pm_name": "中華路", "pm_type": "人行道" },
			"geometry": {
				"type": "Point",
				"coordinates": [121.4116033,25.15330412]
			}
		},
		{
			"type": "Feature",
			"properties": { "pm_name": "中華路", "pm_type": "人行道" },
			"geometry": {
				"type": "Point",
				"coordinates": [121.4113345,25.15312834]
			}
		},
		{
			"type": "Feature",
			"properties": { "pm_name": "中華路", "pm_type": "人行道" },
			"geometry": {
				"type": "Point",
				"coordinates": [121.4110657,25.15295256]
			}
		},
		{
			"type": "Feature",
			"properties": { "pm_name": "中華路", "pm_type": "人行道" },
			"geometry": {
				"type": "Point",
				"coordinates": [121.4107969,25.15277678]
			}
		},
		{
			"type": "Feature",
			"properties": { "pm_name": "中華路", "pm_type": "人行道" },
			"geometry": {
				"type": "Point",
				"coordinates": [121.4105281,25.15260099]
			}
		},
		{
			"type": "Feature",
			"properties": { "pm_name": "中華路", "pm_type": "人行道" },
			"geometry": {
				"type": "Point",
				"coordinates": [121.4102593,25.15242521]
			}
		},
		{
			"type": "Feature",
			"properties": { "pm_name": "中華路", "pm_type": "人行道" },
			"geometry": {
				"type": "Point",
				"coordinates": [121.4099905,25.15224943]
			}
		},
		{
			"type": "Feature",
			"properties": { "pm_name": "中華路", "pm_type": "人行道" },
			"geometry": {
				"type": "Point",
				"coordinates": [121.4097217,25.15207365]
			}
		},
		{
			"type": "Feature",
			"properties": { "pm_name": "中華路", "pm_type": "人行道" },
			"geometry": {
				"type": "Point",
				"coordinates": [121.4094529,25.15189787]
			}
		},
		{
			"type": "Feature",
			"properties": { "pm_name": "中華路", "pm_type": "人行道" },
			"geometry": {
				"type": "Point",
				"coordinates": [121.4091841,25.15172208]
			}
		},
		{
			"type": "Feature",
			"properties": { "pm_name": "中華路", "pm_type": "人行道" },
			"geometry": {
				"type": "Point",
				"coordinates": [121.4089153,25.1515463]
			}
		},
		{
			"type": "Feature",
			"properties": { "pm_name": "中華路", "pm_type": "人行道" },
			"geometry": {
				"type": "Point",
				"coordinates": [121.4086466,25.15137052]
			}
		},
		{
			"type": "Feature",
			"properties": { "pm_name": "中華路", "pm_type": "人行道" },
			"geometry": {
				"type": "Point",
				"coordinates": [121.4083778,25.15119474]
			}
		},
		{
			"type": "Feature",
			"properties": { "pm_name": "中華路", "pm_type": "人行道" },
			"geometry": {
				"type": "Point",
				"coordinates": [121.408109,25.15101896]
			}
		},
		{
			"type": "Feature",
			"properties": { "pm_name": "中華路", "pm_type": "人行道" },
			"geometry": {
				"type": "Point",
				"coordinates": [121.4078402,25.15084318]
			}
		},
		{
			"type": "Feature",
			"properties": { "pm_name": "中華路", "pm_type": "人行道" },
			"geometry": {
				"type": "Point",
				"coordinates": [121.4075714,25.15066739]
			}
		},
		{
			"type": "Feature",
			"properties": { "pm_name": "中華路", "pm_type": "人行道" },
			"geometry": {
				"type": "Point",
				"coordinates": [121.4073026,25.15049161]
			}
		},
		{
			"type": "Feature",
			"properties": { "pm_name": "中華路", "pm_type": "人行道" },
			"geometry": {
				"type": "Point",
				"coordinates": [121.4070338,25.15031583]
			}
		},
		{
			"type": "Feature",
			"properties": { "pm_name": "中華路", "pm_type": "人行道" },
			"geometry": {
				"type": "Point",
				"coordinates": [121.406765,25.15014005]
			}
		},
		{
			"type": "Feature",
			"properties": { "pm_name": "中華路", "pm_type": "人行道" },
			"geometry": {
				"type": "Point",
				"coordinates": [121.4064962,25.14996427]
			}
		},
		{
			"type": "Feature",
			"properties": { "pm_name": "中華路", "pm_type": "人行道" },
			"geometry": {
				"type": "Point",
				"coordinates": [121.4062274,25.14978848]
			}
		},
		{
			"type": "Feature",
			"properties": { "pm_name": "中華路", "pm_type": "人行道" },
			"geometry": {
				"type": "Point",
				"coordinates": [121.4059586,25.1496127]
			}
		},
		{
			"type": "Feature",
			"properties": { "pm_name": "中華路", "pm_type": "人行道" },
			"geometry": {
				"type": "Point",
				"coordinates": [121.4056898,25.14943692]
			}
		},
		{
			"type": "Feature",
			"properties": { "pm_name": "中華路", "pm_type": "人行道" },
			"geometry": {
				"type": "Point",
				"coordinates": [121.405421,25.14926114]
			}
		},
		{
			"type": "Feature",
			"properties": { "pm_name": "中華路", "pm_type": "人行道" },
			"geometry": {
				"type": "Point",
				"coordinates": [121.4051522,25.14908536]
			}
		},
		{
			"type": "Feature",
			"properties": { "pm_name": "中華路", "pm_type": "人行道" },
			"geometry": {
				"type": "Point",
				"coordinates": [121.4048834,25.14890958]
			}
		},
		{
			"type": "Feature",
			"properties": { "pm_name": "中華路", "pm_type": "人行道" },
			"geometry": {
				"type": "Point",
				"coordinates": [121.4046146,25.14873379]
			}
		},
		{
			"type": "Feature",
			"properties": { "pm_name": "中華路", "pm_type": "人行道" },
			"geometry": {
				"type": "Point",
				"coordinates": [121.4043458,25.14855801]
			}
		},
		{
			"type": "Feature",
			"properties": { "pm_name": "中華路", "pm_type": "人行道" },
			"geometry": {
				"type": "Point",
				"coordinates": [121.404077,25.14838223]
			}
		},
		{
			"type": "Feature",
			"properties": { "pm_name": "中華路", "pm_type": "人行道" },
			"geometry": {
				"type": "Point",
				"coordinates": [121.4038082,25.14820645]
			}
		},
		{
			"type": "Feature",
			"properties": { "pm_name": "中華路", "pm_type": "人行道" },
			"geometry": {
				"type": "Point",
				"coordinates": [121.4035394,25.14803067]
			}
		},
		{
			"type": "Feature",
			"properties": { "pm_name": "中華路", "pm_type": "人行道" },
			"geometry": {
				"type": "Point",
				"coordinates": [121.4032706,25.14785489]
			}
		},
		{
			"type": "Feature",
			"properties": { "pm_name": "中華路", "pm_type": "人行道" },
			"geometry": {
				"type": "Point",
				"coordinates": [121.4030018,25.1476791]
			}
		},
		{
			"type": "Feature",
			"properties": { "pm_name": "中華路", "pm_type": "人行道" },
			"geometry": {
				"type": "Point",
				"coordinates": [121.402733,25.14750332]
			}
		},
		{
			"type": "Feature",
			"properties": { "pm_name": "中華路", "pm_type": "人行道" },
			"geometry": {
				"type": "Point",
				"coordinates": [121.4024642,25.14732754]
			}
		},
		{
			"type": "Feature",
			"properties": { "pm_name": "中華路", "pm_type": "人行道" },
			"geometry": {
				"type": "Point",
				"coordinates": [121.4021954,25.14715176]
			}
		},
		{
			"type": "Feature",
			"properties": { "pm_name": "中華路", "pm_type": "人行道" },
			"geometry": {
				"type": "Point",
				"coordinates": [121.4019266,25.14697598]
			}
		},
		{
			"type": "Feature",
			"properties": { "pm_name": "中華路", "pm_type": "人行道" },
			"geometry": {
				"type": "Point",
				"coordinates": [121.4016578,25.14680019]
			}
		},
		{
			"type": "Feature",
			"properties": { "pm_name": "中華路", "pm_type": "人行道" },
			"geometry": {
				"type": "Point",
				"coordinates": [121.401389,25.14662441]
			}
		},
		{
			"type": "Feature",
			"properties": { "pm_name": "中華路", "pm_type": "人行道" },
			"geometry": {
				"type": "Point",
				"coordinates": [121.4011202,25.14644863]
			}
		},
		{
			"type": "Feature",
			"properties": { "pm_name": "中華路", "pm_type": "人行道" },
			"geometry": {
				"type": "Point",
				"coordinates": [121.4008514,25.14627285]
			}
		},
		{
			"type": "Feature",
			"properties": { "pm_name": "中華路", "pm_type": "人行道" },
			"geometry": {
				"type": "Point",
				"coordinates": [121.4005826,25.14609707]
			}
		},
		{
			"type": "Feature",
			"properties": { "pm_name": "中華路", "pm_type": "人行道" },
			"geometry": {
				"type": "Point",
				"coordinates": [121.4003138,25.14592128]
			}
		},
		{
			"type": "Feature",
			"properties": { "pm_name": "中華路", "pm_type": "人行道" },
			"geometry": {
				"type": "Point",
				"coordinates": [121.400045,25.1457455]
			}
		},
		{
			"type": "Feature",
			"properties": { "pm_name": "中華路", "pm_type": "人行道" },
			"geometry": {
				"type": "Point",
				"coordinates": [121.3997762,25.14556972]
			}
		},
		{
			"type": "Feature",
			"properties": { "pm_name": "中華路", "pm_type": "人行道" },
			"geometry": {
				"type": "Point",
				"coordinates": [121.3995074,25.14539394]
			}
		},
		{
			"type": "Feature",
			"properties": { "pm_name": "中華路", "pm_type": "人行道" },
			"geometry": {
				"type": "Point",
				"coordinates": [121.3992386,25.14521816]
			}
		},
		{
			"type": "Feature",
			"properties": { "pm_name": "中華路", "pm_type": "人行道" },
			"geometry": {
				"type": "Point",
				"coordinates": [121.3989698,25.14504238]
			}
		},
		{
			"type": "Feature",
			"properties": { "pm_name": "中華路", "pm_type": "人行道" },
			"geometry": {
				"type": "Point",
				"coordinates": [121.398701,25.14486659]
			}
		},
		{
			"type": "Feature",
			"properties": { "pm_name": "中華路", "pm_type": "人行道" },
			"geometry": {
				"type": "Point",
				"coordinates": [121.3984322,25.14469081]
			}
		},
		{
			"type": "Feature",
			"properties": { "pm_name": "中華路", "pm_type": "人行道" },
			"geometry": {
				"type": "Point",
				"coordinates": [121.3981634,25.14451503]
			}
		},
		{
			"type": "Feature",
			"properties": { "pm_name": "中華路", "pm_type": "人行道" },
			"geometry": {
				"type": "Point",
				"coordinates": [121.3978946,25.14433925]
			}
		},
		{
			"type": "Feature",
			"properties": { "pm_name": "中華路", "pm_type": "人行道" },
			"geometry": {
				"type": "Point",
				"coordinates": [121.3976259,25.14416348]
			}
		},
		{
			"type": "Feature",
			"properties": { "pm_name": "中華路", "pm_type": "人行道" },
			"geometry": {
				"type": "Point",
				"coordinates": [121.3976612,25.14416329]
			}
		},
		{
			"type": "Feature",
			"properties": { "pm_name": "中華路", "pm_type": "人行道" },
			"geometry": {
				"type": "Point",
				"coordinates": [121.3979667,25.14435475]
			}
		},
		{
			"type": "Feature",
			"properties": { "pm_name": "中華路", "pm_type": "人行道" },
			"geometry": {
				"type": "Point",
				"coordinates": [121.3982722,25.14454621]
			}
		},
		{
			"type": "Feature",
			"properties": { "pm_name": "中華路", "pm_type": "人行道" },
			"geometry": {
				"type": "Point",
				"coordinates": [121.3985776,25.14473767]
			}
		},
		{
			"type": "Feature",
			"properties": { "pm_name": "中華路", "pm_type": "人行道" },
			"geometry": {
				"type": "Point",
				"coordinates": [121.3988831,25.14492913]
			}
		},
		{
			"type": "Feature",
			"properties": { "pm_name": "中華路", "pm_type": "人行道" },
			"geometry": {
				"type": "Point",
				"coordinates": [121.3991886,25.14512058]
			}
		},
		{
			"type": "Feature",
			"properties": { "pm_name": "中華路", "pm_type": "人行道" },
			"geometry": {
				"type": "Point",
				"coordinates": [121.399494,25.14531204]
			}
		},
		{
			"type": "Feature",
			"properties": { "pm_name": "中華路", "pm_type": "人行道" },
			"geometry": {
				"type": "Point",
				"coordinates": [121.3997995,25.1455035]
			}
		},
		{
			"type": "Feature",
			"properties": { "pm_name": "中華路", "pm_type": "人行道" },
			"geometry": {
				"type": "Point",
				"coordinates": [121.400105,25.14569496]
			}
		},
		{
			"type": "Feature",
			"properties": { "pm_name": "中華路", "pm_type": "人行道" },
			"geometry": {
				"type": "Point",
				"coordinates": [121.4004104,25.14588642]
			}
		},
		{
			"type": "Feature",
			"properties": { "pm_name": "中華路", "pm_type": "人行道" },
			"geometry": {
				"type": "Point",
				"coordinates": [121.4007159,25.14607788]
			}
		},
		{
			"type": "Feature",
			"properties": { "pm_name": "中華路", "pm_type": "人行道" },
			"geometry": {
				"type": "Point",
				"coordinates": [121.4010214,25.14626934]
			}
		},
		{
			"type": "Feature",
			"properties": { "pm_name": "中華路", "pm_type": "人行道" },
			"geometry": {
				"type": "Point",
				"coordinates": [121.4013268,25.1464608]
			}
		},
		{
			"type": "Feature",
			"properties": { "pm_name": "中華路", "pm_type": "人行道" },
			"geometry": {
				"type": "Point",
				"coordinates": [121.4016323,25.14665225]
			}
		},
		{
			"type": "Feature",
			"properties": { "pm_name": "中華路", "pm_type": "人行道" },
			"geometry": {
				"type": "Point",
				"coordinates": [121.4019378,25.14684371]
			}
		},
		{
			"type": "Feature",
			"properties": { "pm_name": "中華路", "pm_type": "人行道" },
			"geometry": {
				"type": "Point",
				"coordinates": [121.4022432,25.14703517]
			}
		},
		{
			"type": "Feature",
			"properties": { "pm_name": "中華路", "pm_type": "人行道" },
			"geometry": {
				"type": "Point",
				"coordinates": [121.4025487,25.14722663]
			}
		},
		{
			"type": "Feature",
			"properties": { "pm_name": "中華路", "pm_type": "人行道" },
			"geometry": {
				"type": "Point",
				"coordinates": [121.4028542,25.14741809]
			}
		},
		{
			"type": "Feature",
			"properties": { "pm_name": "中華路", "pm_type": "人行道" },
			"geometry": {
				"type": "Point",
				"coordinates": [121.4031596,25.14760955]
			}
		},
		{
			"type": "Feature",
			"properties": { "pm_name": "中華路", "pm_type": "人行道" },
			"geometry": {
				"type": "Point",
				"coordinates": [121.4034651,25.14780101]
			}
		},
		{
			"type": "Feature",
			"properties": { "pm_name": "中華路", "pm_type": "人行道" },
			"geometry": {
				"type": "Point",
				"coordinates": [121.4037706,25.14799247]
			}
		},
		{
			"type": "Feature",
			"properties": { "pm_name": "中華路", "pm_type": "人行道" },
			"geometry": {
				"type": "Point",
				"coordinates": [121.404076,25.14818392]
			}
		},
		{
			"type": "Feature",
			"properties": { "pm_name": "中華路", "pm_type": "人行道" },
			"geometry": {
				"type": "Point",
				"coordinates": [121.4043815,25.14837538]
			}
		},
		{
			"type": "Feature",
			"properties": { "pm_name": "中華路", "pm_type": "人行道" },
			"geometry": {
				"type": "Point",
				"coordinates": [121.404687,25.14856684]
			}
		},
		{
			"type": "Feature",
			"properties": { "pm_name": "中華路", "pm_type": "人行道" },
			"geometry": {
				"type": "Point",
				"coordinates": [121.4049924,25.1487583]
			}
		},
		{
			"type": "Feature",
			"properties": { "pm_name": "中華路", "pm_type": "人行道" },
			"geometry": {
				"type": "Point",
				"coordinates": [121.4052979,25.14894976]
			}
		},
		{
			"type": "Feature",
			"properties": { "pm_name": "中華路", "pm_type": "人行道" },
			"geometry": {
				"type": "Point",
				"coordinates": [121.4056034,25.14914115]
			}
		},
		{
			"type": "Feature",
			"properties": { "pm_name": "中華路", "pm_type": "人行道" },
			"geometry": {
				"type": "Point",
				"coordinates": [121.4059089,25.14933261]
			}
		},
		{
			"type": "Feature",
			"properties": { "pm_name": "中華路", "pm_type": "人行道" },
			"geometry": {
				"type": "Point",
				"coordinates": [121.4062144,25.14952407]
			}
		},
		{
			"type": "Feature",
			"properties": { "pm_name": "中華路", "pm_type": "人行道" },
			"geometry": {
				"type": "Point",
				"coordinates": [121.4065198,25.14971553]
			}
		},
		{
			"type": "Feature",
			"properties": { "pm_name": "中華路", "pm_type": "人行道" },
			"geometry": {
				"type": "Point",
				"coordinates": [121.4068253,25.14990699]
			}
		},
		{
			"type": "Feature",
			"properties": { "pm_name": "中華路", "pm_type": "人行道" },
			"geometry": {
				"type": "Point",
				"coordinates": [121.4071308,25.15009845]
			}
		},
		{
			"type": "Feature",
			"properties": { "pm_name": "中華路", "pm_type": "人行道" },
			"geometry": {
				"type": "Point",
				"coordinates": [121.4074362,25.1502899]
			}
		},
		{
			"type": "Feature",
			"properties": { "pm_name": "中華路", "pm_type": "人行道" },
			"geometry": {
				"type": "Point",
				"coordinates": [121.4077417,25.15048136]
			}
		},
		{
			"type": "Feature",
			"properties": { "pm_name": "中華路", "pm_type": "人行道" },
			"geometry": {
				"type": "Point",
				"coordinates": [121.4080472,25.15067282]
			}
		},
		{
			"type": "Feature",
			"properties": { "pm_name": "中華路", "pm_type": "人行道" },
			"geometry": {
				"type": "Point",
				"coordinates": [121.4083526,25.15086428]
			}
		},
		{
			"type": "Feature",
			"properties": { "pm_name": "中華路", "pm_type": "人行道" },
			"geometry": {
				"type": "Point",
				"coordinates": [121.4086581,25.15105574]
			}
		},
		{
			"type": "Feature",
			"properties": { "pm_name": "中華路", "pm_type": "人行道" },
			"geometry": {
				"type": "Point",
				"coordinates": [121.4089636,25.1512472]
			}
		},
		{
			"type": "Feature",
			"properties": { "pm_name": "中華路", "pm_type": "人行道" },
			"geometry": {
				"type": "Point",
				"coordinates": [121.409269,25.15143866]
			}
		},
		{
			"type": "Feature",
			"properties": { "pm_name": "中華路", "pm_type": "人行道" },
			"geometry": {
				"type": "Point",
				"coordinates": [121.4095745,25.15163011]
			}
		},
		{
			"type": "Feature",
			"properties": { "pm_name": "中華路", "pm_type": "人行道" },
			"geometry": {
				"type": "Point",
				"coordinates": [121.40988,25.15182157]
			}
		},
		{
			"type": "Feature",
			"properties": { "pm_name": "中華路", "pm_type": "人行道" },
			"geometry": {
				"type": "Point",
				"coordinates": [121.4101854,25.15201303]
			}
		},
		{
			"type": "Feature",
			"properties": { "pm_name": "中華路", "pm_type": "人行道" },
			"geometry": {
				"type": "Point",
				"coordinates": [121.4104909,25.15220449]
			}
		},
		{
			"type": "Feature",
			"properties": { "pm_name": "中華路", "pm_type": "人行道" },
			"geometry": {
				"type": "Point",
				"coordinates": [121.4107964,25.15239595]
			}
		},
		{
			"type": "Feature",
			"properties": { "pm_name": "中華路", "pm_type": "人行道" },
			"geometry": {
				"type": "Point",
				"coordinates": [121.4111018,25.15258741]
			}
		},
		{
			"type": "Feature",
			"properties": { "pm_name": "中華路", "pm_type": "人行道" },
			"geometry": {
				"type": "Point",
				"coordinates": [121.4114073,25.15277887]
			}
		},
		{
			"type": "Feature",
			"properties": { "pm_name": "中華路", "pm_type": "人行道" },
			"geometry": {
				"type": "Point",
				"coordinates": [121.4117128,25.15297032]
			}
		},
		{
			"type": "Feature",
			"properties": { "pm_name": "中華路", "pm_type": "人行道" },
			"geometry": {
				"type": "Point",
				"coordinates": [121.4120182,25.15316178]
			}
		},
		{
			"type": "Feature",
			"properties": { "pm_name": "中華路", "pm_type": "人行道" },
			"geometry": {
				"type": "Point",
				"coordinates": [121.4123237,25.15335324]
			}
		},
		{
			"type": "Feature",
			"properties": { "pm_name": "中華路", "pm_type": "人行道" },
			"geometry": {
				"type": "Point",
				"coordinates": [121.4126292,25.1535447]
			}
		},
		{
			"type": "Feature",
			"properties": { "pm_name": "中華路", "pm_type": "人行道" },
			"geometry": {
				"type": "Point",
				"coordinates": [121.4129346,25.15373616]
			}
		},
		{
			"type": "Feature",
			"properties": { "pm_name": "中華路", "pm_type": "人行道" },
			"geometry": {
				"type": "Point",
				"coordinates": [121.413248,25.15392969]
			}
		},
		{
			"type": "Feature",
			"properties": { "pm_name": "商港九路", "pm_type": "人行道" },
			"geometry": {
				"type": "Point",
				"coordinates": [121.400554,25.15670155]
			}
		},
		{
			"type": "Feature",
			"properties": { "pm_name": "商港九路", "pm_type": "人行道" },
			"geometry": {
				"type": "Point",
				"coordinates": [121.4006145,25.15664803]
			}
		},
		{
			"type": "Feature",
			"properties": { "pm_name": "商港九路", "pm_type": "人行道" },
			"geometry": {
				"type": "Point",
				"coordinates": [121.400675,25.15659452]
			}
		},
		{
			"type": "Feature",
			"properties": { "pm_name": "商港九路", "pm_type": "人行道" },
			"geometry": {
				"type": "Point",
				"coordinates": [121.4007356,25.15654101]
			}
		},
		{
			"type": "Feature",
			"properties": { "pm_name": "商港九路", "pm_type": "人行道" },
			"geometry": {
				"type": "Point",
				"coordinates": [121.4007961,25.1564875]
			}
		},
		{
			"type": "Feature",
			"properties": { "pm_name": "商港九路", "pm_type": "人行道" },
			"geometry": {
				"type": "Point",
				"coordinates": [121.4008566,25.15643398]
			}
		},
		{
			"type": "Feature",
			"properties": { "pm_name": "商港九路", "pm_type": "人行道" },
			"geometry": {
				"type": "Point",
				"coordinates": [121.4009171,25.15638047]
			}
		},
		{
			"type": "Feature",
			"properties": { "pm_name": "商港九路", "pm_type": "人行道" },
			"geometry": {
				"type": "Point",
				"coordinates": [121.4009776,25.15632696]
			}
		},
		{
			"type": "Feature",
			"properties": { "pm_name": "商港九路", "pm_type": "人行道" },
			"geometry": {
				"type": "Point",
				"coordinates": [121.4010381,25.15627344]
			}
		},
		{
			"type": "Feature",
			"properties": { "pm_name": "商港九路", "pm_type": "人行道" },
			"geometry": {
				"type": "Point",
				"coordinates": [121.4010987,25.15621993]
			}
		},
		{
			"type": "Feature",
			"properties": { "pm_name": "商港九路", "pm_type": "人行道" },
			"geometry": {
				"type": "Point",
				"coordinates": [121.4011592,25.15616642]
			}
		},
		{
			"type": "Feature",
			"properties": { "pm_name": "商港九路", "pm_type": "人行道" },
			"geometry": {
				"type": "Point",
				"coordinates": [121.4012197,25.15611291]
			}
		},
		{
			"type": "Feature",
			"properties": { "pm_name": "商港九路", "pm_type": "人行道" },
			"geometry": {
				"type": "Point",
				"coordinates": [121.4012802,25.15605939]
			}
		},
		{
			"type": "Feature",
			"properties": { "pm_name": "商港九路", "pm_type": "人行道" },
			"geometry": {
				"type": "Point",
				"coordinates": [121.4013407,25.15600588]
			}
		},
		{
			"type": "Feature",
			"properties": { "pm_name": "商港九路", "pm_type": "人行道" },
			"geometry": {
				"type": "Point",
				"coordinates": [121.4014013,25.15595237]
			}
		},
		{
			"type": "Feature",
			"properties": { "pm_name": "商港九路", "pm_type": "人行道" },
			"geometry": {
				"type": "Point",
				"coordinates": [121.4014618,25.15589885]
			}
		},
		{
			"type": "Feature",
			"properties": { "pm_name": "商港九路", "pm_type": "人行道" },
			"geometry": {
				"type": "Point",
				"coordinates": [121.4015223,25.15584534]
			}
		},
		{
			"type": "Feature",
			"properties": { "pm_name": "商港九路", "pm_type": "人行道" },
			"geometry": {
				"type": "Point",
				"coordinates": [121.4015828,25.15579183]
			}
		},
		{
			"type": "Feature",
			"properties": { "pm_name": "商港九路", "pm_type": "人行道" },
			"geometry": {
				"type": "Point",
				"coordinates": [121.4016433,25.15573831]
			}
		},
		{
			"type": "Feature",
			"properties": { "pm_name": "商港九路", "pm_type": "人行道" },
			"geometry": {
				"type": "Point",
				"coordinates": [121.4017039,25.1556848]
			}
		},
		{
			"type": "Feature",
			"properties": { "pm_name": "商港九路", "pm_type": "人行道" },
			"geometry": {
				"type": "Point",
				"coordinates": [121.4017644,25.15563129]
			}
		},
		{
			"type": "Feature",
			"properties": { "pm_name": "商港九路", "pm_type": "人行道" },
			"geometry": {
				"type": "Point",
				"coordinates": [121.4018249,25.15557777]
			}
		},
		{
			"type": "Feature",
			"properties": { "pm_name": "商港九路", "pm_type": "人行道" },
			"geometry": {
				"type": "Point",
				"coordinates": [121.4018854,25.15552426]
			}
		},
		{
			"type": "Feature",
			"properties": { "pm_name": "商港九路", "pm_type": "人行道" },
			"geometry": {
				"type": "Point",
				"coordinates": [121.4019459,25.15547075]
			}
		},
		{
			"type": "Feature",
			"properties": { "pm_name": "商港九路", "pm_type": "人行道" },
			"geometry": {
				"type": "Point",
				"coordinates": [121.4020064,25.15541723]
			}
		},
		{
			"type": "Feature",
			"properties": { "pm_name": "商港九路", "pm_type": "人行道" },
			"geometry": {
				"type": "Point",
				"coordinates": [121.402067,25.15536372]
			}
		},
		{
			"type": "Feature",
			"properties": { "pm_name": "商港九路", "pm_type": "人行道" },
			"geometry": {
				"type": "Point",
				"coordinates": [121.4021275,25.15531021]
			}
		},
		{
			"type": "Feature",
			"properties": { "pm_name": "商港九路", "pm_type": "人行道" },
			"geometry": {
				"type": "Point",
				"coordinates": [121.402188,25.15525669]
			}
		},
		{
			"type": "Feature",
			"properties": { "pm_name": "商港九路", "pm_type": "人行道" },
			"geometry": {
				"type": "Point",
				"coordinates": [121.4022485,25.15520318]
			}
		},
		{
			"type": "Feature",
			"properties": { "pm_name": "商港九路", "pm_type": "人行道" },
			"geometry": {
				"type": "Point",
				"coordinates": [121.402309,25.15514967]
			}
		},
		{
			"type": "Feature",
			"properties": { "pm_name": "商港九路", "pm_type": "人行道" },
			"geometry": {
				"type": "Point",
				"coordinates": [121.4023696,25.15509612]
			}
		},
		{
			"type": "Feature",
			"properties": { "pm_name": "商港九路", "pm_type": "人行道" },
			"geometry": {
				"type": "Point",
				"coordinates": [121.4024301,25.1550426]
			}
		},
		{
			"type": "Feature",
			"properties": { "pm_name": "商港九路", "pm_type": "人行道" },
			"geometry": {
				"type": "Point",
				"coordinates": [121.4024906,25.15498909]
			}
		},
		{
			"type": "Feature",
			"properties": { "pm_name": "商港九路", "pm_type": "人行道" },
			"geometry": {
				"type": "Point",
				"coordinates": [121.4025511,25.15493557]
			}
		},
		{
			"type": "Feature",
			"properties": { "pm_name": "商港九路", "pm_type": "人行道" },
			"geometry": {
				"type": "Point",
				"coordinates": [121.4026117,25.15488206]
			}
		},
		{
			"type": "Feature",
			"properties": { "pm_name": "商港九路", "pm_type": "人行道" },
			"geometry": {
				"type": "Point",
				"coordinates": [121.4026722,25.15482855]
			}
		},
		{
			"type": "Feature",
			"properties": { "pm_name": "商港九路", "pm_type": "人行道" },
			"geometry": {
				"type": "Point",
				"coordinates": [121.4027327,25.15477503]
			}
		},
		{
			"type": "Feature",
			"properties": { "pm_name": "商港九路", "pm_type": "人行道" },
			"geometry": {
				"type": "Point",
				"coordinates": [121.4027932,25.15472152]
			}
		},
		{
			"type": "Feature",
			"properties": { "pm_name": "商港九路", "pm_type": "人行道" },
			"geometry": {
				"type": "Point",
				"coordinates": [121.4028537,25.15466801]
			}
		},
		{
			"type": "Feature",
			"properties": { "pm_name": "商港九路", "pm_type": "人行道" },
			"geometry": {
				"type": "Point",
				"coordinates": [121.4029142,25.15461449]
			}
		},
		{
			"type": "Feature",
			"properties": { "pm_name": "商港九路", "pm_type": "人行道" },
			"geometry": {
				"type": "Point",
				"coordinates": [121.4029748,25.15456098]
			}
		},
		{
			"type": "Feature",
			"properties": { "pm_name": "商港九路", "pm_type": "人行道" },
			"geometry": {
				"type": "Point",
				"coordinates": [121.4030353,25.15450747]
			}
		},
		{
			"type": "Feature",
			"properties": { "pm_name": "商港九路", "pm_type": "人行道" },
			"geometry": {
				"type": "Point",
				"coordinates": [121.4030958,25.15445395]
			}
		},
		{
			"type": "Feature",
			"properties": { "pm_name": "商港九路", "pm_type": "人行道" },
			"geometry": {
				"type": "Point",
				"coordinates": [121.4031563,25.15440044]
			}
		},
		{
			"type": "Feature",
			"properties": { "pm_name": "商港九路", "pm_type": "人行道" },
			"geometry": {
				"type": "Point",
				"coordinates": [121.4032168,25.15434693]
			}
		},
		{
			"type": "Feature",
			"properties": { "pm_name": "商港九路", "pm_type": "人行道" },
			"geometry": {
				"type": "Point",
				"coordinates": [121.4032774,25.15429341]
			}
		},
		{
			"type": "Feature",
			"properties": { "pm_name": "商港九路", "pm_type": "人行道" },
			"geometry": {
				"type": "Point",
				"coordinates": [121.4033379,25.1542399]
			}
		},
		{
			"type": "Feature",
			"properties": { "pm_name": "商港九路", "pm_type": "人行道" },
			"geometry": {
				"type": "Point",
				"coordinates": [121.4033984,25.15418639]
			}
		},
		{
			"type": "Feature",
			"properties": { "pm_name": "商港九路", "pm_type": "人行道" },
			"geometry": {
				"type": "Point",
				"coordinates": [121.4034589,25.15413287]
			}
		},
		{
			"type": "Feature",
			"properties": { "pm_name": "商港九路", "pm_type": "人行道" },
			"geometry": {
				"type": "Point",
				"coordinates": [121.4035194,25.15407936]
			}
		},
		{
			"type": "Feature",
			"properties": { "pm_name": "商港九路", "pm_type": "人行道" },
			"geometry": {
				"type": "Point",
				"coordinates": [121.4035799,25.15402585]
			}
		},
		{
			"type": "Feature",
			"properties": { "pm_name": "商港九路", "pm_type": "人行道" },
			"geometry": {
				"type": "Point",
				"coordinates": [121.4036405,25.15397233]
			}
		},
		{
			"type": "Feature",
			"properties": { "pm_name": "商港九路", "pm_type": "人行道" },
			"geometry": {
				"type": "Point",
				"coordinates": [121.403701,25.15391882]
			}
		},
		{
			"type": "Feature",
			"properties": { "pm_name": "商港九路", "pm_type": "人行道" },
			"geometry": {
				"type": "Point",
				"coordinates": [121.4037615,25.15386531]
			}
		},
		{
			"type": "Feature",
			"properties": { "pm_name": "商港九路", "pm_type": "人行道" },
			"geometry": {
				"type": "Point",
				"coordinates": [121.403822,25.15381179]
			}
		},
		{
			"type": "Feature",
			"properties": { "pm_name": "商港九路", "pm_type": "人行道" },
			"geometry": {
				"type": "Point",
				"coordinates": [121.4038825,25.15375828]
			}
		},
		{
			"type": "Feature",
			"properties": { "pm_name": "商港九路", "pm_type": "人行道" },
			"geometry": {
				"type": "Point",
				"coordinates": [121.4039431,25.15370477]
			}
		},
		{
			"type": "Feature",
			"properties": { "pm_name": "商港九路", "pm_type": "人行道" },
			"geometry": {
				"type": "Point",
				"coordinates": [121.4040036,25.15365125]
			}
		},
		{
			"type": "Feature",
			"properties": { "pm_name": "商港九路", "pm_type": "人行道" },
			"geometry": {
				"type": "Point",
				"coordinates": [121.4040641,25.15359774]
			}
		},
		{
			"type": "Feature",
			"properties": { "pm_name": "商港九路", "pm_type": "人行道" },
			"geometry": {
				"type": "Point",
				"coordinates": [121.4041246,25.15354584]
			}
		},
		{
			"type": "Feature",
			"properties": { "pm_name": "商港三路", "pm_type": "人行道" },
			"geometry": {
				"type": "Point",
				"coordinates": [121.3911063,25.14660655]
			}
		},
		{
			"type": "Feature",
			"properties": { "pm_name": "商港三路", "pm_type": "人行道" },
			"geometry": {
				"type": "Point",
				"coordinates": [121.3911699,25.14664127]
			}
		},
		{
			"type": "Feature",
			"properties": { "pm_name": "商港三路", "pm_type": "人行道" },
			"geometry": {
				"type": "Point",
				"coordinates": [121.3912334,25.14667598]
			}
		},
		{
			"type": "Feature",
			"properties": { "pm_name": "商港三路", "pm_type": "人行道" },
			"geometry": {
				"type": "Point",
				"coordinates": [121.3912969,25.14671069]
			}
		},
		{
			"type": "Feature",
			"properties": { "pm_name": "商港三路", "pm_type": "人行道" },
			"geometry": {
				"type": "Point",
				"coordinates": [121.3913605,25.1467454]
			}
		},
		{
			"type": "Feature",
			"properties": { "pm_name": "商港三路", "pm_type": "人行道" },
			"geometry": {
				"type": "Point",
				"coordinates": [121.391424,25.14678012]
			}
		},
		{
			"type": "Feature",
			"properties": { "pm_name": "商港三路", "pm_type": "人行道" },
			"geometry": {
				"type": "Point",
				"coordinates": [121.3914875,25.14681483]
			}
		},
		{
			"type": "Feature",
			"properties": { "pm_name": "商港三路", "pm_type": "人行道" },
			"geometry": {
				"type": "Point",
				"coordinates": [121.3915511,25.14684954]
			}
		},
		{
			"type": "Feature",
			"properties": { "pm_name": "商港三路", "pm_type": "人行道" },
			"geometry": {
				"type": "Point",
				"coordinates": [121.3916146,25.14688425]
			}
		},
		{
			"type": "Feature",
			"properties": { "pm_name": "商港三路", "pm_type": "人行道" },
			"geometry": {
				"type": "Point",
				"coordinates": [121.3916781,25.14691897]
			}
		},
		{
			"type": "Feature",
			"properties": { "pm_name": "商港三路", "pm_type": "人行道" },
			"geometry": {
				"type": "Point",
				"coordinates": [121.3917416,25.14695368]
			}
		},
		{
			"type": "Feature",
			"properties": { "pm_name": "商港三路", "pm_type": "人行道" },
			"geometry": {
				"type": "Point",
				"coordinates": [121.3918052,25.14698839]
			}
		},
		{
			"type": "Feature",
			"properties": { "pm_name": "商港三路", "pm_type": "人行道" },
			"geometry": {
				"type": "Point",
				"coordinates": [121.3918687,25.1470231]
			}
		},
		{
			"type": "Feature",
			"properties": { "pm_name": "商港三路", "pm_type": "人行道" },
			"geometry": {
				"type": "Point",
				"coordinates": [121.3919322,25.14705781]
			}
		},
		{
			"type": "Feature",
			"properties": { "pm_name": "商港三路", "pm_type": "人行道" },
			"geometry": {
				"type": "Point",
				"coordinates": [121.3919958,25.14709253]
			}
		},
		{
			"type": "Feature",
			"properties": { "pm_name": "商港三路", "pm_type": "人行道" },
			"geometry": {
				"type": "Point",
				"coordinates": [121.3920593,25.14712724]
			}
		},
		{
			"type": "Feature",
			"properties": { "pm_name": "商港三路", "pm_type": "人行道" },
			"geometry": {
				"type": "Point",
				"coordinates": [121.3921228,25.14716195]
			}
		},
		{
			"type": "Feature",
			"properties": { "pm_name": "商港三路", "pm_type": "人行道" },
			"geometry": {
				"type": "Point",
				"coordinates": [121.3921864,25.14719666]
			}
		},
		{
			"type": "Feature",
			"properties": { "pm_name": "商港三路", "pm_type": "人行道" },
			"geometry": {
				"type": "Point",
				"coordinates": [121.3922499,25.14723137]
			}
		},
		{
			"type": "Feature",
			"properties": { "pm_name": "商港三路", "pm_type": "人行道" },
			"geometry": {
				"type": "Point",
				"coordinates": [121.3923134,25.14726609]
			}
		},
		{
			"type": "Feature",
			"properties": { "pm_name": "商港三路", "pm_type": "人行道" },
			"geometry": {
				"type": "Point",
				"coordinates": [121.392377,25.1473008]
			}
		},
		{
			"type": "Feature",
			"properties": { "pm_name": "商港三路", "pm_type": "人行道" },
			"geometry": {
				"type": "Point",
				"coordinates": [121.3924405,25.14733551]
			}
		},
		{
			"type": "Feature",
			"properties": { "pm_name": "商港三路", "pm_type": "人行道" },
			"geometry": {
				"type": "Point",
				"coordinates": [121.392504,25.14737022]
			}
		},
		{
			"type": "Feature",
			"properties": { "pm_name": "商港三路", "pm_type": "人行道" },
			"geometry": {
				"type": "Point",
				"coordinates": [121.3925676,25.14740494]
			}
		},
		{
			"type": "Feature",
			"properties": { "pm_name": "商港三路", "pm_type": "人行道" },
			"geometry": {
				"type": "Point",
				"coordinates": [121.3926311,25.14743965]
			}
		},
		{
			"type": "Feature",
			"properties": { "pm_name": "商港三路", "pm_type": "人行道" },
			"geometry": {
				"type": "Point",
				"coordinates": [121.3926946,25.14747436]
			}
		},
		{
			"type": "Feature",
			"properties": { "pm_name": "商港三路", "pm_type": "人行道" },
			"geometry": {
				"type": "Point",
				"coordinates": [121.3927582,25.14750907]
			}
		},
		{
			"type": "Feature",
			"properties": { "pm_name": "商港三路", "pm_type": "人行道" },
			"geometry": {
				"type": "Point",
				"coordinates": [121.3928217,25.14754378]
			}
		},
		{
			"type": "Feature",
			"properties": { "pm_name": "商港三路", "pm_type": "人行道" },
			"geometry": {
				"type": "Point",
				"coordinates": [121.3928852,25.1475785]
			}
		},
		{
			"type": "Feature",
			"properties": { "pm_name": "商港三路", "pm_type": "人行道" },
			"geometry": {
				"type": "Point",
				"coordinates": [121.3929488,25.14761321]
			}
		},
		{
			"type": "Feature",
			"properties": { "pm_name": "商港三路", "pm_type": "人行道" },
			"geometry": {
				"type": "Point",
				"coordinates": [121.3930123,25.14764792]
			}
		},
		{
			"type": "Feature",
			"properties": { "pm_name": "商港三路", "pm_type": "人行道" },
			"geometry": {
				"type": "Point",
				"coordinates": [121.3930758,25.14768263]
			}
		},
		{
			"type": "Feature",
			"properties": { "pm_name": "商港三路", "pm_type": "人行道" },
			"geometry": {
				"type": "Point",
				"coordinates": [121.3931394,25.14771735]
			}
		},
		{
			"type": "Feature",
			"properties": { "pm_name": "商港三路", "pm_type": "人行道" },
			"geometry": {
				"type": "Point",
				"coordinates": [121.3932029,25.14775206]
			}
		},
		{
			"type": "Feature",
			"properties": { "pm_name": "商港三路", "pm_type": "人行道" },
			"geometry": {
				"type": "Point",
				"coordinates": [121.3932664,25.14778677]
			}
		},
		{
			"type": "Feature",
			"properties": { "pm_name": "商港三路", "pm_type": "人行道" },
			"geometry": {
				"type": "Point",
				"coordinates": [121.39333,25.14782148]
			}
		},
		{
			"type": "Feature",
			"properties": { "pm_name": "商港三路", "pm_type": "人行道" },
			"geometry": {
				"type": "Point",
				"coordinates": [121.3933935,25.1478562]
			}
		},
		{
			"type": "Feature",
			"properties": { "pm_name": "商港三路", "pm_type": "人行道" },
			"geometry": {
				"type": "Point",
				"coordinates": [121.393457,25.14789091]
			}
		},
		{
			"type": "Feature",
			"properties": { "pm_name": "商港三路", "pm_type": "人行道" },
			"geometry": {
				"type": "Point",
				"coordinates": [121.3935206,25.14792562]
			}
		},
		{
			"type": "Feature",
			"properties": { "pm_name": "商港三路", "pm_type": "人行道" },
			"geometry": {
				"type": "Point",
				"coordinates": [121.3935841,25.14796033]
			}
		},
		{
			"type": "Feature",
			"properties": { "pm_name": "商港三路", "pm_type": "人行道" },
			"geometry": {
				"type": "Point",
				"coordinates": [121.3936476,25.14799502]
			}
		},
		{
			"type": "Feature",
			"properties": { "pm_name": "商港三路", "pm_type": "人行道" },
			"geometry": {
				"type": "Point",
				"coordinates": [121.3937111,25.14802973]
			}
		},
		{
			"type": "Feature",
			"properties": { "pm_name": "商港三路", "pm_type": "人行道" },
			"geometry": {
				"type": "Point",
				"coordinates": [121.3937747,25.14806444]
			}
		},
		{
			"type": "Feature",
			"properties": { "pm_name": "商港三路", "pm_type": "人行道" },
			"geometry": {
				"type": "Point",
				"coordinates": [121.3938382,25.14809915]
			}
		},
		{
			"type": "Feature",
			"properties": { "pm_name": "商港三路", "pm_type": "人行道" },
			"geometry": {
				"type": "Point",
				"coordinates": [121.3939017,25.14813386]
			}
		},
		{
			"type": "Feature",
			"properties": { "pm_name": "商港三路", "pm_type": "人行道" },
			"geometry": {
				"type": "Point",
				"coordinates": [121.3939653,25.14816858]
			}
		},
		{
			"type": "Feature",
			"properties": { "pm_name": "商港三路", "pm_type": "人行道" },
			"geometry": {
				"type": "Point",
				"coordinates": [121.3940288,25.14820329]
			}
		},
		{
			"type": "Feature",
			"properties": { "pm_name": "商港三路", "pm_type": "人行道" },
			"geometry": {
				"type": "Point",
				"coordinates": [121.3940923,25.148238]
			}
		},
		{
			"type": "Feature",
			"properties": { "pm_name": "商港三路", "pm_type": "人行道" },
			"geometry": {
				"type": "Point",
				"coordinates": [121.3941559,25.14827271]
			}
		},
		{
			"type": "Feature",
			"properties": { "pm_name": "商港三路", "pm_type": "人行道" },
			"geometry": {
				"type": "Point",
				"coordinates": [121.3942194,25.14830743]
			}
		},
		{
			"type": "Feature",
			"properties": { "pm_name": "商港三路", "pm_type": "人行道" },
			"geometry": {
				"type": "Point",
				"coordinates": [121.3942829,25.14834214]
			}
		},
		{
			"type": "Feature",
			"properties": { "pm_name": "商港三路", "pm_type": "人行道" },
			"geometry": {
				"type": "Point",
				"coordinates": [121.3943465,25.14837685]
			}
		},
		{
			"type": "Feature",
			"properties": { "pm_name": "商港三路", "pm_type": "人行道" },
			"geometry": {
				"type": "Point",
				"coordinates": [121.39441,25.14841156]
			}
		},
		{
			"type": "Feature",
			"properties": { "pm_name": "商港三路", "pm_type": "人行道" },
			"geometry": {
				"type": "Point",
				"coordinates": [121.3944735,25.14844627]
			}
		},
		{
			"type": "Feature",
			"properties": { "pm_name": "商港三路", "pm_type": "人行道" },
			"geometry": {
				"type": "Point",
				"coordinates": [121.3945371,25.14848099]
			}
		},
		{
			"type": "Feature",
			"properties": { "pm_name": "商港三路", "pm_type": "人行道" },
			"geometry": {
				"type": "Point",
				"coordinates": [121.3946006,25.1485157]
			}
		},
		{
			"type": "Feature",
			"properties": { "pm_name": "商港三路", "pm_type": "人行道" },
			"geometry": {
				"type": "Point",
				"coordinates": [121.3946641,25.14855041]
			}
		},
		{
			"type": "Feature",
			"properties": { "pm_name": "商港三路", "pm_type": "人行道" },
			"geometry": {
				"type": "Point",
				"coordinates": [121.3947277,25.14858512]
			}
		},
		{
			"type": "Feature",
			"properties": { "pm_name": "商港三路", "pm_type": "人行道" },
			"geometry": {
				"type": "Point",
				"coordinates": [121.3947912,25.14861984]
			}
		},
		{
			"type": "Feature",
			"properties": { "pm_name": "商港三路", "pm_type": "人行道" },
			"geometry": {
				"type": "Point",
				"coordinates": [121.3948547,25.14865455]
			}
		},
		{
			"type": "Feature",
			"properties": { "pm_name": "商港三路", "pm_type": "人行道" },
			"geometry": {
				"type": "Point",
				"coordinates": [121.3949183,25.14868926]
			}
		},
		{
			"type": "Feature",
			"properties": { "pm_name": "商港三路", "pm_type": "人行道" },
			"geometry": {
				"type": "Point",
				"coordinates": [121.3949818,25.14872397]
			}
		},
		{
			"type": "Feature",
			"properties": { "pm_name": "商港三路", "pm_type": "人行道" },
			"geometry": {
				"type": "Point",
				"coordinates": [121.3950453,25.14875868]
			}
		},
		{
			"type": "Feature",
			"properties": { "pm_name": "商港三路", "pm_type": "人行道" },
			"geometry": {
				"type": "Point",
				"coordinates": [121.3951089,25.1487934]
			}
		},
		{
			"type": "Feature",
			"properties": { "pm_name": "商港三路", "pm_type": "人行道" },
			"geometry": {
				"type": "Point",
				"coordinates": [121.3951724,25.14882811]
			}
		},
		{
			"type": "Feature",
			"properties": { "pm_name": "商港三路", "pm_type": "人行道" },
			"geometry": {
				"type": "Point",
				"coordinates": [121.3952359,25.14886282]
			}
		},
		{
			"type": "Feature",
			"properties": { "pm_name": "商港三路", "pm_type": "人行道" },
			"geometry": {
				"type": "Point",
				"coordinates": [121.3952995,25.14889753]
			}
		},
		{
			"type": "Feature",
			"properties": { "pm_name": "商港三路", "pm_type": "人行道" },
			"geometry": {
				"type": "Point",
				"coordinates": [121.395363,25.14893225]
			}
		},
		{
			"type": "Feature",
			"properties": { "pm_name": "商港三路", "pm_type": "人行道" },
			"geometry": {
				"type": "Point",
				"coordinates": [121.3954265,25.14893225]
			}
		},
		{
			"type": "Feature",
			"properties": { "pm_name": "商港三路", "pm_type": "人行道" },
			"geometry": {
				"type": "Point",
				"coordinates": [121.3954901,25.14896696]
			}
		},
		{
			"type": "Feature",
			"properties": { "pm_name": "商港三路", "pm_type": "人行道" },
			"geometry": {
				"type": "Point",
				"coordinates": [121.3956171,25.14900167]
			}
		},
		{
			"type": "Feature",
			"properties": { "pm_name": "商港三路", "pm_type": "人行道" },
			"geometry": {
				"type": "Point",
				"coordinates": [121.3956807,25.14907109]
			}
		},
		{
			"type": "Feature",
			"properties": { "pm_name": "商港三路", "pm_type": "人行道" },
			"geometry": {
				"type": "Point",
				"coordinates": [121.3957442,25.14910581]
			}
		},
		{
			"type": "Feature",
			"properties": { "pm_name": "商港三路", "pm_type": "人行道" },
			"geometry": {
				"type": "Point",
				"coordinates": [121.3958077,25.14914052]
			}
		},
		{
			"type": "Feature",
			"properties": { "pm_name": "商港三路", "pm_type": "人行道" },
			"geometry": {
				"type": "Point",
				"coordinates": [121.3958713,25.14917523]
			}
		},
		{
			"type": "Feature",
			"properties": { "pm_name": "商港三路", "pm_type": "人行道" },
			"geometry": {
				"type": "Point",
				"coordinates": [121.3959348,25.14920994]
			}
		},
		{
			"type": "Feature",
			"properties": { "pm_name": "商港三路", "pm_type": "人行道" },
			"geometry": {
				"type": "Point",
				"coordinates": [121.3959983,25.14924466]
			}
		},
		{
			"type": "Feature",
			"properties": { "pm_name": "商港三路", "pm_type": "人行道" },
			"geometry": {
				"type": "Point",
				"coordinates": [121.3960619,25.14927937]
			}
		},
		{
			"type": "Feature",
			"properties": { "pm_name": "商港三路", "pm_type": "人行道" },
			"geometry": {
				"type": "Point",
				"coordinates": [121.3961254,25.14931408]
			}
		},
		{
			"type": "Feature",
			"properties": { "pm_name": "商港三路", "pm_type": "人行道" },
			"geometry": {
				"type": "Point",
				"coordinates": [121.3962715,25.14952427]
			}
		},
		{
			"type": "Feature",
			"properties": { "pm_name": "商港三路", "pm_type": "人行道" },
			"geometry": {
				"type": "Point",
				"coordinates": [121.3963508,25.14958417]
			}
		},
		{
			"type": "Feature",
			"properties": { "pm_name": "商港三路", "pm_type": "人行道" },
			"geometry": {
				"type": "Point",
				"coordinates": [121.39643,25.14964407]
			}
		},
		{
			"type": "Feature",
			"properties": { "pm_name": "商港三路", "pm_type": "人行道" },
			"geometry": {
				"type": "Point",
				"coordinates": [121.3965092,25.14970397]
			}
		},
		{
			"type": "Feature",
			"properties": { "pm_name": "商港三路", "pm_type": "人行道" },
			"geometry": {
				"type": "Point",
				"coordinates": [121.3965885,25.14976387]
			}
		},
		{
			"type": "Feature",
			"properties": { "pm_name": "商港三路", "pm_type": "人行道" },
			"geometry": {
				"type": "Point",
				"coordinates": [121.3966677,25.14982378]
			}
		},
		{
			"type": "Feature",
			"properties": { "pm_name": "商港三路", "pm_type": "人行道" },
			"geometry": {
				"type": "Point",
				"coordinates": [121.396747,25.14988368]
			}
		},
		{
			"type": "Feature",
			"properties": { "pm_name": "商港三路", "pm_type": "人行道" },
			"geometry": {
				"type": "Point",
				"coordinates": [121.3968262,25.14994358]
			}
		},
		{
			"type": "Feature",
			"properties": { "pm_name": "商港三路", "pm_type": "人行道" },
			"geometry": {
				"type": "Point",
				"coordinates": [121.3969055,25.15000348]
			}
		},
		{
			"type": "Feature",
			"properties": { "pm_name": "商港三路", "pm_type": "人行道" },
			"geometry": {
				"type": "Point",
				"coordinates": [121.3969847,25.15006338]
			}
		},
		{
			"type": "Feature",
			"properties": { "pm_name": "商港三路", "pm_type": "人行道" },
			"geometry": {
				"type": "Point",
				"coordinates": [121.397064,25.15012328]
			}
		},
		{
			"type": "Feature",
			"properties": { "pm_name": "商港三路", "pm_type": "人行道" },
			"geometry": {
				"type": "Point",
				"coordinates": [121.3971432,25.15018319]
			}
		},
		{
			"type": "Feature",
			"properties": { "pm_name": "商港三路", "pm_type": "人行道" },
			"geometry": {
				"type": "Point",
				"coordinates": [121.3972225,25.15024309]
			}
		},
		{
			"type": "Feature",
			"properties": { "pm_name": "商港三路", "pm_type": "人行道" },
			"geometry": {
				"type": "Point",
				"coordinates": [121.3973017,25.15030299]
			}
		},
		{
			"type": "Feature",
			"properties": { "pm_name": "商港三路", "pm_type": "人行道" },
			"geometry": {
				"type": "Point",
				"coordinates": [121.397381,25.15036289]
			}
		},
		{
			"type": "Feature",
			"properties": { "pm_name": "商港三路", "pm_type": "人行道" },
			"geometry": {
				"type": "Point",
				"coordinates": [121.3974602,25.15042279]
			}
		},
		{
			"type": "Feature",
			"properties": { "pm_name": "商港三路", "pm_type": "人行道" },
			"geometry": {
				"type": "Point",
				"coordinates": [121.3975395,25.15048269]
			}
		},
		{
			"type": "Feature",
			"properties": { "pm_name": "商港三路", "pm_type": "人行道" },
			"geometry": {
				"type": "Point",
				"coordinates": [121.3976187,25.1505426]
			}
		},
		{
			"type": "Feature",
			"properties": { "pm_name": "商港三路", "pm_type": "人行道" },
			"geometry": {
				"type": "Point",
				"coordinates": [121.397698,25.1506025]
			}
		},
		{
			"type": "Feature",
			"properties": { "pm_name": "商港三路", "pm_type": "人行道" },
			"geometry": {
				"type": "Point",
				"coordinates": [121.3977772,25.1506624]
			}
		},
		{
			"type": "Feature",
			"properties": { "pm_name": "商港三路", "pm_type": "人行道" },
			"geometry": {
				"type": "Point",
				"coordinates": [121.3978564,25.1507223]
			}
		},
		{
			"type": "Feature",
			"properties": { "pm_name": "商港三路", "pm_type": "人行道" },
			"geometry": {
				"type": "Point",
				"coordinates": [121.3979357,25.1507822]
			}
		},
		{
			"type": "Feature",
			"properties": { "pm_name": "商港三路", "pm_type": "人行道" },
			"geometry": {
				"type": "Point",
				"coordinates": [121.3980149,25.1508421]
			}
		},
		{
			"type": "Feature",
			"properties": { "pm_name": "商港三路", "pm_type": "人行道" },
			"geometry": {
				"type": "Point",
				"coordinates": [121.3980942,25.150902]
			}
		},
		{
			"type": "Feature",
			"properties": { "pm_name": "商港三路", "pm_type": "人行道" },
			"geometry": {
				"type": "Point",
				"coordinates": [121.3981734,25.15096191]
			}
		},
		{
			"type": "Feature",
			"properties": { "pm_name": "商港三路", "pm_type": "人行道" },
			"geometry": {
				"type": "Point",
				"coordinates": [121.3982527,25.15102181]
			}
		},
		{
			"type": "Feature",
			"properties": { "pm_name": "商港三路", "pm_type": "人行道" },
			"geometry": {
				"type": "Point",
				"coordinates": [121.3983319,25.15108171]
			}
		},
		{
			"type": "Feature",
			"properties": { "pm_name": "商港三路", "pm_type": "人行道" },
			"geometry": {
				"type": "Point",
				"coordinates": [121.3984112,25.15114161]
			}
		},
		{
			"type": "Feature",
			"properties": { "pm_name": "商港三路", "pm_type": "人行道" },
			"geometry": {
				"type": "Point",
				"coordinates": [121.3984904,25.15120151]
			}
		},
		{
			"type": "Feature",
			"properties": { "pm_name": "商港三路", "pm_type": "人行道" },
			"geometry": {
				"type": "Point",
				"coordinates": [121.3985697,25.15126141]
			}
		},
		{
			"type": "Feature",
			"properties": { "pm_name": "商港三路", "pm_type": "人行道" },
			"geometry": {
				"type": "Point",
				"coordinates": [121.3986489,25.15132131]
			}
		},
		{
			"type": "Feature",
			"properties": { "pm_name": "商港三路", "pm_type": "人行道" },
			"geometry": {
				"type": "Point",
				"coordinates": [121.3987282,25.15138122]
			}
		},
		{
			"type": "Feature",
			"properties": { "pm_name": "商港三路", "pm_type": "人行道" },
			"geometry": {
				"type": "Point",
				"coordinates": [121.3988074,25.15144112]
			}
		},
		{
			"type": "Feature",
			"properties": { "pm_name": "商港三路", "pm_type": "人行道" },
			"geometry": {
				"type": "Point",
				"coordinates": [121.3988867,25.15150102]
			}
		},
		{
			"type": "Feature",
			"properties": { "pm_name": "商港三路", "pm_type": "人行道" },
			"geometry": {
				"type": "Point",
				"coordinates": [121.3989659,25.15156092]
			}
		},
		{
			"type": "Feature",
			"properties": { "pm_name": "商港三路", "pm_type": "人行道" },
			"geometry": {
				"type": "Point",
				"coordinates": [121.3990452,25.15162082]
			}
		},
		{
			"type": "Feature",
			"properties": { "pm_name": "商港三路", "pm_type": "人行道" },
			"geometry": {
				"type": "Point",
				"coordinates": [121.3991244,25.15168072]
			}
		},
		{
			"type": "Feature",
			"properties": { "pm_name": "商港三路", "pm_type": "人行道" },
			"geometry": {
				"type": "Point",
				"coordinates": [121.3992036,25.15174062]
			}
		},
		{
			"type": "Feature",
			"properties": { "pm_name": "商港三路", "pm_type": "人行道" },
			"geometry": {
				"type": "Point",
				"coordinates": [121.3992829,25.15180053]
			}
		},
		{
			"type": "Feature",
			"properties": { "pm_name": "商港三路", "pm_type": "人行道" },
			"geometry": {
				"type": "Point",
				"coordinates": [121.3993621,25.15186043]
			}
		},
		{
			"type": "Feature",
			"properties": { "pm_name": "商港三路", "pm_type": "人行道" },
			"geometry": {
				"type": "Point",
				"coordinates": [121.3994414,25.15192033]
			}
		},
		{
			"type": "Feature",
			"properties": { "pm_name": "商港三路", "pm_type": "人行道" },
			"geometry": {
				"type": "Point",
				"coordinates": [121.3995206,25.15198023]
			}
		},
		{
			"type": "Feature",
			"properties": { "pm_name": "商港三路", "pm_type": "人行道" },
			"geometry": {
				"type": "Point",
				"coordinates": [121.3995999,25.15204013]
			}
		},
		{
			"type": "Feature",
			"properties": { "pm_name": "商港三路", "pm_type": "人行道" },
			"geometry": {
				"type": "Point",
				"coordinates": [121.3996791,25.15210003]
			}
		},
		{
			"type": "Feature",
			"properties": { "pm_name": "商港三路", "pm_type": "人行道" },
			"geometry": {
				"type": "Point",
				"coordinates": [121.3997584,25.15215994]
			}
		},
		{
			"type": "Feature",
			"properties": { "pm_name": "商港三路", "pm_type": "人行道" },
			"geometry": {
				"type": "Point",
				"coordinates": [121.3998376,25.15221984]
			}
		},
		{
			"type": "Feature",
			"properties": { "pm_name": "商港三路", "pm_type": "人行道" },
			"geometry": {
				"type": "Point",
				"coordinates": [121.3999169,25.15227974]
			}
		},
		{
			"type": "Feature",
			"properties": { "pm_name": "商港三路", "pm_type": "人行道" },
			"geometry": {
				"type": "Point",
				"coordinates": [121.3999961,25.15233964]
			}
		},
		{
			"type": "Feature",
			"properties": { "pm_name": "商港三路", "pm_type": "人行道" },
			"geometry": {
				"type": "Point",
				"coordinates": [121.4003131,25.15257925]
			}
		},
		{
			"type": "Feature",
			"properties": { "pm_name": "商港三路", "pm_type": "人行道" },
			"geometry": {
				"type": "Point",
				"coordinates": [121.4003924,25.15263915]
			}
		},
		{
			"type": "Feature",
			"properties": { "pm_name": "商港三路", "pm_type": "人行道" },
			"geometry": {
				"type": "Point",
				"coordinates": [121.4004716,25.15269905]
			}
		},
		{
			"type": "Feature",
			"properties": { "pm_name": "商港三路", "pm_type": "人行道" },
			"geometry": {
				"type": "Point",
				"coordinates": [121.4005508,25.15275895]
			}
		},
		{
			"type": "Feature",
			"properties": { "pm_name": "商港三路", "pm_type": "人行道" },
			"geometry": {
				"type": "Point",
				"coordinates": [121.4006301,25.15281885]
			}
		},
		{
			"type": "Feature",
			"properties": { "pm_name": "商港三路", "pm_type": "人行道" },
			"geometry": {
				"type": "Point",
				"coordinates": [121.4007093,25.15287875]
			}
		},
		{
			"type": "Feature",
			"properties": { "pm_name": "商港三路", "pm_type": "人行道" },
			"geometry": {
				"type": "Point",
				"coordinates": [121.4007886,25.15293866]
			}
		},
		{
			"type": "Feature",
			"properties": { "pm_name": "商港三路", "pm_type": "人行道" },
			"geometry": {
				"type": "Point",
				"coordinates": [121.4008678,25.15299856]
			}
		},
		{
			"type": "Feature",
			"properties": { "pm_name": "商港三路", "pm_type": "人行道" },
			"geometry": {
				"type": "Point",
				"coordinates": [121.4009471,25.15305846]
			}
		},
		{
			"type": "Feature",
			"properties": { "pm_name": "商港三路", "pm_type": "人行道" },
			"geometry": {
				"type": "Point",
				"coordinates": [121.4010263,25.15311836]
			}
		},
		{
			"type": "Feature",
			"properties": { "pm_name": "商港三路", "pm_type": "人行道" },
			"geometry": {
				"type": "Point",
				"coordinates": [121.4011056,25.15317826]
			}
		},
		{
			"type": "Feature",
			"properties": { "pm_name": "商港三路", "pm_type": "人行道" },
			"geometry": {
				"type": "Point",
				"coordinates": [121.4011848,25.15323816]
			}
		},
		{
			"type": "Feature",
			"properties": { "pm_name": "商港三路", "pm_type": "人行道" },
			"geometry": {
				"type": "Point",
				"coordinates": [121.4012641,25.15329806]
			}
		},
		{
			"type": "Feature",
			"properties": { "pm_name": "商港三路", "pm_type": "人行道" },
			"geometry": {
				"type": "Point",
				"coordinates": [121.4013433,25.15335797]
			}
		},
		{
			"type": "Feature",
			"properties": { "pm_name": "商港三路", "pm_type": "人行道" },
			"geometry": {
				"type": "Point",
				"coordinates": [121.4014226,25.15341787]
			}
		},
		{
			"type": "Feature",
			"properties": { "pm_name": "商港三路", "pm_type": "人行道" },
			"geometry": {
				"type": "Point",
				"coordinates": [121.4015018,25.15347777]
			}
		},
		{
			"type": "Feature",
			"properties": { "pm_name": "商港三路", "pm_type": "人行道" },
			"geometry": {
				"type": "Point",
				"coordinates": [121.4015811,25.15353767]
			}
		},
		{
			"type": "Feature",
			"properties": { "pm_name": "商港三路", "pm_type": "人行道" },
			"geometry": {
				"type": "Point",
				"coordinates": [121.4016603,25.15359757]
			}
		},
		{
			"type": "Feature",
			"properties": { "pm_name": "商港三路", "pm_type": "人行道" },
			"geometry": {
				"type": "Point",
				"coordinates": [121.4017396,25.15365747]
			}
		},
		{
			"type": "Feature",
			"properties": { "pm_name": "商港三路", "pm_type": "人行道" },
			"geometry": {
				"type": "Point",
				"coordinates": [121.4018188,25.15371737]
			}
		},
		{
			"type": "Feature",
			"properties": { "pm_name": "商港三路", "pm_type": "人行道" },
			"geometry": {
				"type": "Point",
				"coordinates": [121.4019773,25.15377728]
			}
		},
		{
			"type": "Feature",
			"properties": { "pm_name": "商港三路", "pm_type": "人行道" },
			"geometry": {
				"type": "Point",
				"coordinates": [121.4019773,25.15383718]
			}
		},
		{
			"type": "Feature",
			"properties": { "pm_name": "商港三路", "pm_type": "人行道" },
			"geometry": {
				"type": "Point",
				"coordinates": [121.4021358,25.15383718]
			}
		},
		{
			"type": "Feature",
			"properties": { "pm_name": "商港三路", "pm_type": "人行道" },
			"geometry": {
				"type": "Point",
				"coordinates": [121.402215,25.15395698]
			}
		},
		{
			"type": "Feature",
			"properties": { "pm_name": "商港三路", "pm_type": "人行道" },
			"geometry": {
				"type": "Point",
				"coordinates": [121.4022943,25.15401688]
			}
		},
		{
			"type": "Feature",
			"properties": { "pm_name": "商港三路", "pm_type": "人行道" },
			"geometry": {
				"type": "Point",
				"coordinates": [121.4023735,25.15407678]
			}
		},
		{
			"type": "Feature",
			"properties": { "pm_name": "商港三路", "pm_type": "人行道" },
			"geometry": {
				"type": "Point",
				"coordinates": [121.4024528,25.15413669]
			}
		},
		{
			"type": "Feature",
			"properties": { "pm_name": "商港三路", "pm_type": "人行道" },
			"geometry": {
				"type": "Point",
				"coordinates": [121.402532,25.15419659]
			}
		},
		{
			"type": "Feature",
			"properties": { "pm_name": "商港三路", "pm_type": "人行道" },
			"geometry": {
				"type": "Point",
				"coordinates": [121.4026113,25.15425649]
			}
		},
		{
			"type": "Feature",
			"properties": { "pm_name": "商港三路", "pm_type": "人行道" },
			"geometry": {
				"type": "Point",
				"coordinates": [121.4026905,25.15431639]
			}
		},
		{
			"type": "Feature",
			"properties": { "pm_name": "商港三路", "pm_type": "人行道" },
			"geometry": {
				"type": "Point",
				"coordinates": [121.4027698,25.15437629]
			}
		},
		{
			"type": "Feature",
			"properties": { "pm_name": "商港三路", "pm_type": "人行道" },
			"geometry": {
				"type": "Point",
				"coordinates": [121.402849,25.15443619]
			}
		},
		{
			"type": "Feature",
			"properties": { "pm_name": "商港三路", "pm_type": "人行道" },
			"geometry": {
				"type": "Point",
				"coordinates": [121.4029283,25.1544961]
			}
		},
		{
			"type": "Feature",
			"properties": { "pm_name": "商港三路", "pm_type": "人行道" },
			"geometry": {
				"type": "Point",
				"coordinates": [121.4030075,25.154556]
			}
		},
		{
			"type": "Feature",
			"properties": { "pm_name": "商港三路", "pm_type": "人行道" },
			"geometry": {
				"type": "Point",
				"coordinates": [121.4030868,25.1546159]
			}
		},
		{
			"type": "Feature",
			"properties": { "pm_name": "商港三路", "pm_type": "人行道" },
			"geometry": {
				"type": "Point",
				"coordinates": [121.403166,25.1546758]
			}
		},
		{
			"type": "Feature",
			"properties": { "pm_name": "商港三路", "pm_type": "人行道" },
			"geometry": {
				"type": "Point",
				"coordinates": [121.4032452,25.1547357]
			}
		},
		{
			"type": "Feature",
			"properties": { "pm_name": "商港三路", "pm_type": "人行道" },
			"geometry": {
				"type": "Point",
				"coordinates": [121.4033245,25.1547956]
			}
		},
		{
			"type": "Feature",
			"properties": { "pm_name": "商港三路", "pm_type": "人行道" },
			"geometry": {
				"type": "Point",
				"coordinates": [121.4034037,25.15485551]
			}
		},
		{
			"type": "Feature",
			"properties": { "pm_name": "商港三路", "pm_type": "人行道" },
			"geometry": {
				"type": "Point",
				"coordinates": [121.403483,25.15491541]
			}
		},
		{
			"type": "Feature",
			"properties": { "pm_name": "商港三路", "pm_type": "人行道" },
			"geometry": {
				"type": "Point",
				"coordinates": [121.4035622,25.15497531]
			}
		},
		{
			"type": "Feature",
			"properties": { "pm_name": "商港三路", "pm_type": "人行道" },
			"geometry": {
				"type": "Point",
				"coordinates": [121.4036415,25.15503521]
			}
		},
		{
			"type": "Feature",
			"properties": { "pm_name": "商港三路", "pm_type": "人行道" },
			"geometry": {
				"type": "Point",
				"coordinates": [121.4037207,25.15509511]
			}
		},
		{
			"type": "Feature",
			"properties": { "pm_name": "商港三路", "pm_type": "人行道" },
			"geometry": {
				"type": "Point",
				"coordinates": [121.4038,25.15515501]
			}
		},
		{
			"type": "Feature",
			"properties": { "pm_name": "商港三路", "pm_type": "人行道" },
			"geometry": {
				"type": "Point",
				"coordinates": [121.4038792,25.15521491]
			}
		},
		{
			"type": "Feature",
			"properties": { "pm_name": "商港三路", "pm_type": "人行道" },
			"geometry": {
				"type": "Point",
				"coordinates": [121.4039585,25.15527482]
			}
		},
		{
			"type": "Feature",
			"properties": { "pm_name": "商港三路", "pm_type": "人行道" },
			"geometry": {
				"type": "Point",
				"coordinates": [121.4040377,25.15533472]
			}
		},
		{
			"type": "Feature",
			"properties": { "pm_name": "商港三路", "pm_type": "人行道" },
			"geometry": {
				"type": "Point",
				"coordinates": [121.404117,25.15539462]
			}
		},
		{
			"type": "Feature",
			"properties": { "pm_name": "商港三路", "pm_type": "人行道" },
			"geometry": {
				"type": "Point",
				"coordinates": [121.4041962,25.15545452]
			}
		},
		{
			"type": "Feature",
			"properties": { "pm_name": "商港三路", "pm_type": "人行道" },
			"geometry": {
				"type": "Point",
				"coordinates": [121.4042755,25.15551442]
			}
		},
		{
			"type": "Feature",
			"properties": { "pm_name": "商港三路", "pm_type": "人行道" },
			"geometry": {
				"type": "Point",
				"coordinates": [121.4043547,25.15557432]
			}
		},
		{
			"type": "Feature",
			"properties": { "pm_name": "商港三路", "pm_type": "人行道" },
			"geometry": {
				"type": "Point",
				"coordinates": [121.404434,25.15563423]
			}
		},
		{
			"type": "Feature",
			"properties": { "pm_name": "商港三路", "pm_type": "人行道" },
			"geometry": {
				"type": "Point",
				"coordinates": [121.4045132,25.15569413]
			}
		},
		{
			"type": "Feature",
			"properties": { "pm_name": "商港三路", "pm_type": "人行道" },
			"geometry": {
				"type": "Point",
				"coordinates": [121.4045924,25.15575403]
			}
		},
		{
			"type": "Feature",
			"properties": { "pm_name": "商港三路", "pm_type": "人行道" },
			"geometry": {
				"type": "Point",
				"coordinates": [121.4046717,25.15581393]
			}
		},
		{
			"type": "Feature",
			"properties": { "pm_name": "商港三路", "pm_type": "人行道" },
			"geometry": {
				"type": "Point",
				"coordinates": [121.4047509,25.15587383]
			}
		},
		{
			"type": "Feature",
			"properties": { "pm_name": "商港三路", "pm_type": "人行道" },
			"geometry": {
				"type": "Point",
				"coordinates": [121.4048302,25.15593373]
			}
		},
		{
			"type": "Feature",
			"properties": { "pm_name": "商港三路", "pm_type": "人行道" },
			"geometry": {
				"type": "Point",
				"coordinates": [121.4049094,25.15599364]
			}
		},
		{
			"type": "Feature",
			"properties": { "pm_name": "商港三路", "pm_type": "人行道" },
			"geometry": {
				"type": "Point",
				"coordinates": [121.4049886,25.15605354]
			}
		},
		{
			"type": "Feature",
			"properties": { "pm_name": "商港三路", "pm_type": "人行道" },
			"geometry": {
				"type": "Point",
				"coordinates": [121.4049977,25.15600369]
			}
		},
		{
			"type": "Feature",
			"properties": { "pm_name": "商港三路", "pm_type": "人行道" },
			"geometry": {
				"type": "Point",
				"coordinates": [121.4049177,25.15594332]
			}
		},
		{
			"type": "Feature",
			"properties": { "pm_name": "商港三路", "pm_type": "人行道" },
			"geometry": {
				"type": "Point",
				"coordinates": [121.4048376,25.15588295]
			}
		},
		{
			"type": "Feature",
			"properties": { "pm_name": "商港三路", "pm_type": "人行道" },
			"geometry": {
				"type": "Point",
				"coordinates": [121.4047576,25.15582259]
			}
		},
		{
			"type": "Feature",
			"properties": { "pm_name": "商港三路", "pm_type": "人行道" },
			"geometry": {
				"type": "Point",
				"coordinates": [121.4046775,25.15576222]
			}
		},
		{
			"type": "Feature",
			"properties": { "pm_name": "商港三路", "pm_type": "人行道" },
			"geometry": {
				"type": "Point",
				"coordinates": [121.4045975,25.15570185]
			}
		},
		{
			"type": "Feature",
			"properties": { "pm_name": "商港三路", "pm_type": "人行道" },
			"geometry": {
				"type": "Point",
				"coordinates": [121.4045175,25.15564148]
			}
		},
		{
			"type": "Feature",
			"properties": { "pm_name": "商港三路", "pm_type": "人行道" },
			"geometry": {
				"type": "Point",
				"coordinates": [121.4044374,25.15558111]
			}
		},
		{
			"type": "Feature",
			"properties": { "pm_name": "商港三路", "pm_type": "人行道" },
			"geometry": {
				"type": "Point",
				"coordinates": [121.4043574,25.15552074]
			}
		},
		{
			"type": "Feature",
			"properties": { "pm_name": "商港三路", "pm_type": "人行道" },
			"geometry": {
				"type": "Point",
				"coordinates": [121.4042774,25.15546038]
			}
		},
		{
			"type": "Feature",
			"properties": { "pm_name": "商港三路", "pm_type": "人行道" },
			"geometry": {
				"type": "Point",
				"coordinates": [121.4041973,25.15540001]
			}
		},
		{
			"type": "Feature",
			"properties": { "pm_name": "商港三路", "pm_type": "人行道" },
			"geometry": {
				"type": "Point",
				"coordinates": [121.4041973,25.15540001]
			}
		},
		{
			"type": "Feature",
			"properties": { "pm_name": "商港三路", "pm_type": "人行道" },
			"geometry": {
				"type": "Point",
				"coordinates": [121.4040373,25.15527927]
			}
		},
		{
			"type": "Feature",
			"properties": { "pm_name": "商港三路", "pm_type": "人行道" },
			"geometry": {
				"type": "Point",
				"coordinates": [121.4039572,25.1552189]
			}
		},
		{
			"type": "Feature",
			"properties": { "pm_name": "商港三路", "pm_type": "人行道" },
			"geometry": {
				"type": "Point",
				"coordinates": [121.4038772,25.15515853]
			}
		},
		{
			"type": "Feature",
			"properties": { "pm_name": "商港三路", "pm_type": "人行道" },
			"geometry": {
				"type": "Point",
				"coordinates": [121.4037972,25.15509817]
			}
		},
		{
			"type": "Feature",
			"properties": { "pm_name": "商港三路", "pm_type": "人行道" },
			"geometry": {
				"type": "Point",
				"coordinates": [121.4037171,25.1550378]
			}
		},
		{
			"type": "Feature",
			"properties": { "pm_name": "商港三路", "pm_type": "人行道" },
			"geometry": {
				"type": "Point",
				"coordinates": [121.4036371,25.15497743]
			}
		},
		{
			"type": "Feature",
			"properties": { "pm_name": "商港三路", "pm_type": "人行道" },
			"geometry": {
				"type": "Point",
				"coordinates": [121.403557,25.1491706]
			}
		},
		{
			"type": "Feature",
			"properties": { "pm_name": "商港三路", "pm_type": "人行道" },
			"geometry": {
				"type": "Point",
				"coordinates": [121.403477,25.15485669]
			}
		},
		{
			"type": "Feature",
			"properties": { "pm_name": "商港三路", "pm_type": "人行道" },
			"geometry": {
				"type": "Point",
				"coordinates": [121.403397,25.15479633]
			}
		},
		{
			"type": "Feature",
			"properties": { "pm_name": "商港三路", "pm_type": "人行道" },
			"geometry": {
				"type": "Point",
				"coordinates": [121.4033169,25.15473596]
			}
		},
		{
			"type": "Feature",
			"properties": { "pm_name": "商港三路", "pm_type": "人行道" },
			"geometry": {
				"type": "Point",
				"coordinates": [121.402369,25.15467559]
			}
		},
		{
			"type": "Feature",
			"properties": { "pm_name": "商港三路", "pm_type": "人行道" },
			"geometry": {
				"type": "Point",
				"coordinates": [121.4031569,25.15461522]
			}
		},
		{
			"type": "Feature",
			"properties": { "pm_name": "商港三路", "pm_type": "人行道" },
			"geometry": {
				"type": "Point",
				"coordinates": [121.4030768,25.15455485]
			}
		},
		{
			"type": "Feature",
			"properties": { "pm_name": "商港三路", "pm_type": "人行道" },
			"geometry": {
				"type": "Point",
				"coordinates": [121.39968,25.15449448]
			}
		},
		{
			"type": "Feature",
			"properties": { "pm_name": "商港三路", "pm_type": "人行道" },
			"geometry": {
				"type": "Point",
				"coordinates": [121.4029168,25.15443412]
			}
		},
		{
			"type": "Feature",
			"properties": { "pm_name": "商港三路", "pm_type": "人行道" },
			"geometry": {
				"type": "Point",
				"coordinates": [121.4028367,25.15437375]
			}
		},
		{
			"type": "Feature",
			"properties": { "pm_name": "商港三路", "pm_type": "人行道" },
			"geometry": {
				"type": "Point",
				"coordinates": [121.4027567,25.15431338]
			}
		},
		{
			"type": "Feature",
			"properties": { "pm_name": "商港三路", "pm_type": "人行道" },
			"geometry": {
				"type": "Point",
				"coordinates": [121.4026767,25.15425301]
			}
		},
		{
			"type": "Feature",
			"properties": { "pm_name": "商港三路", "pm_type": "人行道" },
			"geometry": {
				"type": "Point",
				"coordinates": [121.4025966,25.15419264]
			}
		},
		{
			"type": "Feature",
			"properties": { "pm_name": "商港三路", "pm_type": "人行道" },
			"geometry": {
				"type": "Point",
				"coordinates": [121.4025166,25.15413227]
			}
		},
		{
			"type": "Feature",
			"properties": { "pm_name": "商港三路", "pm_type": "人行道" },
			"geometry": {
				"type": "Point",
				"coordinates": [121.4024366,25.15407191]
			}
		},
		{
			"type": "Feature",
			"properties": { "pm_name": "商港三路", "pm_type": "人行道" },
			"geometry": {
				"type": "Point",
				"coordinates": [121.4023565,25.15401154]
			}
		},
		{
			"type": "Feature",
			"properties": { "pm_name": "商港三路", "pm_type": "人行道" },
			"geometry": {
				"type": "Point",
				"coordinates": [121.4022765,25.15395117]
			}
		},
		{
			"type": "Feature",
			"properties": { "pm_name": "商港三路", "pm_type": "人行道" },
			"geometry": {
				"type": "Point",
				"coordinates": [121.4021964,25.1538908]
			}
		},
		{
			"type": "Feature",
			"properties": { "pm_name": "商港三路", "pm_type": "人行道" },
			"geometry": {
				"type": "Point",
				"coordinates": [121.4021164,25.15383043]
			}
		},
		{
			"type": "Feature",
			"properties": { "pm_name": "商港三路", "pm_type": "人行道" },
			"geometry": {
				"type": "Point",
				"coordinates": [121.4020364,25.15377006]
			}
		},
		{
			"type": "Feature",
			"properties": { "pm_name": "商港三路", "pm_type": "人行道" },
			"geometry": {
				"type": "Point",
				"coordinates": [121.4019563,25.1537097]
			}
		},
		{
			"type": "Feature",
			"properties": { "pm_name": "商港三路", "pm_type": "人行道" },
			"geometry": {
				"type": "Point",
				"coordinates": [121.4018763,25.15364933]
			}
		},
		{
			"type": "Feature",
			"properties": { "pm_name": "商港三路", "pm_type": "人行道" },
			"geometry": {
				"type": "Point",
				"coordinates": [121.4017963,25.15358896]
			}
		},
		{
			"type": "Feature",
			"properties": { "pm_name": "商港三路", "pm_type": "人行道" },
			"geometry": {
				"type": "Point",
				"coordinates": [121.4017162,25.15352859]
			}
		},
		{
			"type": "Feature",
			"properties": { "pm_name": "商港三路", "pm_type": "人行道" },
			"geometry": {
				"type": "Point",
				"coordinates": [121.4016362,25.15346822]
			}
		},
		{
			"type": "Feature",
			"properties": { "pm_name": "商港三路", "pm_type": "人行道" },
			"geometry": {
				"type": "Point",
				"coordinates": [121.4015562,25.15340785]
			}
		},
		{
			"type": "Feature",
			"properties": { "pm_name": "商港三路", "pm_type": "人行道" },
			"geometry": {
				"type": "Point",
				"coordinates": [121.4014761,25.15334749]
			}
		},
		{
			"type": "Feature",
			"properties": { "pm_name": "商港三路", "pm_type": "人行道" },
			"geometry": {
				"type": "Point",
				"coordinates": [121.4013961,25.15328712]
			}
		},
		{
			"type": "Feature",
			"properties": { "pm_name": "商港三路", "pm_type": "人行道" },
			"geometry": {
				"type": "Point",
				"coordinates": [121.4013161,25.15322675]
			}
		},
		{
			"type": "Feature",
			"properties": { "pm_name": "商港三路", "pm_type": "人行道" },
			"geometry": {
				"type": "Point",
				"coordinates": [121.401236,25.15316638]
			}
		},
		{
			"type": "Feature",
			"properties": { "pm_name": "商港三路", "pm_type": "人行道" },
			"geometry": {
				"type": "Point",
				"coordinates": [121.401156,25.15310601]
			}
		},
		{
			"type": "Feature",
			"properties": { "pm_name": "商港三路", "pm_type": "人行道" },
			"geometry": {
				"type": "Point",
				"coordinates": [121.401076,25.15304564]
			}
		},
		{
			"type": "Feature",
			"properties": { "pm_name": "商港三路", "pm_type": "人行道" },
			"geometry": {
				"type": "Point",
				"coordinates": [121.3999591,25.15298528]
			}
		},
		{
			"type": "Feature",
			"properties": { "pm_name": "商港三路", "pm_type": "人行道" },
			"geometry": {
				"type": "Point",
				"coordinates": [121.4009159,25.15292491]
			}
		},
		{
			"type": "Feature",
			"properties": { "pm_name": "商港三路", "pm_type": "人行道" },
			"geometry": {
				"type": "Point",
				"coordinates": [121.4008358,25.15286454]
			}
		},
		{
			"type": "Feature",
			"properties": { "pm_name": "商港三路", "pm_type": "人行道" },
			"geometry": {
				"type": "Point",
				"coordinates": [121.4007558,25.15280417]
			}
		},
		{
			"type": "Feature",
			"properties": { "pm_name": "商港三路", "pm_type": "人行道" },
			"geometry": {
				"type": "Point",
				"coordinates": [121.4006758,25.1527438]
			}
		},
		{
			"type": "Feature",
			"properties": { "pm_name": "商港三路", "pm_type": "人行道" },
			"geometry": {
				"type": "Point",
				"coordinates": [121.4005957,25.15268343]
			}
		},
		{
			"type": "Feature",
			"properties": { "pm_name": "商港三路", "pm_type": "人行道" },
			"geometry": {
				"type": "Point",
				"coordinates": [121.4005157,25.15262307]
			}
		},
		{
			"type": "Feature",
			"properties": { "pm_name": "商港三路", "pm_type": "人行道" },
			"geometry": {
				"type": "Point",
				"coordinates": [121.4004357,25.1525627]
			}
		},
		{
			"type": "Feature",
			"properties": { "pm_name": "商港三路", "pm_type": "人行道" },
			"geometry": {
				"type": "Point",
				"coordinates": [121.4003556,25.15250233]
			}
		},
		{
			"type": "Feature",
			"properties": { "pm_name": "商港三路", "pm_type": "人行道" },
			"geometry": {
				"type": "Point",
				"coordinates": [121.4002756,25.15244196]
			}
		},
		{
			"type": "Feature",
			"properties": { "pm_name": "商港三路", "pm_type": "人行道" },
			"geometry": {
				"type": "Point",
				"coordinates": [121.4001956,25.15238159]
			}
		},
		{
			"type": "Feature",
			"properties": { "pm_name": "商港三路", "pm_type": "人行道" },
			"geometry": {
				"type": "Point",
				"coordinates": [121.4001155,25.15232122]
			}
		},
		{
			"type": "Feature",
			"properties": { "pm_name": "商港三路", "pm_type": "人行道" },
			"geometry": {
				"type": "Point",
				"coordinates": [121.4000355,25.15226085]
			}
		},
		{
			"type": "Feature",
			"properties": { "pm_name": "商港三路", "pm_type": "人行道" },
			"geometry": {
				"type": "Point",
				"coordinates": [121.3999555,25.15220049]
			}
		},
		{
			"type": "Feature",
			"properties": { "pm_name": "商港三路", "pm_type": "人行道" },
			"geometry": {
				"type": "Point",
				"coordinates": [121.3998754,25.15214012]
			}
		},
		{
			"type": "Feature",
			"properties": { "pm_name": "商港三路", "pm_type": "人行道" },
			"geometry": {
				"type": "Point",
				"coordinates": [121.3997954,25.15207975]
			}
		},
		{
			"type": "Feature",
			"properties": { "pm_name": "商港三路", "pm_type": "人行道" },
			"geometry": {
				"type": "Point",
				"coordinates": [121.3997154,25.15201938]
			}
		},
		{
			"type": "Feature",
			"properties": { "pm_name": "商港三路", "pm_type": "人行道" },
			"geometry": {
				"type": "Point",
				"coordinates": [121.3996353,25.15195901]
			}
		},
		{
			"type": "Feature",
			"properties": { "pm_name": "商港三路", "pm_type": "人行道" },
			"geometry": {
				"type": "Point",
				"coordinates": [121.3994752,25.15189864]
			}
		},
		{
			"type": "Feature",
			"properties": { "pm_name": "商港三路", "pm_type": "人行道" },
			"geometry": {
				"type": "Point",
				"coordinates": [121.3993952,25.15183828]
			}
		},
		{
			"type": "Feature",
			"properties": { "pm_name": "商港三路", "pm_type": "人行道" },
			"geometry": {
				"type": "Point",
				"coordinates": [121.3993152,25.15177791]
			}
		},
		{
			"type": "Feature",
			"properties": { "pm_name": "商港三路", "pm_type": "人行道" },
			"geometry": {
				"type": "Point",
				"coordinates": [121.3992351,25.15171754]
			}
		},
		{
			"type": "Feature",
			"properties": { "pm_name": "商港三路", "pm_type": "人行道" },
			"geometry": {
				"type": "Point",
				"coordinates": [121.3991551,25.15165717]
			}
		},
		{
			"type": "Feature",
			"properties": { "pm_name": "商港三路", "pm_type": "人行道" },
			"geometry": {
				"type": "Point",
				"coordinates": [121.3990751,25.1515968]
			}
		},
		{
			"type": "Feature",
			"properties": { "pm_name": "商港三路", "pm_type": "人行道" },
			"geometry": {
				"type": "Point",
				"coordinates": [121.398995,25.15153643]
			}
		},
		{
			"type": "Feature",
			"properties": { "pm_name": "商港三路", "pm_type": "人行道" },
			"geometry": {
				"type": "Point",
				"coordinates": [121.398915,25.15147607]
			}
		},
		{
			"type": "Feature",
			"properties": { "pm_name": "商港三路", "pm_type": "人行道" },
			"geometry": {
				"type": "Point",
				"coordinates": [121.398835,25.1514157]
			}
		},
		{
			"type": "Feature",
			"properties": { "pm_name": "商港三路", "pm_type": "人行道" },
			"geometry": {
				"type": "Point",
				"coordinates": [121.3987549,25.15135533]
			}
		},
		{
			"type": "Feature",
			"properties": { "pm_name": "商港三路", "pm_type": "人行道" },
			"geometry": {
				"type": "Point",
				"coordinates": [121.3986749,25.15129496]
			}
		},
		{
			"type": "Feature",
			"properties": { "pm_name": "商港三路", "pm_type": "人行道" },
			"geometry": {
				"type": "Point",
				"coordinates": [121.3985949,25.15123459]
			}
		},
		{
			"type": "Feature",
			"properties": { "pm_name": "商港三路", "pm_type": "人行道" },
			"geometry": {
				"type": "Point",
				"coordinates": [121.3985148,25.15117422]
			}
		},
		{
			"type": "Feature",
			"properties": { "pm_name": "商港三路", "pm_type": "人行道" },
			"geometry": {
				"type": "Point",
				"coordinates": [121.3984348,25.15111386]
			}
		},
		{
			"type": "Feature",
			"properties": { "pm_name": "商港三路", "pm_type": "人行道" },
			"geometry": {
				"type": "Point",
				"coordinates": [121.3983547,25.15105349]
			}
		},
		{
			"type": "Feature",
			"properties": { "pm_name": "商港三路", "pm_type": "人行道" },
			"geometry": {
				"type": "Point",
				"coordinates": [121.3982747,25.15099312]
			}
		},
		{
			"type": "Feature",
			"properties": { "pm_name": "商港三路", "pm_type": "人行道" },
			"geometry": {
				"type": "Point",
				"coordinates": [121.3981947,25.15093275]
			}
		},
		{
			"type": "Feature",
			"properties": { "pm_name": "商港三路", "pm_type": "人行道" },
			"geometry": {
				"type": "Point",
				"coordinates": [121.3981146,25.15087238]
			}
		},
		{
			"type": "Feature",
			"properties": { "pm_name": "商港三路", "pm_type": "人行道" },
			"geometry": {
				"type": "Point",
				"coordinates": [121.3980346,25.15081201]
			}
		},
		{
			"type": "Feature",
			"properties": { "pm_name": "商港三路", "pm_type": "人行道" },
			"geometry": {
				"type": "Point",
				"coordinates": [121.3979546,25.15075165]
			}
		},
		{
			"type": "Feature",
			"properties": { "pm_name": "商港三路", "pm_type": "人行道" },
			"geometry": {
				"type": "Point",
				"coordinates": [121.3978745,25.15069128]
			}
		},
		{
			"type": "Feature",
			"properties": { "pm_name": "商港三路", "pm_type": "人行道" },
			"geometry": {
				"type": "Point",
				"coordinates": [121.3977945,25.15063091]
			}
		},
		{
			"type": "Feature",
			"properties": { "pm_name": "商港三路", "pm_type": "人行道" },
			"geometry": {
				"type": "Point",
				"coordinates": [121.3977145,25.15057054]
			}
		},
		{
			"type": "Feature",
			"properties": { "pm_name": "商港三路", "pm_type": "人行道" },
			"geometry": {
				"type": "Point",
				"coordinates": [121.3976344,25.15051017]
			}
		},
		{
			"type": "Feature",
			"properties": { "pm_name": "商港三路", "pm_type": "人行道" },
			"geometry": {
				"type": "Point",
				"coordinates": [121.3975544,25.1504498]
			}
		},
		{
			"type": "Feature",
			"properties": { "pm_name": "商港三路", "pm_type": "人行道" },
			"geometry": {
				"type": "Point",
				"coordinates": [121.3974744,25.15038944]
			}
		},
		{
			"type": "Feature",
			"properties": { "pm_name": "商港三路", "pm_type": "人行道" },
			"geometry": {
				"type": "Point",
				"coordinates": [121.3973943,25.15032907]
			}
		},
		{
			"type": "Feature",
			"properties": { "pm_name": "商港三路", "pm_type": "人行道" },
			"geometry": {
				"type": "Point",
				"coordinates": [121.3973143,25.1502687]
			}
		},
		{
			"type": "Feature",
			"properties": { "pm_name": "商港三路", "pm_type": "人行道" },
			"geometry": {
				"type": "Point",
				"coordinates": [121.3972343,25.15020833]
			}
		},
		{
			"type": "Feature",
			"properties": { "pm_name": "商港三路", "pm_type": "人行道" },
			"geometry": {
				"type": "Point",
				"coordinates": [121.3971542,25.15014796]
			}
		},
		{
			"type": "Feature",
			"properties": { "pm_name": "商港三路", "pm_type": "人行道" },
			"geometry": {
				"type": "Point",
				"coordinates": [121.3970742,25.15008759]
			}
		},
		{
			"type": "Feature",
			"properties": { "pm_name": "商港三路", "pm_type": "人行道" },
			"geometry": {
				"type": "Point",
				"coordinates": [121.3969941,25.15002723]
			}
		},
		{
			"type": "Feature",
			"properties": { "pm_name": "商港三路", "pm_type": "人行道" },
			"geometry": {
				"type": "Point",
				"coordinates": [121.3969141,25.14996686]
			}
		},
		{
			"type": "Feature",
			"properties": { "pm_name": "商港三路", "pm_type": "人行道" },
			"geometry": {
				"type": "Point",
				"coordinates": [121.3968341,25.14990649]
			}
		},
		{
			"type": "Feature",
			"properties": { "pm_name": "商港三路", "pm_type": "人行道" },
			"geometry": {
				"type": "Point",
				"coordinates": [121.396754,25.14984612]
			}
		},
		{
			"type": "Feature",
			"properties": { "pm_name": "商港三路", "pm_type": "人行道" },
			"geometry": {
				"type": "Point",
				"coordinates": [121.396674,25.14978575]
			}
		},
		{
			"type": "Feature",
			"properties": { "pm_name": "商港三路", "pm_type": "人行道" },
			"geometry": {
				"type": "Point",
				"coordinates": [121.396594,25.14972538]
			}
		},
		{
			"type": "Feature",
			"properties": { "pm_name": "商港三路", "pm_type": "人行道" },
			"geometry": {
				"type": "Point",
				"coordinates": [121.3965139,25.14966502]
			}
		},
		{
			"type": "Feature",
			"properties": { "pm_name": "商港三路", "pm_type": "人行道" },
			"geometry": {
				"type": "Point",
				"coordinates": [121.3964339,25.14960465]
			}
		},
		{
			"type": "Feature",
			"properties": { "pm_name": "商港三路", "pm_type": "人行道" },
			"geometry": {
				"type": "Point",
				"coordinates": [121.3963539,25.14954428]
			}
		},
		{
			"type": "Feature",
			"properties": { "pm_name": "商港三路", "pm_type": "人行道" },
			"geometry": {
				"type": "Point",
				"coordinates": [121.3962738,25.14948391]
			}
		},
		{
			"type": "Feature",
			"properties": { "pm_name": "商港三路", "pm_type": "人行道" },
			"geometry": {
				"type": "Point",
				"coordinates": [121.3961937,25.14942354]
			}
		},
		{
			"type": "Feature",
			"properties": { "pm_name": "商港五路", "pm_type": "人行道" },
			"geometry": {
				"type": "Point",
				"coordinates": [121.4014024,25.15592442]
			}
		},
		{
			"type": "Feature",
			"properties": { "pm_name": "商港五路", "pm_type": "人行道" },
			"geometry": {
				"type": "Point",
				"coordinates": [121.4013756,25.1559036]
			}
		},
		{
			"type": "Feature",
			"properties": { "pm_name": "商港五路", "pm_type": "人行道" },
			"geometry": {
				"type": "Point",
				"coordinates": [121.4013489,25.15588278]
			}
		},
		{
			"type": "Feature",
			"properties": { "pm_name": "商港五路", "pm_type": "人行道" },
			"geometry": {
				"type": "Point",
				"coordinates": [121.4013221,25.15586196]
			}
		},
		{
			"type": "Feature",
			"properties": { "pm_name": "商港五路", "pm_type": "人行道" },
			"geometry": {
				"type": "Point",
				"coordinates": [121.4012953,25.15584114]
			}
		},
		{
			"type": "Feature",
			"properties": { "pm_name": "商港五路", "pm_type": "人行道" },
			"geometry": {
				"type": "Point",
				"coordinates": [121.4012685,25.15582032]
			}
		},
		{
			"type": "Feature",
			"properties": { "pm_name": "商港五路", "pm_type": "人行道" },
			"geometry": {
				"type": "Point",
				"coordinates": [121.4012417,25.15579951]
			}
		},
		{
			"type": "Feature",
			"properties": { "pm_name": "商港五路", "pm_type": "人行道" },
			"geometry": {
				"type": "Point",
				"coordinates": [121.401215,25.15577869]
			}
		},
		{
			"type": "Feature",
			"properties": { "pm_name": "商港五路", "pm_type": "人行道" },
			"geometry": {
				"type": "Point",
				"coordinates": [121.4011882,25.15575787]
			}
		},
		{
			"type": "Feature",
			"properties": { "pm_name": "商港五路", "pm_type": "人行道" },
			"geometry": {
				"type": "Point",
				"coordinates": [121.4011614,25.15573705]
			}
		},
		{
			"type": "Feature",
			"properties": { "pm_name": "商港五路", "pm_type": "人行道" },
			"geometry": {
				"type": "Point",
				"coordinates": [121.4011346,25.15571623]
			}
		},
		{
			"type": "Feature",
			"properties": { "pm_name": "商港五路", "pm_type": "人行道" },
			"geometry": {
				"type": "Point",
				"coordinates": [121.4011078,25.15569542]
			}
		},
		{
			"type": "Feature",
			"properties": { "pm_name": "商港五路", "pm_type": "人行道" },
			"geometry": {
				"type": "Point",
				"coordinates": [121.4010811,25.1556746]
			}
		},
		{
			"type": "Feature",
			"properties": { "pm_name": "商港五路", "pm_type": "人行道" },
			"geometry": {
				"type": "Point",
				"coordinates": [121.4010543,25.15565378]
			}
		},
		{
			"type": "Feature",
			"properties": { "pm_name": "商港五路", "pm_type": "人行道" },
			"geometry": {
				"type": "Point",
				"coordinates": [121.4010275,25.15563296]
			}
		},
		{
			"type": "Feature",
			"properties": { "pm_name": "商港五路", "pm_type": "人行道" },
			"geometry": {
				"type": "Point",
				"coordinates": [121.4010007,25.15561214]
			}
		},
		{
			"type": "Feature",
			"properties": { "pm_name": "商港五路", "pm_type": "人行道" },
			"geometry": {
				"type": "Point",
				"coordinates": [121.4009739,25.15559133]
			}
		},
		{
			"type": "Feature",
			"properties": { "pm_name": "商港五路", "pm_type": "人行道" },
			"geometry": {
				"type": "Point",
				"coordinates": [121.4009472,25.15557051]
			}
		},
		{
			"type": "Feature",
			"properties": { "pm_name": "商港五路", "pm_type": "人行道" },
			"geometry": {
				"type": "Point",
				"coordinates": [121.4009204,25.15554969]
			}
		},
		{
			"type": "Feature",
			"properties": { "pm_name": "商港五路", "pm_type": "人行道" },
			"geometry": {
				"type": "Point",
				"coordinates": [121.4008936,25.15552887]
			}
		},
		{
			"type": "Feature",
			"properties": { "pm_name": "商港五路", "pm_type": "人行道" },
			"geometry": {
				"type": "Point",
				"coordinates": [121.4008668,25.15550805]
			}
		},
		{
			"type": "Feature",
			"properties": { "pm_name": "商港五路", "pm_type": "人行道" },
			"geometry": {
				"type": "Point",
				"coordinates": [121.40084,25.15548724]
			}
		},
		{
			"type": "Feature",
			"properties": { "pm_name": "商港五路", "pm_type": "人行道" },
			"geometry": {
				"type": "Point",
				"coordinates": [121.4008133,25.15546642]
			}
		},
		{
			"type": "Feature",
			"properties": { "pm_name": "商港五路", "pm_type": "人行道" },
			"geometry": {
				"type": "Point",
				"coordinates": [121.4007865,25.1554456]
			}
		},
		{
			"type": "Feature",
			"properties": { "pm_name": "商港五路", "pm_type": "人行道" },
			"geometry": {
				"type": "Point",
				"coordinates": [121.4007597,25.15542478]
			}
		},
		{
			"type": "Feature",
			"properties": { "pm_name": "商港五路", "pm_type": "人行道" },
			"geometry": {
				"type": "Point",
				"coordinates": [121.4007329,25.15540396]
			}
		},
		{
			"type": "Feature",
			"properties": { "pm_name": "商港五路", "pm_type": "人行道" },
			"geometry": {
				"type": "Point",
				"coordinates": [121.4007061,25.15538315]
			}
		},
		{
			"type": "Feature",
			"properties": { "pm_name": "商港五路", "pm_type": "人行道" },
			"geometry": {
				"type": "Point",
				"coordinates": [121.4006794,25.15536233]
			}
		},
		{
			"type": "Feature",
			"properties": { "pm_name": "商港五路", "pm_type": "人行道" },
			"geometry": {
				"type": "Point",
				"coordinates": [121.4006526,25.15534151]
			}
		},
		{
			"type": "Feature",
			"properties": { "pm_name": "商港五路", "pm_type": "人行道" },
			"geometry": {
				"type": "Point",
				"coordinates": [121.4006258,25.15532069]
			}
		},
		{
			"type": "Feature",
			"properties": { "pm_name": "商港五路", "pm_type": "人行道" },
			"geometry": {
				"type": "Point",
				"coordinates": [121.400599,25.15529987]
			}
		},
		{
			"type": "Feature",
			"properties": { "pm_name": "商港五路", "pm_type": "人行道" },
			"geometry": {
				"type": "Point",
				"coordinates": [121.4005722,25.15527906]
			}
		},
		{
			"type": "Feature",
			"properties": { "pm_name": "商港五路", "pm_type": "人行道" },
			"geometry": {
				"type": "Point",
				"coordinates": [121.4005455,25.15525824]
			}
		},
		{
			"type": "Feature",
			"properties": { "pm_name": "商港五路", "pm_type": "人行道" },
			"geometry": {
				"type": "Point",
				"coordinates": [121.4005187,25.15523742]
			}
		},
		{
			"type": "Feature",
			"properties": { "pm_name": "商港五路", "pm_type": "人行道" },
			"geometry": {
				"type": "Point",
				"coordinates": [121.4004919,25.1552166]
			}
		},
		{
			"type": "Feature",
			"properties": { "pm_name": "商港五路", "pm_type": "人行道" },
			"geometry": {
				"type": "Point",
				"coordinates": [121.4004651,25.15519578]
			}
		},
		{
			"type": "Feature",
			"properties": { "pm_name": "商港五路", "pm_type": "人行道" },
			"geometry": {
				"type": "Point",
				"coordinates": [121.4004383,25.15517497]
			}
		},
		{
			"type": "Feature",
			"properties": { "pm_name": "商港五路", "pm_type": "人行道" },
			"geometry": {
				"type": "Point",
				"coordinates": [121.4004116,25.15515415]
			}
		},
		{
			"type": "Feature",
			"properties": { "pm_name": "商港五路", "pm_type": "人行道" },
			"geometry": {
				"type": "Point",
				"coordinates": [121.4003848,25.15513333]
			}
		},
		{
			"type": "Feature",
			"properties": { "pm_name": "商港五路", "pm_type": "人行道" },
			"geometry": {
				"type": "Point",
				"coordinates": [121.400358,25.15511251]
			}
		},
		{
			"type": "Feature",
			"properties": { "pm_name": "商港五路", "pm_type": "人行道" },
			"geometry": {
				"type": "Point",
				"coordinates": [121.4003312,25.15509169]
			}
		},
		{
			"type": "Feature",
			"properties": { "pm_name": "商港五路", "pm_type": "人行道" },
			"geometry": {
				"type": "Point",
				"coordinates": [121.4003045,25.15507088]
			}
		},
		{
			"type": "Feature",
			"properties": { "pm_name": "商港五路", "pm_type": "人行道" },
			"geometry": {
				"type": "Point",
				"coordinates": [121.4002777,25.15505006]
			}
		},
		{
			"type": "Feature",
			"properties": { "pm_name": "商港五路", "pm_type": "人行道" },
			"geometry": {
				"type": "Point",
				"coordinates": [121.4002509,25.15502924]
			}
		},
		{
			"type": "Feature",
			"properties": { "pm_name": "商港五路", "pm_type": "人行道" },
			"geometry": {
				"type": "Point",
				"coordinates": [121.4002241,25.15500842]
			}
		},
		{
			"type": "Feature",
			"properties": { "pm_name": "商港五路", "pm_type": "人行道" },
			"geometry": {
				"type": "Point",
				"coordinates": [121.4001973,25.1549876]
			}
		},
		{
			"type": "Feature",
			"properties": { "pm_name": "商港五路", "pm_type": "人行道" },
			"geometry": {
				"type": "Point",
				"coordinates": [121.4001706,25.15496678]
			}
		},
		{
			"type": "Feature",
			"properties": { "pm_name": "商港五路", "pm_type": "人行道" },
			"geometry": {
				"type": "Point",
				"coordinates": [121.4001438,25.15494597]
			}
		},
		{
			"type": "Feature",
			"properties": { "pm_name": "商港五路", "pm_type": "人行道" },
			"geometry": {
				"type": "Point",
				"coordinates": [121.400117,25.15492515]
			}
		},
		{
			"type": "Feature",
			"properties": { "pm_name": "商港五路", "pm_type": "人行道" },
			"geometry": {
				"type": "Point",
				"coordinates": [121.4000902,25.15490433]
			}
		},
		{
			"type": "Feature",
			"properties": { "pm_name": "商港五路", "pm_type": "人行道" },
			"geometry": {
				"type": "Point",
				"coordinates": [121.4000634,25.15488351]
			}
		},
		{
			"type": "Feature",
			"properties": { "pm_name": "商港五路", "pm_type": "人行道" },
			"geometry": {
				"type": "Point",
				"coordinates": [121.4000367,25.15486269]
			}
		},
		{
			"type": "Feature",
			"properties": { "pm_name": "商港五路", "pm_type": "人行道" },
			"geometry": {
				"type": "Point",
				"coordinates": [121.4000099,25.15484188]
			}
		},
		{
			"type": "Feature",
			"properties": { "pm_name": "商港五路", "pm_type": "人行道" },
			"geometry": {
				"type": "Point",
				"coordinates": [121.3999831,25.15482106]
			}
		},
		{
			"type": "Feature",
			"properties": { "pm_name": "商港五路", "pm_type": "人行道" },
			"geometry": {
				"type": "Point",
				"coordinates": [121.3999563,25.15480024]
			}
		},
		{
			"type": "Feature",
			"properties": { "pm_name": "商港五路", "pm_type": "人行道" },
			"geometry": {
				"type": "Point",
				"coordinates": [121.3999295,25.15477942]
			}
		},
		{
			"type": "Feature",
			"properties": { "pm_name": "商港五路", "pm_type": "人行道" },
			"geometry": {
				"type": "Point",
				"coordinates": [121.3999028,25.1547586]
			}
		},
		{
			"type": "Feature",
			"properties": { "pm_name": "商港五路", "pm_type": "人行道" },
			"geometry": {
				"type": "Point",
				"coordinates": [121.399876,25.15473779]
			}
		},
		{
			"type": "Feature",
			"properties": { "pm_name": "商港五路", "pm_type": "人行道" },
			"geometry": {
				"type": "Point",
				"coordinates": [121.3998492,25.15471697]
			}
		},
		{
			"type": "Feature",
			"properties": { "pm_name": "商港五路", "pm_type": "人行道" },
			"geometry": {
				"type": "Point",
				"coordinates": [121.3998224,25.15469615]
			}
		},
		{
			"type": "Feature",
			"properties": { "pm_name": "商港五路", "pm_type": "人行道" },
			"geometry": {
				"type": "Point",
				"coordinates": [121.3997956,25.15467533]
			}
		},
		{
			"type": "Feature",
			"properties": { "pm_name": "商港五路", "pm_type": "人行道" },
			"geometry": {
				"type": "Point",
				"coordinates": [121.3997689,25.15465451]
			}
		},
		{
			"type": "Feature",
			"properties": { "pm_name": "商港五路", "pm_type": "人行道" },
			"geometry": {
				"type": "Point",
				"coordinates": [121.3997421,25.1546337]
			}
		},
		{
			"type": "Feature",
			"properties": { "pm_name": "商港五路", "pm_type": "人行道" },
			"geometry": {
				"type": "Point",
				"coordinates": [121.3997153,25.15461288]
			}
		},
		{
			"type": "Feature",
			"properties": { "pm_name": "商港五路", "pm_type": "人行道" },
			"geometry": {
				"type": "Point",
				"coordinates": [121.3996885,25.15459206]
			}
		},
		{
			"type": "Feature",
			"properties": { "pm_name": "商港五路", "pm_type": "人行道" },
			"geometry": {
				"type": "Point",
				"coordinates": [121.3996617,25.15457124]
			}
		},
		{
			"type": "Feature",
			"properties": { "pm_name": "商港五路", "pm_type": "人行道" },
			"geometry": {
				"type": "Point",
				"coordinates": [121.399635,25.15455042]
			}
		},
		{
			"type": "Feature",
			"properties": { "pm_name": "商港五路", "pm_type": "人行道" },
			"geometry": {
				"type": "Point",
				"coordinates": [121.3996082,25.15452961]
			}
		},
		{
			"type": "Feature",
			"properties": { "pm_name": "商港五路", "pm_type": "人行道" },
			"geometry": {
				"type": "Point",
				"coordinates": [121.3995546,25.15450879]
			}
		},
		{
			"type": "Feature",
			"properties": { "pm_name": "商港五路", "pm_type": "人行道" },
			"geometry": {
				"type": "Point",
				"coordinates": [121.3995278,25.15448797]
			}
		},
		{
			"type": "Feature",
			"properties": { "pm_name": "商港五路", "pm_type": "人行道" },
			"geometry": {
				"type": "Point",
				"coordinates": [121.3995011,25.15446715]
			}
		},
		{
			"type": "Feature",
			"properties": { "pm_name": "商港五路", "pm_type": "人行道" },
			"geometry": {
				"type": "Point",
				"coordinates": [121.3994743,25.15444633]
			}
		},
		{
			"type": "Feature",
			"properties": { "pm_name": "商港五路", "pm_type": "人行道" },
			"geometry": {
				"type": "Point",
				"coordinates": [121.3994475,25.15442552]
			}
		},
		{
			"type": "Feature",
			"properties": { "pm_name": "商港五路", "pm_type": "人行道" },
			"geometry": {
				"type": "Point",
				"coordinates": [121.3994207,25.1544047]
			}
		},
		{
			"type": "Feature",
			"properties": { "pm_name": "商港五路", "pm_type": "人行道" },
			"geometry": {
				"type": "Point",
				"coordinates": [121.399394,25.15438388]
			}
		},
		{
			"type": "Feature",
			"properties": { "pm_name": "商港五路", "pm_type": "人行道" },
			"geometry": {
				"type": "Point",
				"coordinates": [121.3993672,25.15436306]
			}
		},
		{
			"type": "Feature",
			"properties": { "pm_name": "商港五路", "pm_type": "人行道" },
			"geometry": {
				"type": "Point",
				"coordinates": [121.3993404,25.15434224]
			}
		},
		{
			"type": "Feature",
			"properties": { "pm_name": "商港五路", "pm_type": "人行道" },
			"geometry": {
				"type": "Point",
				"coordinates": [121.3993136,25.15432143]
			}
		},
		{
			"type": "Feature",
			"properties": { "pm_name": "商港五路", "pm_type": "人行道" },
			"geometry": {
				"type": "Point",
				"coordinates": [121.3992868,25.15430061]
			}
		},
		{
			"type": "Feature",
			"properties": { "pm_name": "商港五路", "pm_type": "人行道" },
			"geometry": {
				"type": "Point",
				"coordinates": [121.3992601,25.15427979]
			}
		},
		{
			"type": "Feature",
			"properties": { "pm_name": "商港五路", "pm_type": "人行道" },
			"geometry": {
				"type": "Point",
				"coordinates": [121.3992333,25.15425897]
			}
		},
		{
			"type": "Feature",
			"properties": { "pm_name": "商港五路", "pm_type": "人行道" },
			"geometry": {
				"type": "Point",
				"coordinates": [121.3992065,25.15423815]
			}
		},
		{
			"type": "Feature",
			"properties": { "pm_name": "商港五路", "pm_type": "人行道" },
			"geometry": {
				"type": "Point",
				"coordinates": [121.3991797,25.15421734]
			}
		},
		{
			"type": "Feature",
			"properties": { "pm_name": "商港五路", "pm_type": "人行道" },
			"geometry": {
				"type": "Point",
				"coordinates": [121.3991529,25.15419652]
			}
		},
		{
			"type": "Feature",
			"properties": { "pm_name": "商港五路", "pm_type": "人行道" },
			"geometry": {
				"type": "Point",
				"coordinates": [121.3991262,25.1541757]
			}
		},
		{
			"type": "Feature",
			"properties": { "pm_name": "商港五路", "pm_type": "人行道" },
			"geometry": {
				"type": "Point",
				"coordinates": [121.3990994,25.15415488]
			}
		},
		{
			"type": "Feature",
			"properties": { "pm_name": "商港五路", "pm_type": "人行道" },
			"geometry": {
				"type": "Point",
				"coordinates": [121.3990726,25.15413406]
			}
		},
		{
			"type": "Feature",
			"properties": { "pm_name": "商港五路", "pm_type": "人行道" },
			"geometry": {
				"type": "Point",
				"coordinates": [121.3990458,25.15411324]
			}
		},
		{
			"type": "Feature",
			"properties": { "pm_name": "商港五路", "pm_type": "人行道" },
			"geometry": {
				"type": "Point",
				"coordinates": [121.399019,25.15409243]
			}
		},
		{
			"type": "Feature",
			"properties": { "pm_name": "商港五路", "pm_type": "人行道" },
			"geometry": {
				"type": "Point",
				"coordinates": [121.3989923,25.15407161]
			}
		},
		{
			"type": "Feature",
			"properties": { "pm_name": "商港五路", "pm_type": "人行道" },
			"geometry": {
				"type": "Point",
				"coordinates": [121.3989655,25.15405079]
			}
		},
		{
			"type": "Feature",
			"properties": { "pm_name": "商港五路", "pm_type": "人行道" },
			"geometry": {
				"type": "Point",
				"coordinates": [121.3989387,25.15402997]
			}
		},
		{
			"type": "Feature",
			"properties": { "pm_name": "商港五路", "pm_type": "人行道" },
			"geometry": {
				"type": "Point",
				"coordinates": [121.3989119,25.15400915]
			}
		},
		{
			"type": "Feature",
			"properties": { "pm_name": "商港五路", "pm_type": "人行道" },
			"geometry": {
				"type": "Point",
				"coordinates": [121.3988851,25.15398834]
			}
		},
		{
			"type": "Feature",
			"properties": { "pm_name": "商港五路", "pm_type": "人行道" },
			"geometry": {
				"type": "Point",
				"coordinates": [121.3988584,25.15396752]
			}
		},
		{
			"type": "Feature",
			"properties": { "pm_name": "商港五路", "pm_type": "人行道" },
			"geometry": {
				"type": "Point",
				"coordinates": [121.3988316,25.1539467]
			}
		},
		{
			"type": "Feature",
			"properties": { "pm_name": "商港五路", "pm_type": "人行道" },
			"geometry": {
				"type": "Point",
				"coordinates": [121.3988048,25.15392588]
			}
		},
		{
			"type": "Feature",
			"properties": { "pm_name": "商港五路", "pm_type": "人行道" },
			"geometry": {
				"type": "Point",
				"coordinates": [121.398778,25.15390506]
			}
		},
		{
			"type": "Feature",
			"properties": { "pm_name": "商港五路", "pm_type": "人行道" },
			"geometry": {
				"type": "Point",
				"coordinates": [121.3987512,25.15388425]
			}
		},
		{
			"type": "Feature",
			"properties": { "pm_name": "商港五路", "pm_type": "人行道" },
			"geometry": {
				"type": "Point",
				"coordinates": [121.3987245,25.15386343]
			}
		},
		{
			"type": "Feature",
			"properties": { "pm_name": "商港五路", "pm_type": "人行道" },
			"geometry": {
				"type": "Point",
				"coordinates": [121.3986977,25.15384261]
			}
		},
		{
			"type": "Feature",
			"properties": { "pm_name": "商港五路", "pm_type": "人行道" },
			"geometry": {
				"type": "Point",
				"coordinates": [121.3986709,25.15382179]
			}
		},
		{
			"type": "Feature",
			"properties": { "pm_name": "商港五路", "pm_type": "人行道" },
			"geometry": {
				"type": "Point",
				"coordinates": [121.3986441,25.15380097]
			}
		},
		{
			"type": "Feature",
			"properties": { "pm_name": "商港五路", "pm_type": "人行道" },
			"geometry": {
				"type": "Point",
				"coordinates": [121.3986173,25.15378016]
			}
		},
		{
			"type": "Feature",
			"properties": { "pm_name": "商港五路", "pm_type": "人行道" },
			"geometry": {
				"type": "Point",
				"coordinates": [121.3985906,25.15375934]
			}
		},
		{
			"type": "Feature",
			"properties": { "pm_name": "商港五路", "pm_type": "人行道" },
			"geometry": {
				"type": "Point",
				"coordinates": [121.3985638,25.15373852]
			}
		},
		{
			"type": "Feature",
			"properties": { "pm_name": "商港五路", "pm_type": "人行道" },
			"geometry": {
				"type": "Point",
				"coordinates": [121.398537,25.1537177]
			}
		},
		{
			"type": "Feature",
			"properties": { "pm_name": "商港五路", "pm_type": "人行道" },
			"geometry": {
				"type": "Point",
				"coordinates": [121.3985102,25.15369688]
			}
		},
		{
			"type": "Feature",
			"properties": { "pm_name": "商港五路", "pm_type": "人行道" },
			"geometry": {
				"type": "Point",
				"coordinates": [121.3984834,25.15367607]
			}
		},
		{
			"type": "Feature",
			"properties": { "pm_name": "商港五路", "pm_type": "人行道" },
			"geometry": {
				"type": "Point",
				"coordinates": [121.3984567,25.15365525]
			}
		},
		{
			"type": "Feature",
			"properties": { "pm_name": "商港五路", "pm_type": "人行道" },
			"geometry": {
				"type": "Point",
				"coordinates": [121.3984299,25.15363443]
			}
		},
		{
			"type": "Feature",
			"properties": { "pm_name": "商港五路", "pm_type": "人行道" },
			"geometry": {
				"type": "Point",
				"coordinates": [121.3984031,25.15361361]
			}
		},
		{
			"type": "Feature",
			"properties": { "pm_name": "商港五路", "pm_type": "人行道" },
			"geometry": {
				"type": "Point",
				"coordinates": [121.3983763,25.15359279]
			}
		},
		{
			"type": "Feature",
			"properties": { "pm_name": "商港五路", "pm_type": "人行道" },
			"geometry": {
				"type": "Point",
				"coordinates": [121.3983496,25.15357198]
			}
		},
		{
			"type": "Feature",
			"properties": { "pm_name": "商港五路", "pm_type": "人行道" },
			"geometry": {
				"type": "Point",
				"coordinates": [121.3983228,25.15355116]
			}
		},
		{
			"type": "Feature",
			"properties": { "pm_name": "商港五路", "pm_type": "人行道" },
			"geometry": {
				"type": "Point",
				"coordinates": [121.398296,25.15353034]
			}
		},
		{
			"type": "Feature",
			"properties": { "pm_name": "商港五路", "pm_type": "人行道" },
			"geometry": {
				"type": "Point",
				"coordinates": [121.3982692,25.15350952]
			}
		},
		{
			"type": "Feature",
			"properties": { "pm_name": "商港五路", "pm_type": "人行道" },
			"geometry": {
				"type": "Point",
				"coordinates": [121.3982424,25.1534887]
			}
		},
		{
			"type": "Feature",
			"properties": { "pm_name": "商港五路", "pm_type": "人行道" },
			"geometry": {
				"type": "Point",
				"coordinates": [121.3982157,25.15346789]
			}
		},
		{
			"type": "Feature",
			"properties": { "pm_name": "商港五路", "pm_type": "人行道" },
			"geometry": {
				"type": "Point",
				"coordinates": [121.3981889,25.15344707]
			}
		},
		{
			"type": "Feature",
			"properties": { "pm_name": "商港五路", "pm_type": "人行道" },
			"geometry": {
				"type": "Point",
				"coordinates": [121.3981621,25.15342625]
			}
		},
		{
			"type": "Feature",
			"properties": { "pm_name": "商港五路", "pm_type": "人行道" },
			"geometry": {
				"type": "Point",
				"coordinates": [121.3981353,25.15340543]
			}
		},
		{
			"type": "Feature",
			"properties": { "pm_name": "商港五路", "pm_type": "人行道" },
			"geometry": {
				"type": "Point",
				"coordinates": [121.3981085,25.15338461]
			}
		},
		{
			"type": "Feature",
			"properties": { "pm_name": "商港五路", "pm_type": "人行道" },
			"geometry": {
				"type": "Point",
				"coordinates": [121.3980818,25.1533638]
			}
		},
		{
			"type": "Feature",
			"properties": { "pm_name": "商港五路", "pm_type": "人行道" },
			"geometry": {
				"type": "Point",
				"coordinates": [121.398055,25.15334298]
			}
		},
		{
			"type": "Feature",
			"properties": { "pm_name": "商港五路", "pm_type": "人行道" },
			"geometry": {
				"type": "Point",
				"coordinates": [121.3980282,25.15332216]
			}
		},
		{
			"type": "Feature",
			"properties": { "pm_name": "商港五路", "pm_type": "人行道" },
			"geometry": {
				"type": "Point",
				"coordinates": [121.3980014,25.15330134]
			}
		},
		{
			"type": "Feature",
			"properties": { "pm_name": "商港五路", "pm_type": "人行道" },
			"geometry": {
				"type": "Point",
				"coordinates": [121.3979746,25.15328052]
			}
		},
		{
			"type": "Feature",
			"properties": { "pm_name": "商港五路", "pm_type": "人行道" },
			"geometry": {
				"type": "Point",
				"coordinates": [121.3979479,25.1532597]
			}
		},
		{
			"type": "Feature",
			"properties": { "pm_name": "商港五路", "pm_type": "人行道" },
			"geometry": {
				"type": "Point",
				"coordinates": [121.3979211,25.15323889]
			}
		},
		{
			"type": "Feature",
			"properties": { "pm_name": "商港五路", "pm_type": "人行道" },
			"geometry": {
				"type": "Point",
				"coordinates": [121.3978943,25.15321807]
			}
		},
		{
			"type": "Feature",
			"properties": { "pm_name": "商港五路", "pm_type": "人行道" },
			"geometry": {
				"type": "Point",
				"coordinates": [121.3978675,25.15319725]
			}
		},
		{
			"type": "Feature",
			"properties": { "pm_name": "商港五路", "pm_type": "人行道" },
			"geometry": {
				"type": "Point",
				"coordinates": [121.3978407,25.15317643]
			}
		},
		{
			"type": "Feature",
			"properties": { "pm_name": "商港五路", "pm_type": "人行道" },
			"geometry": {
				"type": "Point",
				"coordinates": [121.397814,25.15315561]
			}
		},
		{
			"type": "Feature",
			"properties": { "pm_name": "商港五路", "pm_type": "人行道" },
			"geometry": {
				"type": "Point",
				"coordinates": [121.3977872,25.1531348]
			}
		},
		{
			"type": "Feature",
			"properties": { "pm_name": "商港五路", "pm_type": "人行道" },
			"geometry": {
				"type": "Point",
				"coordinates": [121.3977604,25.15311398]
			}
		},
		{
			"type": "Feature",
			"properties": { "pm_name": "商港五路", "pm_type": "人行道" },
			"geometry": {
				"type": "Point",
				"coordinates": [121.3977336,25.15309316]
			}
		},
		{
			"type": "Feature",
			"properties": { "pm_name": "商港五路", "pm_type": "人行道" },
			"geometry": {
				"type": "Point",
				"coordinates": [121.3977068,25.15307234]
			}
		},
		{
			"type": "Feature",
			"properties": { "pm_name": "商港五路", "pm_type": "人行道" },
			"geometry": {
				"type": "Point",
				"coordinates": [121.3976801,25.15305152]
			}
		},
		{
			"type": "Feature",
			"properties": { "pm_name": "商港五路", "pm_type": "人行道" },
			"geometry": {
				"type": "Point",
				"coordinates": [121.3976533,25.15303071]
			}
		},
		{
			"type": "Feature",
			"properties": { "pm_name": "商港五路", "pm_type": "人行道" },
			"geometry": {
				"type": "Point",
				"coordinates": [121.3976265,25.15300989]
			}
		},
		{
			"type": "Feature",
			"properties": { "pm_name": "商港五路", "pm_type": "人行道" },
			"geometry": {
				"type": "Point",
				"coordinates": [121.3975997,25.15298907]
			}
		},
		{
			"type": "Feature",
			"properties": { "pm_name": "商港五路", "pm_type": "人行道" },
			"geometry": {
				"type": "Point",
				"coordinates": [121.3975729,25.15296825]
			}
		},
		{
			"type": "Feature",
			"properties": { "pm_name": "商港五路", "pm_type": "人行道" },
			"geometry": {
				"type": "Point",
				"coordinates": [121.3975462,25.15294743]
			}
		},
		{
			"type": "Feature",
			"properties": { "pm_name": "商港五路", "pm_type": "人行道" },
			"geometry": {
				"type": "Point",
				"coordinates": [121.3975194,25.15292662]
			}
		},
		{
			"type": "Feature",
			"properties": { "pm_name": "商港五路", "pm_type": "人行道" },
			"geometry": {
				"type": "Point",
				"coordinates": [121.3974926,25.1529058]
			}
		},
		{
			"type": "Feature",
			"properties": { "pm_name": "商港五路", "pm_type": "人行道" },
			"geometry": {
				"type": "Point",
				"coordinates": [121.3974658,25.15288498]
			}
		},
		{
			"type": "Feature",
			"properties": { "pm_name": "商港五路", "pm_type": "人行道" },
			"geometry": {
				"type": "Point",
				"coordinates": [121.3974391,25.15286416]
			}
		},
		{
			"type": "Feature",
			"properties": { "pm_name": "商港五路", "pm_type": "人行道" },
			"geometry": {
				"type": "Point",
				"coordinates": [121.3974123,25.15284334]
			}
		},
		{
			"type": "Feature",
			"properties": { "pm_name": "商港五路", "pm_type": "人行道" },
			"geometry": {
				"type": "Point",
				"coordinates": [121.3973855,25.15282253]
			}
		},
		{
			"type": "Feature",
			"properties": { "pm_name": "商港五路", "pm_type": "人行道" },
			"geometry": {
				"type": "Point",
				"coordinates": [121.3973587,25.15280171]
			}
		},
		{
			"type": "Feature",
			"properties": { "pm_name": "商港五路", "pm_type": "人行道" },
			"geometry": {
				"type": "Point",
				"coordinates": [121.3973319,25.15278089]
			}
		},
		{
			"type": "Feature",
			"properties": { "pm_name": "商港五路", "pm_type": "人行道" },
			"geometry": {
				"type": "Point",
				"coordinates": [121.3973052,25.15276007]
			}
		},
		{
			"type": "Feature",
			"properties": { "pm_name": "商港五路", "pm_type": "人行道" },
			"geometry": {
				"type": "Point",
				"coordinates": [121.3972784,25.15273925]
			}
		},
		{
			"type": "Feature",
			"properties": { "pm_name": "商港五路", "pm_type": "人行道" },
			"geometry": {
				"type": "Point",
				"coordinates": [121.3972516,25.15271844]
			}
		},
		{
			"type": "Feature",
			"properties": { "pm_name": "商港五路", "pm_type": "人行道" },
			"geometry": {
				"type": "Point",
				"coordinates": [121.3972248,25.15269762]
			}
		},
		{
			"type": "Feature",
			"properties": { "pm_name": "商港五路", "pm_type": "人行道" },
			"geometry": {
				"type": "Point",
				"coordinates": [121.397198,25.1526768]
			}
		},
		{
			"type": "Feature",
			"properties": { "pm_name": "商港五路", "pm_type": "人行道" },
			"geometry": {
				"type": "Point",
				"coordinates": [121.3971713,25.15265598]
			}
		},
		{
			"type": "Feature",
			"properties": { "pm_name": "商港五路", "pm_type": "人行道" },
			"geometry": {
				"type": "Point",
				"coordinates": [121.3971445,25.15263516]
			}
		},
		{
			"type": "Feature",
			"properties": { "pm_name": "商港五路", "pm_type": "人行道" },
			"geometry": {
				"type": "Point",
				"coordinates": [121.3971177,25.15261435]
			}
		},
		{
			"type": "Feature",
			"properties": { "pm_name": "商港五路", "pm_type": "人行道" },
			"geometry": {
				"type": "Point",
				"coordinates": [121.3970909,25.15259353]
			}
		},
		{
			"type": "Feature",
			"properties": { "pm_name": "商港五路", "pm_type": "人行道" },
			"geometry": {
				"type": "Point",
				"coordinates": [121.3970641,25.15257271]
			}
		},
		{
			"type": "Feature",
			"properties": { "pm_name": "商港五路", "pm_type": "人行道" },
			"geometry": {
				"type": "Point",
				"coordinates": [121.3970374,25.15255189]
			}
		},
		{
			"type": "Feature",
			"properties": { "pm_name": "商港五路", "pm_type": "人行道" },
			"geometry": {
				"type": "Point",
				"coordinates": [121.3970106,25.15253107]
			}
		},
		{
			"type": "Feature",
			"properties": { "pm_name": "商港五路", "pm_type": "人行道" },
			"geometry": {
				"type": "Point",
				"coordinates": [121.3969838,25.15251025]
			}
		},
		{
			"type": "Feature",
			"properties": { "pm_name": "商港五路", "pm_type": "人行道" },
			"geometry": {
				"type": "Point",
				"coordinates": [121.396957,25.15248944]
			}
		},
		{
			"type": "Feature",
			"properties": { "pm_name": "商港五路", "pm_type": "人行道" },
			"geometry": {
				"type": "Point",
				"coordinates": [121.3969302,25.15246862]
			}
		},
		{
			"type": "Feature",
			"properties": { "pm_name": "商港五路", "pm_type": "人行道" },
			"geometry": {
				"type": "Point",
				"coordinates": [121.3969035,25.1524478]
			}
		},
		{
			"type": "Feature",
			"properties": { "pm_name": "商港五路", "pm_type": "人行道" },
			"geometry": {
				"type": "Point",
				"coordinates": [121.3968767,25.15242698]
			}
		},
		{
			"type": "Feature",
			"properties": { "pm_name": "商港五路", "pm_type": "人行道" },
			"geometry": {
				"type": "Point",
				"coordinates": [121.3968499,25.15240616]
			}
		},
		{
			"type": "Feature",
			"properties": { "pm_name": "商港五路", "pm_type": "人行道" },
			"geometry": {
				"type": "Point",
				"coordinates": [121.3968231,25.15238535]
			}
		},
		{
			"type": "Feature",
			"properties": { "pm_name": "商港五路", "pm_type": "人行道" },
			"geometry": {
				"type": "Point",
				"coordinates": [121.3967963,25.15236453]
			}
		},
		{
			"type": "Feature",
			"properties": { "pm_name": "商港五路", "pm_type": "人行道" },
			"geometry": {
				"type": "Point",
				"coordinates": [121.3967696,25.15234371]
			}
		},
		{
			"type": "Feature",
			"properties": { "pm_name": "商港五路", "pm_type": "人行道" },
			"geometry": {
				"type": "Point",
				"coordinates": [121.3967428,25.15232289]
			}
		},
		{
			"type": "Feature",
			"properties": { "pm_name": "商港五路", "pm_type": "人行道" },
			"geometry": {
				"type": "Point",
				"coordinates": [121.396716,25.15230207]
			}
		},
		{
			"type": "Feature",
			"properties": { "pm_name": "商港五路", "pm_type": "人行道" },
			"geometry": {
				"type": "Point",
				"coordinates": [121.3966892,25.15228126]
			}
		},
		{
			"type": "Feature",
			"properties": { "pm_name": "商港五路", "pm_type": "人行道" },
			"geometry": {
				"type": "Point",
				"coordinates": [121.3966624,25.15226044]
			}
		},
		{
			"type": "Feature",
			"properties": { "pm_name": "商港五路", "pm_type": "人行道" },
			"geometry": {
				"type": "Point",
				"coordinates": [121.3966357,25.15223962]
			}
		},
		{
			"type": "Feature",
			"properties": { "pm_name": "商港五路", "pm_type": "人行道" },
			"geometry": {
				"type": "Point",
				"coordinates": [121.3966089,25.1522188]
			}
		},
		{
			"type": "Feature",
			"properties": { "pm_name": "商港五路", "pm_type": "人行道" },
			"geometry": {
				"type": "Point",
				"coordinates": [121.3965821,25.15219798]
			}
		},
		{
			"type": "Feature",
			"properties": { "pm_name": "商港五路", "pm_type": "人行道" },
			"geometry": {
				"type": "Point",
				"coordinates": [121.3965553,25.15217717]
			}
		},
		{
			"type": "Feature",
			"properties": { "pm_name": "商港五路", "pm_type": "人行道" },
			"geometry": {
				"type": "Point",
				"coordinates": [121.3965285,25.15215635]
			}
		},
		{
			"type": "Feature",
			"properties": { "pm_name": "商港五路", "pm_type": "人行道" },
			"geometry": {
				"type": "Point",
				"coordinates": [121.3965018,25.15213553]
			}
		},
		{
			"type": "Feature",
			"properties": { "pm_name": "商港五路", "pm_type": "人行道" },
			"geometry": {
				"type": "Point",
				"coordinates": [121.396475,25.15211471]
			}
		},
		{
			"type": "Feature",
			"properties": { "pm_name": "商港五路", "pm_type": "人行道" },
			"geometry": {
				"type": "Point",
				"coordinates": [121.3964482,25.15209389]
			}
		},
		{
			"type": "Feature",
			"properties": { "pm_name": "商港五路", "pm_type": "人行道" },
			"geometry": {
				"type": "Point",
				"coordinates": [121.3964214,25.15207308]
			}
		},
		{
			"type": "Feature",
			"properties": { "pm_name": "商港五路", "pm_type": "人行道" },
			"geometry": {
				"type": "Point",
				"coordinates": [121.3963947,25.15205226]
			}
		},
		{
			"type": "Feature",
			"properties": { "pm_name": "商港五路", "pm_type": "人行道" },
			"geometry": {
				"type": "Point",
				"coordinates": [121.3963679,25.15203144]
			}
		},
		{
			"type": "Feature",
			"properties": { "pm_name": "商港五路", "pm_type": "人行道" },
			"geometry": {
				"type": "Point",
				"coordinates": [121.3963411,25.15201062]
			}
		},
		{
			"type": "Feature",
			"properties": { "pm_name": "商港五路", "pm_type": "人行道" },
			"geometry": {
				"type": "Point",
				"coordinates": [121.3963143,25.1519898]
			}
		},
		{
			"type": "Feature",
			"properties": { "pm_name": "商港五路", "pm_type": "人行道" },
			"geometry": {
				"type": "Point",
				"coordinates": [121.3962875,25.15196899]
			}
		},
		{
			"type": "Feature",
			"properties": { "pm_name": "商港五路", "pm_type": "人行道" },
			"geometry": {
				"type": "Point",
				"coordinates": [121.3962608,25.15194817]
			}
		},
		{
			"type": "Feature",
			"properties": { "pm_name": "商港五路", "pm_type": "人行道" },
			"geometry": {
				"type": "Point",
				"coordinates": [121.396234,25.15192735]
			}
		},
		{
			"type": "Feature",
			"properties": { "pm_name": "商港五路", "pm_type": "人行道" },
			"geometry": {
				"type": "Point",
				"coordinates": [121.3962072,25.15190653]
			}
		},
		{
			"type": "Feature",
			"properties": { "pm_name": "商港五路", "pm_type": "人行道" },
			"geometry": {
				"type": "Point",
				"coordinates": [121.3961804,25.15188571]
			}
		},
		{
			"type": "Feature",
			"properties": { "pm_name": "商港五路", "pm_type": "人行道" },
			"geometry": {
				"type": "Point",
				"coordinates": [121.3961536,25.1518649]
			}
		},
		{
			"type": "Feature",
			"properties": { "pm_name": "商港五路", "pm_type": "人行道" },
			"geometry": {
				"type": "Point",
				"coordinates": [121.3961269,25.15184408]
			}
		},
		{
			"type": "Feature",
			"properties": { "pm_name": "商港五路", "pm_type": "人行道" },
			"geometry": {
				"type": "Point",
				"coordinates": [121.3961001,25.15182326]
			}
		},
		{
			"type": "Feature",
			"properties": { "pm_name": "商港五路", "pm_type": "人行道" },
			"geometry": {
				"type": "Point",
				"coordinates": [121.3960733,25.15180244]
			}
		},
		{
			"type": "Feature",
			"properties": { "pm_name": "商港五路", "pm_type": "人行道" },
			"geometry": {
				"type": "Point",
				"coordinates": [121.3960465,25.15178162]
			}
		},
		{
			"type": "Feature",
			"properties": { "pm_name": "商港五路", "pm_type": "人行道" },
			"geometry": {
				"type": "Point",
				"coordinates": [121.3960197,25.15176081]
			}
		},
		{
			"type": "Feature",
			"properties": { "pm_name": "商港五路", "pm_type": "人行道" },
			"geometry": {
				"type": "Point",
				"coordinates": [121.395993,25.15173999]
			}
		},
		{
			"type": "Feature",
			"properties": { "pm_name": "商港五路", "pm_type": "人行道" },
			"geometry": {
				"type": "Point",
				"coordinates": [121.3959662,25.15171917]
			}
		},
		{
			"type": "Feature",
			"properties": { "pm_name": "商港五路", "pm_type": "人行道" },
			"geometry": {
				"type": "Point",
				"coordinates": [121.3959394,25.15169835]
			}
		},
		{
			"type": "Feature",
			"properties": { "pm_name": "商港五路", "pm_type": "人行道" },
			"geometry": {
				"type": "Point",
				"coordinates": [121.3959126,25.15167753]
			}
		},
		{
			"type": "Feature",
			"properties": { "pm_name": "商港五路", "pm_type": "人行道" },
			"geometry": {
				"type": "Point",
				"coordinates": [121.3958858,25.15165671]
			}
		},
		{
			"type": "Feature",
			"properties": { "pm_name": "商港五路", "pm_type": "人行道" },
			"geometry": {
				"type": "Point",
				"coordinates": [121.3958591,25.1516359]
			}
		},
		{
			"type": "Feature",
			"properties": { "pm_name": "商港五路", "pm_type": "人行道" },
			"geometry": {
				"type": "Point",
				"coordinates": [121.3958323,25.15161508]
			}
		},
		{
			"type": "Feature",
			"properties": { "pm_name": "商港五路", "pm_type": "人行道" },
			"geometry": {
				"type": "Point",
				"coordinates": [121.3958055,25.15159426]
			}
		},
		{
			"type": "Feature",
			"properties": { "pm_name": "商港五路", "pm_type": "人行道" },
			"geometry": {
				"type": "Point",
				"coordinates": [121.3957787,25.15157344]
			}
		},
		{
			"type": "Feature",
			"properties": { "pm_name": "商港五路", "pm_type": "人行道" },
			"geometry": {
				"type": "Point",
				"coordinates": [121.3957519,25.15155262]
			}
		},
		{
			"type": "Feature",
			"properties": { "pm_name": "商港五路", "pm_type": "人行道" },
			"geometry": {
				"type": "Point",
				"coordinates": [121.3957252,25.15153181]
			}
		},
		{
			"type": "Feature",
			"properties": { "pm_name": "商港五路", "pm_type": "人行道" },
			"geometry": {
				"type": "Point",
				"coordinates": [121.3956984,25.15151099]
			}
		},
		{
			"type": "Feature",
			"properties": { "pm_name": "商港五路", "pm_type": "人行道" },
			"geometry": {
				"type": "Point",
				"coordinates": [121.3956716,25.15149017]
			}
		},
		{
			"type": "Feature",
			"properties": { "pm_name": "商港五路", "pm_type": "人行道" },
			"geometry": {
				"type": "Point",
				"coordinates": [121.3956448,25.15146935]
			}
		},
		{
			"type": "Feature",
			"properties": { "pm_name": "商港五路", "pm_type": "人行道" },
			"geometry": {
				"type": "Point",
				"coordinates": [121.395618,25.15144853]
			}
		},
		{
			"type": "Feature",
			"properties": { "pm_name": "商港五路", "pm_type": "人行道" },
			"geometry": {
				"type": "Point",
				"coordinates": [121.3955913,25.15142772]
			}
		},
		{
			"type": "Feature",
			"properties": { "pm_name": "商港五路", "pm_type": "人行道" },
			"geometry": {
				"type": "Point",
				"coordinates": [121.3955645,25.1514069]
			}
		},
		{
			"type": "Feature",
			"properties": { "pm_name": "商港五路", "pm_type": "人行道" },
			"geometry": {
				"type": "Point",
				"coordinates": [121.3955377,25.15138608]
			}
		},
		{
			"type": "Feature",
			"properties": { "pm_name": "商港五路", "pm_type": "人行道" },
			"geometry": {
				"type": "Point",
				"coordinates": [121.3955109,25.15136526]
			}
		},
		{
			"type": "Feature",
			"properties": { "pm_name": "商港五路", "pm_type": "人行道" },
			"geometry": {
				"type": "Point",
				"coordinates": [121.3954841,25.15134444]
			}
		},
		{
			"type": "Feature",
			"properties": { "pm_name": "商港五路", "pm_type": "人行道" },
			"geometry": {
				"type": "Point",
				"coordinates": [121.3954574,25.15132363]
			}
		},
		{
			"type": "Feature",
			"properties": { "pm_name": "商港五路", "pm_type": "人行道" },
			"geometry": {
				"type": "Point",
				"coordinates": [121.3954306,25.15130281]
			}
		},
		{
			"type": "Feature",
			"properties": { "pm_name": "商港五路", "pm_type": "人行道" },
			"geometry": {
				"type": "Point",
				"coordinates": [121.3954038,25.15128199]
			}
		},
		{
			"type": "Feature",
			"properties": { "pm_name": "商港五路", "pm_type": "人行道" },
			"geometry": {
				"type": "Point",
				"coordinates": [121.395377,25.15126117]
			}
		},
		{
			"type": "Feature",
			"properties": { "pm_name": "商港五路", "pm_type": "人行道" },
			"geometry": {
				"type": "Point",
				"coordinates": [121.3953503,25.15124035]
			}
		},
		{
			"type": "Feature",
			"properties": { "pm_name": "商港五路", "pm_type": "人行道" },
			"geometry": {
				"type": "Point",
				"coordinates": [121.3953235,25.15121954]
			}
		},
		{
			"type": "Feature",
			"properties": { "pm_name": "商港五路", "pm_type": "人行道" },
			"geometry": {
				"type": "Point",
				"coordinates": [121.3952967,25.15119872]
			}
		},
		{
			"type": "Feature",
			"properties": { "pm_name": "商港五路", "pm_type": "人行道" },
			"geometry": {
				"type": "Point",
				"coordinates": [121.3952699,25.1511779]
			}
		},
		{
			"type": "Feature",
			"properties": { "pm_name": "商港五路", "pm_type": "人行道" },
			"geometry": {
				"type": "Point",
				"coordinates": [121.3952431,25.15115708]
			}
		},
		{
			"type": "Feature",
			"properties": { "pm_name": "商港五路", "pm_type": "人行道" },
			"geometry": {
				"type": "Point",
				"coordinates": [121.3952164,25.15113626]
			}
		},
		{
			"type": "Feature",
			"properties": { "pm_name": "商港五路", "pm_type": "人行道" },
			"geometry": {
				"type": "Point",
				"coordinates": [121.3951896,25.15111545]
			}
		},
		{
			"type": "Feature",
			"properties": { "pm_name": "商港五路", "pm_type": "人行道" },
			"geometry": {
				"type": "Point",
				"coordinates": [121.3951628,25.15109463]
			}
		},
		{
			"type": "Feature",
			"properties": { "pm_name": "商港五路", "pm_type": "人行道" },
			"geometry": {
				"type": "Point",
				"coordinates": [121.395136,25.15107381]
			}
		},
		{
			"type": "Feature",
			"properties": { "pm_name": "商港五路", "pm_type": "人行道" },
			"geometry": {
				"type": "Point",
				"coordinates": [121.3951092,25.15105299]
			}
		},
		{
			"type": "Feature",
			"properties": { "pm_name": "商港五路", "pm_type": "人行道" },
			"geometry": {
				"type": "Point",
				"coordinates": [121.3950825,25.15103217]
			}
		},
		{
			"type": "Feature",
			"properties": { "pm_name": "商港五路", "pm_type": "人行道" },
			"geometry": {
				"type": "Point",
				"coordinates": [121.3950557,25.15101136]
			}
		},
		{
			"type": "Feature",
			"properties": { "pm_name": "商港五路", "pm_type": "人行道" },
			"geometry": {
				"type": "Point",
				"coordinates": [121.3950289,25.15099054]
			}
		},
		{
			"type": "Feature",
			"properties": { "pm_name": "商港五路", "pm_type": "人行道" },
			"geometry": {
				"type": "Point",
				"coordinates": [121.3950021,25.15096972]
			}
		},
		{
			"type": "Feature",
			"properties": { "pm_name": "商港五路", "pm_type": "人行道" },
			"geometry": {
				"type": "Point",
				"coordinates": [121.3949753,25.1509489]
			}
		},
		{
			"type": "Feature",
			"properties": { "pm_name": "商港五路", "pm_type": "人行道" },
			"geometry": {
				"type": "Point",
				"coordinates": [121.3949486,25.15092808]
			}
		},
		{
			"type": "Feature",
			"properties": { "pm_name": "商港五路", "pm_type": "人行道" },
			"geometry": {
				"type": "Point",
				"coordinates": [121.3949218,25.15090727]
			}
		},
		{
			"type": "Feature",
			"properties": { "pm_name": "商港五路", "pm_type": "人行道" },
			"geometry": {
				"type": "Point",
				"coordinates": [121.394895,25.15088645]
			}
		},
		{
			"type": "Feature",
			"properties": { "pm_name": "商港五路", "pm_type": "人行道" },
			"geometry": {
				"type": "Point",
				"coordinates": [121.3948682,25.15086563]
			}
		},
		{
			"type": "Feature",
			"properties": { "pm_name": "商港五路", "pm_type": "人行道" },
			"geometry": {
				"type": "Point",
				"coordinates": [121.3948414,25.15084481]
			}
		},
		{
			"type": "Feature",
			"properties": { "pm_name": "商港五路", "pm_type": "人行道" },
			"geometry": {
				"type": "Point",
				"coordinates": [121.3948147,25.15082399]
			}
		},
		{
			"type": "Feature",
			"properties": { "pm_name": "商港五路", "pm_type": "人行道" },
			"geometry": {
				"type": "Point",
				"coordinates": [121.3947879,25.15080317]
			}
		},
		{
			"type": "Feature",
			"properties": { "pm_name": "商港五路", "pm_type": "人行道" },
			"geometry": {
				"type": "Point",
				"coordinates": [121.3947611,25.15078236]
			}
		},
		{
			"type": "Feature",
			"properties": { "pm_name": "商港五路", "pm_type": "人行道" },
			"geometry": {
				"type": "Point",
				"coordinates": [121.3947343,25.15076154]
			}
		},
		{
			"type": "Feature",
			"properties": { "pm_name": "商港五路", "pm_type": "人行道" },
			"geometry": {
				"type": "Point",
				"coordinates": [121.3947075,25.15074072]
			}
		},
		{
			"type": "Feature",
			"properties": { "pm_name": "商港五路", "pm_type": "人行道" },
			"geometry": {
				"type": "Point",
				"coordinates": [121.3946808,25.1507199]
			}
		},
		{
			"type": "Feature",
			"properties": { "pm_name": "商港五路", "pm_type": "人行道" },
			"geometry": {
				"type": "Point",
				"coordinates": [121.394654,25.15069908]
			}
		},
		{
			"type": "Feature",
			"properties": { "pm_name": "商港五路", "pm_type": "人行道" },
			"geometry": {
				"type": "Point",
				"coordinates": [121.3946272,25.15067827]
			}
		},
		{
			"type": "Feature",
			"properties": { "pm_name": "商港五路", "pm_type": "人行道" },
			"geometry": {
				"type": "Point",
				"coordinates": [121.3946004,25.15065745]
			}
		},
		{
			"type": "Feature",
			"properties": { "pm_name": "商港五路", "pm_type": "人行道" },
			"geometry": {
				"type": "Point",
				"coordinates": [121.3945736,25.15063663]
			}
		},
		{
			"type": "Feature",
			"properties": { "pm_name": "商港五路", "pm_type": "人行道" },
			"geometry": {
				"type": "Point",
				"coordinates": [121.3945469,25.15061581]
			}
		},
		{
			"type": "Feature",
			"properties": { "pm_name": "商港五路", "pm_type": "人行道" },
			"geometry": {
				"type": "Point",
				"coordinates": [121.3945201,25.15059499]
			}
		},
		{
			"type": "Feature",
			"properties": { "pm_name": "商港五路", "pm_type": "人行道" },
			"geometry": {
				"type": "Point",
				"coordinates": [121.3944933,25.15057418]
			}
		},
		{
			"type": "Feature",
			"properties": { "pm_name": "商港五路", "pm_type": "人行道" },
			"geometry": {
				"type": "Point",
				"coordinates": [121.3944665,25.15055336]
			}
		},
		{
			"type": "Feature",
			"properties": { "pm_name": "商港五路", "pm_type": "人行道" },
			"geometry": {
				"type": "Point",
				"coordinates": [121.3944398,25.15053254]
			}
		},
		{
			"type": "Feature",
			"properties": { "pm_name": "商港五路", "pm_type": "人行道" },
			"geometry": {
				"type": "Point",
				"coordinates": [121.394413,25.15051172]
			}
		},
		{
			"type": "Feature",
			"properties": { "pm_name": "商港五路", "pm_type": "人行道" },
			"geometry": {
				"type": "Point",
				"coordinates": [121.3943862,25.1504909]
			}
		},
		{
			"type": "Feature",
			"properties": { "pm_name": "商港五路", "pm_type": "人行道" },
			"geometry": {
				"type": "Point",
				"coordinates": [121.3943594,25.15047009]
			}
		},
		{
			"type": "Feature",
			"properties": { "pm_name": "商港五路", "pm_type": "人行道" },
			"geometry": {
				"type": "Point",
				"coordinates": [121.3943326,25.15044927]
			}
		},
		{
			"type": "Feature",
			"properties": { "pm_name": "商港五路", "pm_type": "人行道" },
			"geometry": {
				"type": "Point",
				"coordinates": [121.3943059,25.15042845]
			}
		},
		{
			"type": "Feature",
			"properties": { "pm_name": "商港五路", "pm_type": "人行道" },
			"geometry": {
				"type": "Point",
				"coordinates": [121.3942791,25.15040763]
			}
		},
		{
			"type": "Feature",
			"properties": { "pm_name": "商港五路", "pm_type": "人行道" },
			"geometry": {
				"type": "Point",
				"coordinates": [121.3942523,25.15038681]
			}
		},
		{
			"type": "Feature",
			"properties": { "pm_name": "商港五路", "pm_type": "人行道" },
			"geometry": {
				"type": "Point",
				"coordinates": [121.3942255,25.150366]
			}
		},
		{
			"type": "Feature",
			"properties": { "pm_name": "商港五路", "pm_type": "人行道" },
			"geometry": {
				"type": "Point",
				"coordinates": [121.3941987,25.15034518]
			}
		},
		{
			"type": "Feature",
			"properties": { "pm_name": "商港五路", "pm_type": "人行道" },
			"geometry": {
				"type": "Point",
				"coordinates": [121.394172,25.15032436]
			}
		},
		{
			"type": "Feature",
			"properties": { "pm_name": "商港五路", "pm_type": "人行道" },
			"geometry": {
				"type": "Point",
				"coordinates": [121.3941452,25.15030354]
			}
		},
		{
			"type": "Feature",
			"properties": { "pm_name": "商港五路", "pm_type": "人行道" },
			"geometry": {
				"type": "Point",
				"coordinates": [121.3941184,25.15028272]
			}
		},
		{
			"type": "Feature",
			"properties": { "pm_name": "商港五路", "pm_type": "人行道" },
			"geometry": {
				"type": "Point",
				"coordinates": [121.3940916,25.15026191]
			}
		},
		{
			"type": "Feature",
			"properties": { "pm_name": "商港五路", "pm_type": "人行道" },
			"geometry": {
				"type": "Point",
				"coordinates": [121.3940648,25.15024109]
			}
		},
		{
			"type": "Feature",
			"properties": { "pm_name": "商港五路", "pm_type": "人行道" },
			"geometry": {
				"type": "Point",
				"coordinates": [121.3940381,25.15022027]
			}
		},
		{
			"type": "Feature",
			"properties": { "pm_name": "商港五路", "pm_type": "人行道" },
			"geometry": {
				"type": "Point",
				"coordinates": [121.3940113,25.15019945]
			}
		},
		{
			"type": "Feature",
			"properties": { "pm_name": "商港五路", "pm_type": "人行道" },
			"geometry": {
				"type": "Point",
				"coordinates": [121.3939845,25.15017863]
			}
		},
		{
			"type": "Feature",
			"properties": { "pm_name": "商港五路", "pm_type": "人行道" },
			"geometry": {
				"type": "Point",
				"coordinates": [121.3939577,25.15015782]
			}
		},
		{
			"type": "Feature",
			"properties": { "pm_name": "商港五路", "pm_type": "人行道" },
			"geometry": {
				"type": "Point",
				"coordinates": [121.3939309,25.150137]
			}
		},
		{
			"type": "Feature",
			"properties": { "pm_name": "商港五路", "pm_type": "人行道" },
			"geometry": {
				"type": "Point",
				"coordinates": [121.3939042,25.15011618]
			}
		},
		{
			"type": "Feature",
			"properties": { "pm_name": "商港五路", "pm_type": "人行道" },
			"geometry": {
				"type": "Point",
				"coordinates": [121.3938774,25.15009536]
			}
		},
		{
			"type": "Feature",
			"properties": { "pm_name": "商港五路", "pm_type": "人行道" },
			"geometry": {
				"type": "Point",
				"coordinates": [121.3938506,25.15007454]
			}
		},
		{
			"type": "Feature",
			"properties": { "pm_name": "商港五路", "pm_type": "人行道" },
			"geometry": {
				"type": "Point",
				"coordinates": [121.3938238,25.15005373]
			}
		},
		{
			"type": "Feature",
			"properties": { "pm_name": "商港五路", "pm_type": "人行道" },
			"geometry": {
				"type": "Point",
				"coordinates": [121.393797,25.15003291]
			}
		},
		{
			"type": "Feature",
			"properties": { "pm_name": "商港五路", "pm_type": "人行道" },
			"geometry": {
				"type": "Point",
				"coordinates": [121.3937703,25.15001209]
			}
		},
		{
			"type": "Feature",
			"properties": { "pm_name": "商港五路", "pm_type": "人行道" },
			"geometry": {
				"type": "Point",
				"coordinates": [121.3937435,25.14999127]
			}
		},
		{
			"type": "Feature",
			"properties": { "pm_name": "商港五路", "pm_type": "人行道" },
			"geometry": {
				"type": "Point",
				"coordinates": [121.3937167,25.14997045]
			}
		},
		{
			"type": "Feature",
			"properties": { "pm_name": "商港五路", "pm_type": "人行道" },
			"geometry": {
				"type": "Point",
				"coordinates": [121.3936899,25.14994963]
			}
		},
		{
			"type": "Feature",
			"properties": { "pm_name": "商港五路", "pm_type": "人行道" },
			"geometry": {
				"type": "Point",
				"coordinates": [121.3936631,25.14992882]
			}
		},
		{
			"type": "Feature",
			"properties": { "pm_name": "商港五路", "pm_type": "人行道" },
			"geometry": {
				"type": "Point",
				"coordinates": [121.3936364,25.149908]
			}
		},
		{
			"type": "Feature",
			"properties": { "pm_name": "商港五路", "pm_type": "人行道" },
			"geometry": {
				"type": "Point",
				"coordinates": [121.3936096,25.14988718]
			}
		},
		{
			"type": "Feature",
			"properties": { "pm_name": "商港五路", "pm_type": "人行道" },
			"geometry": {
				"type": "Point",
				"coordinates": [121.3935828,25.14986636]
			}
		},
		{
			"type": "Feature",
			"properties": { "pm_name": "商港五路", "pm_type": "人行道" },
			"geometry": {
				"type": "Point",
				"coordinates": [121.393556,25.14984554]
			}
		},
		{
			"type": "Feature",
			"properties": { "pm_name": "商港五路", "pm_type": "人行道" },
			"geometry": {
				"type": "Point",
				"coordinates": [121.3935292,25.14982473]
			}
		},
		{
			"type": "Feature",
			"properties": { "pm_name": "商港五路", "pm_type": "人行道" },
			"geometry": {
				"type": "Point",
				"coordinates": [121.3935025,25.14980391]
			}
		},
		{
			"type": "Feature",
			"properties": { "pm_name": "商港五路", "pm_type": "人行道" },
			"geometry": {
				"type": "Point",
				"coordinates": [121.3934757,25.14978309]
			}
		},
		{
			"type": "Feature",
			"properties": { "pm_name": "商港五路", "pm_type": "人行道" },
			"geometry": {
				"type": "Point",
				"coordinates": [121.3934489,25.14976227]
			}
		},
		{
			"type": "Feature",
			"properties": { "pm_name": "商港五路", "pm_type": "人行道" },
			"geometry": {
				"type": "Point",
				"coordinates": [121.3934221,25.14974145]
			}
		},
		{
			"type": "Feature",
			"properties": { "pm_name": "八里大道", "pm_type": "中央分隔島" },
			"geometry": {
				"type": "Point",
				"coordinates": [121.4042661,25.15527056]
			}
		},
		{
			"type": "Feature",
			"properties": { "pm_name": "八里大道", "pm_type": "中央分隔島" },
			"geometry": {
				"type": "Point",
				"coordinates": [121.4043242,25.15521879]
			}
		},
		{
			"type": "Feature",
			"properties": { "pm_name": "八里大道", "pm_type": "中央分隔島" },
			"geometry": {
				"type": "Point",
				"coordinates": [121.4043824,25.15516702]
			}
		},
		{
			"type": "Feature",
			"properties": { "pm_name": "八里大道", "pm_type": "中央分隔島" },
			"geometry": {
				"type": "Point",
				"coordinates": [121.4044405,25.15511525]
			}
		},
		{
			"type": "Feature",
			"properties": { "pm_name": "八里大道", "pm_type": "中央分隔島" },
			"geometry": {
				"type": "Point",
				"coordinates": [121.4044987,25.15506348]
			}
		},
		{
			"type": "Feature",
			"properties": { "pm_name": "八里大道", "pm_type": "中央分隔島" },
			"geometry": {
				"type": "Point",
				"coordinates": [121.4045568,25.15501171]
			}
		},
		{
			"type": "Feature",
			"properties": { "pm_name": "八里大道", "pm_type": "中央分隔島" },
			"geometry": {
				"type": "Point",
				"coordinates": [121.404615,25.15495994]
			}
		},
		{
			"type": "Feature",
			"properties": { "pm_name": "八里大道", "pm_type": "中央分隔島" },
			"geometry": {
				"type": "Point",
				"coordinates": [121.4046731,25.15490817]
			}
		},
		{
			"type": "Feature",
			"properties": { "pm_name": "八里大道", "pm_type": "中央分隔島" },
			"geometry": {
				"type": "Point",
				"coordinates": [121.4047313,25.1548564]
			}
		},
		{
			"type": "Feature",
			"properties": { "pm_name": "八里大道", "pm_type": "中央分隔島" },
			"geometry": {
				"type": "Point",
				"coordinates": [121.4047894,25.15480463]
			}
		},
		{
			"type": "Feature",
			"properties": { "pm_name": "八里大道", "pm_type": "中央分隔島" },
			"geometry": {
				"type": "Point",
				"coordinates": [121.4048476,25.15475286]
			}
		},
		{
			"type": "Feature",
			"properties": { "pm_name": "八里大道", "pm_type": "中央分隔島" },
			"geometry": {
				"type": "Point",
				"coordinates": [121.4049058,25.15470109]
			}
		},
		{
			"type": "Feature",
			"properties": { "pm_name": "八里大道", "pm_type": "中央分隔島" },
			"geometry": {
				"type": "Point",
				"coordinates": [121.4049639,25.15464932]
			}
		},
		{
			"type": "Feature",
			"properties": { "pm_name": "八里大道", "pm_type": "中央分隔島" },
			"geometry": {
				"type": "Point",
				"coordinates": [121.4050221,25.15459755]
			}
		},
		{
			"type": "Feature",
			"properties": { "pm_name": "八里大道", "pm_type": "中央分隔島" },
			"geometry": {
				"type": "Point",
				"coordinates": [121.4050802,25.15454578]
			}
		},
		{
			"type": "Feature",
			"properties": { "pm_name": "八里大道", "pm_type": "中央分隔島" },
			"geometry": {
				"type": "Point",
				"coordinates": [121.4051384,25.15449401]
			}
		},
		{
			"type": "Feature",
			"properties": { "pm_name": "八里大道", "pm_type": "中央分隔島" },
			"geometry": {
				"type": "Point",
				"coordinates": [121.4051965,25.15444224]
			}
		},
		{
			"type": "Feature",
			"properties": { "pm_name": "八里大道", "pm_type": "中央分隔島" },
			"geometry": {
				"type": "Point",
				"coordinates": [121.4052547,25.15439047]
			}
		},
		{
			"type": "Feature",
			"properties": { "pm_name": "八里大道", "pm_type": "中央分隔島" },
			"geometry": {
				"type": "Point",
				"coordinates": [121.4053128,25.1543387]
			}
		},
		{
			"type": "Feature",
			"properties": { "pm_name": "八里大道", "pm_type": "中央分隔島" },
			"geometry": {
				"type": "Point",
				"coordinates": [121.405371,25.15428693]
			}
		},
		{
			"type": "Feature",
			"properties": { "pm_name": "八里大道", "pm_type": "中央分隔島" },
			"geometry": {
				"type": "Point",
				"coordinates": [121.4054291,25.15423516]
			}
		},
		{
			"type": "Feature",
			"properties": { "pm_name": "八里大道", "pm_type": "中央分隔島" },
			"geometry": {
				"type": "Point",
				"coordinates": [121.4054873,25.15418339]
			}
		},
		{
			"type": "Feature",
			"properties": { "pm_name": "八里大道", "pm_type": "中央分隔島" },
			"geometry": {
				"type": "Point",
				"coordinates": [121.4055455,25.15413162]
			}
		},
		{
			"type": "Feature",
			"properties": { "pm_name": "八里大道", "pm_type": "中央分隔島" },
			"geometry": {
				"type": "Point",
				"coordinates": [121.4056036,25.15407985]
			}
		},
		{
			"type": "Feature",
			"properties": { "pm_name": "八里大道", "pm_type": "中央分隔島" },
			"geometry": {
				"type": "Point",
				"coordinates": [121.4056618,25.15402808]
			}
		},
		{
			"type": "Feature",
			"properties": { "pm_name": "八里大道", "pm_type": "中央分隔島" },
			"geometry": {
				"type": "Point",
				"coordinates": [121.4057199,25.15397631]
			}
		},
		{
			"type": "Feature",
			"properties": { "pm_name": "八里大道", "pm_type": "中央分隔島" },
			"geometry": {
				"type": "Point",
				"coordinates": [121.4057781,25.15392454]
			}
		},
		{
			"type": "Feature",
			"properties": { "pm_name": "八里大道", "pm_type": "中央分隔島" },
			"geometry": {
				"type": "Point",
				"coordinates": [121.4058362,25.15387277]
			}
		},
		{
			"type": "Feature",
			"properties": { "pm_name": "八里大道", "pm_type": "中央分隔島" },
			"geometry": {
				"type": "Point",
				"coordinates": [121.4058944,25.153821]
			}
		},
		{
			"type": "Feature",
			"properties": { "pm_name": "八里大道", "pm_type": "中央分隔島" },
			"geometry": {
				"type": "Point",
				"coordinates": [121.4059525,25.15376923]
			}
		},
		{
			"type": "Feature",
			"properties": { "pm_name": "八里大道", "pm_type": "中央分隔島" },
			"geometry": {
				"type": "Point",
				"coordinates": [121.4060107,25.15371746]
			}
		},
		{
			"type": "Feature",
			"properties": { "pm_name": "八里大道", "pm_type": "中央分隔島" },
			"geometry": {
				"type": "Point",
				"coordinates": [121.4060688,25.15366569]
			}
		},
		{
			"type": "Feature",
			"properties": { "pm_name": "八里大道", "pm_type": "中央分隔島" },
			"geometry": {
				"type": "Point",
				"coordinates": [121.406127,25.15361392]
			}
		},
		{
			"type": "Feature",
			"properties": { "pm_name": "八里大道", "pm_type": "中央分隔島" },
			"geometry": {
				"type": "Point",
				"coordinates": [121.4061852,25.15356215]
			}
		},
		{
			"type": "Feature",
			"properties": { "pm_name": "八里大道", "pm_type": "中央分隔島" },
			"geometry": {
				"type": "Point",
				"coordinates": [121.4062433,25.15351038]
			}
		},
		{
			"type": "Feature",
			"properties": { "pm_name": "八里大道", "pm_type": "中央分隔島" },
			"geometry": {
				"type": "Point",
				"coordinates": [121.4063015,25.15345861]
			}
		},
		{
			"type": "Feature",
			"properties": { "pm_name": "八里大道", "pm_type": "中央分隔島" },
			"geometry": {
				"type": "Point",
				"coordinates": [121.4063596,25.15340684]
			}
		},
		{
			"type": "Feature",
			"properties": { "pm_name": "八里大道", "pm_type": "中央分隔島" },
			"geometry": {
				"type": "Point",
				"coordinates": [121.4064178,25.15335507]
			}
		},
		{
			"type": "Feature",
			"properties": { "pm_name": "八里大道", "pm_type": "中央分隔島" },
			"geometry": {
				"type": "Point",
				"coordinates": [121.4064759,25.1533033]
			}
		},
		{
			"type": "Feature",
			"properties": { "pm_name": "八里大道", "pm_type": "中央分隔島" },
			"geometry": {
				"type": "Point",
				"coordinates": [121.4065341,25.15325153]
			}
		},
		{
			"type": "Feature",
			"properties": { "pm_name": "八里大道", "pm_type": "中央分隔島" },
			"geometry": {
				"type": "Point",
				"coordinates": [121.4065922,25.15319976]
			}
		},
		{
			"type": "Feature",
			"properties": { "pm_name": "八里大道", "pm_type": "中央分隔島" },
			"geometry": {
				"type": "Point",
				"coordinates": [121.4066504,25.15314799]
			}
		},
		{
			"type": "Feature",
			"properties": { "pm_name": "八里大道", "pm_type": "中央分隔島" },
			"geometry": {
				"type": "Point",
				"coordinates": [121.4067085,25.15309622]
			}
		},
		{
			"type": "Feature",
			"properties": { "pm_name": "八里大道", "pm_type": "中央分隔島" },
			"geometry": {
				"type": "Point",
				"coordinates": [121.4067667,25.15304445]
			}
		},
		{
			"type": "Feature",
			"properties": { "pm_name": "八里大道", "pm_type": "中央分隔島" },
			"geometry": {
				"type": "Point",
				"coordinates": [121.4068249,25.15299268]
			}
		},
		{
			"type": "Feature",
			"properties": { "pm_name": "八里大道", "pm_type": "中央分隔島" },
			"geometry": {
				"type": "Point",
				"coordinates": [121.406883,25.15294091]
			}
		},
		{
			"type": "Feature",
			"properties": { "pm_name": "八里大道", "pm_type": "中央分隔島" },
			"geometry": {
				"type": "Point",
				"coordinates": [121.4069412,25.15288914]
			}
		},
		{
			"type": "Feature",
			"properties": { "pm_name": "八里大道", "pm_type": "中央分隔島" },
			"geometry": {
				"type": "Point",
				"coordinates": [121.4069993,25.15283737]
			}
		},
		{
			"type": "Feature",
			"properties": { "pm_name": "八里大道", "pm_type": "中央分隔島" },
			"geometry": {
				"type": "Point",
				"coordinates": [121.4070575,25.1527856]
			}
		},
		{
			"type": "Feature",
			"properties": { "pm_name": "八里大道", "pm_type": "中央分隔島" },
			"geometry": {
				"type": "Point",
				"coordinates": [121.4071156,25.15273383]
			}
		},
		{
			"type": "Feature",
			"properties": { "pm_name": "八里大道", "pm_type": "中央分隔島" },
			"geometry": {
				"type": "Point",
				"coordinates": [121.4071738,25.15268206]
			}
		},
		{
			"type": "Feature",
			"properties": { "pm_name": "八里大道", "pm_type": "中央分隔島" },
			"geometry": {
				"type": "Point",
				"coordinates": [121.4072319,25.15263029]
			}
		},
		{
			"type": "Feature",
			"properties": { "pm_name": "八里大道", "pm_type": "中央分隔島" },
			"geometry": {
				"type": "Point",
				"coordinates": [121.4072901,25.15257852]
			}
		},
		{
			"type": "Feature",
			"properties": { "pm_name": "八里大道", "pm_type": "中央分隔島" },
			"geometry": {
				"type": "Point",
				"coordinates": [121.4073483,25.15252675]
			}
		},
		{
			"type": "Feature",
			"properties": { "pm_name": "八里大道", "pm_type": "中央分隔島" },
			"geometry": {
				"type": "Point",
				"coordinates": [121.4074064,25.15247498]
			}
		},
		{
			"type": "Feature",
			"properties": { "pm_name": "八里大道", "pm_type": "中央分隔島" },
			"geometry": {
				"type": "Point",
				"coordinates": [121.4074646,25.15242321]
			}
		},
		{
			"type": "Feature",
			"properties": { "pm_name": "八里大道", "pm_type": "中央分隔島" },
			"geometry": {
				"type": "Point",
				"coordinates": [121.4075227,25.15237144]
			}
		},
		{
			"type": "Feature",
			"properties": { "pm_name": "八里大道", "pm_type": "中央分隔島" },
			"geometry": {
				"type": "Point",
				"coordinates": [121.4075809,25.15231967]
			}
		},
		{
			"type": "Feature",
			"properties": { "pm_name": "八里大道", "pm_type": "中央分隔島" },
			"geometry": {
				"type": "Point",
				"coordinates": [121.407639,25.1522679]
			}
		},
		{
			"type": "Feature",
			"properties": { "pm_name": "八里大道", "pm_type": "中央分隔島" },
			"geometry": {
				"type": "Point",
				"coordinates": [121.4076972,25.15221613]
			}
		},
		{
			"type": "Feature",
			"properties": { "pm_name": "八里大道", "pm_type": "中央分隔島" },
			"geometry": {
				"type": "Point",
				"coordinates": [121.4077553,25.15216436]
			}
		},
		{
			"type": "Feature",
			"properties": { "pm_name": "八里大道", "pm_type": "中央分隔島" },
			"geometry": {
				"type": "Point",
				"coordinates": [121.4078135,25.15211259]
			}
		},
		{
			"type": "Feature",
			"properties": { "pm_name": "八里大道", "pm_type": "中央分隔島" },
			"geometry": {
				"type": "Point",
				"coordinates": [121.4078716,25.15206082]
			}
		},
		{
			"type": "Feature",
			"properties": { "pm_name": "八里大道", "pm_type": "中央分隔島" },
			"geometry": {
				"type": "Point",
				"coordinates": [121.4079298,25.15200905]
			}
		},
		{
			"type": "Feature",
			"properties": { "pm_name": "八里大道", "pm_type": "中央分隔島" },
			"geometry": {
				"type": "Point",
				"coordinates": [121.407988,25.15195728]
			}
		},
		{
			"type": "Feature",
			"properties": { "pm_name": "八里大道", "pm_type": "中央分隔島" },
			"geometry": {
				"type": "Point",
				"coordinates": [121.4080461,25.15190551]
			}
		},
		{
			"type": "Feature",
			"properties": { "pm_name": "八里大道", "pm_type": "中央分隔島" },
			"geometry": {
				"type": "Point",
				"coordinates": [121.4081043,25.15185374]
			}
		},
		{
			"type": "Feature",
			"properties": { "pm_name": "八里大道", "pm_type": "中央分隔島" },
			"geometry": {
				"type": "Point",
				"coordinates": [121.4081624,25.15180197]
			}
		},
		{
			"type": "Feature",
			"properties": { "pm_name": "八里大道", "pm_type": "中央分隔島" },
			"geometry": {
				"type": "Point",
				"coordinates": [25.1517502, 121.4082787]
			}
		},
		{
			"type": "Feature",
			"properties": { "pm_name": "商港三路", "pm_type": "中央分隔島" },
			"geometry": {
				"type": "Point",
				"coordinates": [121.3962631,25.14942977]
			}
		},
		{
			"type": "Feature",
			"properties": { "pm_name": "商港三路", "pm_type": "中央分隔島" },
			"geometry": {
				"type": "Point",
				"coordinates": [121.3963242,25.14947579]
			}
		},
		{
			"type": "Feature",
			"properties": { "pm_name": "商港三路", "pm_type": "中央分隔島" },
			"geometry": {
				"type": "Point",
				"coordinates": [121.3963852,25.14952181]
			}
		},
		{
			"type": "Feature",
			"properties": { "pm_name": "商港三路", "pm_type": "中央分隔島" },
			"geometry": {
				"type": "Point",
				"coordinates": [121.3964463,25.14956782]
			}
		},
		{
			"type": "Feature",
			"properties": { "pm_name": "商港三路", "pm_type": "中央分隔島" },
			"geometry": {
				"type": "Point",
				"coordinates": [121.3965073,25.14961384]
			}
		},
		{
			"type": "Feature",
			"properties": { "pm_name": "商港三路", "pm_type": "中央分隔島" },
			"geometry": {
				"type": "Point",
				"coordinates": [121.3965684,25.14965986]
			}
		},
		{
			"type": "Feature",
			"properties": { "pm_name": "商港三路", "pm_type": "中央分隔島" },
			"geometry": {
				"type": "Point",
				"coordinates": [121.3966294,25.14970588]
			}
		},
		{
			"type": "Feature",
			"properties": { "pm_name": "商港三路", "pm_type": "中央分隔島" },
			"geometry": {
				"type": "Point",
				"coordinates": [121.3966905,25.14975189]
			}
		},
		{
			"type": "Feature",
			"properties": { "pm_name": "商港三路", "pm_type": "中央分隔島" },
			"geometry": {
				"type": "Point",
				"coordinates": [121.3967515,25.14979791]
			}
		},
		{
			"type": "Feature",
			"properties": { "pm_name": "商港三路", "pm_type": "中央分隔島" },
			"geometry": {
				"type": "Point",
				"coordinates": [121.3968125,25.14984393]
			}
		},
		{
			"type": "Feature",
			"properties": { "pm_name": "商港三路", "pm_type": "中央分隔島" },
			"geometry": {
				"type": "Point",
				"coordinates": [121.3968736,25.14988994]
			}
		},
		{
			"type": "Feature",
			"properties": { "pm_name": "商港三路", "pm_type": "中央分隔島" },
			"geometry": {
				"type": "Point",
				"coordinates": [121.3969346,25.14993596]
			}
		},
		{
			"type": "Feature",
			"properties": { "pm_name": "商港三路", "pm_type": "中央分隔島" },
			"geometry": {
				"type": "Point",
				"coordinates": [121.3969957,25.14998198]
			}
		},
		{
			"type": "Feature",
			"properties": { "pm_name": "商港三路", "pm_type": "中央分隔島" },
			"geometry": {
				"type": "Point",
				"coordinates": [121.3970567,25.150028]
			}
		},
		{
			"type": "Feature",
			"properties": { "pm_name": "商港三路", "pm_type": "中央分隔島" },
			"geometry": {
				"type": "Point",
				"coordinates": [121.3971178,25.15007401]
			}
		},
		{
			"type": "Feature",
			"properties": { "pm_name": "商港三路", "pm_type": "中央分隔島" },
			"geometry": {
				"type": "Point",
				"coordinates": [121.3971788,25.15012003]
			}
		},
		{
			"type": "Feature",
			"properties": { "pm_name": "商港三路", "pm_type": "中央分隔島" },
			"geometry": {
				"type": "Point",
				"coordinates": [121.3972399,25.15016605]
			}
		},
		{
			"type": "Feature",
			"properties": { "pm_name": "商港三路", "pm_type": "中央分隔島" },
			"geometry": {
				"type": "Point",
				"coordinates": [121.3973009,25.15021206]
			}
		},
		{
			"type": "Feature",
			"properties": { "pm_name": "商港三路", "pm_type": "中央分隔島" },
			"geometry": {
				"type": "Point",
				"coordinates": [121.397362,25.15025808]
			}
		},
		{
			"type": "Feature",
			"properties": { "pm_name": "商港三路", "pm_type": "中央分隔島" },
			"geometry": {
				"type": "Point",
				"coordinates": [121.397423,25.1503041]
			}
		},
		{
			"type": "Feature",
			"properties": { "pm_name": "商港三路", "pm_type": "中央分隔島" },
			"geometry": {
				"type": "Point",
				"coordinates": [121.397484,25.15035012]
			}
		},
		{
			"type": "Feature",
			"properties": { "pm_name": "商港三路", "pm_type": "中央分隔島" },
			"geometry": {
				"type": "Point",
				"coordinates": [121.3975451,25.15039613]
			}
		},
		{
			"type": "Feature",
			"properties": { "pm_name": "商港三路", "pm_type": "中央分隔島" },
			"geometry": {
				"type": "Point",
				"coordinates": [121.3976061,25.15044215]
			}
		},
		{
			"type": "Feature",
			"properties": { "pm_name": "商港三路", "pm_type": "中央分隔島" },
			"geometry": {
				"type": "Point",
				"coordinates": [121.3976672,25.15048817]
			}
		},
		{
			"type": "Feature",
			"properties": { "pm_name": "商港三路", "pm_type": "中央分隔島" },
			"geometry": {
				"type": "Point",
				"coordinates": [121.3977282,25.15053418]
			}
		},
		{
			"type": "Feature",
			"properties": { "pm_name": "商港三路", "pm_type": "中央分隔島" },
			"geometry": {
				"type": "Point",
				"coordinates": [121.3977893,25.1505802]
			}
		},
		{
			"type": "Feature",
			"properties": { "pm_name": "商港三路", "pm_type": "中央分隔島" },
			"geometry": {
				"type": "Point",
				"coordinates": [121.3978503,25.15062622]
			}
		},
		{
			"type": "Feature",
			"properties": { "pm_name": "商港三路", "pm_type": "中央分隔島" },
			"geometry": {
				"type": "Point",
				"coordinates": [121.3979114,25.15067224]
			}
		},
		{
			"type": "Feature",
			"properties": { "pm_name": "商港三路", "pm_type": "中央分隔島" },
			"geometry": {
				"type": "Point",
				"coordinates": [121.3979724,25.15071825]
			}
		},
		{
			"type": "Feature",
			"properties": { "pm_name": "商港三路", "pm_type": "中央分隔島" },
			"geometry": {
				"type": "Point",
				"coordinates": [121.3980334,25.15076427]
			}
		},
		{
			"type": "Feature",
			"properties": { "pm_name": "商港三路", "pm_type": "中央分隔島" },
			"geometry": {
				"type": "Point",
				"coordinates": [121.3980945,25.15081029]
			}
		},
		{
			"type": "Feature",
			"properties": { "pm_name": "商港三路", "pm_type": "中央分隔島" },
			"geometry": {
				"type": "Point",
				"coordinates": [121.3981555,25.1508563]
			}
		},
		{
			"type": "Feature",
			"properties": { "pm_name": "商港三路", "pm_type": "中央分隔島" },
			"geometry": {
				"type": "Point",
				"coordinates": [121.3982166,25.15090232]
			}
		},
		{
			"type": "Feature",
			"properties": { "pm_name": "商港三路", "pm_type": "中央分隔島" },
			"geometry": {
				"type": "Point",
				"coordinates": [121.3982776,25.15094834]
			}
		},
		{
			"type": "Feature",
			"properties": { "pm_name": "商港三路", "pm_type": "中央分隔島" },
			"geometry": {
				"type": "Point",
				"coordinates": [121.3983387,25.15099435]
			}
		},
		{
			"type": "Feature",
			"properties": { "pm_name": "商港三路", "pm_type": "中央分隔島" },
			"geometry": {
				"type": "Point",
				"coordinates": [121.3983997,25.15104037]
			}
		},
		{
			"type": "Feature",
			"properties": { "pm_name": "商港三路", "pm_type": "中央分隔島" },
			"geometry": {
				"type": "Point",
				"coordinates": [121.3984608,25.15108639]
			}
		},
		{
			"type": "Feature",
			"properties": { "pm_name": "商港三路", "pm_type": "中央分隔島" },
			"geometry": {
				"type": "Point",
				"coordinates": [121.3985218,25.15113241]
			}
		},
		{
			"type": "Feature",
			"properties": { "pm_name": "商港三路", "pm_type": "中央分隔島" },
			"geometry": {
				"type": "Point",
				"coordinates": [121.3985828,25.15117842]
			}
		},
		{
			"type": "Feature",
			"properties": { "pm_name": "商港三路", "pm_type": "中央分隔島" },
			"geometry": {
				"type": "Point",
				"coordinates": [121.3986439,25.15122444]
			}
		},
		{
			"type": "Feature",
			"properties": { "pm_name": "商港三路", "pm_type": "中央分隔島" },
			"geometry": {
				"type": "Point",
				"coordinates": [121.3987049,25.15127046]
			}
		},
		{
			"type": "Feature",
			"properties": { "pm_name": "商港三路", "pm_type": "中央分隔島" },
			"geometry": {
				"type": "Point",
				"coordinates": [121.398766,25.15131647]
			}
		},
		{
			"type": "Feature",
			"properties": { "pm_name": "商港三路", "pm_type": "中央分隔島" },
			"geometry": {
				"type": "Point",
				"coordinates": [121.398827,25.15136249]
			}
		},
		{
			"type": "Feature",
			"properties": { "pm_name": "商港三路", "pm_type": "中央分隔島" },
			"geometry": {
				"type": "Point",
				"coordinates": [121.3988881,25.15140851]
			}
		},
		{
			"type": "Feature",
			"properties": { "pm_name": "商港三路", "pm_type": "中央分隔島" },
			"geometry": {
				"type": "Point",
				"coordinates": [121.3989491,25.15145453]
			}
		},
		{
			"type": "Feature",
			"properties": { "pm_name": "商港三路", "pm_type": "中央分隔島" },
			"geometry": {
				"type": "Point",
				"coordinates": [121.3990102,25.15150054]
			}
		},
		{
			"type": "Feature",
			"properties": { "pm_name": "商港三路", "pm_type": "中央分隔島" },
			"geometry": {
				"type": "Point",
				"coordinates": [121.3990712,25.15154656]
			}
		},
		{
			"type": "Feature",
			"properties": { "pm_name": "商港三路", "pm_type": "中央分隔島" },
			"geometry": {
				"type": "Point",
				"coordinates": [121.3991322,25.15159258]
			}
		},
		{
			"type": "Feature",
			"properties": { "pm_name": "商港三路", "pm_type": "中央分隔島" },
			"geometry": {
				"type": "Point",
				"coordinates": [121.3991933,25.15163859]
			}
		},
		{
			"type": "Feature",
			"properties": { "pm_name": "商港三路", "pm_type": "中央分隔島" },
			"geometry": {
				"type": "Point",
				"coordinates": [121.3992543,25.15168461]
			}
		},
		{
			"type": "Feature",
			"properties": { "pm_name": "商港三路", "pm_type": "中央分隔島" },
			"geometry": {
				"type": "Point",
				"coordinates": [121.3993154,25.15173063]
			}
		},
		{
			"type": "Feature",
			"properties": { "pm_name": "商港三路", "pm_type": "中央分隔島" },
			"geometry": {
				"type": "Point",
				"coordinates": [121.3993764,25.15177665]
			}
		},
		{
			"type": "Feature",
			"properties": { "pm_name": "商港三路", "pm_type": "中央分隔島" },
			"geometry": {
				"type": "Point",
				"coordinates": [121.3994375,25.15182266]
			}
		},
		{
			"type": "Feature",
			"properties": { "pm_name": "商港三路", "pm_type": "中央分隔島" },
			"geometry": {
				"type": "Point",
				"coordinates": [121.3994985,25.15186868]
			}
		},
		{
			"type": "Feature",
			"properties": { "pm_name": "商港三路", "pm_type": "中央分隔島" },
			"geometry": {
				"type": "Point",
				"coordinates": [121.3995596,25.1519147]
			}
		},
		{
			"type": "Feature",
			"properties": { "pm_name": "商港三路", "pm_type": "中央分隔島" },
			"geometry": {
				"type": "Point",
				"coordinates": [121.3996206,25.15196071]
			}
		},
		{
			"type": "Feature",
			"properties": { "pm_name": "商港三路", "pm_type": "中央分隔島" },
			"geometry": {
				"type": "Point",
				"coordinates": [121.3996816,25.15200673]
			}
		},
		{
			"type": "Feature",
			"properties": { "pm_name": "商港三路", "pm_type": "中央分隔島" },
			"geometry": {
				"type": "Point",
				"coordinates": [121.3997427,25.15205275]
			}
		},
		{
			"type": "Feature",
			"properties": { "pm_name": "商港三路", "pm_type": "中央分隔島" },
			"geometry": {
				"type": "Point",
				"coordinates": [121.3998037,25.15209877]
			}
		},
		{
			"type": "Feature",
			"properties": { "pm_name": "商港三路", "pm_type": "中央分隔島" },
			"geometry": {
				"type": "Point",
				"coordinates": [121.3998648,25.15214478]
			}
		},
		{
			"type": "Feature",
			"properties": { "pm_name": "商港三路", "pm_type": "中央分隔島" },
			"geometry": {
				"type": "Point",
				"coordinates": [121.3999258,25.1521908]
			}
		},
		{
			"type": "Feature",
			"properties": { "pm_name": "商港三路", "pm_type": "中央分隔島" },
			"geometry": {
				"type": "Point",
				"coordinates": [121.3999869,25.15223682]
			}
		},
		{
			"type": "Feature",
			"properties": { "pm_name": "商港三路", "pm_type": "中央分隔島" },
			"geometry": {
				"type": "Point",
				"coordinates": [121.4000479,25.15228283]
			}
		},
		{
			"type": "Feature",
			"properties": { "pm_name": "商港三路", "pm_type": "中央分隔島" },
			"geometry": {
				"type": "Point",
				"coordinates": [121.400109,25.15232885]
			}
		},
		{
			"type": "Feature",
			"properties": { "pm_name": "商港三路", "pm_type": "中央分隔島" },
			"geometry": {
				"type": "Point",
				"coordinates": [121.40017,25.15237487]
			}
		},
		{
			"type": "Feature",
			"properties": { "pm_name": "商港三路", "pm_type": "中央分隔島" },
			"geometry": {
				"type": "Point",
				"coordinates": [121.4002311,25.15242088]
			}
		},
		{
			"type": "Feature",
			"properties": { "pm_name": "商港三路", "pm_type": "中央分隔島" },
			"geometry": {
				"type": "Point",
				"coordinates": [121.4002921,25.1524669]
			}
		},
		{
			"type": "Feature",
			"properties": { "pm_name": "商港三路", "pm_type": "中央分隔島" },
			"geometry": {
				"type": "Point",
				"coordinates": [121.4003531,25.15251292]
			}
		},
		{
			"type": "Feature",
			"properties": { "pm_name": "商港三路", "pm_type": "中央分隔島" },
			"geometry": {
				"type": "Point",
				"coordinates": [121.4004752,25.15255894]
			}
		},
		{
			"type": "Feature",
			"properties": { "pm_name": "商港三路", "pm_type": "中央分隔島" },
			"geometry": {
				"type": "Point",
				"coordinates": [121.4005363,25.15260495]
			}
		},
		{
			"type": "Feature",
			"properties": { "pm_name": "商港三路", "pm_type": "中央分隔島" },
			"geometry": {
				"type": "Point",
				"coordinates": [121.4005973,25.15265097]
			}
		},
		{
			"type": "Feature",
			"properties": { "pm_name": "商港三路", "pm_type": "中央分隔島" },
			"geometry": {
				"type": "Point",
				"coordinates": [121.4006584,25.15269699]
			}
		},
		{
			"type": "Feature",
			"properties": { "pm_name": "商港三路", "pm_type": "中央分隔島" },
			"geometry": {
				"type": "Point",
				"coordinates": [121.4007194,25.152743]
			}
		},
		{
			"type": "Feature",
			"properties": { "pm_name": "商港三路", "pm_type": "中央分隔島" },
			"geometry": {
				"type": "Point",
				"coordinates": [121.4007805,25.15278902]
			}
		},
		{
			"type": "Feature",
			"properties": { "pm_name": "商港三路", "pm_type": "中央分隔島" },
			"geometry": {
				"type": "Point",
				"coordinates": [121.4008415,25.15283504]
			}
		},
		{
			"type": "Feature",
			"properties": { "pm_name": "商港三路", "pm_type": "中央分隔島" },
			"geometry": {
				"type": "Point",
				"coordinates": [121.4009025,25.15288106]
			}
		},
		{
			"type": "Feature",
			"properties": { "pm_name": "商港三路", "pm_type": "中央分隔島" },
			"geometry": {
				"type": "Point",
				"coordinates": [121.4009636,25.15292707]
			}
		},
		{
			"type": "Feature",
			"properties": { "pm_name": "商港三路", "pm_type": "中央分隔島" },
			"geometry": {
				"type": "Point",
				"coordinates": [121.4010246,25.15297309]
			}
		},
		{
			"type": "Feature",
			"properties": { "pm_name": "商港三路", "pm_type": "中央分隔島" },
			"geometry": {
				"type": "Point",
				"coordinates": [121.4010857,25.15301911]
			}
		},
		{
			"type": "Feature",
			"properties": { "pm_name": "商港三路", "pm_type": "中央分隔島" },
			"geometry": {
				"type": "Point",
				"coordinates": [121.4011467,25.15306512]
			}
		},
		{
			"type": "Feature",
			"properties": { "pm_name": "商港三路", "pm_type": "中央分隔島" },
			"geometry": {
				"type": "Point",
				"coordinates": [121.4012078,25.15311114]
			}
		},
		{
			"type": "Feature",
			"properties": { "pm_name": "商港三路", "pm_type": "中央分隔島" },
			"geometry": {
				"type": "Point",
				"coordinates": [121.4012688,25.15315716]
			}
		},
		{
			"type": "Feature",
			"properties": { "pm_name": "商港三路", "pm_type": "中央分隔島" },
			"geometry": {
				"type": "Point",
				"coordinates": [121.4013299,25.15320318]
			}
		},
		{
			"type": "Feature",
			"properties": { "pm_name": "商港三路", "pm_type": "中央分隔島" },
			"geometry": {
				"type": "Point",
				"coordinates": [121.4013909,25.15324919]
			}
		},
		{
			"type": "Feature",
			"properties": { "pm_name": "商港三路", "pm_type": "中央分隔島" },
			"geometry": {
				"type": "Point",
				"coordinates": [121.4014519,25.15329521]
			}
		},
		{
			"type": "Feature",
			"properties": { "pm_name": "商港三路", "pm_type": "中央分隔島" },
			"geometry": {
				"type": "Point",
				"coordinates": [121.401513,25.15334123]
			}
		},
		{
			"type": "Feature",
			"properties": { "pm_name": "商港三路", "pm_type": "中央分隔島" },
			"geometry": {
				"type": "Point",
				"coordinates": [121.401574,25.15338724]
			}
		},
		{
			"type": "Feature",
			"properties": { "pm_name": "商港三路", "pm_type": "中央分隔島" },
			"geometry": {
				"type": "Point",
				"coordinates": [121.4016351,25.15343326]
			}
		},
		{
			"type": "Feature",
			"properties": { "pm_name": "商港三路", "pm_type": "中央分隔島" },
			"geometry": {
				"type": "Point",
				"coordinates": [121.4016961,25.15347928]
			}
		},
		{
			"type": "Feature",
			"properties": { "pm_name": "商港三路", "pm_type": "中央分隔島" },
			"geometry": {
				"type": "Point",
				"coordinates": [121.4017572,25.1535253]
			}
		},
		{
			"type": "Feature",
			"properties": { "pm_name": "商港三路", "pm_type": "中央分隔島" },
			"geometry": {
				"type": "Point",
				"coordinates": [121.4018182,25.15357131]
			}
		},
		{
			"type": "Feature",
			"properties": { "pm_name": "商港三路", "pm_type": "中央分隔島" },
			"geometry": {
				"type": "Point",
				"coordinates": [121.4018793,25.15361733]
			}
		},
		{
			"type": "Feature",
			"properties": { "pm_name": "商港三路", "pm_type": "中央分隔島" },
			"geometry": {
				"type": "Point",
				"coordinates": [121.4019403,25.15366335]
			}
		},
		{
			"type": "Feature",
			"properties": { "pm_name": "商港三路", "pm_type": "中央分隔島" },
			"geometry": {
				"type": "Point",
				"coordinates": [121.4020013,25.15370936]
			}
		},
		{
			"type": "Feature",
			"properties": { "pm_name": "商港三路", "pm_type": "中央分隔島" },
			"geometry": {
				"type": "Point",
				"coordinates": [121.4020624,25.15375538]
			}
		},
		{
			"type": "Feature",
			"properties": { "pm_name": "商港三路", "pm_type": "中央分隔島" },
			"geometry": {
				"type": "Point",
				"coordinates": [121.4021234,25.1538014]
			}
		},
		{
			"type": "Feature",
			"properties": { "pm_name": "商港三路", "pm_type": "中央分隔島" },
			"geometry": {
				"type": "Point",
				"coordinates": [121.4021845,25.15384742]
			}
		},
		{
			"type": "Feature",
			"properties": { "pm_name": "商港三路", "pm_type": "中央分隔島" },
			"geometry": {
				"type": "Point",
				"coordinates": [121.4022455,25.15389343]
			}
		},
		{
			"type": "Feature",
			"properties": { "pm_name": "商港三路", "pm_type": "中央分隔島" },
			"geometry": {
				"type": "Point",
				"coordinates": [121.4023066,25.15393945]
			}
		},
		{
			"type": "Feature",
			"properties": { "pm_name": "商港三路", "pm_type": "中央分隔島" },
			"geometry": {
				"type": "Point",
				"coordinates": [121.4023676,25.15398547]
			}
		},
		{
			"type": "Feature",
			"properties": { "pm_name": "商港三路", "pm_type": "中央分隔島" },
			"geometry": {
				"type": "Point",
				"coordinates": [121.4024287,25.15403148]
			}
		},
		{
			"type": "Feature",
			"properties": { "pm_name": "商港三路", "pm_type": "中央分隔島" },
			"geometry": {
				"type": "Point",
				"coordinates": [121.4024897,25.1540775]
			}
		},
		{
			"type": "Feature",
			"properties": { "pm_name": "商港三路", "pm_type": "中央分隔島" },
			"geometry": {
				"type": "Point",
				"coordinates": [121.4025508,25.15412352]
			}
		},
		{
			"type": "Feature",
			"properties": { "pm_name": "商港三路", "pm_type": "中央分隔島" },
			"geometry": {
				"type": "Point",
				"coordinates": [121.4026118,25.15416953]
			}
		},
		{
			"type": "Feature",
			"properties": { "pm_name": "商港三路", "pm_type": "中央分隔島" },
			"geometry": {
				"type": "Point",
				"coordinates": [121.4026728,25.15421555]
			}
		},
		{
			"type": "Feature",
			"properties": { "pm_name": "商港三路", "pm_type": "中央分隔島" },
			"geometry": {
				"type": "Point",
				"coordinates": [121.4027339,25.15426157]
			}
		},
		{
			"type": "Feature",
			"properties": { "pm_name": "商港三路", "pm_type": "中央分隔島" },
			"geometry": {
				"type": "Point",
				"coordinates": [121.4027949,25.15430759]
			}
		},
		{
			"type": "Feature",
			"properties": { "pm_name": "商港三路", "pm_type": "中央分隔島" },
			"geometry": {
				"type": "Point",
				"coordinates": [121.402856,25.1543536]
			}
		},
		{
			"type": "Feature",
			"properties": { "pm_name": "商港三路", "pm_type": "中央分隔島" },
			"geometry": {
				"type": "Point",
				"coordinates": [121.402917,25.15439962]
			}
		},
		{
			"type": "Feature",
			"properties": { "pm_name": "商港三路", "pm_type": "中央分隔島" },
			"geometry": {
				"type": "Point",
				"coordinates": [121.4029781,25.15444564]
			}
		},
		{
			"type": "Feature",
			"properties": { "pm_name": "商港三路", "pm_type": "中央分隔島" },
			"geometry": {
				"type": "Point",
				"coordinates": [121.4030391,25.15449165]
			}
		},
		{
			"type": "Feature",
			"properties": { "pm_name": "商港三路", "pm_type": "中央分隔島" },
			"geometry": {
				"type": "Point",
				"coordinates": [121.4031002,25.15453767]
			}
		},
		{
			"type": "Feature",
			"properties": { "pm_name": "商港三路", "pm_type": "中央分隔島" },
			"geometry": {
				"type": "Point",
				"coordinates": [121.4031612,25.15458369]
			}
		},
		{
			"type": "Feature",
			"properties": { "pm_name": "商港三路", "pm_type": "中央分隔島" },
			"geometry": {
				"type": "Point",
				"coordinates": [121.4032222,25.15462971]
			}
		},
		{
			"type": "Feature",
			"properties": { "pm_name": "商港三路", "pm_type": "中央分隔島" },
			"geometry": {
				"type": "Point",
				"coordinates": [121.4032833,25.15467572]
			}
		},
		{
			"type": "Feature",
			"properties": { "pm_name": "商港三路", "pm_type": "中央分隔島" },
			"geometry": {
				"type": "Point",
				"coordinates": [121.4033443,25.15472174]
			}
		},
		{
			"type": "Feature",
			"properties": { "pm_name": "商港三路", "pm_type": "中央分隔島" },
			"geometry": {
				"type": "Point",
				"coordinates": [121.4034054,25.15476776]
			}
		},
		{
			"type": "Feature",
			"properties": { "pm_name": "商港三路", "pm_type": "中央分隔島" },
			"geometry": {
				"type": "Point",
				"coordinates": [121.4034664,25.15481377]
			}
		},
		{
			"type": "Feature",
			"properties": { "pm_name": "商港三路", "pm_type": "中央分隔島" },
			"geometry": {
				"type": "Point",
				"coordinates": [121.4035275,25.15485979]
			}
		},
		{
			"type": "Feature",
			"properties": { "pm_name": "商港三路", "pm_type": "中央分隔島" },
			"geometry": {
				"type": "Point",
				"coordinates": [121.4035885,25.15490581]
			}
		},
		{
			"type": "Feature",
			"properties": { "pm_name": "商港三路", "pm_type": "中央分隔島" },
			"geometry": {
				"type": "Point",
				"coordinates": [121.4036496,25.15495183]
			}
		},
		{
			"type": "Feature",
			"properties": { "pm_name": "商港三路", "pm_type": "中央分隔島" },
			"geometry": {
				"type": "Point",
				"coordinates": [121.4037106,25.15499784]
			}
		},
		{
			"type": "Feature",
			"properties": { "pm_name": "商港三路", "pm_type": "中央分隔島" },
			"geometry": {
				"type": "Point",
				"coordinates": [121.4037716,25.15504386]
			}
		},
		{
			"type": "Feature",
			"properties": { "pm_name": "商港三路", "pm_type": "中央分隔島" },
			"geometry": {
				"type": "Point",
				"coordinates": [121.4038327,25.15508988]
			}
		},
		{
			"type": "Feature",
			"properties": { "pm_name": "商港三路", "pm_type": "中央分隔島" },
			"geometry": {
				"type": "Point",
				"coordinates": [121.4038937,25.15513589]
			}
		},
		{
			"type": "Feature",
			"properties": { "pm_name": "商港三路", "pm_type": "中央分隔島" },
			"geometry": {
				"type": "Point",
				"coordinates": [121.4039548,25.15518191]
			}
		},
		{
			"type": "Feature",
			"properties": { "pm_name": "商港三路", "pm_type": "中央分隔島" },
			"geometry": {
				"type": "Point",
				"coordinates": [121.4040158,25.15522793]
			}
		},
		{
			"type": "Feature",
			"properties": { "pm_name": "商港三路", "pm_type": "中央分隔島" },
			"geometry": {
				"type": "Point",
				"coordinates": [121.4040769,25.15527395]
			}
		},
		{
			"type": "Feature",
			"properties": { "pm_name": "商港三路", "pm_type": "中央分隔島" },
			"geometry": {
				"type": "Point",
				"coordinates": [121.4041379,25.15531996]
			}
		},
		{
			"type": "Feature",
			"properties": { "pm_name": "商港三路", "pm_type": "中央分隔島" },
			"geometry": {
				"type": "Point",
				"coordinates": [121.404199,25.15536598]
			}
		},
		{
			"type": "Feature",
			"properties": { "pm_name": "商港三路", "pm_type": "中央分隔島" },
			"geometry": {
				"type": "Point",
				"coordinates": [121.40426,25.155412]
			}
		},
		{
			"type": "Feature",
			"properties": { "pm_name": "商港三路", "pm_type": "中央分隔島" },
			"geometry": {
				"type": "Point",
				"coordinates": [121.404321,25.15545801]
			}
		},
		{
			"type": "Feature",
			"properties": { "pm_name": "商港三路", "pm_type": "中央分隔島" },
			"geometry": {
				"type": "Point",
				"coordinates": [121.4043821,25.15550403]
			}
		},
		{
			"type": "Feature",
			"properties": { "pm_name": "商港三路", "pm_type": "中央分隔島" },
			"geometry": {
				"type": "Point",
				"coordinates": [121.4044431,25.15555005]
			}
		},
		{
			"type": "Feature",
			"properties": { "pm_name": "商港三路", "pm_type": "中央分隔島" },
			"geometry": {
				"type": "Point",
				"coordinates": [121.4045042,25.15559606]
			}
		},
		{
			"type": "Feature",
			"properties": { "pm_name": "商港三路", "pm_type": "中央分隔島" },
			"geometry": {
				"type": "Point",
				"coordinates": [121.4045652,25.15564208]
			}
		},
		{
			"type": "Feature",
			"properties": { "pm_name": "商港三路", "pm_type": "中央分隔島" },
			"geometry": {
				"type": "Point",
				"coordinates": [121.4046263,25.1556881]
			}
		},
		{
			"type": "Feature",
			"properties": { "pm_name": "商港三路", "pm_type": "中央分隔島" },
			"geometry": {
				"type": "Point",
				"coordinates": [121.4046873,25.15573412]
			}
		},
		{
			"type": "Feature",
			"properties": { "pm_name": "商港三路", "pm_type": "中央分隔島" },
			"geometry": {
				"type": "Point",
				"coordinates": [121.4047484,25.15578013]
			}
		},
		{
			"type": "Feature",
			"properties": { "pm_name": "商港三路", "pm_type": "中央分隔島" },
			"geometry": {
				"type": "Point",
				"coordinates": [121.4048094,25.15582615]
			}
		},
		{
			"type": "Feature",
			"properties": { "pm_name": "商港三路", "pm_type": "中央分隔島" },
			"geometry": {
				"type": "Point",
				"coordinates": [121.4048705,25.15587217]
			}
		},
		{
			"type": "Feature",
			"properties": { "pm_name": "商港三路", "pm_type": "中央分隔島" },
			"geometry": {
				"type": "Point",
				"coordinates": [121.4049315,25.15591818]
			}
		},
		{
			"type": "Feature",
			"properties": { "pm_name": "商港三路", "pm_type": "中央分隔島" },
			"geometry": {
				"type": "Point",
				"coordinates": [121.4049925,25.1559642]
			}
		},
		{
			"type": "Feature",
			"properties": { "pm_name": "商港三路", "pm_type": "中央分隔島" },
			"geometry": {
				"type": "Point",
				"coordinates": [121.4050536,25.15601022]
			}
		},
		{
			"type": "Feature",
			"properties": { "pm_name": "台2線", "pm_type": "人行道" },
			"geometry": {
				"type": "Point",
				"coordinates": [121.965551,24.984172]
			}
		},
		{
			"type": "Feature",
			"properties": { "pm_name": "台2線", "pm_type": "人行道" },
			"geometry": {
				"type": "Point",
				"coordinates": [121.965896,24.984466]
			}
		},
		{
			"type": "Feature",
			"properties": { "pm_name": "台2線", "pm_type": "人行道" },
			"geometry": {
				"type": "Point",
				"coordinates": [121.966241,24.98476]
			}
		},
		{
			"type": "Feature",
			"properties": { "pm_name": "台2線", "pm_type": "人行道" },
			"geometry": {
				"type": "Point",
				"coordinates": [121.966586,24.985054]
			}
		},
		{
			"type": "Feature",
			"properties": { "pm_name": "台2線", "pm_type": "人行道" },
			"geometry": {
				"type": "Point",
				"coordinates": [121.966931,24.985348]
			}
		},
		{
			"type": "Feature",
			"properties": { "pm_name": "台2線", "pm_type": "人行道" },
			"geometry": {
				"type": "Point",
				"coordinates": [121.967276,24.985642]
			}
		},
		{
			"type": "Feature",
			"properties": { "pm_name": "台2線", "pm_type": "人行道" },
			"geometry": {
				"type": "Point",
				"coordinates": [121.967621,24.985936]
			}
		},
		{
			"type": "Feature",
			"properties": { "pm_name": "台2線", "pm_type": "人行道" },
			"geometry": {
				"type": "Point",
				"coordinates": [121.967966,24.98623]
			}
		},
		{
			"type": "Feature",
			"properties": { "pm_name": "台2線", "pm_type": "人行道" },
			"geometry": {
				"type": "Point",
				"coordinates": [121.968312,24.986524]
			}
		},
		{
			"type": "Feature",
			"properties": { "pm_name": "台2線", "pm_type": "人行道" },
			"geometry": {
				"type": "Point",
				"coordinates": [121.968657,24.986818]
			}
		},
		{
			"type": "Feature",
			"properties": { "pm_name": "台2線", "pm_type": "人行道" },
			"geometry": {
				"type": "Point",
				"coordinates": [121.969002,24.987112]
			}
		},
		{
			"type": "Feature",
			"properties": { "pm_name": "台2線", "pm_type": "人行道" },
			"geometry": {
				"type": "Point",
				"coordinates": [121.969347,24.987406]
			}
		},
		{
			"type": "Feature",
			"properties": { "pm_name": "台2線", "pm_type": "人行道" },
			"geometry": {
				"type": "Point",
				"coordinates": [121.969692,24.9877]
			}
		},
		{
			"type": "Feature",
			"properties": { "pm_name": "台2線", "pm_type": "人行道" },
			"geometry": {
				"type": "Point",
				"coordinates": [121.970037,24.987994]
			}
		},
		{
			"type": "Feature",
			"properties": { "pm_name": "台2線", "pm_type": "人行道" },
			"geometry": {
				"type": "Point",
				"coordinates": [121.970382,24.988288]
			}
		},
		{
			"type": "Feature",
			"properties": { "pm_name": "台2線", "pm_type": "人行道" },
			"geometry": {
				"type": "Point",
				"coordinates": [121.970727,24.988582]
			}
		},
		{
			"type": "Feature",
			"properties": { "pm_name": "台2線", "pm_type": "人行道" },
			"geometry": {
				"type": "Point",
				"coordinates": [121.971072,24.988876]
			}
		},
		{
			"type": "Feature",
			"properties": { "pm_name": "台2線", "pm_type": "人行道" },
			"geometry": {
				"type": "Point",
				"coordinates": [121.971417,24.98917]
			}
		},
		{
			"type": "Feature",
			"properties": { "pm_name": "台2線", "pm_type": "人行道" },
			"geometry": {
				"type": "Point",
				"coordinates": [121.971762,24.989464]
			}
		},
		{
			"type": "Feature",
			"properties": { "pm_name": "台2線", "pm_type": "人行道" },
			"geometry": {
				"type": "Point",
				"coordinates": [121.972108,24.989758]
			}
		},
		{
			"type": "Feature",
			"properties": { "pm_name": "台2線", "pm_type": "人行道" },
			"geometry": {
				"type": "Point",
				"coordinates": [121.972453,24.990052]
			}
		},
		{
			"type": "Feature",
			"properties": { "pm_name": "台2線", "pm_type": "人行道" },
			"geometry": {
				"type": "Point",
				"coordinates": [121.972798,24.990346]
			}
		},
		{
			"type": "Feature",
			"properties": { "pm_name": "台2線", "pm_type": "人行道" },
			"geometry": {
				"type": "Point",
				"coordinates": [121.973143,24.99064]
			}
		},
		{
			"type": "Feature",
			"properties": { "pm_name": "台2線", "pm_type": "人行道" },
			"geometry": {
				"type": "Point",
				"coordinates": [121.973488,24.990934]
			}
		},
		{
			"type": "Feature",
			"properties": { "pm_name": "台2線", "pm_type": "人行道" },
			"geometry": {
				"type": "Point",
				"coordinates": [121.973833,24.991228]
			}
		},
		{
			"type": "Feature",
			"properties": { "pm_name": "台2線", "pm_type": "人行道" },
			"geometry": {
				"type": "Point",
				"coordinates": [121.974178,24.991522]
			}
		},
		{
			"type": "Feature",
			"properties": { "pm_name": "台2線", "pm_type": "人行道" },
			"geometry": {
				"type": "Point",
				"coordinates": [121.974523,24.991816]
			}
		},
		{
			"type": "Feature",
			"properties": { "pm_name": "台2線", "pm_type": "人行道" },
			"geometry": {
				"type": "Point",
				"coordinates": [121.974868,24.99211]
			}
		},
		{
			"type": "Feature",
			"properties": { "pm_name": "台2線", "pm_type": "人行道" },
			"geometry": {
				"type": "Point",
				"coordinates": [121.975213,24.992404]
			}
		},
		{
			"type": "Feature",
			"properties": { "pm_name": "台2線", "pm_type": "人行道" },
			"geometry": {
				"type": "Point",
				"coordinates": [121.975558,24.992698]
			}
		},
		{
			"type": "Feature",
			"properties": { "pm_name": "台2線", "pm_type": "人行道" },
			"geometry": {
				"type": "Point",
				"coordinates": [121.975904,24.992992]
			}
		},
		{
			"type": "Feature",
			"properties": { "pm_name": "台2線", "pm_type": "人行道" },
			"geometry": {
				"type": "Point",
				"coordinates": [121.976249,24.993286]
			}
		},
		{
			"type": "Feature",
			"properties": { "pm_name": "台2線", "pm_type": "人行道" },
			"geometry": {
				"type": "Point",
				"coordinates": [121.976594,24.99358]
			}
		},
		{
			"type": "Feature",
			"properties": { "pm_name": "台2線", "pm_type": "人行道" },
			"geometry": {
				"type": "Point",
				"coordinates": [121.976939,24.993874]
			}
		},
		{
			"type": "Feature",
			"properties": { "pm_name": "台2線", "pm_type": "人行道" },
			"geometry": {
				"type": "Point",
				"coordinates": [121.977284,24.994168]
			}
		},
		{
			"type": "Feature",
			"properties": { "pm_name": "台2線", "pm_type": "人行道" },
			"geometry": {
				"type": "Point",
				"coordinates": [121.977629,24.994462]
			}
		},
		{
			"type": "Feature",
			"properties": { "pm_name": "台2線", "pm_type": "人行道" },
			"geometry": {
				"type": "Point",
				"coordinates": [121.977974,24.994756]
			}
		},
		{
			"type": "Feature",
			"properties": { "pm_name": "台2線", "pm_type": "人行道" },
			"geometry": {
				"type": "Point",
				"coordinates": [121.978319,24.99505]
			}
		},
		{
			"type": "Feature",
			"properties": { "pm_name": "台2線", "pm_type": "人行道" },
			"geometry": {
				"type": "Point",
				"coordinates": [121.978664,24.995344]
			}
		},
		{
			"type": "Feature",
			"properties": { "pm_name": "台2線", "pm_type": "人行道" },
			"geometry": {
				"type": "Point",
				"coordinates": [121.979009,24.995638]
			}
		},
		{
			"type": "Feature",
			"properties": { "pm_name": "台2線", "pm_type": "人行道" },
			"geometry": {
				"type": "Point",
				"coordinates": [121.979354,24.995932]
			}
		},
		{
			"type": "Feature",
			"properties": { "pm_name": "台2線", "pm_type": "人行道" },
			"geometry": {
				"type": "Point",
				"coordinates": [121.9797,24.996226]
			}
		},
		{
			"type": "Feature",
			"properties": { "pm_name": "台2線", "pm_type": "人行道" },
			"geometry": {
				"type": "Point",
				"coordinates": [121.980045,24.99652]
			}
		},
		{
			"type": "Feature",
			"properties": { "pm_name": "台2線", "pm_type": "人行道" },
			"geometry": {
				"type": "Point",
				"coordinates": [121.98039,24.996814]
			}
		},
		{
			"type": "Feature",
			"properties": { "pm_name": "台2線", "pm_type": "人行道" },
			"geometry": {
				"type": "Point",
				"coordinates": [121.980735,24.997108]
			}
		},
		{
			"type": "Feature",
			"properties": { "pm_name": "台2線", "pm_type": "人行道" },
			"geometry": {
				"type": "Point",
				"coordinates": [121.98108,24.997402]
			}
		},
		{
			"type": "Feature",
			"properties": { "pm_name": "台2線", "pm_type": "人行道" },
			"geometry": {
				"type": "Point",
				"coordinates": [121.981425,24.997696]
			}
		},
		{
			"type": "Feature",
			"properties": { "pm_name": "台2線", "pm_type": "人行道" },
			"geometry": {
				"type": "Point",
				"coordinates": [121.98177,24.99799]
			}
		},
		{
			"type": "Feature",
			"properties": { "pm_name": "台2線", "pm_type": "人行道" },
			"geometry": {
				"type": "Point",
				"coordinates": [121.982115,24.998284]
			}
		},
		{
			"type": "Feature",
			"properties": { "pm_name": "台2線", "pm_type": "人行道" },
			"geometry": {
				"type": "Point",
				"coordinates": [121.98246,24.998578]
			}
		},
		{
			"type": "Feature",
			"properties": { "pm_name": "台2線", "pm_type": "人行道" },
			"geometry": {
				"type": "Point",
				"coordinates": [121.982805,24.998872]
			}
		},
		{
			"type": "Feature",
			"properties": { "pm_name": "台2線", "pm_type": "人行道" },
			"geometry": {
				"type": "Point",
				"coordinates": [121.98315,24.999166]
			}
		},
		{
			"type": "Feature",
			"properties": { "pm_name": "台2線", "pm_type": "人行道" },
			"geometry": {
				"type": "Point",
				"coordinates": [121.983496,24.99946]
			}
		},
		{
			"type": "Feature",
			"properties": { "pm_name": "台2線", "pm_type": "人行道" },
			"geometry": {
				"type": "Point",
				"coordinates": [121.983841,24.999754]
			}
		},
		{
			"type": "Feature",
			"properties": { "pm_name": "台2線", "pm_type": "人行道" },
			"geometry": {
				"type": "Point",
				"coordinates": [121.984186,25.000048]
			}
		},
		{
			"type": "Feature",
			"properties": { "pm_name": "台2線", "pm_type": "人行道" },
			"geometry": {
				"type": "Point",
				"coordinates": [121.984531,25.000342]
			}
		},
		{
			"type": "Feature",
			"properties": { "pm_name": "台2線", "pm_type": "人行道" },
			"geometry": {
				"type": "Point",
				"coordinates": [121.984876,25.000636]
			}
		},
		{
			"type": "Feature",
			"properties": { "pm_name": "台2線", "pm_type": "人行道" },
			"geometry": {
				"type": "Point",
				"coordinates": [121.985221,25.00093]
			}
		},
		{
			"type": "Feature",
			"properties": { "pm_name": "台2線", "pm_type": "人行道" },
			"geometry": {
				"type": "Point",
				"coordinates": [121.985566,25.001224]
			}
		},
		{
			"type": "Feature",
			"properties": { "pm_name": "台2線", "pm_type": "人行道" },
			"geometry": {
				"type": "Point",
				"coordinates": [121.985911,25.001518]
			}
		},
		{
			"type": "Feature",
			"properties": { "pm_name": "台2線", "pm_type": "人行道" },
			"geometry": {
				"type": "Point",
				"coordinates": [121.986256,25.001812]
			}
		},
		{
			"type": "Feature",
			"properties": { "pm_name": "台2線", "pm_type": "人行道" },
			"geometry": {
				"type": "Point",
				"coordinates": [121.986601,25.002106]
			}
		},
		{
			"type": "Feature",
			"properties": { "pm_name": "台2線", "pm_type": "人行道" },
			"geometry": {
				"type": "Point",
				"coordinates": [121.986946,25.0024]
			}
		},
		{
			"type": "Feature",
			"properties": { "pm_name": "台2線", "pm_type": "人行道" },
			"geometry": {
				"type": "Point",
				"coordinates": [121.987292,25.002694]
			}
		},
		{
			"type": "Feature",
			"properties": { "pm_name": "台2線", "pm_type": "人行道" },
			"geometry": {
				"type": "Point",
				"coordinates": [121.987637,25.002988]
			}
		},
		{
			"type": "Feature",
			"properties": { "pm_name": "台2線", "pm_type": "人行道" },
			"geometry": {
				"type": "Point",
				"coordinates": [121.987982,25.003282]
			}
		},
		{
			"type": "Feature",
			"properties": { "pm_name": "台2線", "pm_type": "人行道" },
			"geometry": {
				"type": "Point",
				"coordinates": [121.988327,25.003576]
			}
		},
		{
			"type": "Feature",
			"properties": { "pm_name": "台2線", "pm_type": "人行道" },
			"geometry": {
				"type": "Point",
				"coordinates": [121.988672,25.00387]
			}
		},
		{
			"type": "Feature",
			"properties": { "pm_name": "台2線", "pm_type": "人行道" },
			"geometry": {
				"type": "Point",
				"coordinates": [121.989017,25.004164]
			}
		},
		{
			"type": "Feature",
			"properties": { "pm_name": "台2線", "pm_type": "人行道" },
			"geometry": {
				"type": "Point",
				"coordinates": [121.989362,25.004458]
			}
		},
		{
			"type": "Feature",
			"properties": { "pm_name": "台2線", "pm_type": "人行道" },
			"geometry": {
				"type": "Point",
				"coordinates": [121.989707,25.004752]
			}
		},
		{
			"type": "Feature",
			"properties": { "pm_name": "台2線", "pm_type": "人行道" },
			"geometry": {
				"type": "Point",
				"coordinates": [121.990052,25.005046]
			}
		},
		{
			"type": "Feature",
			"properties": { "pm_name": "台2線", "pm_type": "人行道" },
			"geometry": {
				"type": "Point",
				"coordinates": [121.990397,25.00534]
			}
		},
		{
			"type": "Feature",
			"properties": { "pm_name": "台2線", "pm_type": "人行道" },
			"geometry": {
				"type": "Point",
				"coordinates": [121.990742,25.005634]
			}
		},
		{
			"type": "Feature",
			"properties": { "pm_name": "台2線", "pm_type": "人行道" },
			"geometry": {
				"type": "Point",
				"coordinates": [121.991088,25.005928]
			}
		},
		{
			"type": "Feature",
			"properties": { "pm_name": "台2線", "pm_type": "人行道" },
			"geometry": {
				"type": "Point",
				"coordinates": [121.991433,25.006222]
			}
		},
		{
			"type": "Feature",
			"properties": { "pm_name": "台2線", "pm_type": "人行道" },
			"geometry": {
				"type": "Point",
				"coordinates": [121.991778,25.006516]
			}
		},
		{
			"type": "Feature",
			"properties": { "pm_name": "台2線", "pm_type": "人行道" },
			"geometry": {
				"type": "Point",
				"coordinates": [121.992123,25.00681]
			}
		},
		{
			"type": "Feature",
			"properties": { "pm_name": "台2線", "pm_type": "人行道" },
			"geometry": {
				"type": "Point",
				"coordinates": [121.992468,25.007104]
			}
		},
		{
			"type": "Feature",
			"properties": { "pm_name": "台2線", "pm_type": "人行道" },
			"geometry": {
				"type": "Point",
				"coordinates": [121.992813,25.007398]
			}
		},
		{
			"type": "Feature",
			"properties": { "pm_name": "台2線", "pm_type": "人行道" },
			"geometry": {
				"type": "Point",
				"coordinates": [121.993158,25.007692]
			}
		},
		{
			"type": "Feature",
			"properties": { "pm_name": "台2線", "pm_type": "人行道" },
			"geometry": {
				"type": "Point",
				"coordinates": [121.993503,25.007986]
			}
		},
		{
			"type": "Feature",
			"properties": { "pm_name": "台2線", "pm_type": "人行道" },
			"geometry": {
				"type": "Point",
				"coordinates": [121.993848,25.00828]
			}
		},
		{
			"type": "Feature",
			"properties": { "pm_name": "台2線", "pm_type": "人行道" },
			"geometry": {
				"type": "Point",
				"coordinates": [121.994193,25.008574]
			}
		},
		{
			"type": "Feature",
			"properties": { "pm_name": "台2線", "pm_type": "人行道" },
			"geometry": {
				"type": "Point",
				"coordinates": [121.994538,25.008868]
			}
		},
		{
			"type": "Feature",
			"properties": { "pm_name": "台2線", "pm_type": "人行道" },
			"geometry": {
				"type": "Point",
				"coordinates": [121.994884,25.009162]
			}
		},
		{
			"type": "Feature",
			"properties": { "pm_name": "台2線", "pm_type": "人行道" },
			"geometry": {
				"type": "Point",
				"coordinates": [121.995229,25.009456]
			}
		},
		{
			"type": "Feature",
			"properties": { "pm_name": "台2線", "pm_type": "人行道" },
			"geometry": {
				"type": "Point",
				"coordinates": [121.995574,25.00975]
			}
		},
		{
			"type": "Feature",
			"properties": { "pm_name": "台2線", "pm_type": "人行道" },
			"geometry": {
				"type": "Point",
				"coordinates": [121.995919,25.010044]
			}
		},
		{
			"type": "Feature",
			"properties": { "pm_name": "台2線", "pm_type": "人行道" },
			"geometry": {
				"type": "Point",
				"coordinates": [121.996264,25.010338]
			}
		},
		{
			"type": "Feature",
			"properties": { "pm_name": "台2線", "pm_type": "人行道" },
			"geometry": {
				"type": "Point",
				"coordinates": [121.996609,25.010632]
			}
		},
		{
			"type": "Feature",
			"properties": { "pm_name": "台2線", "pm_type": "人行道" },
			"geometry": {
				"type": "Point",
				"coordinates": [121.996954,25.010926]
			}
		},
		{
			"type": "Feature",
			"properties": { "pm_name": "台2線", "pm_type": "人行道" },
			"geometry": {
				"type": "Point",
				"coordinates": [121.997299,25.01122]
			}
		},
		{
			"type": "Feature",
			"properties": { "pm_name": "台2線", "pm_type": "人行道" },
			"geometry": {
				"type": "Point",
				"coordinates": [121.997644,25.011514]
			}
		},
		{
			"type": "Feature",
			"properties": { "pm_name": "台2線", "pm_type": "人行道" },
			"geometry": {
				"type": "Point",
				"coordinates": [121.997989,25.011808]
			}
		},
		{
			"type": "Feature",
			"properties": { "pm_name": "台2線", "pm_type": "人行道" },
			"geometry": {
				"type": "Point",
				"coordinates": [121.998334,25.012102]
			}
		},
		{
			"type": "Feature",
			"properties": { "pm_name": "台2線", "pm_type": "人行道" },
			"geometry": {
				"type": "Point",
				"coordinates": [121.99868,25.012396]
			}
		},
		{
			"type": "Feature",
			"properties": { "pm_name": "台2線", "pm_type": "人行道" },
			"geometry": {
				"type": "Point",
				"coordinates": [121.999025,25.01269]
			}
		},
		{
			"type": "Feature",
			"properties": { "pm_name": "台2線", "pm_type": "人行道" },
			"geometry": {
				"type": "Point",
				"coordinates": [121.99937,25.012984]
			}
		},
		{
			"type": "Feature",
			"properties": { "pm_name": "台2線", "pm_type": "人行道" },
			"geometry": {
				"type": "Point",
				"coordinates": [121.999715,25.013281]
			}
		},
		{
			"type": "Feature",
			"properties": { "pm_name": "台2線", "pm_type": "人行道" },
			"geometry": {
				"type": "Point",
				"coordinates": [121.992497,25.01693]
			}
		},
		{
			"type": "Feature",
			"properties": { "pm_name": "台2線", "pm_type": "人行道" },
			"geometry": {
				"type": "Point",
				"coordinates": [121.953041,25.016625]
			}
		},
		{
			"type": "Feature",
			"properties": { "pm_name": "台2線", "pm_type": "人行道" },
			"geometry": {
				"type": "Point",
				"coordinates": [121.98083,25.016839]
			}
		},
		{
			"type": "Feature",
			"properties": { "pm_name": "台2線", "pm_type": "人行道" },
			"geometry": {
				"type": "Point",
				"coordinates": [121.985012,25.016871]
			}
		},
		{
			"type": "Feature",
			"properties": { "pm_name": "台2線", "pm_type": "人行道" },
			"geometry": {
				"type": "Point",
				"coordinates": [121.961917,25.016694]
			}
		},
		{
			"type": "Feature",
			"properties": { "pm_name": "台2線", "pm_type": "人行道" },
			"geometry": {
				"type": "Point",
				"coordinates": [121.948839,25.016593]
			}
		},
		{
			"type": "Feature",
			"properties": { "pm_name": "台2線", "pm_type": "人行道" },
			"geometry": {
				"type": "Point",
				"coordinates": [121.953507,25.016629]
			}
		},
		{
			"type": "Feature",
			"properties": { "pm_name": "台2線", "pm_type": "人行道" },
			"geometry": {
				"type": "Point",
				"coordinates": [121.958045,25.016664]
			}
		},
		{
			"type": "Feature",
			"properties": { "pm_name": "台2線", "pm_type": "人行道" },
			"geometry": {
				"type": "Point",
				"coordinates": [121.956734,25.016654]
			}
		},
		{
			"type": "Feature",
			"properties": { "pm_name": "台2線", "pm_type": "人行道" },
			"geometry": {
				"type": "Point",
				"coordinates": [121.971337,25.016766]
			}
		},
		{
			"type": "Feature",
			"properties": { "pm_name": "台2線", "pm_type": "人行道" },
			"geometry": {
				"type": "Point",
				"coordinates": [121.946654,25.016576]
			}
		},
		{
			"type": "Feature",
			"properties": { "pm_name": "台2線", "pm_type": "人行道" },
			"geometry": {
				"type": "Point",
				"coordinates": [121.992759,25.016931]
			}
		},
		{
			"type": "Feature",
			"properties": { "pm_name": "台2線", "pm_type": "人行道" },
			"geometry": {
				"type": "Point",
				"coordinates": [121.975876,25.016801]
			}
		},
		{
			"type": "Feature",
			"properties": { "pm_name": "台2線", "pm_type": "人行道" },
			"geometry": {
				"type": "Point",
				"coordinates": [121.972175,25.016773]
			}
		},
		{
			"type": "Feature",
			"properties": { "pm_name": "台2線", "pm_type": "人行道" },
			"geometry": {
				"type": "Point",
				"coordinates": [121.96766,25.016738]
			}
		},
		{
			"type": "Feature",
			"properties": { "pm_name": "台2線", "pm_type": "人行道" },
			"geometry": {
				"type": "Point",
				"coordinates": [121.994488,25.016945]
			}
		},
		{
			"type": "Feature",
			"properties": { "pm_name": "台2線", "pm_type": "人行道" },
			"geometry": {
				"type": "Point",
				"coordinates": [121.988029,25.016895]
			}
		},
		{
			"type": "Feature",
			"properties": { "pm_name": "台2線", "pm_type": "人行道" },
			"geometry": {
				"type": "Point",
				"coordinates": [121.958223,25.016665]
			}
		},
		{
			"type": "Feature",
			"properties": { "pm_name": "台2線", "pm_type": "人行道" },
			"geometry": {
				"type": "Point",
				"coordinates": [121.968284,25.016743]
			}
		},
		{
			"type": "Feature",
			"properties": { "pm_name": "台2線", "pm_type": "人行道" },
			"geometry": {
				"type": "Point",
				"coordinates": [121.985338,25.016874]
			}
		},
		{
			"type": "Feature",
			"properties": { "pm_name": "台2線", "pm_type": "人行道" },
			"geometry": {
				"type": "Point",
				"coordinates": [121.944119,25.016556]
			}
		},
		{
			"type": "Feature",
			"properties": { "pm_name": "台2線", "pm_type": "人行道" },
			"geometry": {
				"type": "Point",
				"coordinates": [121.9519,25.016616]
			}
		},
		{
			"type": "Feature",
			"properties": { "pm_name": "台2線", "pm_type": "人行道" },
			"geometry": {
				"type": "Point",
				"coordinates": [121.94279,25.016546]
			}
		},
		{
			"type": "Feature",
			"properties": { "pm_name": "台2線", "pm_type": "人行道" },
			"geometry": {
				"type": "Point",
				"coordinates": [121.978696,25.016823]
			}
		},
		{
			"type": "Feature",
			"properties": { "pm_name": "台2線", "pm_type": "人行道" },
			"geometry": {
				"type": "Point",
				"coordinates": [121.94555,25.016568]
			}
		},
		{
			"type": "Feature",
			"properties": { "pm_name": "台2線", "pm_type": "人行道" },
			"geometry": {
				"type": "Point",
				"coordinates": [121.991585,25.016922]
			}
		},
		{
			"type": "Feature",
			"properties": { "pm_name": "台2線", "pm_type": "人行道" },
			"geometry": {
				"type": "Point",
				"coordinates": [121.960334,25.016682]
			}
		},
		{
			"type": "Feature",
			"properties": { "pm_name": "台2線", "pm_type": "人行道" },
			"geometry": {
				"type": "Point",
				"coordinates": [121.964251,25.016712]
			}
		},
		{
			"type": "Feature",
			"properties": { "pm_name": "台2線", "pm_type": "人行道" },
			"geometry": {
				"type": "Point",
				"coordinates": [121.982635,25.016853]
			}
		},
		{
			"type": "Feature",
			"properties": { "pm_name": "台2線", "pm_type": "人行道" },
			"geometry": {
				"type": "Point",
				"coordinates": [121.965706,25.016723]
			}
		},
		{
			"type": "Feature",
			"properties": { "pm_name": "台2線", "pm_type": "人行道" },
			"geometry": {
				"type": "Point",
				"coordinates": [121.970636,25.016761]
			}
		},
		{
			"type": "Feature",
			"properties": { "pm_name": "台2線", "pm_type": "人行道" },
			"geometry": {
				"type": "Point",
				"coordinates": [121.947094,25.016579]
			}
		},
		{
			"type": "Feature",
			"properties": { "pm_name": "台2線", "pm_type": "人行道" },
			"geometry": {
				"type": "Point",
				"coordinates": [121.944917,25.016563]
			}
		},
		{
			"type": "Feature",
			"properties": { "pm_name": "台2線", "pm_type": "人行道" },
			"geometry": {
				"type": "Point",
				"coordinates": [121.980184,25.016834]
			}
		},
		{
			"type": "Feature",
			"properties": { "pm_name": "台2線", "pm_type": "人行道" },
			"geometry": {
				"type": "Point",
				"coordinates": [121.968412,25.016744]
			}
		},
		{
			"type": "Feature",
			"properties": { "pm_name": "台2線", "pm_type": "人行道" },
			"geometry": {
				"type": "Point",
				"coordinates": [121.952549,25.016621]
			}
		},
		{
			"type": "Feature",
			"properties": { "pm_name": "台2線", "pm_type": "人行道" },
			"geometry": {
				"type": "Point",
				"coordinates": [121.985653,25.016877]
			}
		},
		{
			"type": "Feature",
			"properties": { "pm_name": "台2線", "pm_type": "人行道" },
			"geometry": {
				"type": "Point",
				"coordinates": [121.956976,25.016656]
			}
		},
		{
			"type": "Feature",
			"properties": { "pm_name": "台2線", "pm_type": "人行道" },
			"geometry": {
				"type": "Point",
				"coordinates": [121.990234,25.016912]
			}
		},
		{
			"type": "Feature",
			"properties": { "pm_name": "台2線", "pm_type": "人行道" },
			"geometry": {
				"type": "Point",
				"coordinates": [121.953043,25.016625]
			}
		},
		{
			"type": "Feature",
			"properties": { "pm_name": "台2線", "pm_type": "人行道" },
			"geometry": {
				"type": "Point",
				"coordinates": [121.94481,25.016562]
			}
		},
		{
			"type": "Feature",
			"properties": { "pm_name": "台2線", "pm_type": "人行道" },
			"geometry": {
				"type": "Point",
				"coordinates": [121.967587,25.016738]
			}
		},
		{
			"type": "Feature",
			"properties": { "pm_name": "台2線", "pm_type": "人行道" },
			"geometry": {
				"type": "Point",
				"coordinates": [121.990666,25.016915]
			}
		},
		{
			"type": "Feature",
			"properties": { "pm_name": "台2線", "pm_type": "人行道" },
			"geometry": {
				"type": "Point",
				"coordinates": [121.974128,25.016788]
			}
		},
		{
			"type": "Feature",
			"properties": { "pm_name": "台2線", "pm_type": "人行道" },
			"geometry": {
				"type": "Point",
				"coordinates": [121.985775,25.016877]
			}
		},
		{
			"type": "Feature",
			"properties": { "pm_name": "台2線", "pm_type": "人行道" },
			"geometry": {
				"type": "Point",
				"coordinates": [121.990035,25.01691]
			}
		},
		{
			"type": "Feature",
			"properties": { "pm_name": "台2線", "pm_type": "人行道" },
			"geometry": {
				"type": "Point",
				"coordinates": [121.965306,25.01672]
			}
		},
		{
			"type": "Feature",
			"properties": { "pm_name": "台2線", "pm_type": "人行道" },
			"geometry": {
				"type": "Point",
				"coordinates": [121.959649,25.016676]
			}
		},
		{
			"type": "Feature",
			"properties": { "pm_name": "台2線", "pm_type": "人行道" },
			"geometry": {
				"type": "Point",
				"coordinates": [121.961957,25.016694]
			}
		},
		{
			"type": "Feature",
			"properties": { "pm_name": "台2線", "pm_type": "人行道" },
			"geometry": {
				"type": "Point",
				"coordinates": [121.983279,25.016858]
			}
		},
		{
			"type": "Feature",
			"properties": { "pm_name": "台2線", "pm_type": "人行道" },
			"geometry": {
				"type": "Point",
				"coordinates": [121.973491,25.016783]
			}
		},
		{
			"type": "Feature",
			"properties": { "pm_name": "台2線", "pm_type": "人行道" },
			"geometry": {
				"type": "Point",
				"coordinates": [121.965561,25.016722]
			}
		},
		{
			"type": "Feature",
			"properties": { "pm_name": "台2線", "pm_type": "人行道" },
			"geometry": {
				"type": "Point",
				"coordinates": [121.972161,25.016773]
			}
		},
		{
			"type": "Feature",
			"properties": { "pm_name": "台2線", "pm_type": "人行道" },
			"geometry": {
				"type": "Point",
				"coordinates": [121.993275,25.016936]
			}
		},
		{
			"type": "Feature",
			"properties": { "pm_name": "台2線", "pm_type": "人行道" },
			"geometry": {
				"type": "Point",
				"coordinates": [121.984666,25.016869]
			}
		},
		{
			"type": "Feature",
			"properties": { "pm_name": "台2線", "pm_type": "人行道" },
			"geometry": {
				"type": "Point",
				"coordinates": [121.971842,25.01677]
			}
		},
		{
			"type": "Feature",
			"properties": { "pm_name": "台2線", "pm_type": "人行道" },
			"geometry": {
				"type": "Point",
				"coordinates": [121.945763,25.016569]
			}
		},
		{
			"type": "Feature",
			"properties": { "pm_name": "台2線", "pm_type": "人行道" },
			"geometry": {
				"type": "Point",
				"coordinates": [121.974332,25.01679]
			}
		},
		{
			"type": "Feature",
			"properties": { "pm_name": "台2線", "pm_type": "人行道" },
			"geometry": {
				"type": "Point",
				"coordinates": [121.951515,25.016613]
			}
		},
		{
			"type": "Feature",
			"properties": { "pm_name": "台2線", "pm_type": "人行道" },
			"geometry": {
				"type": "Point",
				"coordinates": [121.950341,25.016604]
			}
		},
		{
			"type": "Feature",
			"properties": { "pm_name": "台2線", "pm_type": "人行道" },
			"geometry": {
				"type": "Point",
				"coordinates": [121.961129,25.016688]
			}
		},
		{
			"type": "Feature",
			"properties": { "pm_name": "台2線", "pm_type": "人行道" },
			"geometry": {
				"type": "Point",
				"coordinates": [121.947703,25.016584]
			}
		},
		{
			"type": "Feature",
			"properties": { "pm_name": "台2線", "pm_type": "人行道" },
			"geometry": {
				"type": "Point",
				"coordinates": [121.987679,25.016892]
			}
		},
		{
			"type": "Feature",
			"properties": { "pm_name": "台2線", "pm_type": "人行道" },
			"geometry": {
				"type": "Point",
				"coordinates": [121.956795,25.016654]
			}
		},
		{
			"type": "Feature",
			"properties": { "pm_name": "台2線", "pm_type": "人行道" },
			"geometry": {
				"type": "Point",
				"coordinates": [121.993175,25.016935]
			}
		},
		{
			"type": "Feature",
			"properties": { "pm_name": "台2線", "pm_type": "人行道" },
			"geometry": {
				"type": "Point",
				"coordinates": [121.960011,25.016679]
			}
		},
		{
			"type": "Feature",
			"properties": { "pm_name": "台2線", "pm_type": "人行道" },
			"geometry": {
				"type": "Point",
				"coordinates": [121.977873,25.016817]
			}
		},
		{
			"type": "Feature",
			"properties": { "pm_name": "台2線", "pm_type": "人行道" },
			"geometry": {
				"type": "Point",
				"coordinates": [121.964687,25.016715]
			}
		},
		{
			"type": "Feature",
			"properties": { "pm_name": "台2線", "pm_type": "人行道" },
			"geometry": {
				"type": "Point",
				"coordinates": [121.990089,25.016911]
			}
		},
		{
			"type": "Feature",
			"properties": { "pm_name": "台2線", "pm_type": "人行道" },
			"geometry": {
				"type": "Point",
				"coordinates": [121.959146,25.016672]
			}
		},
		{
			"type": "Feature",
			"properties": { "pm_name": "台2線", "pm_type": "人行道" },
			"geometry": {
				"type": "Point",
				"coordinates": [121.98065,25.016838]
			}
		},
		{
			"type": "Feature",
			"properties": { "pm_name": "台2線", "pm_type": "人行道" },
			"geometry": {
				"type": "Point",
				"coordinates": [121.95514,25.016641]
			}
		},
		{
			"type": "Feature",
			"properties": { "pm_name": "台2線", "pm_type": "人行道" },
			"geometry": {
				"type": "Point",
				"coordinates": [121.955122,25.016641]
			}
		},
		{
			"type": "Feature",
			"properties": { "pm_name": "台2線", "pm_type": "人行道" },
			"geometry": {
				"type": "Point",
				"coordinates": [121.983321,25.016858]
			}
		},
		{
			"type": "Feature",
			"properties": { "pm_name": "台2線", "pm_type": "人行道" },
			"geometry": {
				"type": "Point",
				"coordinates": [121.959067,25.016671]
			}
		},
		{
			"type": "Feature",
			"properties": { "pm_name": "台2線", "pm_type": "人行道" },
			"geometry": {
				"type": "Point",
				"coordinates": [121.946927,25.016578]
			}
		},
		{
			"type": "Feature",
			"properties": { "pm_name": "台2線", "pm_type": "人行道" },
			"geometry": {
				"type": "Point",
				"coordinates": [121.981329,25.016843]
			}
		},
		{
			"type": "Feature",
			"properties": { "pm_name": "台2線", "pm_type": "人行道" },
			"geometry": {
				"type": "Point",
				"coordinates": [121.985449,25.016875]
			}
		},
		{
			"type": "Feature",
			"properties": { "pm_name": "台2線", "pm_type": "人行道" },
			"geometry": {
				"type": "Point",
				"coordinates": [121.949397,25.016597]
			}
		},
		{
			"type": "Feature",
			"properties": { "pm_name": "台2線", "pm_type": "人行道" },
			"geometry": {
				"type": "Point",
				"coordinates": [121.995724,25.016954]
			}
		},
		{
			"type": "Feature",
			"properties": { "pm_name": "台2線", "pm_type": "人行道" },
			"geometry": {
				"type": "Point",
				"coordinates": [121.957204,25.016658]
			}
		},
		{
			"type": "Feature",
			"properties": { "pm_name": "台2線", "pm_type": "人行道" },
			"geometry": {
				"type": "Point",
				"coordinates": [121.959132,25.016672]
			}
		},
		{
			"type": "Feature",
			"properties": { "pm_name": "台2線", "pm_type": "人行道" },
			"geometry": {
				"type": "Point",
				"coordinates": [121.986847,25.016886]
			}
		},
		{
			"type": "Feature",
			"properties": { "pm_name": "台2線", "pm_type": "人行道" },
			"geometry": {
				"type": "Point",
				"coordinates": [121.97585,25.016801]
			}
		},
		{
			"type": "Feature",
			"properties": { "pm_name": "台2線", "pm_type": "人行道" },
			"geometry": {
				"type": "Point",
				"coordinates": [121.984852,25.01687]
			}
		},
		{
			"type": "Feature",
			"properties": { "pm_name": "台2線", "pm_type": "人行道" },
			"geometry": {
				"type": "Point",
				"coordinates": [121.945558,25.016568]
			}
		},
		{
			"type": "Feature",
			"properties": { "pm_name": "台2線", "pm_type": "人行道" },
			"geometry": {
				"type": "Point",
				"coordinates": [121.959092,25.016672]
			}
		},
		{
			"type": "Feature",
			"properties": { "pm_name": "台2線", "pm_type": "人行道" },
			"geometry": {
				"type": "Point",
				"coordinates": [121.95353,25.016629]
			}
		},
		{
			"type": "Feature",
			"properties": { "pm_name": "台2線", "pm_type": "人行道" },
			"geometry": {
				"type": "Point",
				"coordinates": [121.95561,25.016645]
			}
		},
		{
			"type": "Feature",
			"properties": { "pm_name": "台2線", "pm_type": "人行道" },
			"geometry": {
				"type": "Point",
				"coordinates": [121.955829,25.016647]
			}
		},
		{
			"type": "Feature",
			"properties": { "pm_name": "台2線", "pm_type": "人行道" },
			"geometry": {
				"type": "Point",
				"coordinates": [121.985141,25.016872]
			}
		},
		{
			"type": "Feature",
			"properties": { "pm_name": "台2線", "pm_type": "人行道" },
			"geometry": {
				"type": "Point",
				"coordinates": [121.990422,25.016913]
			}
		},
		{
			"type": "Feature",
			"properties": { "pm_name": "台2線", "pm_type": "人行道" },
			"geometry": {
				"type": "Point",
				"coordinates": [121.995009,25.016949]
			}
		},
		{
			"type": "Feature",
			"properties": { "pm_name": "台2線", "pm_type": "人行道" },
			"geometry": {
				"type": "Point",
				"coordinates": [121.971279,25.016766]
			}
		},
		{
			"type": "Feature",
			"properties": { "pm_name": "台2線", "pm_type": "人行道" },
			"geometry": {
				"type": "Point",
				"coordinates": [121.995015,25.016949]
			}
		},
		{
			"type": "Feature",
			"properties": { "pm_name": "台2線", "pm_type": "人行道" },
			"geometry": {
				"type": "Point",
				"coordinates": [121.970034,25.016757]
			}
		},
		{
			"type": "Feature",
			"properties": { "pm_name": "台2線", "pm_type": "人行道" },
			"geometry": {
				"type": "Point",
				"coordinates": [121.949176,25.016595]
			}
		},
		{
			"type": "Feature",
			"properties": { "pm_name": "台2線", "pm_type": "人行道" },
			"geometry": {
				"type": "Point",
				"coordinates": [121.961899,25.016694]
			}
		},
		{
			"type": "Feature",
			"properties": { "pm_name": "台2線", "pm_type": "人行道" },
			"geometry": {
				"type": "Point",
				"coordinates": [121.994269,25.016943]
			}
		},
		{
			"type": "Feature",
			"properties": { "pm_name": "台2線", "pm_type": "人行道" },
			"geometry": {
				"type": "Point",
				"coordinates": [121.969248,25.016751]
			}
		},
		{
			"type": "Feature",
			"properties": { "pm_name": "台2線", "pm_type": "人行道" },
			"geometry": {
				"type": "Point",
				"coordinates": [121.91644,25.109311]
			}
		},
		{
			"type": "Feature",
			"properties": { "pm_name": "台2線", "pm_type": "人行道" },
			"geometry": {
				"type": "Point",
				"coordinates": [121.926941,25.048705]
			}
		},
		{
			"type": "Feature",
			"properties": { "pm_name": "台2線", "pm_type": "人行道" },
			"geometry": {
				"type": "Point",
				"coordinates": [121.924962,25.060136]
			}
		},
		{
			"type": "Feature",
			"properties": { "pm_name": "台2線", "pm_type": "人行道" },
			"geometry": {
				"type": "Point",
				"coordinates": [121.928163,25.041641]
			}
		},
		{
			"type": "Feature",
			"properties": { "pm_name": "台2線", "pm_type": "人行道" },
			"geometry": {
				"type": "Point",
				"coordinates": [121.925665,25.056075]
			}
		},
		{
			"type": "Feature",
			"properties": { "pm_name": "台2線", "pm_type": "人行道" },
			"geometry": {
				"type": "Point",
				"coordinates": [121.923071,25.07106]
			}
		},
		{
			"type": "Feature",
			"properties": { "pm_name": "台2線", "pm_type": "人行道" },
			"geometry": {
				"type": "Point",
				"coordinates": [121.916003,25.111833]
			}
		},
		{
			"type": "Feature",
			"properties": { "pm_name": "台2線", "pm_type": "人行道" },
			"geometry": {
				"type": "Point",
				"coordinates": [121.928416,25.040182]
			}
		},
		{
			"type": "Feature",
			"properties": { "pm_name": "台2線", "pm_type": "人行道" },
			"geometry": {
				"type": "Point",
				"coordinates": [121.921996,25.077271]
			}
		},
		{
			"type": "Feature",
			"properties": { "pm_name": "台2線", "pm_type": "人行道" },
			"geometry": {
				"type": "Point",
				"coordinates": [121.918991,25.094592]
			}
		},
		{
			"type": "Feature",
			"properties": { "pm_name": "台2線", "pm_type": "人行道" },
			"geometry": {
				"type": "Point",
				"coordinates": [121.919225,25.09324]
			}
		},
		{
			"type": "Feature",
			"properties": { "pm_name": "台2線", "pm_type": "人行道" },
			"geometry": {
				"type": "Point",
				"coordinates": [121.916828,25.107073]
			}
		},
		{
			"type": "Feature",
			"properties": { "pm_name": "台2線", "pm_type": "人行道" },
			"geometry": {
				"type": "Point",
				"coordinates": [121.928189,25.041492]
			}
		},
		{
			"type": "Feature",
			"properties": { "pm_name": "台2線", "pm_type": "人行道" },
			"geometry": {
				"type": "Point",
				"coordinates": [121.92248,25.074477]
			}
		},
		{
			"type": "Feature",
			"properties": { "pm_name": "台2線", "pm_type": "人行道" },
			"geometry": {
				"type": "Point",
				"coordinates": [121.927816,25.043644]
			}
		},
		{
			"type": "Feature",
			"properties": { "pm_name": "台2線", "pm_type": "人行道" },
			"geometry": {
				"type": "Point",
				"coordinates": [121.924921,25.060377]
			}
		},
		{
			"type": "Feature",
			"properties": { "pm_name": "台2線", "pm_type": "人行道" },
			"geometry": {
				"type": "Point",
				"coordinates": [121.924626,25.06208]
			}
		},
		{
			"type": "Feature",
			"properties": { "pm_name": "台2線", "pm_type": "人行道" },
			"geometry": {
				"type": "Point",
				"coordinates": [121.928581,25.039233]
			}
		},
		{
			"type": "Feature",
			"properties": { "pm_name": "台2線", "pm_type": "人行道" },
			"geometry": {
				"type": "Point",
				"coordinates": [121.923861,25.066497]
			}
		},
		{
			"type": "Feature",
			"properties": { "pm_name": "台2線", "pm_type": "人行道" },
			"geometry": {
				"type": "Point",
				"coordinates": [121.915754,25.113271]
			}
		},
		{
			"type": "Feature",
			"properties": { "pm_name": "台2線", "pm_type": "人行道" },
			"geometry": {
				"type": "Point",
				"coordinates": [121.91672,25.107693]
			}
		},
		{
			"type": "Feature",
			"properties": { "pm_name": "台2線", "pm_type": "人行道" },
			"geometry": {
				"type": "Point",
				"coordinates": [121.921931,25.077651]
			}
		},
		{
			"type": "Feature",
			"properties": { "pm_name": "台2線", "pm_type": "人行道" },
			"geometry": {
				"type": "Point",
				"coordinates": [121.927845,25.043477]
			}
		},
		{
			"type": "Feature",
			"properties": { "pm_name": "台2線", "pm_type": "人行道" },
			"geometry": {
				"type": "Point",
				"coordinates": [121.922438,25.074718]
			}
		},
		{
			"type": "Feature",
			"properties": { "pm_name": "台2線", "pm_type": "人行道" },
			"geometry": {
				"type": "Point",
				"coordinates": [121.919729,25.090333]
			}
		},
		{
			"type": "Feature",
			"properties": { "pm_name": "台2線", "pm_type": "人行道" },
			"geometry": {
				"type": "Point",
				"coordinates": [121.925108,25.059296]
			}
		},
		{
			"type": "Feature",
			"properties": { "pm_name": "台2線", "pm_type": "人行道" },
			"geometry": {
				"type": "Point",
				"coordinates": [121.926818,25.049419]
			}
		},
		{
			"type": "Feature",
			"properties": { "pm_name": "台2線", "pm_type": "人行道" },
			"geometry": {
				"type": "Point",
				"coordinates": [121.919732,25.090317]
			}
		},
		{
			"type": "Feature",
			"properties": { "pm_name": "台2線", "pm_type": "人行道" },
			"geometry": {
				"type": "Point",
				"coordinates": [121.915077,25.11718]
			}
		},
		{
			"type": "Feature",
			"properties": { "pm_name": "台2線", "pm_type": "人行道" },
			"geometry": {
				"type": "Point",
				"coordinates": [121.926382,25.051939]
			}
		},
		{
			"type": "Feature",
			"properties": { "pm_name": "台2線", "pm_type": "人行道" },
			"geometry": {
				"type": "Point",
				"coordinates": [121.92608,25.053683]
			}
		},
		{
			"type": "Feature",
			"properties": { "pm_name": "台2線", "pm_type": "人行道" },
			"geometry": {
				"type": "Point",
				"coordinates": [121.916232,25.110515]
			}
		},
		{
			"type": "Feature",
			"properties": { "pm_name": "台2線", "pm_type": "人行道" },
			"geometry": {
				"type": "Point",
				"coordinates": [121.928416,25.04018]
			}
		},
		{
			"type": "Feature",
			"properties": { "pm_name": "台2線", "pm_type": "人行道" },
			"geometry": {
				"type": "Point",
				"coordinates": [121.925663,25.056087]
			}
		},
		{
			"type": "Feature",
			"properties": { "pm_name": "台2線", "pm_type": "人行道" },
			"geometry": {
				"type": "Point",
				"coordinates": [121.925568,25.056637]
			}
		},
		{
			"type": "Feature",
			"properties": { "pm_name": "台2線", "pm_type": "人行道" },
			"geometry": {
				"type": "Point",
				"coordinates": [121.914092,25.12288]
			}
		},
		{
			"type": "Feature",
			"properties": { "pm_name": "台2線", "pm_type": "人行道" },
			"geometry": {
				"type": "Point",
				"coordinates": [121.919102,25.093952]
			}
		},
		{
			"type": "Feature",
			"properties": { "pm_name": "台2線", "pm_type": "人行道" },
			"geometry": {
				"type": "Point",
				"coordinates": [121.926733,25.049909]
			}
		},
		{
			"type": "Feature",
			"properties": { "pm_name": "台2線", "pm_type": "人行道" },
			"geometry": {
				"type": "Point",
				"coordinates": [121.92935,25.034785]
			}
		},
		{
			"type": "Feature",
			"properties": { "pm_name": "台2線", "pm_type": "人行道" },
			"geometry": {
				"type": "Point",
				"coordinates": [121.927339,25.046399]
			}
		},
		{
			"type": "Feature",
			"properties": { "pm_name": "台2線", "pm_type": "人行道" },
			"geometry": {
				"type": "Point",
				"coordinates": [121.929179,25.035773]
			}
		},
		{
			"type": "Feature",
			"properties": { "pm_name": "台2線", "pm_type": "人行道" },
			"geometry": {
				"type": "Point",
				"coordinates": [121.914458,25.12076]
			}
		},
		{
			"type": "Feature",
			"properties": { "pm_name": "台2線", "pm_type": "人行道" },
			"geometry": {
				"type": "Point",
				"coordinates": [121.915022,25.117498]
			}
		},
		{
			"type": "Feature",
			"properties": { "pm_name": "台2線", "pm_type": "人行道" },
			"geometry": {
				"type": "Point",
				"coordinates": [121.925619,25.056345]
			}
		},
		{
			"type": "Feature",
			"properties": { "pm_name": "台2線", "pm_type": "人行道" },
			"geometry": {
				"type": "Point",
				"coordinates": [121.918694,25.096307]
			}
		},
		{
			"type": "Feature",
			"properties": { "pm_name": "台2線", "pm_type": "人行道" },
			"geometry": {
				"type": "Point",
				"coordinates": [121.914224,25.122116]
			}
		},
		{
			"type": "Feature",
			"properties": { "pm_name": "台2線", "pm_type": "人行道" },
			"geometry": {
				"type": "Point",
				"coordinates": [121.924959,25.060156]
			}
		},
		{
			"type": "Feature",
			"properties": { "pm_name": "台2線", "pm_type": "人行道" },
			"geometry": {
				"type": "Point",
				"coordinates": [121.927144,25.04753]
			}
		},
		{
			"type": "Feature",
			"properties": { "pm_name": "台2線", "pm_type": "人行道" },
			"geometry": {
				"type": "Point",
				"coordinates": [121.928581,25.039233]
			}
		},
		{
			"type": "Feature",
			"properties": { "pm_name": "台2線", "pm_type": "人行道" },
			"geometry": {
				"type": "Point",
				"coordinates": [121.923498,25.068593]
			}
		},
		{
			"type": "Feature",
			"properties": { "pm_name": "台2線", "pm_type": "人行道" },
			"geometry": {
				"type": "Point",
				"coordinates": [121.92773,25.044143]
			}
		},
		{
			"type": "Feature",
			"properties": { "pm_name": "台2線", "pm_type": "人行道" },
			"geometry": {
				"type": "Point",
				"coordinates": [121.925083,25.059438]
			}
		},
		{
			"type": "Feature",
			"properties": { "pm_name": "台2線", "pm_type": "人行道" },
			"geometry": {
				"type": "Point",
				"coordinates": [121.922427,25.07478]
			}
		},
		{
			"type": "Feature",
			"properties": { "pm_name": "台2線", "pm_type": "人行道" },
			"geometry": {
				"type": "Point",
				"coordinates": [121.91899,25.094597]
			}
		},
		{
			"type": "Feature",
			"properties": { "pm_name": "台2線", "pm_type": "人行道" },
			"geometry": {
				"type": "Point",
				"coordinates": [121.928154,25.041695]
			}
		},
		{
			"type": "Feature",
			"properties": { "pm_name": "台2線", "pm_type": "人行道" },
			"geometry": {
				"type": "Point",
				"coordinates": [121.922495,25.07439]
			}
		},
		{
			"type": "Feature",
			"properties": { "pm_name": "台2線", "pm_type": "人行道" },
			"geometry": {
				"type": "Point",
				"coordinates": [121.914428,25.120935]
			}
		},
		{
			"type": "Feature",
			"properties": { "pm_name": "台2線", "pm_type": "人行道" },
			"geometry": {
				"type": "Point",
				"coordinates": [121.915078,25.117178]
			}
		},
		{
			"type": "Feature",
			"properties": { "pm_name": "台2線", "pm_type": "人行道" },
			"geometry": {
				"type": "Point",
				"coordinates": [121.917111,25.105436]
			}
		},
		{
			"type": "Feature",
			"properties": { "pm_name": "台2線", "pm_type": "人行道" },
			"geometry": {
				"type": "Point",
				"coordinates": [121.915305,25.115865]
			}
		},
		{
			"type": "Feature",
			"properties": { "pm_name": "台2線", "pm_type": "人行道" },
			"geometry": {
				"type": "Point",
				"coordinates": [121.929171,25.035824]
			}
		},
		{
			"type": "Feature",
			"properties": { "pm_name": "台2線", "pm_type": "人行道" },
			"geometry": {
				"type": "Point",
				"coordinates": [121.919433,25.09204]
			}
		},
		{
			"type": "Feature",
			"properties": { "pm_name": "台2線", "pm_type": "人行道" },
			"geometry": {
				"type": "Point",
				"coordinates": [121.92718,25.047321]
			}
		},
		{
			"type": "Feature",
			"properties": { "pm_name": "台2線", "pm_type": "人行道" },
			"geometry": {
				"type": "Point",
				"coordinates": [121.92017,25.087786]
			}
		},
		{
			"type": "Feature",
			"properties": { "pm_name": "台2線", "pm_type": "人行道" },
			"geometry": {
				"type": "Point",
				"coordinates": [121.914627,25.119782]
			}
		},
		{
			"type": "Feature",
			"properties": { "pm_name": "台2線", "pm_type": "人行道" },
			"geometry": {
				"type": "Point",
				"coordinates": [121.919586,25.091157]
			}
		},
		{
			"type": "Feature",
			"properties": { "pm_name": "台2線", "pm_type": "人行道" },
			"geometry": {
				"type": "Point",
				"coordinates": [121.927441,25.045811]
			}
		},
		{
			"type": "Feature",
			"properties": { "pm_name": "台2線", "pm_type": "人行道" },
			"geometry": {
				"type": "Point",
				"coordinates": [121.916228,25.110534]
			}
		},
		{
			"type": "Feature",
			"properties": { "pm_name": "台2線", "pm_type": "人行道" },
			"geometry": { "type": "Point", "coordinates": [121.91658,25.1085] }
		},
		{
			"type": "Feature",
			"properties": { "pm_name": "台2線", "pm_type": "人行道" },
			"geometry": {
				"type": "Point",
				"coordinates": [121.917531,25.103011]
			}
		},
		{
			"type": "Feature",
			"properties": { "pm_name": "台2線", "pm_type": "人行道" },
			"geometry": {
				"type": "Point",
				"coordinates": [121.925307,25.058145]
			}
		},
		{
			"type": "Feature",
			"properties": { "pm_name": "台2線", "pm_type": "人行道" },
			"geometry": {
				"type": "Point",
				"coordinates": [121.91856,25.097079]
			}
		},
		{
			"type": "Feature",
			"properties": { "pm_name": "台2線", "pm_type": "人行道" },
			"geometry": {
				"type": "Point",
				"coordinates": [121.926627,25.050519]
			}
		},
		{
			"type": "Feature",
			"properties": { "pm_name": "台2線", "pm_type": "人行道" },
			"geometry": {
				"type": "Point",
				"coordinates": [121.916908,25.106606]
			}
		},
		{
			"type": "Feature",
			"properties": { "pm_name": "台2線", "pm_type": "人行道" },
			"geometry": {
				"type": "Point",
				"coordinates": [121.925083,25.059438]
			}
		},
		{
			"type": "Feature",
			"properties": { "pm_name": "台2線", "pm_type": "人行道" },
			"geometry": {
				"type": "Point",
				"coordinates": [121.926961,25.04859]
			}
		},
		{
			"type": "Feature",
			"properties": { "pm_name": "台2線", "pm_type": "人行道" },
			"geometry": {
				"type": "Point",
				"coordinates": [121.926685,25.050186]
			}
		},
		{
			"type": "Feature",
			"properties": { "pm_name": "台2線", "pm_type": "人行道" },
			"geometry": {
				"type": "Point",
				"coordinates": [121.922508,25.074312]
			}
		},
		{
			"type": "Feature",
			"properties": { "pm_name": "台2線", "pm_type": "人行道" },
			"geometry": {
				"type": "Point",
				"coordinates": [121.914627,25.119781]
			}
		},
		{
			"type": "Feature",
			"properties": { "pm_name": "台2線", "pm_type": "人行道" },
			"geometry": {
				"type": "Point",
				"coordinates": [121.924965,25.060123]
			}
		},
		{
			"type": "Feature",
			"properties": { "pm_name": "台2線", "pm_type": "人行道" },
			"geometry": {
				"type": "Point",
				"coordinates": [121.928154,25.041695]
			}
		},
		{
			"type": "Feature",
			"properties": { "pm_name": "台2線", "pm_type": "人行道" },
			"geometry": {
				"type": "Point",
				"coordinates": [121.92935,25.034785]
			}
		},
		{
			"type": "Feature",
			"properties": { "pm_name": "台2線", "pm_type": "人行道" },
			"geometry": {
				"type": "Point",
				"coordinates": [121.923498,25.068593]
			}
		},
		{
			"type": "Feature",
			"properties": { "pm_name": "台2線", "pm_type": "人行道" },
			"geometry": {
				"type": "Point",
				"coordinates": [121.927144,25.04753]
			}
		},
		{
			"type": "Feature",
			"properties": { "pm_name": "台2線", "pm_type": "人行道" },
			"geometry": {
				"type": "Point",
				"coordinates": [121.919586,25.091157]
			}
		},
		{
			"type": "Feature",
			"properties": { "pm_name": "台2線", "pm_type": "人行道" },
			"geometry": {
				"type": "Point",
				"coordinates": [121.916828,25.107073]
			}
		},
		{
			"type": "Feature",
			"properties": { "pm_name": "台2線", "pm_type": "人行道" },
			"geometry": {
				"type": "Point",
				"coordinates": [121.92773,25.044143]
			}
		},
		{
			"type": "Feature",
			"properties": { "pm_name": "台2線", "pm_type": "人行道" },
			"geometry": {
				"type": "Point",
				"coordinates": [121.92608,25.053683]
			}
		},
		{
			"type": "Feature",
			"properties": { "pm_name": "台2線", "pm_type": "人行道" },
			"geometry": {
				"type": "Point",
				"coordinates": [121.926941,25.048705]
			}
		},
		{
			"type": "Feature",
			"properties": { "pm_name": "台2線", "pm_type": "人行道" },
			"geometry": {
				"type": "Point",
				"coordinates": [121.922438,25.074718]
			}
		},
		{
			"type": "Feature",
			"properties": { "pm_name": "台2線", "pm_type": "人行道" },
			"geometry": {
				"type": "Point",
				"coordinates": [121.925619,25.056345]
			}
		},
		{
			"type": "Feature",
			"properties": { "pm_name": "台2線", "pm_type": "人行道" },
			"geometry": {
				"type": "Point",
				"coordinates": [121.914458,25.12076]
			}
		},
		{
			"type": "Feature",
			"properties": { "pm_name": "台2線", "pm_type": "人行道" },
			"geometry": {
				"type": "Point",
				"coordinates": [121.928581,25.039233]
			}
		},
		{
			"type": "Feature",
			"properties": { "pm_name": "台2線", "pm_type": "人行道" },
			"geometry": {
				"type": "Point",
				"coordinates": [121.927339,25.046399]
			}
		},
		{
			"type": "Feature",
			"properties": { "pm_name": "台2線", "pm_type": "人行道" },
			"geometry": {
				"type": "Point",
				"coordinates": [121.929179,25.035773]
			}
		},
		{
			"type": "Feature",
			"properties": { "pm_name": "台2線", "pm_type": "人行道" },
			"geometry": {
				"type": "Point",
				"coordinates": [121.918694,25.096307]
			}
		},
		{
			"type": "Feature",
			"properties": { "pm_name": "台2線", "pm_type": "人行道" },
			"geometry": {
				"type": "Point",
				"coordinates": [121.925083,25.059438]
			}
		},
		{
			"type": "Feature",
			"properties": { "pm_name": "台2線", "pm_type": "人行道" },
			"geometry": {
				"type": "Point",
				"coordinates": [121.914224,25.122116]
			}
		},
		{
			"type": "Feature",
			"properties": { "pm_name": "台2線", "pm_type": "人行道" },
			"geometry": {
				"type": "Point",
				"coordinates": [121.917111,25.105436]
			}
		},
		{
			"type": "Feature",
			"properties": { "pm_name": "台2線", "pm_type": "人行道" },
			"geometry": {
				"type": "Point",
				"coordinates": [121.915754,25.113271]
			}
		},
		{
			"type": "Feature",
			"properties": { "pm_name": "台2線", "pm_type": "人行道" },
			"geometry": {
				"type": "Point",
				"coordinates": [121.851545,25.126584]
			}
		},
		{
			"type": "Feature",
			"properties": { "pm_name": "台2線", "pm_type": "人行道" },
			"geometry": {
				"type": "Point",
				"coordinates": [121.899052,25.124505]
			}
		},
		{
			"type": "Feature",
			"properties": { "pm_name": "台2線", "pm_type": "人行道" },
			"geometry": {
				"type": "Point",
				"coordinates": [121.837367,25.127204]
			}
		},
		{
			"type": "Feature",
			"properties": { "pm_name": "台2線", "pm_type": "人行道" },
			"geometry": {
				"type": "Point",
				"coordinates": [121.900486,25.124443]
			}
		},
		{
			"type": "Feature",
			"properties": { "pm_name": "台2線", "pm_type": "人行道" },
			"geometry": {
				"type": "Point",
				"coordinates": [121.883556,25.125183]
			}
		},
		{
			"type": "Feature",
			"properties": { "pm_name": "台2線", "pm_type": "人行道" },
			"geometry": {
				"type": "Point",
				"coordinates": [121.861911,25.126131]
			}
		},
		{
			"type": "Feature",
			"properties": { "pm_name": "台2線", "pm_type": "人行道" },
			"geometry": {
				"type": "Point",
				"coordinates": [121.867946,25.125867]
			}
		},
		{
			"type": "Feature",
			"properties": { "pm_name": "台2線", "pm_type": "人行道" },
			"geometry": {
				"type": "Point",
				"coordinates": [121.905187,25.124237]
			}
		},
		{
			"type": "Feature",
			"properties": { "pm_name": "台2線", "pm_type": "人行道" },
			"geometry": {
				"type": "Point",
				"coordinates": [121.858852,25.126265]
			}
		},
		{
			"type": "Feature",
			"properties": { "pm_name": "台2線", "pm_type": "人行道" },
			"geometry": {
				"type": "Point",
				"coordinates": [121.84146,25.127025]
			}
		},
		{
			"type": "Feature",
			"properties": { "pm_name": "台2線", "pm_type": "人行道" },
			"geometry": {
				"type": "Point",
				"coordinates": [121.900138,25.124458]
			}
		},
		{
			"type": "Feature",
			"properties": { "pm_name": "台2線", "pm_type": "人行道" },
			"geometry": {
				"type": "Point",
				"coordinates": [121.853147,25.126514]
			}
		},
		{
			"type": "Feature",
			"properties": { "pm_name": "台2線", "pm_type": "人行道" },
			"geometry": {
				"type": "Point",
				"coordinates": [121.884635,25.125136]
			}
		},
		{
			"type": "Feature",
			"properties": { "pm_name": "台2線", "pm_type": "人行道" },
			"geometry": {
				"type": "Point",
				"coordinates": [121.858908,25.126262]
			}
		},
		{
			"type": "Feature",
			"properties": { "pm_name": "台2線", "pm_type": "人行道" },
			"geometry": {
				"type": "Point",
				"coordinates": [121.883471,25.125187]
			}
		},
		{
			"type": "Feature",
			"properties": { "pm_name": "台2線", "pm_type": "人行道" },
			"geometry": {
				"type": "Point",
				"coordinates": [121.903893,25.124294]
			}
		},
		{
			"type": "Feature",
			"properties": { "pm_name": "台2線", "pm_type": "人行道" },
			"geometry": {
				"type": "Point",
				"coordinates": [121.879339,25.125368]
			}
		},
		{
			"type": "Feature",
			"properties": { "pm_name": "台2線", "pm_type": "人行道" },
			"geometry": {
				"type": "Point",
				"coordinates": [121.853826,25.126485]
			}
		},
		{
			"type": "Feature",
			"properties": { "pm_name": "台2線", "pm_type": "人行道" },
			"geometry": {
				"type": "Point",
				"coordinates": [121.853768,25.126487]
			}
		},
		{
			"type": "Feature",
			"properties": { "pm_name": "台2線", "pm_type": "人行道" },
			"geometry": {
				"type": "Point",
				"coordinates": [121.887518,25.12501]
			}
		},
		{
			"type": "Feature",
			"properties": { "pm_name": "台2線", "pm_type": "人行道" },
			"geometry": {
				"type": "Point",
				"coordinates": [121.877649,25.125442]
			}
		},
		{
			"type": "Feature",
			"properties": { "pm_name": "台2線", "pm_type": "人行道" },
			"geometry": {
				"type": "Point",
				"coordinates": [121.909772,25.124037]
			}
		},
		{
			"type": "Feature",
			"properties": { "pm_name": "台2線", "pm_type": "人行道" },
			"geometry": {
				"type": "Point",
				"coordinates": [121.870853,25.12574]
			}
		},
		{
			"type": "Feature",
			"properties": { "pm_name": "台2線", "pm_type": "人行道" },
			"geometry": {
				"type": "Point",
				"coordinates": [121.909695,25.12404]
			}
		},
		{
			"type": "Feature",
			"properties": { "pm_name": "台2線", "pm_type": "人行道" },
			"geometry": {
				"type": "Point",
				"coordinates": [121.866835,25.125916]
			}
		},
		{
			"type": "Feature",
			"properties": { "pm_name": "台2線", "pm_type": "人行道" },
			"geometry": {
				"type": "Point",
				"coordinates": [121.851457,25.126588]
			}
		},
		{
			"type": "Feature",
			"properties": { "pm_name": "台2線", "pm_type": "人行道" },
			"geometry": {
				"type": "Point",
				"coordinates": [121.878021,25.125425]
			}
		},
		{
			"type": "Feature",
			"properties": { "pm_name": "台2線", "pm_type": "人行道" },
			"geometry": {
				"type": "Point",
				"coordinates": [121.874315,25.125588]
			}
		},
		{
			"type": "Feature",
			"properties": { "pm_name": "台2線", "pm_type": "人行道" },
			"geometry": {
				"type": "Point",
				"coordinates": [121.908389,25.124097]
			}
		},
		{
			"type": "Feature",
			"properties": { "pm_name": "台2線", "pm_type": "人行道" },
			"geometry": {
				"type": "Point",
				"coordinates": [121.88628,25.125064]
			}
		},
		{
			"type": "Feature",
			"properties": { "pm_name": "台2線", "pm_type": "人行道" },
			"geometry": {
				"type": "Point",
				"coordinates": [121.883187,25.125199]
			}
		},
		{
			"type": "Feature",
			"properties": { "pm_name": "台2線", "pm_type": "人行道" },
			"geometry": {
				"type": "Point",
				"coordinates": [121.886134,25.12507]
			}
		},
		{
			"type": "Feature",
			"properties": { "pm_name": "台2線", "pm_type": "人行道" },
			"geometry": {
				"type": "Point",
				"coordinates": [121.864436,25.126021]
			}
		},
		{
			"type": "Feature",
			"properties": { "pm_name": "台2線", "pm_type": "人行道" },
			"geometry": {
				"type": "Point",
				"coordinates": [121.897258,25.124584]
			}
		},
		{
			"type": "Feature",
			"properties": { "pm_name": "台2線", "pm_type": "人行道" },
			"geometry": {
				"type": "Point",
				"coordinates": [121.863641,25.126055]
			}
		},
		{
			"type": "Feature",
			"properties": { "pm_name": "台2線", "pm_type": "人行道" },
			"geometry": {
				"type": "Point",
				"coordinates": [121.843825,25.126922]
			}
		},
		{
			"type": "Feature",
			"properties": { "pm_name": "台2線", "pm_type": "人行道" },
			"geometry": {
				"type": "Point",
				"coordinates": [121.898145,25.124545]
			}
		},
		{
			"type": "Feature",
			"properties": { "pm_name": "台2線", "pm_type": "人行道" },
			"geometry": {
				"type": "Point",
				"coordinates": [121.882736,25.125219]
			}
		},
		{
			"type": "Feature",
			"properties": { "pm_name": "台2線", "pm_type": "人行道" },
			"geometry": {
				"type": "Point",
				"coordinates": [121.90808,25.12411]
			}
		},
		{
			"type": "Feature",
			"properties": { "pm_name": "台2線", "pm_type": "人行道" },
			"geometry": {
				"type": "Point",
				"coordinates": [121.865543,25.125972]
			}
		},
		{
			"type": "Feature",
			"properties": { "pm_name": "台2線", "pm_type": "人行道" },
			"geometry": {
				"type": "Point",
				"coordinates": [121.885661,25.125091]
			}
		},
		{
			"type": "Feature",
			"properties": { "pm_name": "台2線", "pm_type": "人行道" },
			"geometry": {
				"type": "Point",
				"coordinates": [121.905295,25.124233]
			}
		},
		{
			"type": "Feature",
			"properties": { "pm_name": "台2線", "pm_type": "人行道" },
			"geometry": {
				"type": "Point",
				"coordinates": [121.871866,25.125695]
			}
		},
		{
			"type": "Feature",
			"properties": { "pm_name": "台2線", "pm_type": "人行道" },
			"geometry": {
				"type": "Point",
				"coordinates": [121.867936,25.125867]
			}
		},
		{
			"type": "Feature",
			"properties": { "pm_name": "台2線", "pm_type": "人行道" },
			"geometry": {
				"type": "Point",
				"coordinates": [121.835677,25.127278]
			}
		},
		{
			"type": "Feature",
			"properties": { "pm_name": "台2線", "pm_type": "人行道" },
			"geometry": {
				"type": "Point",
				"coordinates": [121.881308,25.125281]
			}
		},
		{
			"type": "Feature",
			"properties": { "pm_name": "台2線", "pm_type": "人行道" },
			"geometry": {
				"type": "Point",
				"coordinates": [121.895171,25.124675]
			}
		},
		{
			"type": "Feature",
			"properties": { "pm_name": "台2線", "pm_type": "人行道" },
			"geometry": {
				"type": "Point",
				"coordinates": [121.845709,25.126839]
			}
		},
		{
			"type": "Feature",
			"properties": { "pm_name": "台2線", "pm_type": "人行道" },
			"geometry": {
				"type": "Point",
				"coordinates": [121.890076,25.124898]
			}
		},
		{
			"type": "Feature",
			"properties": { "pm_name": "台2線", "pm_type": "人行道" },
			"geometry": {
				"type": "Point",
				"coordinates": [121.84792,25.126742]
			}
		},
		{
			"type": "Feature",
			"properties": { "pm_name": "台2線", "pm_type": "人行道" },
			"geometry": {
				"type": "Point",
				"coordinates": [121.868541,25.125841]
			}
		},
		{
			"type": "Feature",
			"properties": { "pm_name": "台2線", "pm_type": "人行道" },
			"geometry": {
				"type": "Point",
				"coordinates": [121.880858,25.125301]
			}
		},
		{
			"type": "Feature",
			"properties": { "pm_name": "台2線", "pm_type": "人行道" },
			"geometry": {
				"type": "Point",
				"coordinates": [121.845942,25.126829]
			}
		},
		{
			"type": "Feature",
			"properties": { "pm_name": "台2線", "pm_type": "人行道" },
			"geometry": {
				"type": "Point",
				"coordinates": [121.857037,25.126344]
			}
		},
		{
			"type": "Feature",
			"properties": { "pm_name": "台2線", "pm_type": "人行道" },
			"geometry": {
				"type": "Point",
				"coordinates": [121.878832,25.12539]
			}
		},
		{
			"type": "Feature",
			"properties": { "pm_name": "台2線", "pm_type": "人行道" },
			"geometry": {
				"type": "Point",
				"coordinates": [121.8732,25.125637]
			}
		},
		{
			"type": "Feature",
			"properties": { "pm_name": "台2線", "pm_type": "人行道" },
			"geometry": {
				"type": "Point",
				"coordinates": [121.886193,25.125068]
			}
		},
		{
			"type": "Feature",
			"properties": { "pm_name": "台2線", "pm_type": "人行道" },
			"geometry": {
				"type": "Point",
				"coordinates": [121.861386,25.126154]
			}
		},
		{
			"type": "Feature",
			"properties": { "pm_name": "台2線", "pm_type": "人行道" },
			"geometry": {
				"type": "Point",
				"coordinates": [121.87239,25.125672]
			}
		},
		{
			"type": "Feature",
			"properties": { "pm_name": "台2線", "pm_type": "人行道" },
			"geometry": {
				"type": "Point",
				"coordinates": [121.843063,25.126955]
			}
		},
		{
			"type": "Feature",
			"properties": { "pm_name": "台2線", "pm_type": "人行道" },
			"geometry": {
				"type": "Point",
				"coordinates": [121.857919,25.126305]
			}
		},
		{
			"type": "Feature",
			"properties": { "pm_name": "台2線", "pm_type": "人行道" },
			"geometry": {
				"type": "Point",
				"coordinates": [121.895011,25.124682]
			}
		},
		{
			"type": "Feature",
			"properties": { "pm_name": "台2線", "pm_type": "人行道" },
			"geometry": {
				"type": "Point",
				"coordinates": [121.884674,25.125134]
			}
		},
		{
			"type": "Feature",
			"properties": { "pm_name": "台2線", "pm_type": "人行道" },
			"geometry": {
				"type": "Point",
				"coordinates": [121.899052,25.124505]
			}
		},
		{
			"type": "Feature",
			"properties": { "pm_name": "台2線", "pm_type": "人行道" },
			"geometry": {
				"type": "Point",
				"coordinates": [121.8777,25.125439]
			}
		},
		{
			"type": "Feature",
			"properties": { "pm_name": "台2線", "pm_type": "人行道" },
			"geometry": {
				"type": "Point",
				"coordinates": [121.905284,25.124233]
			}
		},
		{
			"type": "Feature",
			"properties": { "pm_name": "台2線", "pm_type": "人行道" },
			"geometry": {
				"type": "Point",
				"coordinates": [121.899144,25.124501]
			}
		},
		{
			"type": "Feature",
			"properties": { "pm_name": "台2線", "pm_type": "人行道" },
			"geometry": {
				"type": "Point",
				"coordinates": [121.860578,25.126189]
			}
		},
		{
			"type": "Feature",
			"properties": { "pm_name": "台2線", "pm_type": "人行道" },
			"geometry": {
				"type": "Point",
				"coordinates": [121.877334,25.125455]
			}
		},
		{
			"type": "Feature",
			"properties": { "pm_name": "台2線", "pm_type": "人行道" },
			"geometry": {
				"type": "Point",
				"coordinates": [121.868273,25.125852]
			}
		},
		{
			"type": "Feature",
			"properties": { "pm_name": "台2線", "pm_type": "人行道" },
			"geometry": {
				"type": "Point",
				"coordinates": [121.881452,25.125275]
			}
		},
		{
			"type": "Feature",
			"properties": { "pm_name": "台2線", "pm_type": "人行道" },
			"geometry": {
				"type": "Point",
				"coordinates": [121.907973,25.124115]
			}
		},
		{
			"type": "Feature",
			"properties": { "pm_name": "台2線", "pm_type": "人行道" },
			"geometry": {
				"type": "Point",
				"coordinates": [121.866035,25.12595]
			}
		},
		{
			"type": "Feature",
			"properties": { "pm_name": "台2線", "pm_type": "人行道" },
			"geometry": {
				"type": "Point",
				"coordinates": [121.867941,25.125867]
			}
		},
		{
			"type": "Feature",
			"properties": { "pm_name": "台2線", "pm_type": "人行道" },
			"geometry": {
				"type": "Point",
				"coordinates": [121.881188,25.125287]
			}
		},
		{
			"type": "Feature",
			"properties": { "pm_name": "台2線", "pm_type": "人行道" },
			"geometry": {
				"type": "Point",
				"coordinates": [121.837365,25.127204]
			}
		},
		{
			"type": "Feature",
			"properties": { "pm_name": "台2線", "pm_type": "人行道" },
			"geometry": {
				"type": "Point",
				"coordinates": [121.870845,25.12574]
			}
		},
		{
			"type": "Feature",
			"properties": { "pm_name": "台2線", "pm_type": "人行道" },
			"geometry": {
				"type": "Point",
				"coordinates": [121.872332,25.125675]
			}
		},
		{
			"type": "Feature",
			"properties": { "pm_name": "台2線", "pm_type": "人行道" },
			"geometry": {
				"type": "Point",
				"coordinates": [121.877232,25.125459]
			}
		},
		{
			"type": "Feature",
			"properties": { "pm_name": "台2線", "pm_type": "人行道" },
			"geometry": {
				"type": "Point",
				"coordinates": [121.845709,25.126839]
			}
		},
		{
			"type": "Feature",
			"properties": { "pm_name": "台2線", "pm_type": "人行道" },
			"geometry": {
				"type": "Point",
				"coordinates": [121.853826,25.126485]
			}
		},
		{
			"type": "Feature",
			"properties": { "pm_name": "台2線", "pm_type": "人行道" },
			"geometry": {
				"type": "Point",
				"coordinates": [121.905187,25.124237]
			}
		},
		{
			"type": "Feature",
			"properties": { "pm_name": "台2線", "pm_type": "人行道" },
			"geometry": {
				"type": "Point",
				"coordinates": [121.883556,25.125183]
			}
		},
		{
			"type": "Feature",
			"properties": { "pm_name": "台2線", "pm_type": "人行道" },
			"geometry": {
				"type": "Point",
				"coordinates": [121.883187,25.125199]
			}
		},
		{
			"type": "Feature",
			"properties": { "pm_name": "台2線", "pm_type": "人行道" },
			"geometry": {
				"type": "Point",
				"coordinates": [121.900138,25.124458]
			}
		},
		{
			"type": "Feature",
			"properties": { "pm_name": "台2線", "pm_type": "人行道" },
			"geometry": {
				"type": "Point",
				"coordinates": [121.857919,25.126305]
			}
		},
		{
			"type": "Feature",
			"properties": { "pm_name": "台2線", "pm_type": "人行道" },
			"geometry": {
				"type": "Point",
				"coordinates": [121.858852,25.126265]
			}
		},
		{
			"type": "Feature",
			"properties": { "pm_name": "台2線", "pm_type": "人行道" },
			"geometry": {
				"type": "Point",
				"coordinates": [121.90808,25.12411]
			}
		},
		{
			"type": "Feature",
			"properties": { "pm_name": "台2線", "pm_type": "人行道" },
			"geometry": {
				"type": "Point",
				"coordinates": [121.88628,25.125064]
			}
		},
		{
			"type": "Feature",
			"properties": { "pm_name": "台2線", "pm_type": "人行道" },
			"geometry": {
				"type": "Point",
				"coordinates": [121.864436,25.126021]
			}
		},
		{
			"type": "Feature",
			"properties": { "pm_name": "台2線", "pm_type": "人行道" },
			"geometry": {
				"type": "Point",
				"coordinates": [121.881308,25.125281]
			}
		},
		{
			"type": "Feature",
			"properties": { "pm_name": "台2線", "pm_type": "人行道" },
			"geometry": {
				"type": "Point",
				"coordinates": [121.84146,25.127025]
			}
		},
		{
			"type": "Feature",
			"properties": { "pm_name": "台2線", "pm_type": "人行道" },
			"geometry": {
				"type": "Point",
				"coordinates": [121.887518,25.12501]
			}
		},
		{
			"type": "Feature",
			"properties": { "pm_name": "台2線", "pm_type": "人行道" },
			"geometry": {
				"type": "Point",
				"coordinates": [121.867946,25.125867]
			}
		},
		{
			"type": "Feature",
			"properties": { "pm_name": "台2線", "pm_type": "人行道" },
			"geometry": {
				"type": "Point",
				"coordinates": [121.897258,25.124584]
			}
		},
		{
			"type": "Feature",
			"properties": { "pm_name": "台2線", "pm_type": "人行道" },
			"geometry": {
				"type": "Point",
				"coordinates": [121.857037,25.126344]
			}
		},
		{
			"type": "Feature",
			"properties": { "pm_name": "台2線", "pm_type": "人行道" },
			"geometry": {
				"type": "Point",
				"coordinates": [121.878832,25.12539]
			}
		},
		{
			"type": "Feature",
			"properties": { "pm_name": "台2線", "pm_type": "人行道" },
			"geometry": {
				"type": "Point",
				"coordinates": [121.909695,25.12404]
			}
		},
		{
			"type": "Feature",
			"properties": { "pm_name": "台2線", "pm_type": "人行道" },
			"geometry": {
				"type": "Point",
				"coordinates": [121.877649,25.125442]
			}
		},
		{
			"type": "Feature",
			"properties": { "pm_name": "台2線", "pm_type": "人行道" },
			"geometry": {
				"type": "Point",
				"coordinates": [121.843063,25.126955]
			}
		},
		{
			"type": "Feature",
			"properties": { "pm_name": "台2線", "pm_type": "人行道" },
			"geometry": {
				"type": "Point",
				"coordinates": [121.758414,25.138841]
			}
		},
		{
			"type": "Feature",
			"properties": { "pm_name": "台2線", "pm_type": "人行道" },
			"geometry": {
				"type": "Point",
				"coordinates": [121.711456,25.148126]
			}
		},
		{
			"type": "Feature",
			"properties": { "pm_name": "台2線", "pm_type": "人行道" },
			"geometry": {
				"type": "Point",
				"coordinates": [121.786537,25.133282]
			}
		},
		{
			"type": "Feature",
			"properties": { "pm_name": "台2線", "pm_type": "人行道" },
			"geometry": {
				"type": "Point",
				"coordinates": [121.788975,25.1328]
			}
		},
		{
			"type": "Feature",
			"properties": { "pm_name": "台2線", "pm_type": "人行道" },
			"geometry": {
				"type": "Point",
				"coordinates": [121.776192,25.135327]
			}
		},
		{
			"type": "Feature",
			"properties": { "pm_name": "台2線", "pm_type": "人行道" },
			"geometry": {
				"type": "Point",
				"coordinates": [121.80653,25.12933]
			}
		},
		{
			"type": "Feature",
			"properties": { "pm_name": "台2線", "pm_type": "人行道" },
			"geometry": {
				"type": "Point",
				"coordinates": [121.797534,25.131109]
			}
		},
		{
			"type": "Feature",
			"properties": { "pm_name": "台2線", "pm_type": "人行道" },
			"geometry": {
				"type": "Point",
				"coordinates": [121.707527,25.148902]
			}
		},
		{
			"type": "Feature",
			"properties": { "pm_name": "台2線", "pm_type": "人行道" },
			"geometry": {
				"type": "Point",
				"coordinates": [121.76202,25.138128]
			}
		},
		{
			"type": "Feature",
			"properties": { "pm_name": "台2線", "pm_type": "人行道" },
			"geometry": {
				"type": "Point",
				"coordinates": [121.715712,25.147285]
			}
		},
		{
			"type": "Feature",
			"properties": { "pm_name": "台2線", "pm_type": "人行道" },
			"geometry": {
				"type": "Point",
				"coordinates": [121.816035,25.127453]
			}
		},
		{
			"type": "Feature",
			"properties": { "pm_name": "台2線", "pm_type": "人行道" },
			"geometry": {
				"type": "Point",
				"coordinates": [121.721095,25.146221]
			}
		},
		{
			"type": "Feature",
			"properties": { "pm_name": "台2線", "pm_type": "人行道" },
			"geometry": {
				"type": "Point",
				"coordinates": [121.732877,25.143891]
			}
		},
		{
			"type": "Feature",
			"properties": { "pm_name": "台2線", "pm_type": "人行道" },
			"geometry": {
				"type": "Point",
				"coordinates": [121.799933,25.130635]
			}
		},
		{
			"type": "Feature",
			"properties": { "pm_name": "台2線", "pm_type": "人行道" },
			"geometry": {
				"type": "Point",
				"coordinates": [121.710667,25.148281]
			}
		},
		{
			"type": "Feature",
			"properties": { "pm_name": "台2線", "pm_type": "人行道" },
			"geometry": {
				"type": "Point",
				"coordinates": [121.794799,25.131649]
			}
		},
		{
			"type": "Feature",
			"properties": { "pm_name": "台2線", "pm_type": "人行道" },
			"geometry": {
				"type": "Point",
				"coordinates": [121.754158,25.139682]
			}
		},
		{
			"type": "Feature",
			"properties": { "pm_name": "台2線", "pm_type": "人行道" },
			"geometry": {
				"type": "Point",
				"coordinates": [121.814207,25.127815]
			}
		},
		{
			"type": "Feature",
			"properties": { "pm_name": "台2線", "pm_type": "人行道" },
			"geometry": {
				"type": "Point",
				"coordinates": [121.721915,25.146059]
			}
		},
		{
			"type": "Feature",
			"properties": { "pm_name": "台2線", "pm_type": "人行道" },
			"geometry": {
				"type": "Point",
				"coordinates": [121.735721,25.143329]
			}
		},
		{
			"type": "Feature",
			"properties": { "pm_name": "台2線", "pm_type": "人行道" },
			"geometry": {
				"type": "Point",
				"coordinates": [121.80574,25.129486]
			}
		},
		{
			"type": "Feature",
			"properties": { "pm_name": "台2線", "pm_type": "人行道" },
			"geometry": {
				"type": "Point",
				"coordinates": [121.74108,25.14227]
			}
		},
		{
			"type": "Feature",
			"properties": { "pm_name": "台2線", "pm_type": "人行道" },
			"geometry": {
				"type": "Point",
				"coordinates": [121.792778,25.132049]
			}
		},
		{
			"type": "Feature",
			"properties": { "pm_name": "台2線", "pm_type": "人行道" },
			"geometry": { "type": "Point", "coordinates": [121.7481,25.14088] }
		},
		{
			"type": "Feature",
			"properties": { "pm_name": "台2線", "pm_type": "人行道" },
			"geometry": {
				"type": "Point",
				"coordinates": [121.768393,25.136868]
			}
		},
		{
			"type": "Feature",
			"properties": { "pm_name": "台2線", "pm_type": "人行道" },
			"geometry": {
				"type": "Point",
				"coordinates": [121.73017,25.144426]
			}
		},
		{
			"type": "Feature",
			"properties": { "pm_name": "台2線", "pm_type": "人行道" },
			"geometry": {
				"type": "Point",
				"coordinates": [121.782819,25.134017]
			}
		},
		{
			"type": "Feature",
			"properties": { "pm_name": "台2線", "pm_type": "人行道" },
			"geometry": {
				"type": "Point",
				"coordinates": [121.719133,25.146609]
			}
		},
		{
			"type": "Feature",
			"properties": { "pm_name": "台2線", "pm_type": "人行道" },
			"geometry": {
				"type": "Point",
				"coordinates": [121.807111,25.129215]
			}
		},
		{
			"type": "Feature",
			"properties": { "pm_name": "台2線", "pm_type": "人行道" },
			"geometry": {
				"type": "Point",
				"coordinates": [121.748165,25.140868]
			}
		},
		{
			"type": "Feature",
			"properties": { "pm_name": "台2線", "pm_type": "人行道" },
			"geometry": {
				"type": "Point",
				"coordinates": [121.72063,25.146313]
			}
		},
		{
			"type": "Feature",
			"properties": { "pm_name": "台2線", "pm_type": "人行道" },
			"geometry": {
				"type": "Point",
				"coordinates": [121.743105,25.14187]
			}
		},
		{
			"type": "Feature",
			"properties": { "pm_name": "台2線", "pm_type": "人行道" },
			"geometry": {
				"type": "Point",
				"coordinates": [121.757376,25.139046]
			}
		},
		{
			"type": "Feature",
			"properties": { "pm_name": "台2線", "pm_type": "人行道" },
			"geometry": {
				"type": "Point",
				"coordinates": [121.777539,25.135061]
			}
		},
		{
			"type": "Feature",
			"properties": { "pm_name": "台2線", "pm_type": "人行道" },
			"geometry": {
				"type": "Point",
				"coordinates": [121.804854,25.129661]
			}
		},
		{
			"type": "Feature",
			"properties": { "pm_name": "台2線", "pm_type": "人行道" },
			"geometry": {
				"type": "Point",
				"coordinates": [121.760608,25.138407]
			}
		},
		{
			"type": "Feature",
			"properties": { "pm_name": "台2線", "pm_type": "人行道" },
			"geometry": {
				"type": "Point",
				"coordinates": [121.805041,25.129624]
			}
		},
		{
			"type": "Feature",
			"properties": { "pm_name": "台2線", "pm_type": "人行道" },
			"geometry": {
				"type": "Point",
				"coordinates": [121.794246,25.131758]
			}
		},
		{
			"type": "Feature",
			"properties": { "pm_name": "台2線", "pm_type": "人行道" },
			"geometry": {
				"type": "Point",
				"coordinates": [121.739906,25.142502]
			}
		},
		{
			"type": "Feature",
			"properties": { "pm_name": "台2線", "pm_type": "人行道" },
			"geometry": {
				"type": "Point",
				"coordinates": [121.774021,25.135756]
			}
		},
		{
			"type": "Feature",
			"properties": { "pm_name": "台2線", "pm_type": "人行道" },
			"geometry": {
				"type": "Point",
				"coordinates": [121.806484,25.129339]
			}
		},
		{
			"type": "Feature",
			"properties": { "pm_name": "台2線", "pm_type": "人行道" },
			"geometry": {
				"type": "Point",
				"coordinates": [121.786567,25.133276]
			}
		},
		{
			"type": "Feature",
			"properties": { "pm_name": "台2線", "pm_type": "人行道" },
			"geometry": {
				"type": "Point",
				"coordinates": [121.786047,25.133379]
			}
		},
		{
			"type": "Feature",
			"properties": { "pm_name": "台2線", "pm_type": "人行道" },
			"geometry": {
				"type": "Point",
				"coordinates": [121.739843,25.142514]
			}
		},
		{
			"type": "Feature",
			"properties": { "pm_name": "台2線", "pm_type": "人行道" },
			"geometry": {
				"type": "Point",
				"coordinates": [121.770101,25.136531]
			}
		},
		{
			"type": "Feature",
			"properties": { "pm_name": "台2線", "pm_type": "人行道" },
			"geometry": {
				"type": "Point",
				"coordinates": [121.715545,25.147318]
			}
		},
		{
			"type": "Feature",
			"properties": { "pm_name": "台2線", "pm_type": "人行道" },
			"geometry": {
				"type": "Point",
				"coordinates": [121.750486,25.140409]
			}
		},
		{
			"type": "Feature",
			"properties": { "pm_name": "台2線", "pm_type": "人行道" },
			"geometry": {
				"type": "Point",
				"coordinates": [121.788934,25.132808]
			}
		},
		{
			"type": "Feature",
			"properties": { "pm_name": "台2線", "pm_type": "人行道" },
			"geometry": {
				"type": "Point",
				"coordinates": [121.788656,25.132863]
			}
		},
		{
			"type": "Feature",
			"properties": { "pm_name": "台2線", "pm_type": "人行道" },
			"geometry": {
				"type": "Point",
				"coordinates": [121.78694,25.133202]
			}
		},
		{
			"type": "Feature",
			"properties": { "pm_name": "台2線", "pm_type": "人行道" },
			"geometry": {
				"type": "Point",
				"coordinates": [121.797566,25.131102]
			}
		},
		{
			"type": "Feature",
			"properties": { "pm_name": "台2線", "pm_type": "人行道" },
			"geometry": {
				"type": "Point",
				"coordinates": [121.772754,25.136006]
			}
		},
		{
			"type": "Feature",
			"properties": { "pm_name": "台2線", "pm_type": "人行道" },
			"geometry": {
				"type": "Point",
				"coordinates": [121.734243,25.143621]
			}
		},
		{
			"type": "Feature",
			"properties": { "pm_name": "台2線", "pm_type": "人行道" },
			"geometry": {
				"type": "Point",
				"coordinates": [121.706164,25.149171]
			}
		},
		{
			"type": "Feature",
			"properties": { "pm_name": "台2線", "pm_type": "人行道" },
			"geometry": {
				"type": "Point",
				"coordinates": [121.715713,25.147285]
			}
		},
		{
			"type": "Feature",
			"properties": { "pm_name": "台2線", "pm_type": "人行道" },
			"geometry": {
				"type": "Point",
				"coordinates": [121.771419,25.13627]
			}
		},
		{
			"type": "Feature",
			"properties": { "pm_name": "台2線", "pm_type": "人行道" },
			"geometry": {
				"type": "Point",
				"coordinates": [121.774056,25.135749]
			}
		},
		{
			"type": "Feature",
			"properties": { "pm_name": "台2線", "pm_type": "人行道" },
			"geometry": {
				"type": "Point",
				"coordinates": [121.798171,25.130983]
			}
		},
		{
			"type": "Feature",
			"properties": { "pm_name": "台2線", "pm_type": "人行道" },
			"geometry": {
				"type": "Point",
				"coordinates": [121.744645,25.141566]
			}
		},
		{
			"type": "Feature",
			"properties": { "pm_name": "台2線", "pm_type": "人行道" },
			"geometry": {
				"type": "Point",
				"coordinates": [121.766056,25.13733]
			}
		},
		{
			"type": "Feature",
			"properties": { "pm_name": "台2線", "pm_type": "人行道" },
			"geometry": {
				"type": "Point",
				"coordinates": [121.724185,25.14561]
			}
		},
		{
			"type": "Feature",
			"properties": { "pm_name": "台2線", "pm_type": "人行道" },
			"geometry": {
				"type": "Point",
				"coordinates": [121.750709,25.140365]
			}
		},
		{
			"type": "Feature",
			"properties": { "pm_name": "台2線", "pm_type": "人行道" },
			"geometry": {
				"type": "Point",
				"coordinates": [121.784131,25.133758]
			}
		},
		{
			"type": "Feature",
			"properties": { "pm_name": "台2線", "pm_type": "人行道" },
			"geometry": {
				"type": "Point",
				"coordinates": [121.760608,25.138407]
			}
		},
		{
			"type": "Feature",
			"properties": { "pm_name": "台2線", "pm_type": "人行道" },
			"geometry": {
				"type": "Point",
				"coordinates": [121.711456,25.148126]
			}
		},
		{
			"type": "Feature",
			"properties": { "pm_name": "台2線", "pm_type": "人行道" },
			"geometry": {
				"type": "Point",
				"coordinates": [121.794799,25.131649]
			}
		},
		{
			"type": "Feature",
			"properties": { "pm_name": "台2線", "pm_type": "人行道" },
			"geometry": {
				"type": "Point",
				"coordinates": [121.816035,25.127453]
			}
		},
		{
			"type": "Feature",
			"properties": { "pm_name": "台2線", "pm_type": "人行道" },
			"geometry": {
				"type": "Point",
				"coordinates": [121.806484,25.129339]
			}
		},
		{
			"type": "Feature",
			"properties": { "pm_name": "台2線", "pm_type": "人行道" },
			"geometry": {
				"type": "Point",
				"coordinates": [121.739843,25.142514]
			}
		},
		{
			"type": "Feature",
			"properties": { "pm_name": "台2線", "pm_type": "人行道" },
			"geometry": { "type": "Point", "coordinates": [121.7481,25.14088] }
		},
		{
			"type": "Feature",
			"properties": { "pm_name": "台2線", "pm_type": "人行道" },
			"geometry": {
				"type": "Point",
				"coordinates": [121.73017,25.144426]
			}
		},
		{
			"type": "Feature",
			"properties": { "pm_name": "台2線", "pm_type": "人行道" },
			"geometry": {
				"type": "Point",
				"coordinates": [121.771419,25.13627]
			}
		},
		{
			"type": "Feature",
			"properties": { "pm_name": "台2線", "pm_type": "人行道" },
			"geometry": {
				"type": "Point",
				"coordinates": [121.734243,25.143621]
			}
		},
		{
			"type": "Feature",
			"properties": { "pm_name": "台2線", "pm_type": "人行道" },
			"geometry": {
				"type": "Point",
				"coordinates": [121.750709,25.140365]
			}
		},
		{
			"type": "Feature",
			"properties": { "pm_name": "台2線", "pm_type": "人行道" },
			"geometry": {
				"type": "Point",
				"coordinates": [121.772754,25.136006]
			}
		},
		{
			"type": "Feature",
			"properties": { "pm_name": "台2線", "pm_type": "人行道" },
			"geometry": {
				"type": "Point",
				"coordinates": [121.719133,25.146609]
			}
		},
		{
			"type": "Feature",
			"properties": { "pm_name": "台2線", "pm_type": "人行道" },
			"geometry": {
				"type": "Point",
				"coordinates": [121.78694,25.133202]
			}
		},
		{
			"type": "Feature",
			"properties": { "pm_name": "台2線", "pm_type": "人行道" },
			"geometry": {
				"type": "Point",
				"coordinates": [121.715545,25.147318]
			}
		},
		{
			"type": "Feature",
			"properties": { "pm_name": "台2線", "pm_type": "人行道" },
			"geometry": {
				"type": "Point",
				"coordinates": [121.794246,25.131758]
			}
		},
		{
			"type": "Feature",
			"properties": { "pm_name": "台2線", "pm_type": "人行道" },
			"geometry": {
				"type": "Point",
				"coordinates": [121.797566,25.131102]
			}
		},
		{
			"type": "Feature",
			"properties": { "pm_name": "台2線", "pm_type": "人行道" },
			"geometry": {
				"type": "Point",
				"coordinates": [121.758414,25.138841]
			}
		},
		{
			"type": "Feature",
			"properties": { "pm_name": "台2線", "pm_type": "人行道" },
			"geometry": {
				"type": "Point",
				"coordinates": [121.776192,25.135327]
			}
		},
		{
			"type": "Feature",
			"properties": { "pm_name": "台2線", "pm_type": "人行道" },
			"geometry": {
				"type": "Point",
				"coordinates": [121.786567,25.133276]
			}
		},
		{
			"type": "Feature",
			"properties": { "pm_name": "台2線", "pm_type": "人行道" },
			"geometry": {
				"type": "Point",
				"coordinates": [121.721915,25.146059]
			}
		},
		{
			"type": "Feature",
			"properties": { "pm_name": "台2線", "pm_type": "人行道" },
			"geometry": {
				"type": "Point",
				"coordinates": [121.74108,25.14227]
			}
		},
		{
			"type": "Feature",
			"properties": { "pm_name": "台2線", "pm_type": "人行道" },
			"geometry": {
				"type": "Point",
				"coordinates": [121.748165,25.140868]
			}
		},
		{
			"type": "Feature",
			"properties": { "pm_name": "台2線", "pm_type": "人行道" },
			"geometry": {
				"type": "Point",
				"coordinates": [121.757376,25.139046]
			}
		},
		{
			"type": "Feature",
			"properties": { "pm_name": "台2線", "pm_type": "人行道" },
			"geometry": {
				"type": "Point",
				"coordinates": [121.788656,25.132863]
			}
		},
		{
			"type": "Feature",
			"properties": { "pm_name": "台2線", "pm_type": "人行道" },
			"geometry": {
				"type": "Point",
				"coordinates": [121.739906,25.142502]
			}
		},
		{
			"type": "Feature",
			"properties": { "pm_name": "台2線", "pm_type": "人行道" },
			"geometry": {
				"type": "Point",
				"coordinates": [121.786047,25.133379]
			}
		},
		{
			"type": "Feature",
			"properties": { "pm_name": "台2線", "pm_type": "人行道" },
			"geometry": {
				"type": "Point",
				"coordinates": [121.721095,25.146221]
			}
		},
		{
			"type": "Feature",
			"properties": { "pm_name": "台2線", "pm_type": "人行道" },
			"geometry": {
				"type": "Point",
				"coordinates": [121.732877,25.143891]
			}
		},
		{
			"type": "Feature",
			"properties": { "pm_name": "台2線", "pm_type": "人行道" },
			"geometry": {
				"type": "Point",
				"coordinates": [121.710667,25.148281]
			}
		},
		{
			"type": "Feature",
			"properties": { "pm_name": "台2線", "pm_type": "人行道" },
			"geometry": {
				"type": "Point",
				"coordinates": [121.754158,25.139682]
			}
		},
		{
			"type": "Feature",
			"properties": { "pm_name": "台2線", "pm_type": "人行道" },
			"geometry": {
				"type": "Point",
				"coordinates": [121.799933,25.130635]
			}
		},
		{
			"type": "Feature",
			"properties": { "pm_name": "台2線", "pm_type": "人行道" },
			"geometry": {
				"type": "Point",
				"coordinates": [121.814207,25.127815]
			}
		},
		{
			"type": "Feature",
			"properties": { "pm_name": "台2線", "pm_type": "人行道" },
			"geometry": {
				"type": "Point",
				"coordinates": [121.782819,25.134017]
			}
		},
		{
			"type": "Feature",
			"properties": { "pm_name": "台2線", "pm_type": "人行道" },
			"geometry": {
				"type": "Point",
				"coordinates": [121.735721,25.143329]
			}
		},
		{
			"type": "Feature",
			"properties": { "pm_name": "台2線", "pm_type": "人行道" },
			"geometry": {
				"type": "Point",
				"coordinates": [121.706164,25.149171]
			}
		},
		{
			"type": "Feature",
			"properties": { "pm_name": "台2線", "pm_type": "人行道" },
			"geometry": {
				"type": "Point",
				"coordinates": [121.699168,25.150553]
			}
		},
		{
			"type": "Feature",
			"properties": { "pm_name": "台2線", "pm_type": "人行道" },
			"geometry": {
				"type": "Point",
				"coordinates": [121.701783,25.176465]
			}
		},
		{
			"type": "Feature",
			"properties": { "pm_name": "台2線", "pm_type": "人行道" },
			"geometry": {
				"type": "Point",
				"coordinates": [121.670198,25.198332]
			}
		},
		{
			"type": "Feature",
			"properties": { "pm_name": "台2線", "pm_type": "人行道" },
			"geometry": {
				"type": "Point",
				"coordinates": [121.652684,25.210452]
			}
		},
		{
			"type": "Feature",
			"properties": { "pm_name": "台2線", "pm_type": "人行道" },
			"geometry": {
				"type": "Point",
				"coordinates": [121.690453,25.184301]
			}
		},
		{
			"type": "Feature",
			"properties": { "pm_name": "台2線", "pm_type": "人行道" },
			"geometry": {
				"type": "Point",
				"coordinates": [121.645284,25.215579]
			}
		},
		{
			"type": "Feature",
			"properties": { "pm_name": "台2線", "pm_type": "人行道" },
			"geometry": {
				"type": "Point",
				"coordinates": [121.674937,25.195047]
			}
		},
		{
			"type": "Feature",
			"properties": { "pm_name": "台2線", "pm_type": "人行道" },
			"geometry": {
				"type": "Point",
				"coordinates": [121.657217,25.207311]
			}
		},
		{
			"type": "Feature",
			"properties": { "pm_name": "台2線", "pm_type": "人行道" },
			"geometry": {
				"type": "Point",
				"coordinates": [121.686253,25.187211]
			}
		},
		{
			"type": "Feature",
			"properties": { "pm_name": "台2線", "pm_type": "人行道" },
			"geometry": {
				"type": "Point",
				"coordinates": [121.698276,25.178891]
			}
		},
		{
			"type": "Feature",
			"properties": { "pm_name": "台2線", "pm_type": "人行道" },
			"geometry": {
				"type": "Point",
				"coordinates": [121.68043,25.191244]
			}
		},
		{
			"type": "Feature",
			"properties": { "pm_name": "台2線", "pm_type": "人行道" },
			"geometry": {
				"type": "Point",
				"coordinates": [121.695015,25.181146]
			}
		},
		{
			"type": "Feature",
			"properties": { "pm_name": "台2線", "pm_type": "人行道" },
			"geometry": {
				"type": "Point",
				"coordinates": [121.664728,25.202115]
			}
		},
		{
			"type": "Feature",
			"properties": { "pm_name": "台2線", "pm_type": "人行道" },
			"geometry": {
				"type": "Point",
				"coordinates": [121.705995,25.173551]
			}
		},
		{
			"type": "Feature",
			"properties": { "pm_name": "台2線", "pm_type": "人行道" },
			"geometry": {
				"type": "Point",
				"coordinates": [121.675754,25.194481]
			}
		},
		{
			"type": "Feature",
			"properties": { "pm_name": "台2線", "pm_type": "人行道" },
			"geometry": {
				"type": "Point",
				"coordinates": [121.655998,25.208154]
			}
		},
		{
			"type": "Feature",
			"properties": { "pm_name": "台2線", "pm_type": "人行道" },
			"geometry": {
				"type": "Point",
				"coordinates": [121.687071,25.186644]
			}
		},
		{
			"type": "Feature",
			"properties": { "pm_name": "台2線", "pm_type": "人行道" },
			"geometry": {
				"type": "Point",
				"coordinates": [121.643731,25.216654]
			}
		},
		{
			"type": "Feature",
			"properties": { "pm_name": "台2線", "pm_type": "人行道" },
			"geometry": {
				"type": "Point",
				"coordinates": [121.661204,25.204553]
			}
		},
		{
			"type": "Feature",
			"properties": { "pm_name": "台2線", "pm_type": "人行道" },
			"geometry": {
				"type": "Point",
				"coordinates": [121.678898,25.192305]
			}
		},
		{
			"type": "Feature",
			"properties": { "pm_name": "台2線", "pm_type": "人行道" },
			"geometry": {
				"type": "Point",
				"coordinates": [121.703164,25.17551]
			}
		},
		{
			"type": "Feature",
			"properties": { "pm_name": "台2線", "pm_type": "人行道" },
			"geometry": {
				"type": "Point",
				"coordinates": [121.682354,25.189912]
			}
		},
		{
			"type": "Feature",
			"properties": { "pm_name": "台2線", "pm_type": "人行道" },
			"geometry": {
				"type": "Point",
				"coordinates": [121.668623,25.199421]
			}
		},
		{
			"type": "Feature",
			"properties": { "pm_name": "台2線", "pm_type": "人行道" },
			"geometry": {
				"type": "Point",
				"coordinates": [121.648821,25.213125]
			}
		},
		{
			"type": "Feature",
			"properties": { "pm_name": "台2線", "pm_type": "人行道" },
			"geometry": {
				"type": "Point",
				"coordinates": [121.69233,25.183002]
			}
		},
		{
			"type": "Feature",
			"properties": { "pm_name": "台2線", "pm_type": "人行道" },
			"geometry": {
				"type": "Point",
				"coordinates": [121.666567,25.200844]
			}
		},
		{
			"type": "Feature",
			"properties": { "pm_name": "台2線", "pm_type": "人行道" },
			"geometry": {
				"type": "Point",
				"coordinates": [121.696362,25.180214]
			}
		},
		{
			"type": "Feature",
			"properties": { "pm_name": "台2線", "pm_type": "人行道" },
			"geometry": {
				"type": "Point",
				"coordinates": [121.646939,25.21443]
			}
		},
		{
			"type": "Feature",
			"properties": { "pm_name": "台2線", "pm_type": "人行道" },
			"geometry": {
				"type": "Point",
				"coordinates": [121.672619,25.196652]
			}
		},
		{
			"type": "Feature",
			"properties": { "pm_name": "台2線", "pm_type": "人行道" },
			"geometry": {
				"type": "Point",
				"coordinates": [121.699966,25.177721]
			}
		},
		{
			"type": "Feature",
			"properties": { "pm_name": "台2線", "pm_type": "人行道" },
			"geometry": {
				"type": "Point",
				"coordinates": [121.677627,25.193184]
			}
		},
		{
			"type": "Feature",
			"properties": { "pm_name": "台2線", "pm_type": "人行道" },
			"geometry": {
				"type": "Point",
				"coordinates": [121.659593,25.205667]
			}
		},
		{
			"type": "Feature",
			"properties": { "pm_name": "台2線", "pm_type": "人行道" },
			"geometry": {
				"type": "Point",
				"coordinates": [121.689139,25.18521]
			}
		},
		{
			"type": "Feature",
			"properties": { "pm_name": "台2線", "pm_type": "人行道" },
			"geometry": {
				"type": "Point",
				"coordinates": [121.650757,25.211784]
			}
		},
		{
			"type": "Feature",
			"properties": { "pm_name": "台2線", "pm_type": "人行道" },
			"geometry": {
				"type": "Point",
				"coordinates": [121.704752,25.174411]
			}
		},
		{
			"type": "Feature",
			"properties": { "pm_name": "台2線", "pm_type": "人行道" },
			"geometry": {
				"type": "Point",
				"coordinates": [121.68452,25.188412]
			}
		},
		{
			"type": "Feature",
			"properties": { "pm_name": "台2線", "pm_type": "人行道" },
			"geometry": {
				"type": "Point",
				"coordinates": [121.663011,25.203304]
			}
		},
		{
			"type": "Feature",
			"properties": { "pm_name": "台2線", "pm_type": "人行道" },
			"geometry": {
				"type": "Point",
				"coordinates": [121.67148,25.197441]
			}
		},
		{
			"type": "Feature",
			"properties": { "pm_name": "台2線", "pm_type": "人行道" },
			"geometry": {
				"type": "Point",
				"coordinates": [121.642751,25.217332]
			}
		},
		{
			"type": "Feature",
			"properties": { "pm_name": "台2線", "pm_type": "人行道" },
			"geometry": {
				"type": "Point",
				"coordinates": [121.693474,25.182211]
			}
		},
		{
			"type": "Feature",
			"properties": { "pm_name": "台2線", "pm_type": "人行道" },
			"geometry": {
				"type": "Point",
				"coordinates": [121.697467,25.17945]
			}
		},
		{
			"type": "Feature",
			"properties": { "pm_name": "台2線", "pm_type": "人行道" },
			"geometry": {
				"type": "Point",
				"coordinates": [121.658312,25.206554]
			}
		},
		{
			"type": "Feature",
			"properties": { "pm_name": "台2線", "pm_type": "人行道" },
			"geometry": {
				"type": "Point",
				"coordinates": [121.681429,25.190552]
			}
		},
		{
			"type": "Feature",
			"properties": { "pm_name": "台2線", "pm_type": "人行道" },
			"geometry": {
				"type": "Point",
				"coordinates": [121.649795,25.21245]
			}
		},
		{
			"type": "Feature",
			"properties": { "pm_name": "台2線", "pm_type": "人行道" },
			"geometry": {
				"type": "Point",
				"coordinates": [121.706958,25.172884]
			}
		},
		{
			"type": "Feature",
			"properties": { "pm_name": "台2線", "pm_type": "人行道" },
			"geometry": {
				"type": "Point",
				"coordinates": [121.669359,25.198912]
			}
		},
		{
			"type": "Feature",
			"properties": { "pm_name": "台2線", "pm_type": "人行道" },
			"geometry": {
				"type": "Point",
				"coordinates": [121.691243,25.183754]
			}
		},
		{
			"type": "Feature",
			"properties": { "pm_name": "台2線", "pm_type": "人行道" },
			"geometry": {
				"type": "Point",
				"coordinates": [121.654346,25.209301]
			}
		},
		{
			"type": "Feature",
			"properties": { "pm_name": "台2線", "pm_type": "人行道" },
			"geometry": {
				"type": "Point",
				"coordinates": [121.665544,25.201552]
			}
		},
		{
			"type": "Feature",
			"properties": { "pm_name": "台2線", "pm_type": "人行道" },
			"geometry": {
				"type": "Point",
				"coordinates": [121.701136,25.176912]
			}
		},
		{
			"type": "Feature",
			"properties": { "pm_name": "台2線", "pm_type": "人行道" },
			"geometry": {
				"type": "Point",
				"coordinates": [121.673729,25.195884]
			}
		},
		{
			"type": "Feature",
			"properties": { "pm_name": "台2線", "pm_type": "人行道" },
			"geometry": {
				"type": "Point",
				"coordinates": [121.687997,25.186001]
			}
		},
		{
			"type": "Feature",
			"properties": { "pm_name": "台2線", "pm_type": "人行道" },
			"geometry": {
				"type": "Point",
				"coordinates": [121.655136,25.208754]
			}
		},
		{
			"type": "Feature",
			"properties": { "pm_name": "台2線", "pm_type": "人行道" },
			"geometry": {
				"type": "Point",
				"coordinates": [121.678225,25.192771]
			}
		},
		{
			"type": "Feature",
			"properties": { "pm_name": "台2線", "pm_type": "人行道" },
			"geometry": {
				"type": "Point",
				"coordinates": [121.69924,25.178224]
			}
		},
		{
			"type": "Feature",
			"properties": { "pm_name": "台2線", "pm_type": "人行道" },
			"geometry": {
				"type": "Point",
				"coordinates": [121.652019,25.210912]
			}
		},
		{
			"type": "Feature",
			"properties": { "pm_name": "台2線", "pm_type": "人行道" },
			"geometry": {
				"type": "Point",
				"coordinates": [121.689943,25.184654]
			}
		},
		{
			"type": "Feature",
			"properties": { "pm_name": "台2線", "pm_type": "人行道" },
			"geometry": {
				"type": "Point",
				"coordinates": [121.661991,25.204011]
			}
		},
		{
			"type": "Feature",
			"properties": { "pm_name": "台2線", "pm_type": "人行道" },
			"geometry": {
				"type": "Point",
				"coordinates": [121.673238,25.196224]
			}
		},
		{
			"type": "Feature",
			"properties": { "pm_name": "台2線", "pm_type": "人行道" },
			"geometry": {
				"type": "Point",
				"coordinates": [121.705369,25.173984]
			}
		},
		{
			"type": "Feature",
			"properties": { "pm_name": "台2線", "pm_type": "人行道" },
			"geometry": {
				"type": "Point",
				"coordinates": [121.683192,25.189332]
			}
		},
		{
			"type": "Feature",
			"properties": { "pm_name": "台2線", "pm_type": "人行道" },
			"geometry": {
				"type": "Point",
				"coordinates": [121.646102,25.215011]
			}
		},
		{
			"type": "Feature",
			"properties": { "pm_name": "台2線", "pm_type": "人行道" },
			"geometry": {
				"type": "Point",
				"coordinates": [121.663805,25.202754]
			}
		},
		{
			"type": "Feature",
			"properties": { "pm_name": "台2線", "pm_type": "人行道" },
			"geometry": {
				"type": "Point",
				"coordinates": [121.69426,25.181667]
			}
		},
		{
			"type": "Feature",
			"properties": { "pm_name": "台2線", "pm_type": "人行道" },
			"geometry": {
				"type": "Point",
				"coordinates": [121.679669,25.191771]
			}
		},
		{
			"type": "Feature",
			"properties": { "pm_name": "台2線", "pm_type": "人行道" },
			"geometry": {
				"type": "Point",
				"coordinates": [121.702584,25.175912]
			}
		},
		{
			"type": "Feature",
			"properties": { "pm_name": "台2線", "pm_type": "人行道" },
			"geometry": {
				"type": "Point",
				"coordinates": [121.656388,25.207884]
			}
		},
		{
			"type": "Feature",
			"properties": { "pm_name": "台2線", "pm_type": "人行道" },
			"geometry": {
				"type": "Point",
				"coordinates": [121.685282,25.187884]
			}
		},
		{
			"type": "Feature",
			"properties": { "pm_name": "台2線", "pm_type": "人行道" },
			"geometry": {
				"type": "Point",
				"coordinates": [121.6678,25.199991]
			}
		},
		{
			"type": "Feature",
			"properties": { "pm_name": "台2線", "pm_type": "人行道" },
			"geometry": {
				"type": "Point",
				"coordinates": [121.707599,25.172441]
			}
		},
		{
			"type": "Feature",
			"properties": { "pm_name": "台2線", "pm_type": "人行道" },
			"geometry": {
				"type": "Point",
				"coordinates": [121.647915,25.213754]
			}
		},
		{
			"type": "Feature",
			"properties": { "pm_name": "台2線", "pm_type": "人行道" },
			"geometry": {
				"type": "Point",
				"coordinates": [121.688559,25.185611]
			}
		},
		{
			"type": "Feature",
			"properties": { "pm_name": "台2線", "pm_type": "人行道" },
			"geometry": {
				"type": "Point",
				"coordinates": [121.660398,25.205112]
			}
		},
		{
			"type": "Feature",
			"properties": { "pm_name": "台2線", "pm_type": "人行道" },
			"geometry": {
				"type": "Point",
				"coordinates": [121.676616,25.193884]
			}
		},
		{
			"type": "Feature",
			"properties": { "pm_name": "台2線", "pm_type": "人行道" },
			"geometry": {
				"type": "Point",
				"coordinates": [121.695557,25.180771]
			}
		},
		{
			"type": "Feature",
			"properties": { "pm_name": "台2線", "pm_type": "人行道" },
			"geometry": {
				"type": "Point",
				"coordinates": [121.651413,25.211332]
			}
		},
		{
			"type": "Feature",
			"properties": { "pm_name": "台2線", "pm_type": "人行道" },
			"geometry": {
				"type": "Point",
				"coordinates": [121.692832,25.182654]
			}
		},
		{
			"type": "Feature",
			"properties": { "pm_name": "台2線", "pm_type": "人行道" },
			"geometry": {
				"type": "Point",
				"coordinates": [121.667307,25.200332]
			}
		},
		{
			"type": "Feature",
			"properties": { "pm_name": "台2線", "pm_type": "人行道" },
			"geometry": {
				"type": "Point",
				"coordinates": [121.683838,25.188884]
			}
		},
		{
			"type": "Feature",
			"properties": { "pm_name": "台2線", "pm_type": "人行道" },
			"geometry": {
				"type": "Point",
				"coordinates": [121.703885,25.175011]
			}
		},
		{
			"type": "Feature",
			"properties": { "pm_name": "台2線", "pm_type": "人行道" },
			"geometry": {
				"type": "Point",
				"coordinates": [121.64466,25.216011]
			}
		},
		{
			"type": "Feature",
			"properties": { "pm_name": "台2線", "pm_type": "人行道" },
			"geometry": {
				"type": "Point",
				"coordinates": [121.659098,25.206011]
			}
		},
		{
			"type": "Feature",
			"properties": { "pm_name": "台2線", "pm_type": "人行道" },
			"geometry": {
				"type": "Point",
				"coordinates": [121.675652,25.194552]
			}
		},
		{
			"type": "Feature",
			"properties": { "pm_name": "台2線", "pm_type": "人行道" },
			"geometry": {
				"type": "Point",
				"coordinates": [121.70053,25.177332]
			}
		},
		{
			"type": "Feature",
			"properties": { "pm_name": "台2線", "pm_type": "人行道" },
			"geometry": {
				"type": "Point",
				"coordinates": [121.647545,25.214011]
			}
		},
		{
			"type": "Feature",
			"properties": { "pm_name": "台2線", "pm_type": "人行道" },
			"geometry": {
				"type": "Point",
				"coordinates": [121.68752,25.186332]
			}
		},
		{
			"type": "Feature",
			"properties": { "pm_name": "台2線", "pm_type": "人行道" },
			"geometry": {
				"type": "Point",
				"coordinates": [121.662337,25.203771]
			}
		},
		{
			"type": "Feature",
			"properties": { "pm_name": "台2線", "pm_type": "人行道" },
			"geometry": {
				"type": "Point",
				"coordinates": [121.67084,25.197884]
			}
		},
		{
			"type": "Feature",
			"properties": { "pm_name": "台2線", "pm_type": "人行道" },
			"geometry": {
				"type": "Point",
				"coordinates": [121.693792,25.181991]
			}
		},
		{
			"type": "Feature",
			"properties": { "pm_name": "台2線", "pm_type": "人行道" },
			"geometry": {
				"type": "Point",
				"coordinates": [121.649169,25.212884]
			}
		},
		{
			"type": "Feature",
			"properties": { "pm_name": "台2線", "pm_type": "人行道" },
			"geometry": {
				"type": "Point",
				"coordinates": [121.666181,25.201112]
			}
		},
		{
			"type": "Feature",
			"properties": { "pm_name": "台2線", "pm_type": "人行道" },
			"geometry": {
				"type": "Point",
				"coordinates": [121.689455,25.184991]
			}
		},
		{
			"type": "Feature",
			"properties": { "pm_name": "台2線", "pm_type": "人行道" },
			"geometry": {
				"type": "Point",
				"coordinates": [121.704232,25.174771]
			}
		},
		{
			"type": "Feature",
			"properties": { "pm_name": "台2線", "pm_type": "人行道" },
			"geometry": {
				"type": "Point",
				"coordinates": [121.655584,25.208441]
			}
		},
		{
			"type": "Feature",
			"properties": { "pm_name": "台2線", "pm_type": "人行道" },
			"geometry": {
				"type": "Point",
				"coordinates": [121.679323,25.192011]
			}
		},
		{
			"type": "Feature",
			"properties": { "pm_name": "台2線", "pm_type": "人行道" },
			"geometry": {
				"type": "Point",
				"coordinates": [121.69684,25.179884]
			}
		},
		{
			"type": "Feature",
			"properties": { "pm_name": "台2線", "pm_type": "人行道" },
			"geometry": {
				"type": "Point",
				"coordinates": [121.643216,25.217011]
			}
		},
		{
			"type": "Feature",
			"properties": { "pm_name": "台2線", "pm_type": "人行道" },
			"geometry": {
				"type": "Point",
				"coordinates": [121.66008,25.205332]
			}
		},
		{
			"type": "Feature",
			"properties": { "pm_name": "台2線", "pm_type": "人行道" },
			"geometry": {
				"type": "Point",
				"coordinates": [121.685099,25.188011]
			}
		},
		{
			"type": "Feature",
			"properties": { "pm_name": "台2線", "pm_type": "人行道" },
			"geometry": {
				"type": "Point",
				"coordinates": [121.67213,25.196991]
			}
		},
		{
			"type": "Feature",
			"properties": { "pm_name": "台2線", "pm_type": "人行道" },
			"geometry": {
				"type": "Point",
				"coordinates": [121.641815,25.217984]
			}
		},
		{
			"type": "Feature",
			"properties": { "pm_name": "台2線", "pm_type": "人行道" },
			"geometry": {
				"type": "Point",
				"coordinates": [121.628767,25.228518]
			}
		},
		{
			"type": "Feature",
			"properties": { "pm_name": "台2線", "pm_type": "人行道" },
			"geometry": {
				"type": "Point",
				"coordinates": [121.615073,25.263595]
			}
		},
		{
			"type": "Feature",
			"properties": { "pm_name": "台2線", "pm_type": "人行道" },
			"geometry": {
				"type": "Point",
				"coordinates": [121.622594,25.244302]
			}
		},
		{
			"type": "Feature",
			"properties": { "pm_name": "台2線", "pm_type": "人行道" },
			"geometry": {
				"type": "Point",
				"coordinates": [121.610969,25.274112]
			}
		},
		{
			"type": "Feature",
			"properties": { "pm_name": "台2線", "pm_type": "人行道" },
			"geometry": {
				"type": "Point",
				"coordinates": [121.61997,25.251025]
			}
		},
		{
			"type": "Feature",
			"properties": { "pm_name": "台2線", "pm_type": "人行道" },
			"geometry": {
				"type": "Point",
				"coordinates": [121.627344,25.232148]
			}
		},
		{
			"type": "Feature",
			"properties": { "pm_name": "台2線", "pm_type": "人行道" },
			"geometry": {
				"type": "Point",
				"coordinates": [121.612613,25.269914]
			}
		},
		{
			"type": "Feature",
			"properties": { "pm_name": "台2線", "pm_type": "人行道" },
			"geometry": {
				"type": "Point",
				"coordinates": [121.624063,25.240552]
			}
		},
		{
			"type": "Feature",
			"properties": { "pm_name": "台2線", "pm_type": "人行道" },
			"geometry": {
				"type": "Point",
				"coordinates": [121.62978,25.225916]
			}
		},
		{
			"type": "Feature",
			"properties": { "pm_name": "台2線", "pm_type": "人行道" },
			"geometry": {
				"type": "Point",
				"coordinates": [121.618077,25.255874]
			}
		},
		{
			"type": "Feature",
			"properties": { "pm_name": "台2線", "pm_type": "人行道" },
			"geometry": {
				"type": "Point",
				"coordinates": [121.61601,25.261205]
			}
		},
		{
			"type": "Feature",
			"properties": { "pm_name": "台2線", "pm_type": "人行道" },
			"geometry": {
				"type": "Point",
				"coordinates": [121.62627,25.234891]
			}
		},
		{
			"type": "Feature",
			"properties": { "pm_name": "台2線", "pm_type": "人行道" },
			"geometry": {
				"type": "Point",
				"coordinates": [121.609724,25.277302]
			}
		},
		{
			"type": "Feature",
			"properties": { "pm_name": "台2線", "pm_type": "人行道" },
			"geometry": {
				"type": "Point",
				"coordinates": [121.620794,25.248916]
			}
		},
		{
			"type": "Feature",
			"properties": { "pm_name": "台2線", "pm_type": "人行道" },
			"geometry": {
				"type": "Point",
				"coordinates": [121.629184,25.227441]
			}
		},
		{
			"type": "Feature",
			"properties": { "pm_name": "台2線", "pm_type": "人行道" },
			"geometry": {
				"type": "Point",
				"coordinates": [121.613437,25.267812]
			}
		},
		{
			"type": "Feature",
			"properties": { "pm_name": "台2線", "pm_type": "人行道" },
			"geometry": {
				"type": "Point",
				"coordinates": [121.62501,25.238125]
			}
		},
		{
			"type": "Feature",
			"properties": { "pm_name": "台2線", "pm_type": "人行道" },
			"geometry": {
				"type": "Point",
				"coordinates": [121.619472,25.252305]
			}
		},
		{
			"type": "Feature",
			"properties": { "pm_name": "台2線", "pm_type": "人行道" },
			"geometry": {
				"type": "Point",
				"coordinates": [121.61213,25.271146]
			}
		},
		{
			"type": "Feature",
			"properties": { "pm_name": "台2線", "pm_type": "人行道" },
			"geometry": {
				"type": "Point",
				"coordinates": [121.623412,25.242211]
			}
		},
		{
			"type": "Feature",
			"properties": { "pm_name": "台2線", "pm_type": "人行道" },
			"geometry": {
				"type": "Point",
				"coordinates": [121.616866,25.258992]
			}
		},
		{
			"type": "Feature",
			"properties": { "pm_name": "台2線", "pm_type": "人行道" },
			"geometry": {
				"type": "Point",
				"coordinates": [121.628445,25.229332]
			}
		},
		{
			"type": "Feature",
			"properties": { "pm_name": "台2線", "pm_type": "人行道" },
			"geometry": {
				"type": "Point",
				"coordinates": [121.614352,25.265442]
			}
		},
		{
			"type": "Feature",
			"properties": { "pm_name": "台2線", "pm_type": "人行道" },
			"geometry": {
				"type": "Point",
				"coordinates": [121.621976,25.245884]
			}
		},
		{
			"type": "Feature",
			"properties": { "pm_name": "台2線", "pm_type": "人行道" },
			"geometry": {
				"type": "Point",
				"coordinates": [121.610408,25.275554]
			}
		},
		{
			"type": "Feature",
			"properties": { "pm_name": "台2線", "pm_type": "人行道" },
			"geometry": {
				"type": "Point",
				"coordinates": [121.625621,25.236551]
			}
		},
		{
			"type": "Feature",
			"properties": { "pm_name": "台2線", "pm_type": "人行道" },
			"geometry": {
				"type": "Point",
				"coordinates": [121.618943,25.253667]
			}
		},
		{
			"type": "Feature",
			"properties": { "pm_name": "台2線", "pm_type": "人行道" },
			"geometry": {
				"type": "Point",
				"coordinates": [121.630485,25.224125]
			}
		},
		{
			"type": "Feature",
			"properties": { "pm_name": "台2線", "pm_type": "人行道" },
			"geometry": {
				"type": "Point",
				"coordinates": [121.616474,25.260011]
			}
		},
		{
			"type": "Feature",
			"properties": { "pm_name": "台2線", "pm_type": "人行道" },
			"geometry": {
				"type": "Point",
				"coordinates": [121.621498,25.247112]
			}
		},
		{
			"type": "Feature",
			"properties": { "pm_name": "台2線", "pm_type": "人行道" },
			"geometry": {
				"type": "Point",
				"coordinates": [121.611451,25.272884]
			}
		},
		{
			"type": "Feature",
			"properties": { "pm_name": "台2線", "pm_type": "人行道" },
			"geometry": {
				"type": "Point",
				"coordinates": [121.627788,25.231011]
			}
		},
		{
			"type": "Feature",
			"properties": { "pm_name": "台2線", "pm_type": "人行道" },
			"geometry": {
				"type": "Point",
				"coordinates": [121.617596,25.257112]
			}
		},
		{
			"type": "Feature",
			"properties": { "pm_name": "台2線", "pm_type": "人行道" },
			"geometry": {
				"type": "Point",
				"coordinates": [121.61319,25.268441]
			}
		},
		{
			"type": "Feature",
			"properties": { "pm_name": "台2線", "pm_type": "人行道" },
			"geometry": {
				"type": "Point",
				"coordinates": [121.624538,25.239332]
			}
		},
		{
			"type": "Feature",
			"properties": { "pm_name": "台2線", "pm_type": "人行道" },
			"geometry": {
				"type": "Point",
				"coordinates": [121.620158,25.250552]
			}
		},
		{
			"type": "Feature",
			"properties": { "pm_name": "台2線", "pm_type": "人行道" },
			"geometry": {
				"type": "Point",
				"coordinates": [121.609108,25.278884]
			}
		},
		{
			"type": "Feature",
			"properties": { "pm_name": "台2線", "pm_type": "人行道" },
			"geometry": {
				"type": "Point",
				"coordinates": [121.629615,25.226332]
			}
		},
		{
			"type": "Feature",
			"properties": { "pm_name": "台2線", "pm_type": "人行道" },
			"geometry": {
				"type": "Point",
				"coordinates": [121.615396,25.262771]
			}
		},
		{
			"type": "Feature",
			"properties": { "pm_name": "台2線", "pm_type": "人行道" },
			"geometry": {
				"type": "Point",
				"coordinates": [121.622883,25.243554]
			}
		},
		{
			"type": "Feature",
			"properties": { "pm_name": "台2線", "pm_type": "人行道" },
			"geometry": {
				"type": "Point",
				"coordinates": [121.618763,25.254112]
			}
		},
		{
			"type": "Feature",
			"properties": { "pm_name": "台2線", "pm_type": "人行道" },
			"geometry": {
				"type": "Point",
				"coordinates": [121.626746,25.233667]
			}
		},
		{
			"type": "Feature",
			"properties": { "pm_name": "台2線", "pm_type": "人行道" },
			"geometry": {
				"type": "Point",
				"coordinates": [121.612844,25.269332]
			}
		},
		{
			"type": "Feature",
			"properties": { "pm_name": "台2線", "pm_type": "人行道" },
			"geometry": {
				"type": "Point",
				"coordinates": [121.623847,25.241112]
			}
		},
		{
			"type": "Feature",
			"properties": { "pm_name": "台2線", "pm_type": "人行道" },
			"geometry": {
				"type": "Point",
				"coordinates": [121.616738,25.259332]
			}
		},
		{
			"type": "Feature",
			"properties": { "pm_name": "台2線", "pm_type": "人行道" },
			"geometry": {
				"type": "Point",
				"coordinates": [121.62814,25.230112]
			}
		},
		{
			"type": "Feature",
			"properties": { "pm_name": "台2線", "pm_type": "人行道" },
			"geometry": {
				"type": "Point",
				"coordinates": [121.614046,25.266224]
			}
		},
		{
			"type": "Feature",
			"properties": { "pm_name": "台2線", "pm_type": "人行道" },
			"geometry": {
				"type": "Point",
				"coordinates": [121.621715,25.246554]
			}
		},
		{
			"type": "Feature",
			"properties": { "pm_name": "台2線", "pm_type": "人行道" },
			"geometry": {
				"type": "Point",
				"coordinates": [121.610101,25.276332]
			}
		},
		{
			"type": "Feature",
			"properties": { "pm_name": "台2線", "pm_type": "人行道" },
			"geometry": {
				"type": "Point",
				"coordinates": [121.625272,25.237441]
			}
		},
		{
			"type": "Feature",
			"properties": { "pm_name": "台2線", "pm_type": "人行道" },
			"geometry": {
				"type": "Point",
				"coordinates": [121.619721,25.251667]
			}
		},
		{
			"type": "Feature",
			"properties": { "pm_name": "台2線", "pm_type": "人行道" },
			"geometry": {
				"type": "Point",
				"coordinates": [121.630095,25.225112]
			}
		},
		{
			"type": "Feature",
			"properties": { "pm_name": "台2線", "pm_type": "人行道" },
			"geometry": {
				"type": "Point",
				"coordinates": [121.615705,25.261991]
			}
		},
		{
			"type": "Feature",
			"properties": { "pm_name": "台2線", "pm_type": "人行道" },
			"geometry": {
				"type": "Point",
				"coordinates": [121.62111,25.248112]
			}
		},
		{
			"type": "Feature",
			"properties": { "pm_name": "台2線", "pm_type": "人行道" },
			"geometry": {
				"type": "Point",
				"coordinates": [121.611142,25.273667]
			}
		},
		{
			"type": "Feature",
			"properties": { "pm_name": "台2線", "pm_type": "人行道" },
			"geometry": {
				"type": "Point",
				"coordinates": [121.627056,25.232884]
			}
		},
		{
			"type": "Feature",
			"properties": { "pm_name": "台2線", "pm_type": "人行道" },
			"geometry": {
				"type": "Point",
				"coordinates": [121.617124,25.258332]
			}
		},
		{
			"type": "Feature",
			"properties": { "pm_name": "台2線", "pm_type": "人行道" },
			"geometry": {
				"type": "Point",
				"coordinates": [121.613711,25.267112]
			}
		},
		{
			"type": "Feature",
			"properties": { "pm_name": "台2線", "pm_type": "人行道" },
			"geometry": {
				"type": "Point",
				"coordinates": [121.624237,25.240112]
			}
		},
		{
			"type": "Feature",
			"properties": { "pm_name": "台2線", "pm_type": "人行道" },
			"geometry": {
				"type": "Point",
				"coordinates": [121.619198,25.253011]
			}
		},
		{
			"type": "Feature",
			"properties": { "pm_name": "台2線", "pm_type": "人行道" },
			"geometry": {
				"type": "Point",
				"coordinates": [121.609406,25.278112]
			}
		},
		{
			"type": "Feature",
			"properties": { "pm_name": "台2線", "pm_type": "人行道" },
			"geometry": {
				"type": "Point",
				"coordinates": [121.629352,25.227011]
			}
		},
		{
			"type": "Feature",
			"properties": { "pm_name": "台2線", "pm_type": "人行道" },
			"geometry": {
				"type": "Point",
				"coordinates": [121.614742,25.264441]
			}
		},
		{
			"type": "Feature",
			"properties": { "pm_name": "台2線", "pm_type": "人行道" },
			"geometry": {
				"type": "Point",
				"coordinates": [121.622283,25.245112]
			}
		},
		{
			"type": "Feature",
			"properties": { "pm_name": "台2線", "pm_type": "人行道" },
			"geometry": {
				"type": "Point",
				"coordinates": [121.618376,25.255112]
			}
		},
		{
			"type": "Feature",
			"properties": { "pm_name": "台2線", "pm_type": "人行道" },
			"geometry": {
				"type": "Point",
				"coordinates": [121.625964,25.235667]
			}
		},
		{
			"type": "Feature",
			"properties": { "pm_name": "台2線", "pm_type": "人行道" },
			"geometry": {
				"type": "Point",
				"coordinates": [121.612407,25.270441]
			}
		},
		{
			"type": "Feature",
			"properties": { "pm_name": "台2線", "pm_type": "人行道" },
			"geometry": {
				"type": "Point",
				"coordinates": [121.623145,25.242884]
			}
		},
		{
			"type": "Feature",
			"properties": { "pm_name": "台2線", "pm_type": "人行道" },
			"geometry": {
				"type": "Point",
				"coordinates": [121.61626,25.260552]
			}
		},
		{
			"type": "Feature",
			"properties": { "pm_name": "台2線", "pm_type": "人行道" },
			"geometry": {
				"type": "Point",
				"coordinates": [121.627576,25.231552]
			}
		},
		{
			"type": "Feature",
			"properties": { "pm_name": "台2線", "pm_type": "人行道" },
			"geometry": {
				"type": "Point",
				"coordinates": [121.617381,25.257667]
			}
		},
		{
			"type": "Feature",
			"properties": { "pm_name": "台2線", "pm_type": "人行道" },
			"geometry": {
				"type": "Point",
				"coordinates": [121.612975,25.268991]
			}
		},
		{
			"type": "Feature",
			"properties": { "pm_name": "台2線", "pm_type": "人行道" },
			"geometry": {
				"type": "Point",
				"coordinates": [121.624795,25.238667]
			}
		},
		{
			"type": "Feature",
			"properties": { "pm_name": "台2線", "pm_type": "人行道" },
			"geometry": {
				"type": "Point",
				"coordinates": [121.619379,25.252552]
			}
		},
		{
			"type": "Feature",
			"properties": { "pm_name": "台2線", "pm_type": "人行道" },
			"geometry": {
				"type": "Point",
				"coordinates": [121.608892,25.279441]
			}
		},
		{
			"type": "Feature",
			"properties": { "pm_name": "台2線", "pm_type": "人行道" },
			"geometry": {
				"type": "Point",
				"coordinates": [121.628923,25.228112]
			}
		},
		{
			"type": "Feature",
			"properties": { "pm_name": "台2線", "pm_type": "人行道" },
			"geometry": {
				"type": "Point",
				"coordinates": [121.615263,25.263112]
			}
		},
		{
			"type": "Feature",
			"properties": { "pm_name": "台2線", "pm_type": "人行道" },
			"geometry": {
				"type": "Point",
				"coordinates": [121.622415,25.244771]
			}
		},
		{
			"type": "Feature",
			"properties": { "pm_name": "台2線", "pm_type": "人行道" },
			"geometry": {
				"type": "Point",
				"coordinates": [121.610668,25.274884]
			}
		},
		{
			"type": "Feature",
			"properties": { "pm_name": "台2線", "pm_type": "人行道" },
			"geometry": {
				"type": "Point",
				"coordinates": [121.617855,25.256441]
			}
		},
		{
			"type": "Feature",
			"properties": { "pm_name": "台2線", "pm_type": "人行道" },
			"geometry": {
				"type": "Point",
				"coordinates": [121.626487,25.234332]
			}
		},
		{
			"type": "Feature",
			"properties": { "pm_name": "台2線", "pm_type": "人行道" },
			"geometry": {
				"type": "Point",
				"coordinates": [121.612668,25.269771]
			}
		},
		{
			"type": "Feature",
			"properties": { "pm_name": "台2線", "pm_type": "人行道" },
			"geometry": {
				"type": "Point",
				"coordinates": [121.623674,25.241552]
			}
		},
		{
			"type": "Feature",
			"properties": { "pm_name": "台2線", "pm_type": "人行道" },
			"geometry": {
				"type": "Point",
				"coordinates": [121.61657,25.259771]
			}
		},
		{
			"type": "Feature",
			"properties": { "pm_name": "台2線", "pm_type": "人行道" },
			"geometry": {
				"type": "Point",
				"coordinates": [121.627967,25.230552]
			}
		},
		{
			"type": "Feature",
			"properties": { "pm_name": "台2線", "pm_type": "人行道" },
			"geometry": {
				"type": "Point",
				"coordinates": [121.61418,25.265884]
			}
		},
		{
			"type": "Feature",
			"properties": { "pm_name": "台2線", "pm_type": "人行道" },
			"geometry": {
				"type": "Point",
				"coordinates": [121.621325,25.247552]
			}
		},
		{
			"type": "Feature",
			"properties": { "pm_name": "台2線", "pm_type": "人行道" },
			"geometry": {
				"type": "Point",
				"coordinates": [121.609886,25.276884]
			}
		},
		{
			"type": "Feature",
			"properties": { "pm_name": "台2線", "pm_type": "人行道" },
			"geometry": {
				"type": "Point",
				"coordinates": [121.625102,25.237884]
			}
		},
		{
			"type": "Feature",
			"properties": { "pm_name": "台2線", "pm_type": "人行道" },
			"geometry": {
				"type": "Point",
				"coordinates": [121.619073,25.253332]
			}
		},
		{
			"type": "Feature",
			"properties": { "pm_name": "台2線", "pm_type": "人行道" },
			"geometry": {
				"type": "Point",
				"coordinates": [121.629922,25.225552]
			}
		},
		{
			"type": "Feature",
			"properties": { "pm_name": "台2線", "pm_type": "人行道" },
			"geometry": {
				"type": "Point",
				"coordinates": [121.615875,25.261552]
			}
		},
		{
			"type": "Feature",
			"properties": { "pm_name": "台2線", "pm_type": "人行道" },
			"geometry": {
				"type": "Point",
				"coordinates": [121.620632,25.249332]
			}
		},
		{
			"type": "Feature",
			"properties": { "pm_name": "台2線", "pm_type": "人行道" },
			"geometry": {
				"type": "Point",
				"coordinates": [121.61136,25.273112]
			}
		},
		{
			"type": "Feature",
			"properties": { "pm_name": "台2線", "pm_type": "人行道" },
			"geometry": {
				"type": "Point",
				"coordinates": [121.626922,25.233224]
			}
		},
		{
			"type": "Feature",
			"properties": { "pm_name": "台2線", "pm_type": "人行道" },
			"geometry": {
				"type": "Point",
				"coordinates": [121.616952,25.258771]
			}
		},
		{
			"type": "Feature",
			"properties": { "pm_name": "台2線", "pm_type": "人行道" },
			"geometry": {
				"type": "Point",
				"coordinates": [121.613539,25.267552]
			}
		},
		{
			"type": "Feature",
			"properties": { "pm_name": "台2線", "pm_type": "人行道" },
			"geometry": {
				"type": "Point",
				"coordinates": [121.623936,25.240884]
			}
		},
		{
			"type": "Feature",
			"properties": { "pm_name": "台2線", "pm_type": "人行道" },
			"geometry": {
				"type": "Point",
				"coordinates": [121.619593,25.251991]
			}
		},
		{
			"type": "Feature",
			"properties": { "pm_name": "台2線", "pm_type": "人行道" },
			"geometry": {
				"type": "Point",
				"coordinates": [121.608731,25.279855]
			}
		},
		{
			"type": "Feature",
			"properties": { "pm_name": "台2線", "pm_type": "人行道" },
			"geometry": {
				"type": "Point",
				"coordinates": [121.585352,25.290352]
			}
		},
		{
			"type": "Feature",
			"properties": { "pm_name": "台2線", "pm_type": "人行道" },
			"geometry": {
				"type": "Point",
				"coordinates": [121.568594,25.291128]
			}
		},
		{
			"type": "Feature",
			"properties": { "pm_name": "台2線", "pm_type": "人行道" },
			"geometry": {
				"type": "Point",
				"coordinates": [121.58983,25.290145]
			}
		},
		{
			"type": "Feature",
			"properties": { "pm_name": "台2線", "pm_type": "人行道" },
			"geometry": {
				"type": "Point",
				"coordinates": [121.563812,25.29135]
			}
		},
		{
			"type": "Feature",
			"properties": { "pm_name": "台2線", "pm_type": "人行道" },
			"geometry": {
				"type": "Point",
				"coordinates": [121.576953,25.290741]
			}
		},
		{
			"type": "Feature",
			"properties": { "pm_name": "台2線", "pm_type": "人行道" },
			"geometry": {
				"type": "Point",
				"coordinates": [121.595054,25.289904]
			}
		},
		{
			"type": "Feature",
			"properties": { "pm_name": "台2線", "pm_type": "人行道" },
			"geometry": {
				"type": "Point",
				"coordinates": [121.566724,25.291215]
			}
		},
		{
			"type": "Feature",
			"properties": { "pm_name": "台2線", "pm_type": "人行道" },
			"geometry": {
				"type": "Point",
				"coordinates": [121.582431,25.290487]
			}
		},
		{
			"type": "Feature",
			"properties": { "pm_name": "台2線", "pm_type": "人行道" },
			"geometry": {
				"type": "Point",
				"coordinates": [121.573387,25.290906]
			}
		},
		{
			"type": "Feature",
			"properties": { "pm_name": "台2線", "pm_type": "人行道" },
			"geometry": {
				"type": "Point",
				"coordinates": [121.560952,25.291482]
			}
		},
		{
			"type": "Feature",
			"properties": { "pm_name": "台2線", "pm_type": "人行道" },
			"geometry": {
				"type": "Point",
				"coordinates": [121.592484,25.290022]
			}
		},
		{
			"type": "Feature",
			"properties": { "pm_name": "台2線", "pm_type": "人行道" },
			"geometry": {
				"type": "Point",
				"coordinates": [121.579603,25.290618]
			}
		},
		{
			"type": "Feature",
			"properties": { "pm_name": "台2線", "pm_type": "人行道" },
			"geometry": {
				"type": "Point",
				"coordinates": [121.569758,25.291074]
			}
		},
		{
			"type": "Feature",
			"properties": { "pm_name": "台2線", "pm_type": "人行道" },
			"geometry": {
				"type": "Point",
				"coordinates": [121.586821,25.290284]
			}
		},
		{
			"type": "Feature",
			"properties": { "pm_name": "台2線", "pm_type": "人行道" },
			"geometry": {
				"type": "Point",
				"coordinates": [121.562337,25.291418]
			}
		},
		{
			"type": "Feature",
			"properties": { "pm_name": "台2線", "pm_type": "人行道" },
			"geometry": {
				"type": "Point",
				"coordinates": [121.596102,25.289855]
			}
		},
		{
			"type": "Feature",
			"properties": { "pm_name": "台2線", "pm_type": "人行道" },
			"geometry": {
				"type": "Point",
				"coordinates": [121.575419,25.290812]
			}
		},
		{
			"type": "Feature",
			"properties": { "pm_name": "台2線", "pm_type": "人行道" },
			"geometry": {
				"type": "Point",
				"coordinates": [121.565241,25.291284]
			}
		},
		{
			"type": "Feature",
			"properties": { "pm_name": "台2線", "pm_type": "人行道" },
			"geometry": {
				"type": "Point",
				"coordinates": [121.588904,25.290188]
			}
		},
		{
			"type": "Feature",
			"properties": { "pm_name": "台2線", "pm_type": "人行道" },
			"geometry": {
				"type": "Point",
				"coordinates": [121.581255,25.290541]
			}
		},
		{
			"type": "Feature",
			"properties": { "pm_name": "台2線", "pm_type": "人行道" },
			"geometry": {
				"type": "Point",
				"coordinates": [121.571849,25.290977]
			}
		},
		{
			"type": "Feature",
			"properties": { "pm_name": "台2線", "pm_type": "人行道" },
			"geometry": {
				"type": "Point",
				"coordinates": [121.560045,25.291524]
			}
		},
		{
			"type": "Feature",
			"properties": { "pm_name": "台2線", "pm_type": "人行道" },
			"geometry": {
				"type": "Point",
				"coordinates": [121.593375,25.289981]
			}
		},
		{
			"type": "Feature",
			"properties": { "pm_name": "台2線", "pm_type": "人行道" },
			"geometry": {
				"type": "Point",
				"coordinates": [121.578432,25.290672]
			}
		},
		{
			"type": "Feature",
			"properties": { "pm_name": "台2線", "pm_type": "人行道" },
			"geometry": {
				"type": "Point",
				"coordinates": [121.567554,25.291176]
			}
		},
		{
			"type": "Feature",
			"properties": { "pm_name": "台2線", "pm_type": "人行道" },
			"geometry": {
				"type": "Point",
				"coordinates": [121.584422,25.290395]
			}
		},
		{
			"type": "Feature",
			"properties": { "pm_name": "台2線", "pm_type": "人行道" },
			"geometry": {
				"type": "Point",
				"coordinates": [121.561528,25.291456]
			}
		},
		{
			"type": "Feature",
			"properties": { "pm_name": "台2線", "pm_type": "人行道" },
			"geometry": {
				"type": "Point",
				"coordinates": [121.591195,25.290082]
			}
		},
		{
			"type": "Feature",
			"properties": { "pm_name": "台2線", "pm_type": "人行道" },
			"geometry": {
				"type": "Point",
				"coordinates": [121.576241,25.290774]
			}
		},
		{
			"type": "Feature",
			"properties": { "pm_name": "台2線", "pm_type": "人行道" },
			"geometry": {
				"type": "Point",
				"coordinates": [121.566147,25.291242]
			}
		},
		{
			"type": "Feature",
			"properties": { "pm_name": "台2線", "pm_type": "人行道" },
			"geometry": {
				"type": "Point",
				"coordinates": [121.587971,25.290231]
			}
		},
		{
			"type": "Feature",
			"properties": { "pm_name": "台2線", "pm_type": "人行道" },
			"geometry": {
				"type": "Point",
				"coordinates": [121.580324,25.290584]
			}
		},
		{
			"type": "Feature",
			"properties": { "pm_name": "台2線", "pm_type": "人行道" },
			"geometry": {
				"type": "Point",
				"coordinates": [121.570896,25.291021]
			}
		},
		{
			"type": "Feature",
			"properties": { "pm_name": "台2線", "pm_type": "人行道" },
			"geometry": {
				"type": "Point",
				"coordinates": [121.559451,25.291552]
			}
		},
		{
			"type": "Feature",
			"properties": { "pm_name": "台2線", "pm_type": "人行道" },
			"geometry": {
				"type": "Point",
				"coordinates": [121.592884,25.290004]
			}
		},
		{
			"type": "Feature",
			"properties": { "pm_name": "台2線", "pm_type": "人行道" },
			"geometry": {
				"type": "Point",
				"coordinates": [121.577943,25.290695]
			}
		},
		{
			"type": "Feature",
			"properties": { "pm_name": "台2線", "pm_type": "人行道" },
			"geometry": {
				"type": "Point",
				"coordinates": [121.567162,25.291194]
			}
		},
		{
			"type": "Feature",
			"properties": { "pm_name": "台2線", "pm_type": "人行道" },
			"geometry": {
				"type": "Point",
				"coordinates": [121.584052,25.290412]
			}
		},
		{
			"type": "Feature",
			"properties": { "pm_name": "台2線", "pm_type": "人行道" },
			"geometry": {
				"type": "Point",
				"coordinates": [121.561194,25.291471]
			}
		},
		{
			"type": "Feature",
			"properties": { "pm_name": "台2線", "pm_type": "人行道" },
			"geometry": {
				"type": "Point",
				"coordinates": [121.594154,25.289945]
			}
		},
		{
			"type": "Feature",
			"properties": { "pm_name": "台2線", "pm_type": "人行道" },
			"geometry": {
				"type": "Point",
				"coordinates": [121.577382,25.290721]
			}
		},
		{
			"type": "Feature",
			"properties": { "pm_name": "台2線", "pm_type": "人行道" },
			"geometry": {
				"type": "Point",
				"coordinates": [121.566541,25.291223]
			}
		},
		{
			"type": "Feature",
			"properties": { "pm_name": "台2線", "pm_type": "人行道" },
			"geometry": {
				"type": "Point",
				"coordinates": [121.587514,25.290252]
			}
		},
		{
			"type": "Feature",
			"properties": { "pm_name": "台2線", "pm_type": "人行道" },
			"geometry": {
				"type": "Point",
				"coordinates": [121.579872,25.290605]
			}
		},
		{
			"type": "Feature",
			"properties": { "pm_name": "台2線", "pm_type": "人行道" },
			"geometry": {
				"type": "Point",
				"coordinates": [121.570443,25.291042]
			}
		},
		{
			"type": "Feature",
			"properties": { "pm_name": "台2線", "pm_type": "人行道" },
			"geometry": {
				"type": "Point",
				"coordinates": [121.559748,25.291538]
			}
		},
		{
			"type": "Feature",
			"properties": { "pm_name": "台2線", "pm_type": "人行道" },
			"geometry": {
				"type": "Point",
				"coordinates": [121.591795,25.290054]
			}
		},
		{
			"type": "Feature",
			"properties": { "pm_name": "台2線", "pm_type": "人行道" },
			"geometry": {
				"type": "Point",
				"coordinates": [121.576854,25.290745]
			}
		},
		{
			"type": "Feature",
			"properties": { "pm_name": "台2線", "pm_type": "人行道" },
			"geometry": {
				"type": "Point",
				"coordinates": [121.566102,25.291244]
			}
		},
		{
			"type": "Feature",
			"properties": { "pm_name": "台2線", "pm_type": "人行道" },
			"geometry": {
				"type": "Point",
				"coordinates": [121.587084,25.290272]
			}
		},
		{
			"type": "Feature",
			"properties": { "pm_name": "台2線", "pm_type": "人行道" },
			"geometry": {
				"type": "Point",
				"coordinates": [121.579442,25.290625]
			}
		},
		{
			"type": "Feature",
			"properties": { "pm_name": "台2線", "pm_type": "人行道" },
			"geometry": {
				"type": "Point",
				"coordinates": [121.570013,25.291062]
			}
		},
		{
			"type": "Feature",
			"properties": { "pm_name": "台2線", "pm_type": "人行道" },
			"geometry": {
				"type": "Point",
				"coordinates": [121.559318,25.291558]
			}
		},
		{
			"type": "Feature",
			"properties": { "pm_name": "台2線", "pm_type": "人行道" },
			"geometry": {
				"type": "Point",
				"coordinates": [121.591365,25.290074]
			}
		},
		{
			"type": "Feature",
			"properties": { "pm_name": "台2線", "pm_type": "人行道" },
			"geometry": {
				"type": "Point",
				"coordinates": [121.576424,25.290765]
			}
		},
		{
			"type": "Feature",
			"properties": { "pm_name": "台2線", "pm_type": "人行道" },
			"geometry": {
				"type": "Point",
				"coordinates": [121.565672,25.291264]
			}
		},
		{
			"type": "Feature",
			"properties": { "pm_name": "台2線", "pm_type": "人行道" },
			"geometry": {
				"type": "Point",
				"coordinates": [121.586654,25.290292]
			}
		},
		{
			"type": "Feature",
			"properties": { "pm_name": "台2線", "pm_type": "人行道" },
			"geometry": {
				"type": "Point",
				"coordinates": [121.579012,25.290645]
			}
		},
		{
			"type": "Feature",
			"properties": { "pm_name": "台2線", "pm_type": "人行道" },
			"geometry": {
				"type": "Point",
				"coordinates": [121.569583,25.291082]
			}
		},
		{
			"type": "Feature",
			"properties": { "pm_name": "台2線", "pm_type": "人行道" },
			"geometry": {
				"type": "Point",
				"coordinates": [121.559154,25.291565]
			}
		},
		{
			"type": "Feature",
			"properties": { "pm_name": "台2線", "pm_type": "人行道" },
			"geometry": {
				"type": "Point",
				"coordinates": [121.590935,25.290094]
			}
		},
		{
			"type": "Feature",
			"properties": { "pm_name": "台2線", "pm_type": "人行道" },
			"geometry": {
				"type": "Point",
				"coordinates": [121.575994,25.290785]
			}
		},
		{
			"type": "Feature",
			"properties": { "pm_name": "台2線", "pm_type": "人行道" },
			"geometry": {
				"type": "Point",
				"coordinates": [121.565242,25.291284]
			}
		},
		{
			"type": "Feature",
			"properties": { "pm_name": "台2線", "pm_type": "人行道" },
			"geometry": {
				"type": "Point",
				"coordinates": [121.586224,25.290312]
			}
		},
		{
			"type": "Feature",
			"properties": { "pm_name": "台2線", "pm_type": "人行道" },
			"geometry": {
				"type": "Point",
				"coordinates": [121.578582,25.290665]
			}
		},
		{
			"type": "Feature",
			"properties": { "pm_name": "台2線", "pm_type": "人行道" },
			"geometry": {
				"type": "Point",
				"coordinates": [121.569153,25.291102]
			}
		},
		{
			"type": "Feature",
			"properties": { "pm_name": "台2線", "pm_type": "人行道" },
			"geometry": {
				"type": "Point",
				"coordinates": [121.596384,25.289842]
			}
		},
		{
			"type": "Feature",
			"properties": { "pm_name": "台2線", "pm_type": "人行道" },
			"geometry": {
				"type": "Point",
				"coordinates": [121.590505,25.290114]
			}
		},
		{
			"type": "Feature",
			"properties": { "pm_name": "台2線", "pm_type": "人行道" },
			"geometry": {
				"type": "Point",
				"coordinates": [121.575564,25.290805]
			}
		},
		{
			"type": "Feature",
			"properties": { "pm_name": "台2線", "pm_type": "人行道" },
			"geometry": {
				"type": "Point",
				"coordinates": [121.564812,25.291304]
			}
		},
		{
			"type": "Feature",
			"properties": { "pm_name": "台2線", "pm_type": "人行道" },
			"geometry": {
				"type": "Point",
				"coordinates": [121.585794,25.290332]
			}
		},
		{
			"type": "Feature",
			"properties": { "pm_name": "台2線", "pm_type": "人行道" },
			"geometry": {
				"type": "Point",
				"coordinates": [121.578152,25.290685]
			}
		},
		{
			"type": "Feature",
			"properties": { "pm_name": "台2線", "pm_type": "人行道" },
			"geometry": {
				"type": "Point",
				"coordinates": [121.568723,25.291122]
			}
		},
		{
			"type": "Feature",
			"properties": { "pm_name": "台2線", "pm_type": "人行道" },
			"geometry": {
				"type": "Point",
				"coordinates": [121.595734,25.289872]
			}
		},
		{
			"type": "Feature",
			"properties": { "pm_name": "台2線", "pm_type": "人行道" },
			"geometry": {
				"type": "Point",
				"coordinates": [121.590075,25.290134]
			}
		},
		{
			"type": "Feature",
			"properties": { "pm_name": "台2線", "pm_type": "人行道" },
			"geometry": {
				"type": "Point",
				"coordinates": [121.575134,25.290825]
			}
		},
		{
			"type": "Feature",
			"properties": { "pm_name": "台2線", "pm_type": "人行道" },
			"geometry": {
				"type": "Point",
				"coordinates": [121.564382,25.291324]
			}
		},
		{
			"type": "Feature",
			"properties": { "pm_name": "台2線", "pm_type": "人行道" },
			"geometry": {
				"type": "Point",
				"coordinates": [121.585364,25.290352]
			}
		},
		{
			"type": "Feature",
			"properties": { "pm_name": "台2線", "pm_type": "人行道" },
			"geometry": {
				"type": "Point",
				"coordinates": [121.577722,25.290705]
			}
		},
		{
			"type": "Feature",
			"properties": { "pm_name": "台2線", "pm_type": "人行道" },
			"geometry": {
				"type": "Point",
				"coordinates": [121.568293,25.291142]
			}
		},
		{
			"type": "Feature",
			"properties": { "pm_name": "台2線", "pm_type": "人行道" },
			"geometry": {
				"type": "Point",
				"coordinates": [121.595084,25.289902]
			}
		},
		{
			"type": "Feature",
			"properties": { "pm_name": "台2線", "pm_type": "人行道" },
			"geometry": {
				"type": "Point",
				"coordinates": [121.589645,25.290154]
			}
		},
		{
			"type": "Feature",
			"properties": { "pm_name": "台2線", "pm_type": "人行道" },
			"geometry": {
				"type": "Point",
				"coordinates": [121.574704,25.290845]
			}
		},
		{
			"type": "Feature",
			"properties": { "pm_name": "台2線", "pm_type": "人行道" },
			"geometry": {
				"type": "Point",
				"coordinates": [121.563952,25.291344]
			}
		},
		{
			"type": "Feature",
			"properties": { "pm_name": "台2線", "pm_type": "人行道" },
			"geometry": {
				"type": "Point",
				"coordinates": [121.584934,25.290372]
			}
		},
		{
			"type": "Feature",
			"properties": { "pm_name": "台2線", "pm_type": "人行道" },
			"geometry": {
				"type": "Point",
				"coordinates": [121.577292,25.290725]
			}
		},
		{
			"type": "Feature",
			"properties": { "pm_name": "台2線", "pm_type": "人行道" },
			"geometry": {
				"type": "Point",
				"coordinates": [121.567863,25.291162]
			}
		},
		{
			"type": "Feature",
			"properties": { "pm_name": "台2線", "pm_type": "人行道" },
			"geometry": {
				"type": "Point",
				"coordinates": [121.594434,25.289932]
			}
		},
		{
			"type": "Feature",
			"properties": { "pm_name": "台2線", "pm_type": "人行道" },
			"geometry": {
				"type": "Point",
				"coordinates": [121.589215,25.290174]
			}
		},
		{
			"type": "Feature",
			"properties": { "pm_name": "台2線", "pm_type": "人行道" },
			"geometry": {
				"type": "Point",
				"coordinates": [121.574274,25.290865]
			}
		},
		{
			"type": "Feature",
			"properties": { "pm_name": "台2線", "pm_type": "人行道" },
			"geometry": {
				"type": "Point",
				"coordinates": [121.563522,25.291364]
			}
		},
		{
			"type": "Feature",
			"properties": { "pm_name": "台2線", "pm_type": "人行道" },
			"geometry": {
				"type": "Point",
				"coordinates": [121.584504,25.290392]
			}
		},
		{
			"type": "Feature",
			"properties": { "pm_name": "台2線", "pm_type": "人行道" },
			"geometry": {
				"type": "Point",
				"coordinates": [121.576862,25.290745]
			}
		},
		{
			"type": "Feature",
			"properties": { "pm_name": "台2線", "pm_type": "人行道" },
			"geometry": {
				"type": "Point",
				"coordinates": [121.567433,25.291182]
			}
		},
		{
			"type": "Feature",
			"properties": { "pm_name": "台2線", "pm_type": "人行道" },
			"geometry": {
				"type": "Point",
				"coordinates": [121.593784,25.289962]
			}
		},
		{
			"type": "Feature",
			"properties": { "pm_name": "台2線", "pm_type": "人行道" },
			"geometry": {
				"type": "Point",
				"coordinates": [121.588785,25.290194]
			}
		},
		{
			"type": "Feature",
			"properties": { "pm_name": "台2線", "pm_type": "人行道" },
			"geometry": {
				"type": "Point",
				"coordinates": [121.573844,25.290885]
			}
		},
		{
			"type": "Feature",
			"properties": { "pm_name": "台2線", "pm_type": "人行道" },
			"geometry": {
				"type": "Point",
				"coordinates": [121.563092,25.291384]
			}
		},
		{
			"type": "Feature",
			"properties": { "pm_name": "台2線", "pm_type": "人行道" },
			"geometry": {
				"type": "Point",
				"coordinates": [121.584074,25.290412]
			}
		},
		{
			"type": "Feature",
			"properties": { "pm_name": "台2線", "pm_type": "人行道" },
			"geometry": {
				"type": "Point",
				"coordinates": [121.576432,25.290765]
			}
		},
		{
			"type": "Feature",
			"properties": { "pm_name": "台2線", "pm_type": "人行道" },
			"geometry": {
				"type": "Point",
				"coordinates": [121.567003,25.291202]
			}
		},
		{
			"type": "Feature",
			"properties": { "pm_name": "台2線", "pm_type": "人行道" },
			"geometry": {
				"type": "Point",
				"coordinates": [121.593134,25.289992]
			}
		},
		{
			"type": "Feature",
			"properties": { "pm_name": "台2線", "pm_type": "人行道" },
			"geometry": {
				"type": "Point",
				"coordinates": [121.588355,25.290214]
			}
		},
		{
			"type": "Feature",
			"properties": { "pm_name": "台2線", "pm_type": "人行道" },
			"geometry": {
				"type": "Point",
				"coordinates": [121.573414,25.290905]
			}
		},
		{
			"type": "Feature",
			"properties": { "pm_name": "台2線", "pm_type": "人行道" },
			"geometry": {
				"type": "Point",
				"coordinates": [121.562662,25.291404]
			}
		},
		{
			"type": "Feature",
			"properties": { "pm_name": "台2線", "pm_type": "人行道" },
			"geometry": {
				"type": "Point",
				"coordinates": [121.583644,25.290432]
			}
		},
		{
			"type": "Feature",
			"properties": { "pm_name": "台2線", "pm_type": "人行道" },
			"geometry": {
				"type": "Point",
				"coordinates": [121.576002,25.290785]
			}
		},
		{
			"type": "Feature",
			"properties": { "pm_name": "台2線", "pm_type": "人行道" },
			"geometry": {
				"type": "Point",
				"coordinates": [121.566573,25.291222]
			}
		},
		{
			"type": "Feature",
			"properties": { "pm_name": "台2線", "pm_type": "人行道" },
			"geometry": {
				"type": "Point",
				"coordinates": [121.592484,25.290022]
			}
		},
		{
			"type": "Feature",
			"properties": { "pm_name": "台2線", "pm_type": "人行道" },
			"geometry": {
				"type": "Point",
				"coordinates": [121.587925,25.290234]
			}
		},
		{
			"type": "Feature",
			"properties": { "pm_name": "台2線", "pm_type": "人行道" },
			"geometry": {
				"type": "Point",
				"coordinates": [121.572984,25.290925]
			}
		},
		{
			"type": "Feature",
			"properties": { "pm_name": "台2線", "pm_type": "人行道" },
			"geometry": {
				"type": "Point",
				"coordinates": [121.562232,25.291424]
			}
		},
		{
			"type": "Feature",
			"properties": { "pm_name": "台2線", "pm_type": "人行道" },
			"geometry": {
				"type": "Point",
				"coordinates": [121.583214,25.290452]
			}
		},
		{
			"type": "Feature",
			"properties": { "pm_name": "台2線", "pm_type": "人行道" },
			"geometry": {
				"type": "Point",
				"coordinates": [121.575572,25.290805]
			}
		},
		{
			"type": "Feature",
			"properties": { "pm_name": "台2線", "pm_type": "人行道" },
			"geometry": {
				"type": "Point",
				"coordinates": [121.566143,25.291242]
			}
		},
		{
			"type": "Feature",
			"properties": { "pm_name": "台2線", "pm_type": "人行道" },
			"geometry": {
				"type": "Point",
				"coordinates": [121.591834,25.290052]
			}
		},
		{
			"type": "Feature",
			"properties": { "pm_name": "台2線", "pm_type": "人行道" },
			"geometry": {
				"type": "Point",
				"coordinates": [121.587495,25.290254]
			}
		},
		{
			"type": "Feature",
			"properties": { "pm_name": "台2線", "pm_type": "人行道" },
			"geometry": {
				"type": "Point",
				"coordinates": [121.559106,25.291568]
			}
		},
		{
			"type": "Feature",
			"properties": { "pm_name": "力行路", "pm_type": "人行道" },
			"geometry": {
				"type": "Point",
				"coordinates": [121.5401587,24.96466333]
			}
		},
		{
			"type": "Feature",
			"properties": { "pm_name": "力行路", "pm_type": "人行道" },
			"geometry": {
				"type": "Point",
				"coordinates": [121.5386345,24.96582806]
			}
		},
		{
			"type": "Feature",
			"properties": { "pm_name": "力行路", "pm_type": "人行道" },
			"geometry": {
				"type": "Point",
				"coordinates": [121.5371103,24.96699279]
			}
		},
		{
			"type": "Feature",
			"properties": { "pm_name": "三和路", "pm_type": "人行道" },
			"geometry": {
				"type": "Point",
				"coordinates": [121.4991867,25.06878774]
			}
		},
		{
			"type": "Feature",
			"properties": { "pm_name": "三和路", "pm_type": "人行道" },
			"geometry": {
				"type": "Point",
				"coordinates": [121.4986448,25.06911984]
			}
		},
		{
			"type": "Feature",
			"properties": { "pm_name": "三和路", "pm_type": "人行道" },
			"geometry": {
				"type": "Point",
				"coordinates": [121.4981028,25.06945195]
			}
		},
		{
			"type": "Feature",
			"properties": { "pm_name": "三和路", "pm_type": "人行道" },
			"geometry": {
				"type": "Point",
				"coordinates": [121.4975608,25.06978405]
			}
		},
		{
			"type": "Feature",
			"properties": { "pm_name": "三和路", "pm_type": "人行道" },
			"geometry": {
				"type": "Point",
				"coordinates": [121.4970188,25.07011616]
			}
		},
		{
			"type": "Feature",
			"properties": { "pm_name": "三和路", "pm_type": "人行道" },
			"geometry": {
				"type": "Point",
				"coordinates": [121.4964768,25.07044826]
			}
		},
		{
			"type": "Feature",
			"properties": { "pm_name": "三和路", "pm_type": "人行道" },
			"geometry": {
				"type": "Point",
				"coordinates": [121.4959349,25.07078037]
			}
		},
		{
			"type": "Feature",
			"properties": { "pm_name": "三和路", "pm_type": "人行道" },
			"geometry": {
				"type": "Point",
				"coordinates": [121.4953929,25.07111247]
			}
		},
		{
			"type": "Feature",
			"properties": { "pm_name": "三和路", "pm_type": "人行道" },
			"geometry": {
				"type": "Point",
				"coordinates": [121.4948509,25.07144457]
			}
		},
		{
			"type": "Feature",
			"properties": { "pm_name": "三和路", "pm_type": "人行道" },
			"geometry": {
				"type": "Point",
				"coordinates": [121.4943089,25.07177668]
			}
		},
		{
			"type": "Feature",
			"properties": { "pm_name": "三和路", "pm_type": "人行道" },
			"geometry": {
				"type": "Point",
				"coordinates": [121.4937669,25.07210878]
			}
		},
		{
			"type": "Feature",
			"properties": { "pm_name": "三和路", "pm_type": "人行道" },
			"geometry": {
				"type": "Point",
				"coordinates": [121.493225,25.07244089]
			}
		},
		{
			"type": "Feature",
			"properties": { "pm_name": "三和路", "pm_type": "人行道" },
			"geometry": {
				"type": "Point",
				"coordinates": [121.492683,25.07277299]
			}
		},
		{
			"type": "Feature",
			"properties": { "pm_name": "三和路", "pm_type": "人行道" },
			"geometry": {
				"type": "Point",
				"coordinates": [121.492141,25.0731051]
			}
		},
		{
			"type": "Feature",
			"properties": { "pm_name": "三和路", "pm_type": "人行道" },
			"geometry": {
				"type": "Point",
				"coordinates": [121.491599,25.0734372]
			}
		},
		{
			"type": "Feature",
			"properties": { "pm_name": "三和路", "pm_type": "人行道" },
			"geometry": {
				"type": "Point",
				"coordinates": [121.491057,25.07376931]
			}
		},
		{
			"type": "Feature",
			"properties": { "pm_name": "三和路", "pm_type": "人行道" },
			"geometry": {
				"type": "Point",
				"coordinates": [121.4905151,25.07410141]
			}
		},
		{
			"type": "Feature",
			"properties": { "pm_name": "三和路", "pm_type": "人行道" },
			"geometry": {
				"type": "Point",
				"coordinates": [121.4899731,25.07443352]
			}
		},
		{
			"type": "Feature",
			"properties": { "pm_name": "三和路", "pm_type": "人行道" },
			"geometry": {
				"type": "Point",
				"coordinates": [121.4894311,25.07476562]
			}
		},
		{
			"type": "Feature",
			"properties": { "pm_name": "三和路", "pm_type": "人行道" },
			"geometry": {
				"type": "Point",
				"coordinates": [121.4888891,25.07509773]
			}
		},
		{
			"type": "Feature",
			"properties": { "pm_name": "三和路", "pm_type": "人行道" },
			"geometry": {
				"type": "Point",
				"coordinates": [121.4883471,25.07542983]
			}
		},
		{
			"type": "Feature",
			"properties": { "pm_name": "三和路", "pm_type": "人行道" },
			"geometry": {
				"type": "Point",
				"coordinates": [121.4878052,25.07576194]
			}
		},
		{
			"type": "Feature",
			"properties": { "pm_name": "三和路", "pm_type": "人行道" },
			"geometry": {
				"type": "Point",
				"coordinates": [121.4872632,25.07609404]
			}
		},
		{
			"type": "Feature",
			"properties": { "pm_name": "三和路", "pm_type": "人行道" },
			"geometry": {
				"type": "Point",
				"coordinates": [121.4867212,25.07642614]
			}
		},
		{
			"type": "Feature",
			"properties": { "pm_name": "三和路", "pm_type": "人行道" },
			"geometry": {
				"type": "Point",
				"coordinates": [121.4861792,25.07675825]
			}
		},
		{
			"type": "Feature",
			"properties": { "pm_name": "三和路", "pm_type": "人行道" },
			"geometry": {
				"type": "Point",
				"coordinates": [121.4856372,25.07709035]
			}
		},
		{
			"type": "Feature",
			"properties": { "pm_name": "三和路", "pm_type": "人行道" },
			"geometry": {
				"type": "Point",
				"coordinates": [121.4850953,25.07742246]
			}
		},
		{
			"type": "Feature",
			"properties": { "pm_name": "三和路", "pm_type": "人行道" },
			"geometry": {
				"type": "Point",
				"coordinates": [121.4845533,25.07775456]
			}
		},
		{
			"type": "Feature",
			"properties": { "pm_name": "三和路", "pm_type": "人行道" },
			"geometry": {
				"type": "Point",
				"coordinates": [121.4840113,25.07808667]
			}
		},
		{
			"type": "Feature",
			"properties": { "pm_name": "三和路", "pm_type": "人行道" },
			"geometry": {
				"type": "Point",
				"coordinates": [121.4834693,25.07841877]
			}
		},
		{
			"type": "Feature",
			"properties": { "pm_name": "三和路", "pm_type": "人行道" },
			"geometry": {
				"type": "Point",
				"coordinates": [121.4829273,25.07875088]
			}
		},
		{
			"type": "Feature",
			"properties": { "pm_name": "三和路", "pm_type": "人行道" },
			"geometry": {
				"type": "Point",
				"coordinates": [121.4823854,25.07908298]
			}
		},
		{
			"type": "Feature",
			"properties": { "pm_name": "三和路", "pm_type": "人行道" },
			"geometry": {
				"type": "Point",
				"coordinates": [121.4818434,25.07941509]
			}
		},
		{
			"type": "Feature",
			"properties": { "pm_name": "三和路", "pm_type": "人行道" },
			"geometry": {
				"type": "Point",
				"coordinates": [121.4813014,25.07974719]
			}
		},
		{
			"type": "Feature",
			"properties": { "pm_name": "三和路", "pm_type": "人行道" },
			"geometry": {
				"type": "Point",
				"coordinates": [121.4807594,25.0800793]
			}
		},
		{
			"type": "Feature",
			"properties": { "pm_name": "三和路", "pm_type": "人行道" },
			"geometry": {
				"type": "Point",
				"coordinates": [121.4882035,25.07583216]
			}
		},
		{
			"type": "Feature",
			"properties": { "pm_name": "三和路", "pm_type": "人行道" },
			"geometry": {
				"type": "Point",
				"coordinates": [121.4885339,25.07561648]
			}
		},
		{
			"type": "Feature",
			"properties": { "pm_name": "三和路", "pm_type": "人行道" },
			"geometry": {
				"type": "Point",
				"coordinates": [121.4888643,25.0754008]
			}
		},
		{
			"type": "Feature",
			"properties": { "pm_name": "三和路", "pm_type": "人行道" },
			"geometry": {
				"type": "Point",
				"coordinates": [121.4891947,25.07518512]
			}
		},
		{
			"type": "Feature",
			"properties": { "pm_name": "三和路", "pm_type": "人行道" },
			"geometry": {
				"type": "Point",
				"coordinates": [121.4895251,25.07496944]
			}
		},
		{
			"type": "Feature",
			"properties": { "pm_name": "三和路", "pm_type": "人行道" },
			"geometry": {
				"type": "Point",
				"coordinates": [121.4898556,25.07475376]
			}
		},
		{
			"type": "Feature",
			"properties": { "pm_name": "三和路", "pm_type": "人行道" },
			"geometry": {
				"type": "Point",
				"coordinates": [121.490186,25.07453809]
			}
		},
		{
			"type": "Feature",
			"properties": { "pm_name": "三和路", "pm_type": "人行道" },
			"geometry": {
				"type": "Point",
				"coordinates": [121.4905164,25.07432241]
			}
		},
		{
			"type": "Feature",
			"properties": { "pm_name": "三和路", "pm_type": "人行道" },
			"geometry": {
				"type": "Point",
				"coordinates": [121.4908468,25.07410673]
			}
		},
		{
			"type": "Feature",
			"properties": { "pm_name": "三和路", "pm_type": "人行道" },
			"geometry": {
				"type": "Point",
				"coordinates": [121.4911772,25.07389105]
			}
		},
		{
			"type": "Feature",
			"properties": { "pm_name": "三和路", "pm_type": "人行道" },
			"geometry": {
				"type": "Point",
				"coordinates": [121.4915076,25.07367537]
			}
		},
		{
			"type": "Feature",
			"properties": { "pm_name": "三和路", "pm_type": "人行道" },
			"geometry": {
				"type": "Point",
				"coordinates": [121.4918381,25.07345969]
			}
		},
		{
			"type": "Feature",
			"properties": { "pm_name": "三和路", "pm_type": "人行道" },
			"geometry": {
				"type": "Point",
				"coordinates": [121.4921685,25.07324402]
			}
		},
		{
			"type": "Feature",
			"properties": { "pm_name": "三和路", "pm_type": "人行道" },
			"geometry": {
				"type": "Point",
				"coordinates": [121.4924989,25.07302834]
			}
		},
		{
			"type": "Feature",
			"properties": { "pm_name": "三和路", "pm_type": "人行道" },
			"geometry": {
				"type": "Point",
				"coordinates": [121.4928293,25.07281266]
			}
		},
		{
			"type": "Feature",
			"properties": { "pm_name": "三和路", "pm_type": "人行道" },
			"geometry": {
				"type": "Point",
				"coordinates": [121.4931597,25.07259698]
			}
		},
		{
			"type": "Feature",
			"properties": { "pm_name": "三和路", "pm_type": "人行道" },
			"geometry": {
				"type": "Point",
				"coordinates": [121.4934902,25.0723813]
			}
		},
		{
			"type": "Feature",
			"properties": { "pm_name": "三和路", "pm_type": "人行道" },
			"geometry": {
				"type": "Point",
				"coordinates": [121.4938206,25.07216562]
			}
		},
		{
			"type": "Feature",
			"properties": { "pm_name": "三和路", "pm_type": "人行道" },
			"geometry": {
				"type": "Point",
				"coordinates": [121.494151,25.07194994]
			}
		},
		{
			"type": "Feature",
			"properties": { "pm_name": "三和路", "pm_type": "人行道" },
			"geometry": {
				"type": "Point",
				"coordinates": [121.4944814,25.07173427]
			}
		},
		{
			"type": "Feature",
			"properties": { "pm_name": "三和路", "pm_type": "人行道" },
			"geometry": {
				"type": "Point",
				"coordinates": [121.4948118,25.07151859]
			}
		},
		{
			"type": "Feature",
			"properties": { "pm_name": "三和路", "pm_type": "人行道" },
			"geometry": {
				"type": "Point",
				"coordinates": [121.4951423,25.07130291]
			}
		},
		{
			"type": "Feature",
			"properties": { "pm_name": "三和路", "pm_type": "人行道" },
			"geometry": {
				"type": "Point",
				"coordinates": [121.4954727,25.07108723]
			}
		},
		{
			"type": "Feature",
			"properties": { "pm_name": "三和路", "pm_type": "人行道" },
			"geometry": {
				"type": "Point",
				"coordinates": [121.4958031,25.07087155]
			}
		},
		{
			"type": "Feature",
			"properties": { "pm_name": "三和路", "pm_type": "人行道" },
			"geometry": {
				"type": "Point",
				"coordinates": [121.4961335,25.07065587]
			}
		},
		{
			"type": "Feature",
			"properties": { "pm_name": "三和路", "pm_type": "人行道" },
			"geometry": {
				"type": "Point",
				"coordinates": [121.4964639,25.0704402]
			}
		},
		{
			"type": "Feature",
			"properties": { "pm_name": "三和路", "pm_type": "人行道" },
			"geometry": {
				"type": "Point",
				"coordinates": [121.4967943,25.07022452]
			}
		},
		{
			"type": "Feature",
			"properties": { "pm_name": "三和路", "pm_type": "人行道" },
			"geometry": {
				"type": "Point",
				"coordinates": [121.4971248,25.07000884]
			}
		},
		{
			"type": "Feature",
			"properties": { "pm_name": "三和路", "pm_type": "人行道" },
			"geometry": {
				"type": "Point",
				"coordinates": [121.4974552,25.06979316]
			}
		},
		{
			"type": "Feature",
			"properties": { "pm_name": "三和路", "pm_type": "人行道" },
			"geometry": {
				"type": "Point",
				"coordinates": [121.4977856,25.06957748]
			}
		},
		{
			"type": "Feature",
			"properties": { "pm_name": "三和路", "pm_type": "人行道" },
			"geometry": {
				"type": "Point",
				"coordinates": [121.498116,25.0693618]
			}
		},
		{
			"type": "Feature",
			"properties": { "pm_name": "三和路", "pm_type": "人行道" },
			"geometry": {
				"type": "Point",
				"coordinates": [121.4984464,25.06914612]
			}
		},
		{
			"type": "Feature",
			"properties": { "pm_name": "三和路", "pm_type": "人行道" },
			"geometry": {
				"type": "Point",
				"coordinates": [121.4987769,25.06893045]
			}
		},
		{
			"type": "Feature",
			"properties": { "pm_name": "三和路", "pm_type": "人行道" },
			"geometry": {
				"type": "Point",
				"coordinates": [121.4991073,25.06871477]
			}
		},
		{
			"type": "Feature",
			"properties": { "pm_name": "三信路", "pm_type": "人行道" },
			"geometry": {
				"type": "Point",
				"coordinates": [121.4910337,25.08880633]
			}
		},
		{
			"type": "Feature",
			"properties": { "pm_name": "三信路", "pm_type": "人行道" },
			"geometry": {
				"type": "Point",
				"coordinates": [121.4910807,25.08884898]
			}
		},
		{
			"type": "Feature",
			"properties": { "pm_name": "三信路", "pm_type": "人行道" },
			"geometry": {
				"type": "Point",
				"coordinates": [121.4911277,25.08889164]
			}
		},
		{
			"type": "Feature",
			"properties": { "pm_name": "三信路", "pm_type": "人行道" },
			"geometry": {
				"type": "Point",
				"coordinates": [121.4911747,25.0889343]
			}
		},
		{
			"type": "Feature",
			"properties": { "pm_name": "三信路", "pm_type": "人行道" },
			"geometry": {
				"type": "Point",
				"coordinates": [121.4912217,25.08897695]
			}
		},
		{
			"type": "Feature",
			"properties": { "pm_name": "三信路", "pm_type": "人行道" },
			"geometry": {
				"type": "Point",
				"coordinates": [121.4912687,25.08901961]
			}
		},
		{
			"type": "Feature",
			"properties": { "pm_name": "三信路", "pm_type": "人行道" },
			"geometry": {
				"type": "Point",
				"coordinates": [121.4913156,25.08906226]
			}
		},
		{
			"type": "Feature",
			"properties": { "pm_name": "三信路", "pm_type": "人行道" },
			"geometry": {
				"type": "Point",
				"coordinates": [121.4913626,25.08910492]
			}
		},
		{
			"type": "Feature",
			"properties": { "pm_name": "三信路", "pm_type": "人行道" },
			"geometry": {
				"type": "Point",
				"coordinates": [121.4914096,25.08914757]
			}
		},
		{
			"type": "Feature",
			"properties": { "pm_name": "三信路", "pm_type": "人行道" },
			"geometry": {
				"type": "Point",
				"coordinates": [121.4914566,25.08919023]
			}
		},
		{
			"type": "Feature",
			"properties": { "pm_name": "三信路", "pm_type": "人行道" },
			"geometry": {
				"type": "Point",
				"coordinates": [121.4915036,25.08923288]
			}
		},
		{
			"type": "Feature",
			"properties": { "pm_name": "三信路", "pm_type": "人行道" },
			"geometry": {
				"type": "Point",
				"coordinates": [121.4915506,25.08927554]
			}
		},
		{
			"type": "Feature",
			"properties": { "pm_name": "三信路", "pm_type": "人行道" },
			"geometry": {
				"type": "Point",
				"coordinates": [121.4915976,25.0893182]
			}
		},
		{
			"type": "Feature",
			"properties": { "pm_name": "三信路", "pm_type": "人行道" },
			"geometry": {
				"type": "Point",
				"coordinates": [121.4916446,25.08936085]
			}
		},
		{
			"type": "Feature",
			"properties": { "pm_name": "三信路", "pm_type": "人行道" },
			"geometry": {
				"type": "Point",
				"coordinates": [121.4916916,25.08940351]
			}
		},
		{
			"type": "Feature",
			"properties": { "pm_name": "三信路", "pm_type": "人行道" },
			"geometry": {
				"type": "Point",
				"coordinates": [121.4917386,25.08944616]
			}
		},
		{
			"type": "Feature",
			"properties": { "pm_name": "三信路", "pm_type": "人行道" },
			"geometry": {
				"type": "Point",
				"coordinates": [121.4917856,25.08948882]
			}
		},
		{
			"type": "Feature",
			"properties": { "pm_name": "三信路", "pm_type": "人行道" },
			"geometry": {
				"type": "Point",
				"coordinates": [121.4918326,25.08953147]
			}
		},
		{
			"type": "Feature",
			"properties": { "pm_name": "三信路", "pm_type": "人行道" },
			"geometry": {
				"type": "Point",
				"coordinates": [121.4918796,25.08957413]
			}
		},
		{
			"type": "Feature",
			"properties": { "pm_name": "三信路", "pm_type": "人行道" },
			"geometry": {
				"type": "Point",
				"coordinates": [121.4919265,25.08961679]
			}
		},
		{
			"type": "Feature",
			"properties": { "pm_name": "三信路", "pm_type": "人行道" },
			"geometry": {
				"type": "Point",
				"coordinates": [121.4919735,25.08965944]
			}
		},
		{
			"type": "Feature",
			"properties": { "pm_name": "三信路", "pm_type": "人行道" },
			"geometry": {
				"type": "Point",
				"coordinates": [121.4920205,25.0897021]
			}
		},
		{
			"type": "Feature",
			"properties": { "pm_name": "三信路", "pm_type": "人行道" },
			"geometry": {
				"type": "Point",
				"coordinates": [121.4920675,25.08974475]
			}
		},
		{
			"type": "Feature",
			"properties": { "pm_name": "三信路", "pm_type": "人行道" },
			"geometry": {
				"type": "Point",
				"coordinates": [121.4921145,25.08978741]
			}
		},
		{
			"type": "Feature",
			"properties": { "pm_name": "三信路", "pm_type": "人行道" },
			"geometry": {
				"type": "Point",
				"coordinates": [121.4921615,25.08983006]
			}
		},
		{
			"type": "Feature",
			"properties": { "pm_name": "三信路", "pm_type": "人行道" },
			"geometry": {
				"type": "Point",
				"coordinates": [121.4922085,25.08987272]
			}
		},
		{
			"type": "Feature",
			"properties": { "pm_name": "三信路", "pm_type": "人行道" },
			"geometry": {
				"type": "Point",
				"coordinates": [121.4922997,25.08980956]
			}
		},
		{
			"type": "Feature",
			"properties": { "pm_name": "三信路", "pm_type": "人行道" },
			"geometry": {
				"type": "Point",
				"coordinates": [121.492253,25.08976798]
			}
		},
		{
			"type": "Feature",
			"properties": { "pm_name": "三信路", "pm_type": "人行道" },
			"geometry": {
				"type": "Point",
				"coordinates": [121.4922064,25.08972639]
			}
		},
		{
			"type": "Feature",
			"properties": { "pm_name": "三信路", "pm_type": "人行道" },
			"geometry": {
				"type": "Point",
				"coordinates": [121.4921597,25.0896848]
			}
		},
		{
			"type": "Feature",
			"properties": { "pm_name": "三信路", "pm_type": "人行道" },
			"geometry": {
				"type": "Point",
				"coordinates": [121.492113,25.08964321]
			}
		},
		{
			"type": "Feature",
			"properties": { "pm_name": "三信路", "pm_type": "人行道" },
			"geometry": {
				"type": "Point",
				"coordinates": [121.4920663,25.08960163]
			}
		},
		{
			"type": "Feature",
			"properties": { "pm_name": "三信路", "pm_type": "人行道" },
			"geometry": {
				"type": "Point",
				"coordinates": [121.4920197,25.08956004]
			}
		},
		{
			"type": "Feature",
			"properties": { "pm_name": "三信路", "pm_type": "人行道" },
			"geometry": {
				"type": "Point",
				"coordinates": [121.491973,25.08951845]
			}
		},
		{
			"type": "Feature",
			"properties": { "pm_name": "三信路", "pm_type": "人行道" },
			"geometry": {
				"type": "Point",
				"coordinates": [121.4919263,25.08947687]
			}
		},
		{
			"type": "Feature",
			"properties": { "pm_name": "三信路", "pm_type": "人行道" },
			"geometry": {
				"type": "Point",
				"coordinates": [121.4918797,25.08943528]
			}
		},
		{
			"type": "Feature",
			"properties": { "pm_name": "三信路", "pm_type": "人行道" },
			"geometry": {
				"type": "Point",
				"coordinates": [121.491833,25.08939369]
			}
		},
		{
			"type": "Feature",
			"properties": { "pm_name": "三信路", "pm_type": "人行道" },
			"geometry": {
				"type": "Point",
				"coordinates": [121.4917863,25.08935211]
			}
		},
		{
			"type": "Feature",
			"properties": { "pm_name": "三信路", "pm_type": "人行道" },
			"geometry": {
				"type": "Point",
				"coordinates": [121.4917396,25.08931052]
			}
		},
		{
			"type": "Feature",
			"properties": { "pm_name": "三信路", "pm_type": "人行道" },
			"geometry": {
				"type": "Point",
				"coordinates": [121.491693,25.08926893]
			}
		},
		{
			"type": "Feature",
			"properties": { "pm_name": "三信路", "pm_type": "人行道" },
			"geometry": {
				"type": "Point",
				"coordinates": [121.4916463,25.08922735]
			}
		},
		{
			"type": "Feature",
			"properties": { "pm_name": "三信路", "pm_type": "人行道" },
			"geometry": {
				"type": "Point",
				"coordinates": [121.4915996,25.08918576]
			}
		},
		{
			"type": "Feature",
			"properties": { "pm_name": "三信路", "pm_type": "人行道" },
			"geometry": {
				"type": "Point",
				"coordinates": [121.491553,25.08914417]
			}
		},
		{
			"type": "Feature",
			"properties": { "pm_name": "三信路", "pm_type": "人行道" },
			"geometry": {
				"type": "Point",
				"coordinates": [121.4915063,25.08910259]
			}
		},
		{
			"type": "Feature",
			"properties": { "pm_name": "三信路", "pm_type": "人行道" },
			"geometry": {
				"type": "Point",
				"coordinates": [121.4914596,25.089061]
			}
		},
		{
			"type": "Feature",
			"properties": { "pm_name": "三信路", "pm_type": "人行道" },
			"geometry": {
				"type": "Point",
				"coordinates": [121.491413,25.08901941]
			}
		},
		{
			"type": "Feature",
			"properties": { "pm_name": "三信路", "pm_type": "人行道" },
			"geometry": {
				"type": "Point",
				"coordinates": [121.4913663,25.08897783]
			}
		},
		{
			"type": "Feature",
			"properties": { "pm_name": "三信路", "pm_type": "人行道" },
			"geometry": {
				"type": "Point",
				"coordinates": [121.4913196,25.08893624]
			}
		},
		{
			"type": "Feature",
			"properties": { "pm_name": "三信路", "pm_type": "人行道" },
			"geometry": {
				"type": "Point",
				"coordinates": [121.4912729,25.08889465]
			}
		},
		{
			"type": "Feature",
			"properties": { "pm_name": "三信路", "pm_type": "人行道" },
			"geometry": {
				"type": "Point",
				"coordinates": [121.4912263,25.08885306]
			}
		},
		{
			"type": "Feature",
			"properties": { "pm_name": "三信路", "pm_type": "人行道" },
			"geometry": {
				"type": "Point",
				"coordinates": [121.4911796,25.08881148]
			}
		},
		{
			"type": "Feature",
			"properties": { "pm_name": "三信路", "pm_type": "人行道" },
			"geometry": {
				"type": "Point",
				"coordinates": [121.4911329,25.08876989]
			}
		},
		{
			"type": "Feature",
			"properties": { "pm_name": "三信路", "pm_type": "人行道" },
			"geometry": {
				"type": "Point",
				"coordinates": [121.491031,25.08874317]
			}
		},
		{
			"type": "Feature",
			"properties": { "pm_name": "三信路", "pm_type": "人行道" },
			"geometry": {
				"type": "Point",
				"coordinates": [121.4908538,25.08858702]
			}
		},
		{
			"type": "Feature",
			"properties": { "pm_name": "三信路", "pm_type": "人行道" },
			"geometry": {
				"type": "Point",
				"coordinates": [121.4906766,25.08843088]
			}
		},
		{
			"type": "Feature",
			"properties": { "pm_name": "三信路", "pm_type": "人行道" },
			"geometry": {
				"type": "Point",
				"coordinates": [121.4904995,25.08827473]
			}
		},
		{
			"type": "Feature",
			"properties": { "pm_name": "三信路", "pm_type": "人行道" },
			"geometry": {
				"type": "Point",
				"coordinates": [121.4903223,25.08811858]
			}
		},
		{
			"type": "Feature",
			"properties": { "pm_name": "三信路", "pm_type": "人行道" },
			"geometry": {
				"type": "Point",
				"coordinates": [121.4901451,25.08796243]
			}
		},
		{
			"type": "Feature",
			"properties": { "pm_name": "三信路", "pm_type": "人行道" },
			"geometry": {
				"type": "Point",
				"coordinates": [121.4899679,25.08780629]
			}
		},
		{
			"type": "Feature",
			"properties": { "pm_name": "三信路", "pm_type": "人行道" },
			"geometry": {
				"type": "Point",
				"coordinates": [121.4897907,25.08765014]
			}
		},
		{
			"type": "Feature",
			"properties": { "pm_name": "三信路", "pm_type": "人行道" },
			"geometry": {
				"type": "Point",
				"coordinates": [121.4896136,25.08749399]
			}
		},
		{
			"type": "Feature",
			"properties": { "pm_name": "三信路", "pm_type": "人行道" },
			"geometry": {
				"type": "Point",
				"coordinates": [121.4894364,25.08733785]
			}
		},
		{
			"type": "Feature",
			"properties": { "pm_name": "三信路", "pm_type": "人行道" },
			"geometry": {
				"type": "Point",
				"coordinates": [121.4892592,25.0871817]
			}
		},
		{
			"type": "Feature",
			"properties": { "pm_name": "三信路", "pm_type": "人行道" },
			"geometry": {
				"type": "Point",
				"coordinates": [121.489082,25.08702555]
			}
		},
		{
			"type": "Feature",
			"properties": { "pm_name": "三信路", "pm_type": "人行道" },
			"geometry": {
				"type": "Point",
				"coordinates": [121.4889048,25.0868694]
			}
		},
		{
			"type": "Feature",
			"properties": { "pm_name": "三信路", "pm_type": "人行道" },
			"geometry": {
				"type": "Point",
				"coordinates": [121.4887277,25.08671326]
			}
		},
		{
			"type": "Feature",
			"properties": { "pm_name": "三信路", "pm_type": "人行道" },
			"geometry": {
				"type": "Point",
				"coordinates": [121.4885505,25.08655711]
			}
		},
		{
			"type": "Feature",
			"properties": { "pm_name": "三信路", "pm_type": "人行道" },
			"geometry": {
				"type": "Point",
				"coordinates": [121.4883733,25.08640096]
			}
		},
		{
			"type": "Feature",
			"properties": { "pm_name": "三信路", "pm_type": "人行道" },
			"geometry": {
				"type": "Point",
				"coordinates": [121.4881961,25.08624482]
			}
		},
		{
			"type": "Feature",
			"properties": { "pm_name": "三信路", "pm_type": "人行道" },
			"geometry": {
				"type": "Point",
				"coordinates": [121.4880189,25.08608867]
			}
		},
		{
			"type": "Feature",
			"properties": { "pm_name": "三信路", "pm_type": "人行道" },
			"geometry": {
				"type": "Point",
				"coordinates": [121.4878418,25.08593252]
			}
		},
		{
			"type": "Feature",
			"properties": { "pm_name": "三信路", "pm_type": "人行道" },
			"geometry": {
				"type": "Point",
				"coordinates": [121.4876646,25.08577637]
			}
		},
		{
			"type": "Feature",
			"properties": { "pm_name": "三信路", "pm_type": "人行道" },
			"geometry": {
				"type": "Point",
				"coordinates": [121.4874874,25.08562023]
			}
		},
		{
			"type": "Feature",
			"properties": { "pm_name": "三信路", "pm_type": "人行道" },
			"geometry": {
				"type": "Point",
				"coordinates": [121.4873102,25.08546408]
			}
		},
		{
			"type": "Feature",
			"properties": { "pm_name": "三信路", "pm_type": "人行道" },
			"geometry": {
				"type": "Point",
				"coordinates": [121.487133,25.08530793]
			}
		},
		{
			"type": "Feature",
			"properties": { "pm_name": "三信路", "pm_type": "人行道" },
			"geometry": {
				"type": "Point",
				"coordinates": [121.4869559,25.08515179]
			}
		},
		{
			"type": "Feature",
			"properties": { "pm_name": "三信路", "pm_type": "人行道" },
			"geometry": {
				"type": "Point",
				"coordinates": [121.4867787,25.08499564]
			}
		},
		{
			"type": "Feature",
			"properties": { "pm_name": "中正北路", "pm_type": "人行道" },
			"geometry": {
				"type": "Point",
				"coordinates": [121.4923496,25.06192268]
			}
		},
		{
			"type": "Feature",
			"properties": { "pm_name": "中正北路", "pm_type": "人行道" },
			"geometry": {
				"type": "Point",
				"coordinates": [121.4922895,25.06194927]
			}
		},
		{
			"type": "Feature",
			"properties": { "pm_name": "中正北路", "pm_type": "人行道" },
			"geometry": {
				"type": "Point",
				"coordinates": [121.4922294,25.06197585]
			}
		},
		{
			"type": "Feature",
			"properties": { "pm_name": "中正北路", "pm_type": "人行道" },
			"geometry": {
				"type": "Point",
				"coordinates": [121.4921693,25.06200244]
			}
		},
		{
			"type": "Feature",
			"properties": { "pm_name": "中正北路", "pm_type": "人行道" },
			"geometry": {
				"type": "Point",
				"coordinates": [121.4921092,25.06202903]
			}
		},
		{
			"type": "Feature",
			"properties": { "pm_name": "中正北路", "pm_type": "人行道" },
			"geometry": {
				"type": "Point",
				"coordinates": [121.4920492,25.06205561]
			}
		},
		{
			"type": "Feature",
			"properties": { "pm_name": "中正北路", "pm_type": "人行道" },
			"geometry": {
				"type": "Point",
				"coordinates": [121.4919891,25.0620822]
			}
		},
		{
			"type": "Feature",
			"properties": { "pm_name": "中正北路", "pm_type": "人行道" },
			"geometry": {
				"type": "Point",
				"coordinates": [121.491929,25.06210879]
			}
		},
		{
			"type": "Feature",
			"properties": { "pm_name": "中正北路", "pm_type": "人行道" },
			"geometry": {
				"type": "Point",
				"coordinates": [121.4918689,25.06213537]
			}
		},
		{
			"type": "Feature",
			"properties": { "pm_name": "中正北路", "pm_type": "人行道" },
			"geometry": {
				"type": "Point",
				"coordinates": [121.4918088,25.06216196]
			}
		},
		{
			"type": "Feature",
			"properties": { "pm_name": "中正北路", "pm_type": "人行道" },
			"geometry": {
				"type": "Point",
				"coordinates": [121.4917488,25.06218854]
			}
		},
		{
			"type": "Feature",
			"properties": { "pm_name": "中正北路", "pm_type": "人行道" },
			"geometry": {
				"type": "Point",
				"coordinates": [121.4916887,25.06221513]
			}
		},
		{
			"type": "Feature",
			"properties": { "pm_name": "中正北路", "pm_type": "人行道" },
			"geometry": {
				"type": "Point",
				"coordinates": [121.4916286,25.06224172]
			}
		},
		{
			"type": "Feature",
			"properties": { "pm_name": "中正北路", "pm_type": "人行道" },
			"geometry": {
				"type": "Point",
				"coordinates": [121.4915685,25.0622683]
			}
		},
		{
			"type": "Feature",
			"properties": { "pm_name": "中正北路", "pm_type": "人行道" },
			"geometry": {
				"type": "Point",
				"coordinates": [121.4915084,25.06229489]
			}
		},
		{
			"type": "Feature",
			"properties": { "pm_name": "中正北路", "pm_type": "人行道" },
			"geometry": {
				"type": "Point",
				"coordinates": [121.4914484,25.06232148]
			}
		},
		{
			"type": "Feature",
			"properties": { "pm_name": "中正北路", "pm_type": "人行道" },
			"geometry": {
				"type": "Point",
				"coordinates": [121.4913883,25.06234806]
			}
		},
		{
			"type": "Feature",
			"properties": { "pm_name": "中正北路", "pm_type": "人行道" },
			"geometry": {
				"type": "Point",
				"coordinates": [121.4913282,25.06237465]
			}
		},
		{
			"type": "Feature",
			"properties": { "pm_name": "中正北路", "pm_type": "人行道" },
			"geometry": {
				"type": "Point",
				"coordinates": [121.4912681,25.06240124]
			}
		},
		{
			"type": "Feature",
			"properties": { "pm_name": "中正北路", "pm_type": "人行道" },
			"geometry": {
				"type": "Point",
				"coordinates": [121.4912081,25.06242782]
			}
		},
		{
			"type": "Feature",
			"properties": { "pm_name": "中正北路", "pm_type": "人行道" },
			"geometry": {
				"type": "Point",
				"coordinates": [121.491148,25.06245441]
			}
		},
		{
			"type": "Feature",
			"properties": { "pm_name": "中正北路", "pm_type": "人行道" },
			"geometry": {
				"type": "Point",
				"coordinates": [121.4910879,25.062481]
			}
		},
		{
			"type": "Feature",
			"properties": { "pm_name": "中正北路", "pm_type": "人行道" },
			"geometry": {
				"type": "Point",
				"coordinates": [121.4910278,25.06250758]
			}
		},
		{
			"type": "Feature",
			"properties": { "pm_name": "中正北路", "pm_type": "人行道" },
			"geometry": {
				"type": "Point",
				"coordinates": [121.4909677,25.06253417]
			}
		},
		{
			"type": "Feature",
			"properties": { "pm_name": "中正北路", "pm_type": "人行道" },
			"geometry": {
				"type": "Point",
				"coordinates": [121.4909077,25.06256076]
			}
		},
		{
			"type": "Feature",
			"properties": { "pm_name": "中正北路", "pm_type": "人行道" },
			"geometry": {
				"type": "Point",
				"coordinates": [121.4908476,25.06258734]
			}
		},
		{
			"type": "Feature",
			"properties": { "pm_name": "中正北路", "pm_type": "人行道" },
			"geometry": {
				"type": "Point",
				"coordinates": [121.4907875,25.06261393]
			}
		},
		{
			"type": "Feature",
			"properties": { "pm_name": "中正北路", "pm_type": "人行道" },
			"geometry": {
				"type": "Point",
				"coordinates": [121.4907274,25.06264052]
			}
		},
		{
			"type": "Feature",
			"properties": { "pm_name": "中正北路", "pm_type": "人行道" },
			"geometry": {
				"type": "Point",
				"coordinates": [121.4906673,25.0626671]
			}
		},
		{
			"type": "Feature",
			"properties": { "pm_name": "中正北路", "pm_type": "人行道" },
			"geometry": {
				"type": "Point",
				"coordinates": [121.4906073,25.06269369]
			}
		},
		{
			"type": "Feature",
			"properties": { "pm_name": "中正北路", "pm_type": "人行道" },
			"geometry": {
				"type": "Point",
				"coordinates": [121.4905472,25.06272028]
			}
		},
		{
			"type": "Feature",
			"properties": { "pm_name": "中正北路", "pm_type": "人行道" },
			"geometry": {
				"type": "Point",
				"coordinates": [121.4904871,25.06274686]
			}
		},
		{
			"type": "Feature",
			"properties": { "pm_name": "中正北路", "pm_type": "人行道" },
			"geometry": {
				"type": "Point",
				"coordinates": [121.490427,25.06277345]
			}
		},
		{
			"type": "Feature",
			"properties": { "pm_name": "中正北路", "pm_type": "人行道" },
			"geometry": {
				"type": "Point",
				"coordinates": [121.4903669,25.06280004]
			}
		},
		{
			"type": "Feature",
			"properties": { "pm_name": "中正北路", "pm_type": "人行道" },
			"geometry": {
				"type": "Point",
				"coordinates": [121.4903069,25.06282662]
			}
		},
		{
			"type": "Feature",
			"properties": { "pm_name": "中正北路", "pm_type": "人行道" },
			"geometry": {
				"type": "Point",
				"coordinates": [121.4902468,25.06285321]
			}
		},
		{
			"type": "Feature",
			"properties": { "pm_name": "中正北路", "pm_type": "人行道" },
			"geometry": {
				"type": "Point",
				"coordinates": [121.4901867,25.0628798]
			}
		},
		{
			"type": "Feature",
			"properties": { "pm_name": "中正北路", "pm_type": "人行道" },
			"geometry": {
				"type": "Point",
				"coordinates": [121.4901266,25.06290638]
			}
		},
		{
			"type": "Feature",
			"properties": { "pm_name": "中正北路", "pm_type": "人行道" },
			"geometry": {
				"type": "Point",
				"coordinates": [121.4900665,25.06293297]
			}
		},
		{
			"type": "Feature",
			"properties": { "pm_name": "中正北路", "pm_type": "人行道" },
			"geometry": {
				"type": "Point",
				"coordinates": [121.4900065,25.06295956]
			}
		},
		{
			"type": "Feature",
			"properties": { "pm_name": "中正北路", "pm_type": "人行道" },
			"geometry": {
				"type": "Point",
				"coordinates": [121.4899464,25.06298614]
			}
		},
		{
			"type": "Feature",
			"properties": { "pm_name": "中正北路", "pm_type": "人行道" },
			"geometry": {
				"type": "Point",
				"coordinates": [121.4898863,25.06301273]
			}
		},
		{
			"type": "Feature",
			"properties": { "pm_name": "中正北路", "pm_type": "人行道" },
			"geometry": {
				"type": "Point",
				"coordinates": [121.4898262,25.06303932]
			}
		},
		{
			"type": "Feature",
			"properties": { "pm_name": "中正北路", "pm_type": "人行道" },
			"geometry": {
				"type": "Point",
				"coordinates": [121.4897661,25.0630659]
			}
		},
		{
			"type": "Feature",
			"properties": { "pm_name": "中正北路", "pm_type": "人行道" },
			"geometry": {
				"type": "Point",
				"coordinates": [121.4897061,25.06309249]
			}
		},
		{
			"type": "Feature",
			"properties": { "pm_name": "中正北路", "pm_type": "人行道" },
			"geometry": {
				"type": "Point",
				"coordinates": [121.489646,25.06311908]
			}
		},
		{
			"type": "Feature",
			"properties": { "pm_name": "中正北路", "pm_type": "人行道" },
			"geometry": {
				"type": "Point",
				"coordinates": [121.4895859,25.06314566]
			}
		},
		{
			"type": "Feature",
			"properties": { "pm_name": "中正北路", "pm_type": "人行道" },
			"geometry": {
				"type": "Point",
				"coordinates": [121.4895258,25.06317225]
			}
		},
		{
			"type": "Feature",
			"properties": { "pm_name": "中正北路", "pm_type": "人行道" },
			"geometry": {
				"type": "Point",
				"coordinates": [121.4894657,25.06319884]
			}
		},
		{
			"type": "Feature",
			"properties": { "pm_name": "中正北路", "pm_type": "人行道" },
			"geometry": {
				"type": "Point",
				"coordinates": [121.4894057,25.06322542]
			}
		},
		{
			"type": "Feature",
			"properties": { "pm_name": "中正北路", "pm_type": "人行道" },
			"geometry": {
				"type": "Point",
				"coordinates": [121.4893456,25.06325201]
			}
		},
		{
			"type": "Feature",
			"properties": { "pm_name": "中正北路", "pm_type": "人行道" },
			"geometry": {
				"type": "Point",
				"coordinates": [121.4892855,25.0632786]
			}
		},
		{
			"type": "Feature",
			"properties": { "pm_name": "中正北路", "pm_type": "人行道" },
			"geometry": {
				"type": "Point",
				"coordinates": [121.4892254,25.06330518]
			}
		},
		{
			"type": "Feature",
			"properties": { "pm_name": "中正北路", "pm_type": "人行道" },
			"geometry": {
				"type": "Point",
				"coordinates": [121.4891653,25.06333177]
			}
		},
		{
			"type": "Feature",
			"properties": { "pm_name": "中正北路", "pm_type": "人行道" },
			"geometry": {
				"type": "Point",
				"coordinates": [121.4891053,25.06335836]
			}
		},
		{
			"type": "Feature",
			"properties": { "pm_name": "中正北路", "pm_type": "人行道" },
			"geometry": {
				"type": "Point",
				"coordinates": [121.4890452,25.06338494]
			}
		},
		{
			"type": "Feature",
			"properties": { "pm_name": "中正北路", "pm_type": "人行道" },
			"geometry": {
				"type": "Point",
				"coordinates": [121.4889851,25.06341153]
			}
		},
		{
			"type": "Feature",
			"properties": { "pm_name": "中正北路", "pm_type": "人行道" },
			"geometry": {
				"type": "Point",
				"coordinates": [121.488925,25.06343812]
			}
		},
		{
			"type": "Feature",
			"properties": { "pm_name": "中正北路", "pm_type": "人行道" },
			"geometry": {
				"type": "Point",
				"coordinates": [121.4888649,25.0634647]
			}
		},
		{
			"type": "Feature",
			"properties": { "pm_name": "中正北路", "pm_type": "人行道" },
			"geometry": {
				"type": "Point",
				"coordinates": [121.4888049,25.06349129]
			}
		},
		{
			"type": "Feature",
			"properties": { "pm_name": "中正北路", "pm_type": "人行道" },
			"geometry": {
				"type": "Point",
				"coordinates": [121.4887448,25.06351788]
			}
		},
		{
			"type": "Feature",
			"properties": { "pm_name": "中正北路", "pm_type": "人行道" },
			"geometry": {
				"type": "Point",
				"coordinates": [121.4886847,25.06354446]
			}
		},
		{
			"type": "Feature",
			"properties": { "pm_name": "中正北路", "pm_type": "人行道" },
			"geometry": {
				"type": "Point",
				"coordinates": [121.4886246,25.06357105]
			}
		},
		{
			"type": "Feature",
			"properties": { "pm_name": "中正北路", "pm_type": "人行道" },
			"geometry": {
				"type": "Point",
				"coordinates": [121.4885645,25.06359764]
			}
		},
		{
			"type": "Feature",
			"properties": { "pm_name": "中正北路", "pm_type": "人行道" },
			"geometry": {
				"type": "Point",
				"coordinates": [121.4885045,25.06362422]
			}
		},
		{
			"type": "Feature",
			"properties": { "pm_name": "中正北路", "pm_type": "人行道" },
			"geometry": {
				"type": "Point",
				"coordinates": [121.4884444,25.06365081]
			}
		},
		{
			"type": "Feature",
			"properties": { "pm_name": "中正北路", "pm_type": "人行道" },
			"geometry": {
				"type": "Point",
				"coordinates": [121.4883843,25.0636774]
			}
		},
		{
			"type": "Feature",
			"properties": { "pm_name": "中正北路", "pm_type": "人行道" },
			"geometry": {
				"type": "Point",
				"coordinates": [121.4883242,25.06370398]
			}
		},
		{
			"type": "Feature",
			"properties": { "pm_name": "中正北路", "pm_type": "人行道" },
			"geometry": {
				"type": "Point",
				"coordinates": [121.4882041,25.06373057]
			}
		},
		{
			"type": "Feature",
			"properties": { "pm_name": "中正北路", "pm_type": "人行道" },
			"geometry": {
				"type": "Point",
				"coordinates": [121.488144,25.06375716]
			}
		},
		{
			"type": "Feature",
			"properties": { "pm_name": "中正北路", "pm_type": "人行道" },
			"geometry": {
				"type": "Point",
				"coordinates": [121.4880839,25.06378374]
			}
		},
		{
			"type": "Feature",
			"properties": { "pm_name": "中正北路", "pm_type": "人行道" },
			"geometry": {
				"type": "Point",
				"coordinates": [121.4880238,25.06381033]
			}
		},
		{
			"type": "Feature",
			"properties": { "pm_name": "中正北路", "pm_type": "人行道" },
			"geometry": {
				"type": "Point",
				"coordinates": [121.4879638,25.06383692]
			}
		},
		{
			"type": "Feature",
			"properties": { "pm_name": "中正北路", "pm_type": "人行道" },
			"geometry": {
				"type": "Point",
				"coordinates": [121.4879037,25.0638635]
			}
		},
		{
			"type": "Feature",
			"properties": { "pm_name": "中正北路", "pm_type": "人行道" },
			"geometry": {
				"type": "Point",
				"coordinates": [121.4878436,25.06389009]
			}
		},
		{
			"type": "Feature",
			"properties": { "pm_name": "中正北路", "pm_type": "人行道" },
			"geometry": {
				"type": "Point",
				"coordinates": [121.4877835,25.06391668]
			}
		},
		{
			"type": "Feature",
			"properties": { "pm_name": "中正北路", "pm_type": "人行道" },
			"geometry": {
				"type": "Point",
				"coordinates": [121.4877234,25.06394326]
			}
		},
		{
			"type": "Feature",
			"properties": { "pm_name": "中正北路", "pm_type": "人行道" },
			"geometry": {
				"type": "Point",
				"coordinates": [121.4876634,25.06396985]
			}
		},
		{
			"type": "Feature",
			"properties": { "pm_name": "中正北路", "pm_type": "人行道" },
			"geometry": {
				"type": "Point",
				"coordinates": [121.4876033,25.06399643]
			}
		},
		{
			"type": "Feature",
			"properties": { "pm_name": "中正北路", "pm_type": "人行道" },
			"geometry": {
				"type": "Point",
				"coordinates": [121.4875432,25.06402302]
			}
		},
		{
			"type": "Feature",
			"properties": { "pm_name": "中正北路", "pm_type": "人行道" },
			"geometry": {
				"type": "Point",
				"coordinates": [121.4874831,25.06404961]
			}
		},
		{
			"type": "Feature",
			"properties": { "pm_name": "中正北路", "pm_type": "人行道" },
			"geometry": {
				"type": "Point",
				"coordinates": [121.487423,25.06407619]
			}
		},
		{
			"type": "Feature",
			"properties": { "pm_name": "中正北路", "pm_type": "人行道" },
			"geometry": {
				"type": "Point",
				"coordinates": [121.4873498,25.0640591]
			}
		},
		{
			"type": "Feature",
			"properties": { "pm_name": "中正北路", "pm_type": "人行道" },
			"geometry": {
				"type": "Point",
				"coordinates": [121.4874118,25.06402721]
			}
		},
		{
			"type": "Feature",
			"properties": { "pm_name": "中正北路", "pm_type": "人行道" },
			"geometry": {
				"type": "Point",
				"coordinates": [121.4874738,25.06399532]
			}
		},
		{
			"type": "Feature",
			"properties": { "pm_name": "中正北路", "pm_type": "人行道" },
			"geometry": {
				"type": "Point",
				"coordinates": [121.4875358,25.06396343]
			}
		},
		{
			"type": "Feature",
			"properties": { "pm_name": "中正北路", "pm_type": "人行道" },
			"geometry": {
				"type": "Point",
				"coordinates": [121.4875978,25.06393154]
			}
		},
		{
			"type": "Feature",
			"properties": { "pm_name": "中正北路", "pm_type": "人行道" },
			"geometry": {
				"type": "Point",
				"coordinates": [121.4876598,25.06389966]
			}
		},
		{
			"type": "Feature",
			"properties": { "pm_name": "中正北路", "pm_type": "人行道" },
			"geometry": {
				"type": "Point",
				"coordinates": [121.4877218,25.06386777]
			}
		},
		{
			"type": "Feature",
			"properties": { "pm_name": "中正北路", "pm_type": "人行道" },
			"geometry": {
				"type": "Point",
				"coordinates": [121.4877838,25.06383588]
			}
		},
		{
			"type": "Feature",
			"properties": { "pm_name": "中正北路", "pm_type": "人行道" },
			"geometry": {
				"type": "Point",
				"coordinates": [121.4878458,25.06380399]
			}
		},
		{
			"type": "Feature",
			"properties": { "pm_name": "中正北路", "pm_type": "人行道" },
			"geometry": {
				"type": "Point",
				"coordinates": [121.4879078,25.0637721]
			}
		},
		{
			"type": "Feature",
			"properties": { "pm_name": "中正北路", "pm_type": "人行道" },
			"geometry": {
				"type": "Point",
				"coordinates": [121.4879698,25.06374022]
			}
		},
		{
			"type": "Feature",
			"properties": { "pm_name": "中正北路", "pm_type": "人行道" },
			"geometry": {
				"type": "Point",
				"coordinates": [121.4880318,25.06370833]
			}
		},
		{
			"type": "Feature",
			"properties": { "pm_name": "中正北路", "pm_type": "人行道" },
			"geometry": {
				"type": "Point",
				"coordinates": [121.4880938,25.06367644]
			}
		},
		{
			"type": "Feature",
			"properties": { "pm_name": "中正北路", "pm_type": "人行道" },
			"geometry": {
				"type": "Point",
				"coordinates": [121.4881558,25.06364455]
			}
		},
		{
			"type": "Feature",
			"properties": { "pm_name": "中正北路", "pm_type": "人行道" },
			"geometry": {
				"type": "Point",
				"coordinates": [121.4882179,25.06361266]
			}
		},
		{
			"type": "Feature",
			"properties": { "pm_name": "中正北路", "pm_type": "人行道" },
			"geometry": {
				"type": "Point",
				"coordinates": [121.4882799,25.06358078]
			}
		},
		{
			"type": "Feature",
			"properties": { "pm_name": "中正北路", "pm_type": "人行道" },
			"geometry": {
				"type": "Point",
				"coordinates": [121.4883419,25.06354889]
			}
		},
		{
			"type": "Feature",
			"properties": { "pm_name": "中正北路", "pm_type": "人行道" },
			"geometry": {
				"type": "Point",
				"coordinates": [121.4884039,25.063517]
			}
		},
		{
			"type": "Feature",
			"properties": { "pm_name": "中正北路", "pm_type": "人行道" },
			"geometry": {
				"type": "Point",
				"coordinates": [121.4884659,25.06348511]
			}
		},
		{
			"type": "Feature",
			"properties": { "pm_name": "中正北路", "pm_type": "人行道" },
			"geometry": {
				"type": "Point",
				"coordinates": [121.4885279,25.06345323]
			}
		},
		{
			"type": "Feature",
			"properties": { "pm_name": "中正北路", "pm_type": "人行道" },
			"geometry": {
				"type": "Point",
				"coordinates": [121.4885899,25.06342134]
			}
		},
		{
			"type": "Feature",
			"properties": { "pm_name": "中正北路", "pm_type": "人行道" },
			"geometry": {
				"type": "Point",
				"coordinates": [121.4886519,25.06338945]
			}
		},
		{
			"type": "Feature",
			"properties": { "pm_name": "中正北路", "pm_type": "人行道" },
			"geometry": {
				"type": "Point",
				"coordinates": [121.4887139,25.06335756]
			}
		},
		{
			"type": "Feature",
			"properties": { "pm_name": "中正北路", "pm_type": "人行道" },
			"geometry": {
				"type": "Point",
				"coordinates": [121.4887759,25.06332567]
			}
		},
		{
			"type": "Feature",
			"properties": { "pm_name": "中正北路", "pm_type": "人行道" },
			"geometry": {
				"type": "Point",
				"coordinates": [121.4888379,25.06329379]
			}
		},
		{
			"type": "Feature",
			"properties": { "pm_name": "中正北路", "pm_type": "人行道" },
			"geometry": {
				"type": "Point",
				"coordinates": [121.4888999,25.0632619]
			}
		},
		{
			"type": "Feature",
			"properties": { "pm_name": "中正北路", "pm_type": "人行道" },
			"geometry": {
				"type": "Point",
				"coordinates": [121.4889619,25.06323001]
			}
		},
		{
			"type": "Feature",
			"properties": { "pm_name": "中正北路", "pm_type": "人行道" },
			"geometry": {
				"type": "Point",
				"coordinates": [121.4890239,25.06319812]
			}
		},
		{
			"type": "Feature",
			"properties": { "pm_name": "中正北路", "pm_type": "人行道" },
			"geometry": {
				"type": "Point",
				"coordinates": [121.4890859,25.06316623]
			}
		},
		{
			"type": "Feature",
			"properties": { "pm_name": "中正北路", "pm_type": "人行道" },
			"geometry": {
				"type": "Point",
				"coordinates": [121.4891479,25.06313435]
			}
		},
		{
			"type": "Feature",
			"properties": { "pm_name": "中正北路", "pm_type": "人行道" },
			"geometry": {
				"type": "Point",
				"coordinates": [121.4892099,25.06310246]
			}
		},
		{
			"type": "Feature",
			"properties": { "pm_name": "中正北路", "pm_type": "人行道" },
			"geometry": {
				"type": "Point",
				"coordinates": [121.4892719,25.06307057]
			}
		},
		{
			"type": "Feature",
			"properties": { "pm_name": "中正北路", "pm_type": "人行道" },
			"geometry": {
				"type": "Point",
				"coordinates": [121.489334,25.06303868]
			}
		},
		{
			"type": "Feature",
			"properties": { "pm_name": "中正北路", "pm_type": "人行道" },
			"geometry": {
				"type": "Point",
				"coordinates": [121.489396,25.0630068]
			}
		},
		{
			"type": "Feature",
			"properties": { "pm_name": "中正北路", "pm_type": "人行道" },
			"geometry": {
				"type": "Point",
				"coordinates": [121.489458,25.06297491]
			}
		},
		{
			"type": "Feature",
			"properties": { "pm_name": "中正北路", "pm_type": "人行道" },
			"geometry": {
				"type": "Point",
				"coordinates": [121.48952,25.06294302]
			}
		},
		{
			"type": "Feature",
			"properties": { "pm_name": "中正北路", "pm_type": "人行道" },
			"geometry": {
				"type": "Point",
				"coordinates": [121.489582,25.06291113]
			}
		},
		{
			"type": "Feature",
			"properties": { "pm_name": "中正北路", "pm_type": "人行道" },
			"geometry": {
				"type": "Point",
				"coordinates": [121.489644,25.06287924]
			}
		},
		{
			"type": "Feature",
			"properties": { "pm_name": "中正北路", "pm_type": "人行道" },
			"geometry": {
				"type": "Point",
				"coordinates": [121.489706,25.06284736]
			}
		},
		{
			"type": "Feature",
			"properties": { "pm_name": "中正北路", "pm_type": "人行道" },
			"geometry": {
				"type": "Point",
				"coordinates": [121.489768,25.06281547]
			}
		},
		{
			"type": "Feature",
			"properties": { "pm_name": "中正北路", "pm_type": "人行道" },
			"geometry": {
				"type": "Point",
				"coordinates": [121.48983,25.06278358]
			}
		},
		{
			"type": "Feature",
			"properties": { "pm_name": "中正北路", "pm_type": "人行道" },
			"geometry": {
				"type": "Point",
				"coordinates": [121.489892,25.06275169]
			}
		},
		{
			"type": "Feature",
			"properties": { "pm_name": "中正北路", "pm_type": "人行道" },
			"geometry": {
				"type": "Point",
				"coordinates": [121.489954,25.0627198]
			}
		},
		{
			"type": "Feature",
			"properties": { "pm_name": "中正北路", "pm_type": "人行道" },
			"geometry": {
				"type": "Point",
				"coordinates": [121.490016,25.06268792]
			}
		},
		{
			"type": "Feature",
			"properties": { "pm_name": "中正北路", "pm_type": "人行道" },
			"geometry": {
				"type": "Point",
				"coordinates": [121.490078,25.06265603]
			}
		},
		{
			"type": "Feature",
			"properties": { "pm_name": "中正北路", "pm_type": "人行道" },
			"geometry": {
				"type": "Point",
				"coordinates": [121.49014,25.06262414]
			}
		},
		{
			"type": "Feature",
			"properties": { "pm_name": "中正北路", "pm_type": "人行道" },
			"geometry": {
				"type": "Point",
				"coordinates": [121.490202,25.06259225]
			}
		},
		{
			"type": "Feature",
			"properties": { "pm_name": "中正北路", "pm_type": "人行道" },
			"geometry": {
				"type": "Point",
				"coordinates": [121.490264,25.06256037]
			}
		},
		{
			"type": "Feature",
			"properties": { "pm_name": "中正北路", "pm_type": "人行道" },
			"geometry": {
				"type": "Point",
				"coordinates": [121.490326,25.06252848]
			}
		},
		{
			"type": "Feature",
			"properties": { "pm_name": "中正北路", "pm_type": "人行道" },
			"geometry": {
				"type": "Point",
				"coordinates": [121.490388,25.06249659]
			}
		},
		{
			"type": "Feature",
			"properties": { "pm_name": "中正北路", "pm_type": "人行道" },
			"geometry": {
				"type": "Point",
				"coordinates": [121.49045,25.0624647]
			}
		},
		{
			"type": "Feature",
			"properties": { "pm_name": "中正北路", "pm_type": "人行道" },
			"geometry": {
				"type": "Point",
				"coordinates": [121.4905121,25.06243281]
			}
		},
		{
			"type": "Feature",
			"properties": { "pm_name": "中正北路", "pm_type": "人行道" },
			"geometry": {
				"type": "Point",
				"coordinates": [121.4905741,25.06240093]
			}
		},
		{
			"type": "Feature",
			"properties": { "pm_name": "中正北路", "pm_type": "人行道" },
			"geometry": {
				"type": "Point",
				"coordinates": [121.4906361,25.06236904]
			}
		},
		{
			"type": "Feature",
			"properties": { "pm_name": "中正北路", "pm_type": "人行道" },
			"geometry": {
				"type": "Point",
				"coordinates": [121.4906981,25.06233715]
			}
		},
		{
			"type": "Feature",
			"properties": { "pm_name": "中正北路", "pm_type": "人行道" },
			"geometry": {
				"type": "Point",
				"coordinates": [121.4907601,25.06230526]
			}
		},
		{
			"type": "Feature",
			"properties": { "pm_name": "中正北路", "pm_type": "人行道" },
			"geometry": {
				"type": "Point",
				"coordinates": [121.4908221,25.06227337]
			}
		},
		{
			"type": "Feature",
			"properties": { "pm_name": "中正北路", "pm_type": "人行道" },
			"geometry": {
				"type": "Point",
				"coordinates": [121.4908841,25.06224149]
			}
		},
		{
			"type": "Feature",
			"properties": { "pm_name": "中正北路", "pm_type": "人行道" },
			"geometry": {
				"type": "Point",
				"coordinates": [121.4909461,25.0622096]
			}
		},
		{
			"type": "Feature",
			"properties": { "pm_name": "中正北路", "pm_type": "人行道" },
			"geometry": {
				"type": "Point",
				"coordinates": [121.4910081,25.06217771]
			}
		},
		{
			"type": "Feature",
			"properties": { "pm_name": "中正北路", "pm_type": "人行道" },
			"geometry": {
				"type": "Point",
				"coordinates": [121.4910701,25.06214582]
			}
		},
		{
			"type": "Feature",
			"properties": { "pm_name": "中正北路", "pm_type": "人行道" },
			"geometry": {
				"type": "Point",
				"coordinates": [121.4911321,25.06211393]
			}
		},
		{
			"type": "Feature",
			"properties": { "pm_name": "中正北路", "pm_type": "人行道" },
			"geometry": {
				"type": "Point",
				"coordinates": [121.4911941,25.06208205]
			}
		},
		{
			"type": "Feature",
			"properties": { "pm_name": "中正北路", "pm_type": "人行道" },
			"geometry": {
				"type": "Point",
				"coordinates": [121.4912561,25.06205016]
			}
		},
		{
			"type": "Feature",
			"properties": { "pm_name": "中正北路", "pm_type": "人行道" },
			"geometry": {
				"type": "Point",
				"coordinates": [121.4913181,25.06201827]
			}
		},
		{
			"type": "Feature",
			"properties": { "pm_name": "中正北路", "pm_type": "人行道" },
			"geometry": {
				"type": "Point",
				"coordinates": [121.4913801,25.06198638]
			}
		},
		{
			"type": "Feature",
			"properties": { "pm_name": "中正北路", "pm_type": "人行道" },
			"geometry": {
				"type": "Point",
				"coordinates": [121.4914421,25.0619545]
			}
		},
		{
			"type": "Feature",
			"properties": { "pm_name": "中正北路", "pm_type": "人行道" },
			"geometry": {
				"type": "Point",
				"coordinates": [121.4915041,25.06192261]
			}
		},
		{
			"type": "Feature",
			"properties": { "pm_name": "中正北路", "pm_type": "人行道" },
			"geometry": {
				"type": "Point",
				"coordinates": [121.4916281,25.06189072]
			}
		},
		{
			"type": "Feature",
			"properties": { "pm_name": "中正北路", "pm_type": "人行道" },
			"geometry": {
				"type": "Point",
				"coordinates": [121.4916902,25.06185883]
			}
		},
		{
			"type": "Feature",
			"properties": { "pm_name": "中正北路", "pm_type": "人行道" },
			"geometry": {
				"type": "Point",
				"coordinates": [121.4917522,25.06182694]
			}
		},
		{
			"type": "Feature",
			"properties": { "pm_name": "中正北路", "pm_type": "人行道" },
			"geometry": {
				"type": "Point",
				"coordinates": [121.4918142,25.06179506]
			}
		},
		{
			"type": "Feature",
			"properties": { "pm_name": "中正北路", "pm_type": "人行道" },
			"geometry": {
				"type": "Point",
				"coordinates": [121.4918762,25.06176317]
			}
		},
		{
			"type": "Feature",
			"properties": { "pm_name": "中正北路", "pm_type": "人行道" },
			"geometry": {
				"type": "Point",
				"coordinates": [121.4919382,25.06173128]
			}
		},
		{
			"type": "Feature",
			"properties": { "pm_name": "中正北路", "pm_type": "人行道" },
			"geometry": {
				"type": "Point",
				"coordinates": [121.4920002,25.06169939]
			}
		},
		{
			"type": "Feature",
			"properties": { "pm_name": "中正北路", "pm_type": "人行道" },
			"geometry": {
				"type": "Point",
				"coordinates": [121.4920622,25.0616675]
			}
		},
		{
			"type": "Feature",
			"properties": { "pm_name": "中正北路", "pm_type": "人行道" },
			"geometry": {
				"type": "Point",
				"coordinates": [121.4921242,25.06163562]
			}
		},
		{
			"type": "Feature",
			"properties": { "pm_name": "中正北路", "pm_type": "人行道" },
			"geometry": {
				"type": "Point",
				"coordinates": [121.4921862,25.06160373]
			}
		},
		{
			"type": "Feature",
			"properties": { "pm_name": "中正北路", "pm_type": "人行道" },
			"geometry": {
				"type": "Point",
				"coordinates": [121.4922482,25.06157184]
			}
		},
		{
			"type": "Feature",
			"properties": { "pm_name": "中正北路", "pm_type": "人行道" },
			"geometry": {
				"type": "Point",
				"coordinates": [121.4923102,25.06153995]
			}
		},
		{
			"type": "Feature",
			"properties": { "pm_name": "中正北路", "pm_type": "人行道" },
			"geometry": {
				"type": "Point",
				"coordinates": [121.4923722,25.06150807]
			}
		},
		{
			"type": "Feature",
			"properties": { "pm_name": "中正北路", "pm_type": "人行道" },
			"geometry": {
				"type": "Point",
				"coordinates": [121.4924342,25.06147618]
			}
		},
		{
			"type": "Feature",
			"properties": { "pm_name": "中正北路", "pm_type": "人行道" },
			"geometry": {
				"type": "Point",
				"coordinates": [121.4873132,25.06414711]
			}
		},
		{
			"type": "Feature",
			"properties": { "pm_name": "中正北路", "pm_type": "人行道" },
			"geometry": {
				"type": "Point",
				"coordinates": [121.4871951,25.06419836]
			}
		},
		{
			"type": "Feature",
			"properties": { "pm_name": "中正北路", "pm_type": "人行道" },
			"geometry": {
				"type": "Point",
				"coordinates": [121.487077,25.0642496]
			}
		},
		{
			"type": "Feature",
			"properties": { "pm_name": "中正北路", "pm_type": "人行道" },
			"geometry": {
				"type": "Point",
				"coordinates": [121.4869589,25.06430085]
			}
		},
		{
			"type": "Feature",
			"properties": { "pm_name": "中正北路", "pm_type": "人行道" },
			"geometry": {
				"type": "Point",
				"coordinates": [121.4868408,25.06435209]
			}
		},
		{
			"type": "Feature",
			"properties": { "pm_name": "中正北路", "pm_type": "人行道" },
			"geometry": {
				"type": "Point",
				"coordinates": [121.4867227,25.06440334]
			}
		},
		{
			"type": "Feature",
			"properties": { "pm_name": "中正北路", "pm_type": "人行道" },
			"geometry": {
				"type": "Point",
				"coordinates": [121.4866046,25.06445458]
			}
		},
		{
			"type": "Feature",
			"properties": { "pm_name": "中正北路", "pm_type": "人行道" },
			"geometry": {
				"type": "Point",
				"coordinates": [121.4864865,25.06450583]
			}
		},
		{
			"type": "Feature",
			"properties": { "pm_name": "中正北路", "pm_type": "人行道" },
			"geometry": {
				"type": "Point",
				"coordinates": [121.4863685,25.06455707]
			}
		},
		{
			"type": "Feature",
			"properties": { "pm_name": "中正北路", "pm_type": "人行道" },
			"geometry": {
				"type": "Point",
				"coordinates": [121.4862504,25.06460832]
			}
		},
		{
			"type": "Feature",
			"properties": { "pm_name": "中正北路", "pm_type": "人行道" },
			"geometry": {
				"type": "Point",
				"coordinates": [121.4861323,25.06465956]
			}
		},
		{
			"type": "Feature",
			"properties": { "pm_name": "中正北路", "pm_type": "人行道" },
			"geometry": {
				"type": "Point",
				"coordinates": [121.4860142,25.06471081]
			}
		},
		{
			"type": "Feature",
			"properties": { "pm_name": "中正北路", "pm_type": "人行道" },
			"geometry": {
				"type": "Point",
				"coordinates": [121.4858961,25.06476205]
			}
		},
		{
			"type": "Feature",
			"properties": { "pm_name": "中正北路", "pm_type": "人行道" },
			"geometry": {
				"type": "Point",
				"coordinates": [121.485778,25.0648133]
			}
		},
		{
			"type": "Feature",
			"properties": { "pm_name": "中正北路", "pm_type": "人行道" },
			"geometry": {
				"type": "Point",
				"coordinates": [121.4856599,25.06486454]
			}
		},
		{
			"type": "Feature",
			"properties": { "pm_name": "中正北路", "pm_type": "人行道" },
			"geometry": {
				"type": "Point",
				"coordinates": [121.4855418,25.06491579]
			}
		},
		{
			"type": "Feature",
			"properties": { "pm_name": "中正北路", "pm_type": "人行道" },
			"geometry": {
				"type": "Point",
				"coordinates": [121.4854237,25.06496703]
			}
		},
		{
			"type": "Feature",
			"properties": { "pm_name": "中正北路", "pm_type": "人行道" },
			"geometry": {
				"type": "Point",
				"coordinates": [121.4853056,25.06501828]
			}
		},
		{
			"type": "Feature",
			"properties": { "pm_name": "中正北路", "pm_type": "人行道" },
			"geometry": {
				"type": "Point",
				"coordinates": [121.4851876,25.06506953]
			}
		},
		{
			"type": "Feature",
			"properties": { "pm_name": "中正北路", "pm_type": "人行道" },
			"geometry": {
				"type": "Point",
				"coordinates": [121.4850695,25.06512077]
			}
		},
		{
			"type": "Feature",
			"properties": { "pm_name": "中正北路", "pm_type": "人行道" },
			"geometry": {
				"type": "Point",
				"coordinates": [121.4849514,25.06517202]
			}
		},
		{
			"type": "Feature",
			"properties": { "pm_name": "中正北路", "pm_type": "人行道" },
			"geometry": {
				"type": "Point",
				"coordinates": [121.4848333,25.06522326]
			}
		},
		{
			"type": "Feature",
			"properties": { "pm_name": "中正北路", "pm_type": "人行道" },
			"geometry": {
				"type": "Point",
				"coordinates": [121.4847152,25.06527451]
			}
		},
		{
			"type": "Feature",
			"properties": { "pm_name": "中正北路", "pm_type": "人行道" },
			"geometry": {
				"type": "Point",
				"coordinates": [121.4845971,25.06532575]
			}
		},
		{
			"type": "Feature",
			"properties": { "pm_name": "中正北路", "pm_type": "人行道" },
			"geometry": {
				"type": "Point",
				"coordinates": [121.484479,25.065377]
			}
		},
		{
			"type": "Feature",
			"properties": { "pm_name": "中正北路", "pm_type": "人行道" },
			"geometry": {
				"type": "Point",
				"coordinates": [121.4843609,25.06542824]
			}
		},
		{
			"type": "Feature",
			"properties": { "pm_name": "中正北路", "pm_type": "人行道" },
			"geometry": {
				"type": "Point",
				"coordinates": [121.4842428,25.06547949]
			}
		},
		{
			"type": "Feature",
			"properties": { "pm_name": "中正北路", "pm_type": "人行道" },
			"geometry": {
				"type": "Point",
				"coordinates": [121.4841247,25.06553073]
			}
		},
		{
			"type": "Feature",
			"properties": { "pm_name": "中正北路", "pm_type": "人行道" },
			"geometry": {
				"type": "Point",
				"coordinates": [121.4840067,25.06558198]
			}
		},
		{
			"type": "Feature",
			"properties": { "pm_name": "中正北路", "pm_type": "人行道" },
			"geometry": {
				"type": "Point",
				"coordinates": [121.4838886,25.06563322]
			}
		},
		{
			"type": "Feature",
			"properties": { "pm_name": "中正北路", "pm_type": "人行道" },
			"geometry": {
				"type": "Point",
				"coordinates": [121.4837705,25.06568447]
			}
		},
		{
			"type": "Feature",
			"properties": { "pm_name": "中正北路", "pm_type": "人行道" },
			"geometry": {
				"type": "Point",
				"coordinates": [121.4836524,25.06573571]
			}
		},
		{
			"type": "Feature",
			"properties": { "pm_name": "中正北路", "pm_type": "人行道" },
			"geometry": {
				"type": "Point",
				"coordinates": [121.4835343,25.06578696]
			}
		},
		{
			"type": "Feature",
			"properties": { "pm_name": "中正北路", "pm_type": "人行道" },
			"geometry": {
				"type": "Point",
				"coordinates": [121.4834162,25.0658382]
			}
		},
		{
			"type": "Feature",
			"properties": { "pm_name": "中正北路", "pm_type": "人行道" },
			"geometry": {
				"type": "Point",
				"coordinates": [121.4832981,25.06588945]
			}
		},
		{
			"type": "Feature",
			"properties": { "pm_name": "中正北路", "pm_type": "人行道" },
			"geometry": {
				"type": "Point",
				"coordinates": [121.48318,25.06594069]
			}
		},
		{
			"type": "Feature",
			"properties": { "pm_name": "中正北路", "pm_type": "人行道" },
			"geometry": {
				"type": "Point",
				"coordinates": [121.4830619,25.06599194]
			}
		},
		{
			"type": "Feature",
			"properties": { "pm_name": "中正北路", "pm_type": "人行道" },
			"geometry": {
				"type": "Point",
				"coordinates": [121.4829439,25.06604318]
			}
		},
		{
			"type": "Feature",
			"properties": { "pm_name": "中正北路", "pm_type": "人行道" },
			"geometry": {
				"type": "Point",
				"coordinates": [121.4828258,25.06609443]
			}
		},
		{
			"type": "Feature",
			"properties": { "pm_name": "中正北路", "pm_type": "人行道" },
			"geometry": {
				"type": "Point",
				"coordinates": [121.4827077,25.06614567]
			}
		},
		{
			"type": "Feature",
			"properties": { "pm_name": "中正北路", "pm_type": "人行道" },
			"geometry": {
				"type": "Point",
				"coordinates": [121.4825896,25.06619692]
			}
		},
		{
			"type": "Feature",
			"properties": { "pm_name": "中正北路", "pm_type": "人行道" },
			"geometry": {
				"type": "Point",
				"coordinates": [121.4824715,25.06624816]
			}
		},
		{
			"type": "Feature",
			"properties": { "pm_name": "中正北路", "pm_type": "人行道" },
			"geometry": {
				"type": "Point",
				"coordinates": [121.4823534,25.06629941]
			}
		},
		{
			"type": "Feature",
			"properties": { "pm_name": "中正北路", "pm_type": "人行道" },
			"geometry": {
				"type": "Point",
				"coordinates": [121.4822353,25.06635065]
			}
		},
		{
			"type": "Feature",
			"properties": { "pm_name": "中正北路", "pm_type": "人行道" },
			"geometry": {
				"type": "Point",
				"coordinates": [121.4821172,25.0664019]
			}
		},
		{
			"type": "Feature",
			"properties": { "pm_name": "中正北路", "pm_type": "人行道" },
			"geometry": {
				"type": "Point",
				"coordinates": [121.4819991,25.06645314]
			}
		},
		{
			"type": "Feature",
			"properties": { "pm_name": "中正北路", "pm_type": "人行道" },
			"geometry": {
				"type": "Point",
				"coordinates": [121.481881,25.06650439]
			}
		},
		{
			"type": "Feature",
			"properties": { "pm_name": "中正北路", "pm_type": "人行道" },
			"geometry": {
				"type": "Point",
				"coordinates": [121.481763,25.06655563]
			}
		},
		{
			"type": "Feature",
			"properties": { "pm_name": "中正北路", "pm_type": "人行道" },
			"geometry": {
				"type": "Point",
				"coordinates": [121.4816449,25.06660688]
			}
		},
		{
			"type": "Feature",
			"properties": { "pm_name": "中正北路", "pm_type": "人行道" },
			"geometry": {
				"type": "Point",
				"coordinates": [121.4815268,25.06665812]
			}
		},
		{
			"type": "Feature",
			"properties": { "pm_name": "中正北路", "pm_type": "人行道" },
			"geometry": {
				"type": "Point",
				"coordinates": [121.4814087,25.06670937]
			}
		},
		{
			"type": "Feature",
			"properties": { "pm_name": "中正北路", "pm_type": "人行道" },
			"geometry": {
				"type": "Point",
				"coordinates": [121.4812906,25.06676062]
			}
		},
		{
			"type": "Feature",
			"properties": { "pm_name": "中正北路", "pm_type": "人行道" },
			"geometry": {
				"type": "Point",
				"coordinates": [121.4811725,25.06681186]
			}
		},
		{
			"type": "Feature",
			"properties": { "pm_name": "中正北路", "pm_type": "人行道" },
			"geometry": {
				"type": "Point",
				"coordinates": [121.4810544,25.06686311]
			}
		},
		{
			"type": "Feature",
			"properties": { "pm_name": "中正北路", "pm_type": "人行道" },
			"geometry": {
				"type": "Point",
				"coordinates": [121.4809363,25.06691435]
			}
		},
		{
			"type": "Feature",
			"properties": { "pm_name": "中正北路", "pm_type": "人行道" },
			"geometry": {
				"type": "Point",
				"coordinates": [121.4808182,25.0669656]
			}
		},
		{
			"type": "Feature",
			"properties": { "pm_name": "中正北路", "pm_type": "人行道" },
			"geometry": {
				"type": "Point",
				"coordinates": [121.4807001,25.06701684]
			}
		},
		{
			"type": "Feature",
			"properties": { "pm_name": "中正北路", "pm_type": "人行道" },
			"geometry": {
				"type": "Point",
				"coordinates": [121.4805821,25.06706809]
			}
		},
		{
			"type": "Feature",
			"properties": { "pm_name": "中正北路", "pm_type": "人行道" },
			"geometry": {
				"type": "Point",
				"coordinates": [121.480464,25.06711933]
			}
		},
		{
			"type": "Feature",
			"properties": { "pm_name": "中正北路", "pm_type": "人行道" },
			"geometry": {
				"type": "Point",
				"coordinates": [121.4803459,25.06717058]
			}
		},
		{
			"type": "Feature",
			"properties": { "pm_name": "中正北路", "pm_type": "人行道" },
			"geometry": {
				"type": "Point",
				"coordinates": [121.4802278,25.06722182]
			}
		},
		{
			"type": "Feature",
			"properties": { "pm_name": "中正北路", "pm_type": "人行道" },
			"geometry": {
				"type": "Point",
				"coordinates": [121.4801097,25.06727307]
			}
		},
		{
			"type": "Feature",
			"properties": { "pm_name": "中正北路", "pm_type": "人行道" },
			"geometry": {
				"type": "Point",
				"coordinates": [121.4799916,25.06732431]
			}
		},
		{
			"type": "Feature",
			"properties": { "pm_name": "中正北路", "pm_type": "人行道" },
			"geometry": {
				"type": "Point",
				"coordinates": [121.4798735,25.06737556]
			}
		},
		{
			"type": "Feature",
			"properties": { "pm_name": "中正北路", "pm_type": "人行道" },
			"geometry": {
				"type": "Point",
				"coordinates": [121.4797554,25.0674268]
			}
		},
		{
			"type": "Feature",
			"properties": { "pm_name": "中正北路", "pm_type": "人行道" },
			"geometry": {
				"type": "Point",
				"coordinates": [121.4796373,25.06747805]
			}
		},
		{
			"type": "Feature",
			"properties": { "pm_name": "中正北路", "pm_type": "人行道" },
			"geometry": {
				"type": "Point",
				"coordinates": [121.4795192,25.06752929]
			}
		},
		{
			"type": "Feature",
			"properties": { "pm_name": "中正北路", "pm_type": "人行道" },
			"geometry": {
				"type": "Point",
				"coordinates": [121.4794012,25.06758054]
			}
		},
		{
			"type": "Feature",
			"properties": { "pm_name": "中正北路", "pm_type": "人行道" },
			"geometry": {
				"type": "Point",
				"coordinates": [121.479165,25.06763178]
			}
		},
		{
			"type": "Feature",
			"properties": { "pm_name": "中正北路", "pm_type": "人行道" },
			"geometry": {
				"type": "Point",
				"coordinates": [121.4790469,25.06768303]
			}
		},
		{
			"type": "Feature",
			"properties": { "pm_name": "中正北路", "pm_type": "人行道" },
			"geometry": {
				"type": "Point",
				"coordinates": [121.4789288,25.06773427]
			}
		},
		{
			"type": "Feature",
			"properties": { "pm_name": "中正北路", "pm_type": "人行道" },
			"geometry": {
				"type": "Point",
				"coordinates": [121.4788107,25.06778552]
			}
		},
		{
			"type": "Feature",
			"properties": { "pm_name": "中正北路", "pm_type": "人行道" },
			"geometry": {
				"type": "Point",
				"coordinates": [121.4786926,25.06783676]
			}
		},
		{
			"type": "Feature",
			"properties": { "pm_name": "中正北路", "pm_type": "人行道" },
			"geometry": {
				"type": "Point",
				"coordinates": [121.4785745,25.06788801]
			}
		},
		{
			"type": "Feature",
			"properties": { "pm_name": "中正北路", "pm_type": "人行道" },
			"geometry": {
				"type": "Point",
				"coordinates": [121.4784564,25.06793925]
			}
		},
		{
			"type": "Feature",
			"properties": { "pm_name": "中正北路", "pm_type": "人行道" },
			"geometry": {
				"type": "Point",
				"coordinates": [121.4783383,25.0679905]
			}
		},
		{
			"type": "Feature",
			"properties": { "pm_name": "中正北路", "pm_type": "人行道" },
			"geometry": {
				"type": "Point",
				"coordinates": [121.4782203,25.06804174]
			}
		},
		{
			"type": "Feature",
			"properties": { "pm_name": "中正北路", "pm_type": "人行道" },
			"geometry": {
				"type": "Point",
				"coordinates": [121.4781022,25.06809299]
			}
		},
		{
			"type": "Feature",
			"properties": { "pm_name": "中正北路", "pm_type": "人行道" },
			"geometry": {
				"type": "Point",
				"coordinates": [121.4779841,25.06814423]
			}
		},
		{
			"type": "Feature",
			"properties": { "pm_name": "中正北路", "pm_type": "人行道" },
			"geometry": {
				"type": "Point",
				"coordinates": [121.477866,25.06819548]
			}
		},
		{
			"type": "Feature",
			"properties": { "pm_name": "中正北路", "pm_type": "人行道" },
			"geometry": {
				"type": "Point",
				"coordinates": [121.4777479,25.06824672]
			}
		},
		{
			"type": "Feature",
			"properties": { "pm_name": "中正北路", "pm_type": "人行道" },
			"geometry": {
				"type": "Point",
				"coordinates": [121.4776298,25.06829797]
			}
		},
		{
			"type": "Feature",
			"properties": { "pm_name": "中正北路", "pm_type": "人行道" },
			"geometry": {
				"type": "Point",
				"coordinates": [121.4775117,25.06834921]
			}
		},
		{
			"type": "Feature",
			"properties": { "pm_name": "中正北路", "pm_type": "人行道" },
			"geometry": {
				"type": "Point",
				"coordinates": [121.4773936,25.06840046]
			}
		},
		{
			"type": "Feature",
			"properties": { "pm_name": "中正北路", "pm_type": "人行道" },
			"geometry": {
				"type": "Point",
				"coordinates": [121.4772755,25.06845171]
			}
		},
		{
			"type": "Feature",
			"properties": { "pm_name": "中正北路", "pm_type": "人行道" },
			"geometry": {
				"type": "Point",
				"coordinates": [121.4771575,25.06850295]
			}
		},
		{
			"type": "Feature",
			"properties": { "pm_name": "中正北路", "pm_type": "人行道" },
			"geometry": {
				"type": "Point",
				"coordinates": [121.4770394,25.0685542]
			}
		},
		{
			"type": "Feature",
			"properties": { "pm_name": "中正北路", "pm_type": "人行道" },
			"geometry": {
				"type": "Point",
				"coordinates": [121.4769213,25.06860544]
			}
		},
		{
			"type": "Feature",
			"properties": { "pm_name": "中正北路", "pm_type": "人行道" },
			"geometry": {
				"type": "Point",
				"coordinates": [121.4768032,25.06865669]
			}
		},
		{
			"type": "Feature",
			"properties": { "pm_name": "中正北路", "pm_type": "人行道" },
			"geometry": {
				"type": "Point",
				"coordinates": [121.4766851,25.06870793]
			}
		},
		{
			"type": "Feature",
			"properties": { "pm_name": "中正北路", "pm_type": "人行道" },
			"geometry": {
				"type": "Point",
				"coordinates": [121.476567,25.06875918]
			}
		},
		{
			"type": "Feature",
			"properties": { "pm_name": "中正北路", "pm_type": "人行道" },
			"geometry": {
				"type": "Point",
				"coordinates": [121.4764489,25.06881042]
			}
		},
		{
			"type": "Feature",
			"properties": { "pm_name": "中正北路", "pm_type": "人行道" },
			"geometry": {
				"type": "Point",
				"coordinates": [121.4763308,25.06886167]
			}
		},
		{
			"type": "Feature",
			"properties": { "pm_name": "中正北路", "pm_type": "人行道" },
			"geometry": {
				"type": "Point",
				"coordinates": [121.4762127,25.06891291]
			}
		},
		{
			"type": "Feature",
			"properties": { "pm_name": "中正北路", "pm_type": "人行道" },
			"geometry": {
				"type": "Point",
				"coordinates": [121.4760946,25.06896416]
			}
		},
		{
			"type": "Feature",
			"properties": { "pm_name": "中正北路", "pm_type": "人行道" },
			"geometry": {
				"type": "Point",
				"coordinates": [121.4759766,25.0690154]
			}
		},
		{
			"type": "Feature",
			"properties": { "pm_name": "中正北路", "pm_type": "人行道" },
			"geometry": {
				"type": "Point",
				"coordinates": [121.4758585,25.06906665]
			}
		},
		{
			"type": "Feature",
			"properties": { "pm_name": "中正北路", "pm_type": "人行道" },
			"geometry": {
				"type": "Point",
				"coordinates": [121.4757404,25.06911789]
			}
		},
		{
			"type": "Feature",
			"properties": { "pm_name": "中正北路", "pm_type": "人行道" },
			"geometry": {
				"type": "Point",
				"coordinates": [121.4756223,25.06916914]
			}
		},
		{
			"type": "Feature",
			"properties": { "pm_name": "中正北路", "pm_type": "人行道" },
			"geometry": {
				"type": "Point",
				"coordinates": [121.4755042,25.06922038]
			}
		},
		{
			"type": "Feature",
			"properties": { "pm_name": "中正北路", "pm_type": "人行道" },
			"geometry": {
				"type": "Point",
				"coordinates": [121.4753861,25.06927163]
			}
		},
		{
			"type": "Feature",
			"properties": { "pm_name": "中正北路", "pm_type": "人行道" },
			"geometry": {
				"type": "Point",
				"coordinates": [121.475268,25.06932287]
			}
		},
		{
			"type": "Feature",
			"properties": { "pm_name": "中正北路", "pm_type": "人行道" },
			"geometry": {
				"type": "Point",
				"coordinates": [121.4751499,25.06937412]
			}
		},
		{
			"type": "Feature",
			"properties": { "pm_name": "中正北路", "pm_type": "人行道" },
			"geometry": {
				"type": "Point",
				"coordinates": [121.4750318,25.06942536]
			}
		},
		{
			"type": "Feature",
			"properties": { "pm_name": "中正北路", "pm_type": "人行道" },
			"geometry": {
				"type": "Point",
				"coordinates": [121.4749137,25.06947661]
			}
		},
		{
			"type": "Feature",
			"properties": { "pm_name": "中正北路", "pm_type": "人行道" },
			"geometry": {
				"type": "Point",
				"coordinates": [121.4747957,25.06952785]
			}
		},
		{
			"type": "Feature",
			"properties": { "pm_name": "中正北路", "pm_type": "人行道" },
			"geometry": {
				"type": "Point",
				"coordinates": [121.4746776,25.0695791]
			}
		},
		{
			"type": "Feature",
			"properties": { "pm_name": "中正北路", "pm_type": "人行道" },
			"geometry": {
				"type": "Point",
				"coordinates": [121.4745595,25.06963034]
			}
		},
		{
			"type": "Feature",
			"properties": { "pm_name": "中正北路", "pm_type": "人行道" },
			"geometry": {
				"type": "Point",
				"coordinates": [121.4744414,25.06968159]
			}
		},
		{
			"type": "Feature",
			"properties": { "pm_name": "中正北路", "pm_type": "人行道" },
			"geometry": {
				"type": "Point",
				"coordinates": [121.4743233,25.06973283]
			}
		},
		{
			"type": "Feature",
			"properties": { "pm_name": "中正北路", "pm_type": "人行道" },
			"geometry": {
				"type": "Point",
				"coordinates": [121.4742052,25.06978408]
			}
		},
		{
			"type": "Feature",
			"properties": { "pm_name": "中正北路", "pm_type": "人行道" },
			"geometry": {
				"type": "Point",
				"coordinates": [121.4740871,25.06983532]
			}
		},
		{
			"type": "Feature",
			"properties": { "pm_name": "中正北路", "pm_type": "人行道" },
			"geometry": {
				"type": "Point",
				"coordinates": [121.473969,25.06988657]
			}
		},
		{
			"type": "Feature",
			"properties": { "pm_name": "中正北路", "pm_type": "人行道" },
			"geometry": {
				"type": "Point",
				"coordinates": [121.4738509,25.06993781]
			}
		},
		{
			"type": "Feature",
			"properties": { "pm_name": "中正北路", "pm_type": "人行道" },
			"geometry": {
				"type": "Point",
				"coordinates": [121.4737328,25.06998906]
			}
		},
		{
			"type": "Feature",
			"properties": { "pm_name": "中正北路", "pm_type": "人行道" },
			"geometry": {
				"type": "Point",
				"coordinates": [121.4736148,25.0700403]
			}
		},
		{
			"type": "Feature",
			"properties": { "pm_name": "中正北路", "pm_type": "人行道" },
			"geometry": {
				"type": "Point",
				"coordinates": [121.4734967,25.07009155]
			}
		},
		{
			"type": "Feature",
			"properties": { "pm_name": "中正北路", "pm_type": "人行道" },
			"geometry": {
				"type": "Point",
				"coordinates": [121.4733786,25.0701428]
			}
		},
		{
			"type": "Feature",
			"properties": { "pm_name": "中正北路", "pm_type": "人行道" },
			"geometry": {
				"type": "Point",
				"coordinates": [121.4732605,25.07019404]
			}
		},
		{
			"type": "Feature",
			"properties": { "pm_name": "中正北路", "pm_type": "人行道" },
			"geometry": {
				"type": "Point",
				"coordinates": [121.4731424,25.07024529]
			}
		},
		{
			"type": "Feature",
			"properties": { "pm_name": "中正北路", "pm_type": "人行道" },
			"geometry": {
				"type": "Point",
				"coordinates": [121.4730243,25.07029653]
			}
		},
		{
			"type": "Feature",
			"properties": { "pm_name": "中正北路", "pm_type": "人行道" },
			"geometry": {
				"type": "Point",
				"coordinates": [121.4729062,25.07034778]
			}
		},
		{
			"type": "Feature",
			"properties": { "pm_name": "中正北路", "pm_type": "人行道" },
			"geometry": {
				"type": "Point",
				"coordinates": [121.4727881,25.07039902]
			}
		},
		{
			"type": "Feature",
			"properties": { "pm_name": "中正北路", "pm_type": "人行道" },
			"geometry": {
				"type": "Point",
				"coordinates": [121.47267,25.07045027]
			}
		},
		{
			"type": "Feature",
			"properties": { "pm_name": "中正北路", "pm_type": "人行道" },
			"geometry": {
				"type": "Point",
				"coordinates": [121.4725519,25.07050151]
			}
		},
		{
			"type": "Feature",
			"properties": { "pm_name": "中正北路", "pm_type": "人行道" },
			"geometry": {
				"type": "Point",
				"coordinates": [121.4724339,25.07055276]
			}
		},
		{
			"type": "Feature",
			"properties": { "pm_name": "中正北路", "pm_type": "人行道" },
			"geometry": {
				"type": "Point",
				"coordinates": [121.4723158,25.070604]
			}
		},
		{
			"type": "Feature",
			"properties": { "pm_name": "中正北路", "pm_type": "人行道" },
			"geometry": {
				"type": "Point",
				"coordinates": [121.4721977,25.07065525]
			}
		},
		{
			"type": "Feature",
			"properties": { "pm_name": "中正北路", "pm_type": "人行道" },
			"geometry": {
				"type": "Point",
				"coordinates": [121.4720796,25.07070649]
			}
		},
		{
			"type": "Feature",
			"properties": { "pm_name": "中正北路", "pm_type": "人行道" },
			"geometry": {
				"type": "Point",
				"coordinates": [121.4719615,25.07075774]
			}
		},
		{
			"type": "Feature",
			"properties": { "pm_name": "中正北路", "pm_type": "人行道" },
			"geometry": {
				"type": "Point",
				"coordinates": [121.4718434,25.07080898]
			}
		},
		{
			"type": "Feature",
			"properties": { "pm_name": "中正北路", "pm_type": "人行道" },
			"geometry": {
				"type": "Point",
				"coordinates": [121.4717253,25.07086023]
			}
		},
		{
			"type": "Feature",
			"properties": { "pm_name": "中正北路", "pm_type": "人行道" },
			"geometry": {
				"type": "Point",
				"coordinates": [121.4716072,25.07091147]
			}
		},
		{
			"type": "Feature",
			"properties": { "pm_name": "中正北路", "pm_type": "人行道" },
			"geometry": {
				"type": "Point",
				"coordinates": [121.4714891,25.07096272]
			}
		},
		{
			"type": "Feature",
			"properties": { "pm_name": "中正北路", "pm_type": "人行道" },
			"geometry": {
				"type": "Point",
				"coordinates": [121.4713711,25.07101396]
			}
		},
		{
			"type": "Feature",
			"properties": { "pm_name": "中正北路", "pm_type": "人行道" },
			"geometry": {
				"type": "Point",
				"coordinates": [121.471253,25.07106521]
			}
		},
		{
			"type": "Feature",
			"properties": { "pm_name": "中正北路", "pm_type": "人行道" },
			"geometry": {
				"type": "Point",
				"coordinates": [121.4711349,25.07111645]
			}
		},
		{
			"type": "Feature",
			"properties": { "pm_name": "中正北路", "pm_type": "人行道" },
			"geometry": {
				"type": "Point",
				"coordinates": [121.4710168,25.0711677]
			}
		},
		{
			"type": "Feature",
			"properties": { "pm_name": "中正北路", "pm_type": "人行道" },
			"geometry": {
				"type": "Point",
				"coordinates": [121.4708987,25.07121894]
			}
		},
		{
			"type": "Feature",
			"properties": { "pm_name": "中正北路", "pm_type": "人行道" },
			"geometry": {
				"type": "Point",
				"coordinates": [121.4707806,25.07127019]
			}
		},
		{
			"type": "Feature",
			"properties": { "pm_name": "中正北路", "pm_type": "人行道" },
			"geometry": {
				"type": "Point",
				"coordinates": [121.4706625,25.07132143]
			}
		},
		{
			"type": "Feature",
			"properties": { "pm_name": "中正北路", "pm_type": "人行道" },
			"geometry": {
				"type": "Point",
				"coordinates": [121.4705444,25.07137268]
			}
		},
		{
			"type": "Feature",
			"properties": { "pm_name": "中正北路", "pm_type": "人行道" },
			"geometry": {
				"type": "Point",
				"coordinates": [121.4704263,25.07142392]
			}
		},
		{
			"type": "Feature",
			"properties": { "pm_name": "中正北路", "pm_type": "人行道" },
			"geometry": {
				"type": "Point",
				"coordinates": [121.4703082,25.07147517]
			}
		},
		{
			"type": "Feature",
			"properties": { "pm_name": "中正北路", "pm_type": "人行道" },
			"geometry": {
				"type": "Point",
				"coordinates": [121.4701902,25.07152641]
			}
		},
		{
			"type": "Feature",
			"properties": { "pm_name": "中正北路", "pm_type": "人行道" },
			"geometry": {
				"type": "Point",
				"coordinates": [121.4700721,25.07157766]
			}
		},
		{
			"type": "Feature",
			"properties": { "pm_name": "中正北路", "pm_type": "人行道" },
			"geometry": {
				"type": "Point",
				"coordinates": [121.469954,25.0716289]
			}
		},
		{
			"type": "Feature",
			"properties": { "pm_name": "中正北路", "pm_type": "人行道" },
			"geometry": {
				"type": "Point",
				"coordinates": [121.4698359,25.07168015]
			}
		},
		{
			"type": "Feature",
			"properties": { "pm_name": "中正北路", "pm_type": "人行道" },
			"geometry": {
				"type": "Point",
				"coordinates": [121.4697178,25.0717314]
			}
		},
		{
			"type": "Feature",
			"properties": { "pm_name": "中正北路", "pm_type": "人行道" },
			"geometry": {
				"type": "Point",
				"coordinates": [121.4695997,25.07178264]
			}
		},
		{
			"type": "Feature",
			"properties": { "pm_name": "中正北路", "pm_type": "人行道" },
			"geometry": {
				"type": "Point",
				"coordinates": [121.4694816,25.07183389]
			}
		},
		{
			"type": "Feature",
			"properties": { "pm_name": "中正北路", "pm_type": "人行道" },
			"geometry": {
				"type": "Point",
				"coordinates": [121.4693635,25.07188513]
			}
		},
		{
			"type": "Feature",
			"properties": { "pm_name": "中正北路", "pm_type": "人行道" },
			"geometry": {
				"type": "Point",
				"coordinates": [121.4692454,25.07193638]
			}
		},
		{
			"type": "Feature",
			"properties": { "pm_name": "中正北路", "pm_type": "人行道" },
			"geometry": {
				"type": "Point",
				"coordinates": [121.4691273,25.07198762]
			}
		},
		{
			"type": "Feature",
			"properties": { "pm_name": "中正北路", "pm_type": "人行道" },
			"geometry": {
				"type": "Point",
				"coordinates": [121.4690093,25.07203887]
			}
		},
		{
			"type": "Feature",
			"properties": { "pm_name": "中正北路", "pm_type": "人行道" },
			"geometry": {
				"type": "Point",
				"coordinates": [121.4688912,25.07209011]
			}
		},
		{
			"type": "Feature",
			"properties": { "pm_name": "中正北路", "pm_type": "人行道" },
			"geometry": {
				"type": "Point",
				"coordinates": [121.4687731,25.07214136]
			}
		},
		{
			"type": "Feature",
			"properties": { "pm_name": "中正北路", "pm_type": "人行道" },
			"geometry": {
				"type": "Point",
				"coordinates": [121.468655,25.0721926]
			}
		},
		{
			"type": "Feature",
			"properties": { "pm_name": "中正北路", "pm_type": "人行道" },
			"geometry": {
				"type": "Point",
				"coordinates": [121.4685369,25.07224385]
			}
		},
		{
			"type": "Feature",
			"properties": { "pm_name": "中正北路", "pm_type": "人行道" },
			"geometry": {
				"type": "Point",
				"coordinates": [121.4684188,25.07229509]
			}
		},
		{
			"type": "Feature",
			"properties": { "pm_name": "中正北路", "pm_type": "人行道" },
			"geometry": {
				"type": "Point",
				"coordinates": [121.4683007,25.07234634]
			}
		},
		{
			"type": "Feature",
			"properties": { "pm_name": "中正北路", "pm_type": "人行道" },
			"geometry": {
				"type": "Point",
				"coordinates": [121.4681826,25.07239758]
			}
		},
		{
			"type": "Feature",
			"properties": { "pm_name": "中正北路", "pm_type": "人行道" },
			"geometry": {
				"type": "Point",
				"coordinates": [121.4680645,25.07244883]
			}
		},
		{
			"type": "Feature",
			"properties": { "pm_name": "中正北路", "pm_type": "人行道" },
			"geometry": {
				"type": "Point",
				"coordinates": [121.4679464,25.07250007]
			}
		},
		{
			"type": "Feature",
			"properties": { "pm_name": "中正北路", "pm_type": "人行道" },
			"geometry": {
				"type": "Point",
				"coordinates": [121.4678284,25.07255132]
			}
		},
		{
			"type": "Feature",
			"properties": { "pm_name": "中正北路", "pm_type": "人行道" },
			"geometry": {
				"type": "Point",
				"coordinates": [121.4677103,25.07260256]
			}
		},
		{
			"type": "Feature",
			"properties": { "pm_name": "中正北路", "pm_type": "人行道" },
			"geometry": {
				"type": "Point",
				"coordinates": [121.4675922,25.07265381]
			}
		},
		{
			"type": "Feature",
			"properties": { "pm_name": "中正北路", "pm_type": "人行道" },
			"geometry": {
				"type": "Point",
				"coordinates": [121.4674741,25.07270505]
			}
		},
		{
			"type": "Feature",
			"properties": { "pm_name": "中正北路", "pm_type": "人行道" },
			"geometry": {
				"type": "Point",
				"coordinates": [121.467356,25.0727563]
			}
		},
		{
			"type": "Feature",
			"properties": { "pm_name": "中正南路", "pm_type": "人行道" },
			"geometry": {
				"type": "Point",
				"coordinates": [121.4931325,25.06085968]
			}
		},
		{
			"type": "Feature",
			"properties": { "pm_name": "中正南路", "pm_type": "人行道" },
			"geometry": {
				"type": "Point",
				"coordinates": [121.4932859,25.05954951]
			}
		},
		{
			"type": "Feature",
			"properties": { "pm_name": "中正南路", "pm_type": "人行道" },
			"geometry": {
				"type": "Point",
				"coordinates": [121.4934393,25.05823933]
			}
		},
		{
			"type": "Feature",
			"properties": { "pm_name": "中正南路", "pm_type": "人行道" },
			"geometry": {
				"type": "Point",
				"coordinates": [121.4935926,25.05692915]
			}
		},
		{
			"type": "Feature",
			"properties": { "pm_name": "中正南路", "pm_type": "人行道" },
			"geometry": {
				"type": "Point",
				"coordinates": [121.493746,25.05561898]
			}
		},
		{
			"type": "Feature",
			"properties": { "pm_name": "五谷王北街", "pm_type": "人行道" },
			"geometry": {
				"type": "Point",
				"coordinates": [121.4750852,25.04763153]
			}
		},
		{
			"type": "Feature",
			"properties": { "pm_name": "五谷王北街", "pm_type": "人行道" },
			"geometry": {
				"type": "Point",
				"coordinates": [121.475112,25.0477591]
			}
		},
		{
			"type": "Feature",
			"properties": { "pm_name": "五谷王北街", "pm_type": "人行道" },
			"geometry": {
				"type": "Point",
				"coordinates": [121.4751387,25.04788668]
			}
		},
		{
			"type": "Feature",
			"properties": { "pm_name": "五谷王北街", "pm_type": "人行道" },
			"geometry": {
				"type": "Point",
				"coordinates": [121.4751655,25.04801425]
			}
		},
		{
			"type": "Feature",
			"properties": { "pm_name": "五谷王北街", "pm_type": "人行道" },
			"geometry": {
				"type": "Point",
				"coordinates": [121.4751922,25.04814183]
			}
		},
		{
			"type": "Feature",
			"properties": { "pm_name": "五谷王北街", "pm_type": "人行道" },
			"geometry": {
				"type": "Point",
				"coordinates": [121.475219,25.0482694]
			}
		},
		{
			"type": "Feature",
			"properties": { "pm_name": "五谷王北街", "pm_type": "人行道" },
			"geometry": {
				"type": "Point",
				"coordinates": [121.4752458,25.04839698]
			}
		},
		{
			"type": "Feature",
			"properties": { "pm_name": "五谷王北街", "pm_type": "人行道" },
			"geometry": {
				"type": "Point",
				"coordinates": [121.4752725,25.04852455]
			}
		},
		{
			"type": "Feature",
			"properties": { "pm_name": "五谷王北街", "pm_type": "人行道" },
			"geometry": {
				"type": "Point",
				"coordinates": [121.4752993,25.04865213]
			}
		},
		{
			"type": "Feature",
			"properties": { "pm_name": "五谷王北街", "pm_type": "人行道" },
			"geometry": {
				"type": "Point",
				"coordinates": [121.475326,25.0487797]
			}
		},
		{
			"type": "Feature",
			"properties": { "pm_name": "五谷王北街", "pm_type": "人行道" },
			"geometry": {
				"type": "Point",
				"coordinates": [121.4753528,25.04890728]
			}
		},
		{
			"type": "Feature",
			"properties": { "pm_name": "五谷王北街", "pm_type": "人行道" },
			"geometry": {
				"type": "Point",
				"coordinates": [121.4753796,25.04903485]
			}
		},
		{
			"type": "Feature",
			"properties": { "pm_name": "五谷王北街", "pm_type": "人行道" },
			"geometry": {
				"type": "Point",
				"coordinates": [121.4754063,25.04916243]
			}
		},
		{
			"type": "Feature",
			"properties": { "pm_name": "五谷王北街", "pm_type": "人行道" },
			"geometry": {
				"type": "Point",
				"coordinates": [121.4754331,25.04929]
			}
		},
		{
			"type": "Feature",
			"properties": { "pm_name": "五谷王北街", "pm_type": "人行道" },
			"geometry": {
				"type": "Point",
				"coordinates": [121.4754598,25.04941758]
			}
		},
		{
			"type": "Feature",
			"properties": { "pm_name": "五谷王北街", "pm_type": "人行道" },
			"geometry": {
				"type": "Point",
				"coordinates": [121.4754866,25.04954515]
			}
		},
		{
			"type": "Feature",
			"properties": { "pm_name": "五谷王北街", "pm_type": "人行道" },
			"geometry": {
				"type": "Point",
				"coordinates": [121.4755133,25.04967273]
			}
		},
		{
			"type": "Feature",
			"properties": { "pm_name": "五谷王北街", "pm_type": "人行道" },
			"geometry": {
				"type": "Point",
				"coordinates": [121.4755401,25.0498003]
			}
		},
		{
			"type": "Feature",
			"properties": { "pm_name": "五谷王北街", "pm_type": "人行道" },
			"geometry": {
				"type": "Point",
				"coordinates": [121.4755669,25.04992788]
			}
		},
		{
			"type": "Feature",
			"properties": { "pm_name": "五谷王北街", "pm_type": "人行道" },
			"geometry": {
				"type": "Point",
				"coordinates": [121.4755936,25.05005545]
			}
		},
		{
			"type": "Feature",
			"properties": { "pm_name": "五谷王北街", "pm_type": "人行道" },
			"geometry": {
				"type": "Point",
				"coordinates": [121.4756204,25.05018303]
			}
		},
		{
			"type": "Feature",
			"properties": { "pm_name": "五谷王北街", "pm_type": "人行道" },
			"geometry": {
				"type": "Point",
				"coordinates": [121.4756471,25.0503106]
			}
		},
		{
			"type": "Feature",
			"properties": { "pm_name": "五谷王北街", "pm_type": "人行道" },
			"geometry": {
				"type": "Point",
				"coordinates": [121.4756739,25.05043818]
			}
		},
		{
			"type": "Feature",
			"properties": { "pm_name": "五谷王北街", "pm_type": "人行道" },
			"geometry": {
				"type": "Point",
				"coordinates": [121.4757007,25.05056575]
			}
		},
		{
			"type": "Feature",
			"properties": { "pm_name": "五谷王北街", "pm_type": "人行道" },
			"geometry": {
				"type": "Point",
				"coordinates": [121.4757274,25.05069333]
			}
		},
		{
			"type": "Feature",
			"properties": { "pm_name": "五谷王北街", "pm_type": "人行道" },
			"geometry": {
				"type": "Point",
				"coordinates": [121.4757542,25.0508209]
			}
		},
		{
			"type": "Feature",
			"properties": { "pm_name": "五谷王北街", "pm_type": "人行道" },
			"geometry": {
				"type": "Point",
				"coordinates": [121.4757809,25.05094848]
			}
		},
		{
			"type": "Feature",
			"properties": { "pm_name": "五谷王北街", "pm_type": "人行道" },
			"geometry": {
				"type": "Point",
				"coordinates": [121.4758077,25.05107605]
			}
		},
		{
			"type": "Feature",
			"properties": { "pm_name": "五谷王北街", "pm_type": "人行道" },
			"geometry": {
				"type": "Point",
				"coordinates": [121.4758344,25.05120363]
			}
		},
		{
			"type": "Feature",
			"properties": { "pm_name": "五谷王北街", "pm_type": "人行道" },
			"geometry": {
				"type": "Point",
				"coordinates": [121.4758612,25.0513312]
			}
		},
		{
			"type": "Feature",
			"properties": { "pm_name": "五谷王北街", "pm_type": "人行道" },
			"geometry": {
				"type": "Point",
				"coordinates": [121.475888,25.05145878]
			}
		},
		{
			"type": "Feature",
			"properties": { "pm_name": "五谷王北街", "pm_type": "人行道" },
			"geometry": {
				"type": "Point",
				"coordinates": [121.4759147,25.05158635]
			}
		},
		{
			"type": "Feature",
			"properties": { "pm_name": "五谷王北街", "pm_type": "人行道" },
			"geometry": {
				"type": "Point",
				"coordinates": [121.4759415,25.05171393]
			}
		},
		{
			"type": "Feature",
			"properties": { "pm_name": "五谷王北街", "pm_type": "人行道" },
			"geometry": {
				"type": "Point",
				"coordinates": [121.4759682,25.0518415]
			}
		},
		{
			"type": "Feature",
			"properties": { "pm_name": "五谷王北街", "pm_type": "人行道" },
			"geometry": {
				"type": "Point",
				"coordinates": [121.475995,25.05196908]
			}
		},
		{
			"type": "Feature",
			"properties": { "pm_name": "五谷王北街", "pm_type": "人行道" },
			"geometry": {
				"type": "Point",
				"coordinates": [121.4760218,25.05209665]
			}
		},
		{
			"type": "Feature",
			"properties": { "pm_name": "五谷王北街", "pm_type": "人行道" },
			"geometry": {
				"type": "Point",
				"coordinates": [121.4760485,25.05222423]
			}
		},
		{
			"type": "Feature",
			"properties": { "pm_name": "五谷王北街", "pm_type": "人行道" },
			"geometry": {
				"type": "Point",
				"coordinates": [121.4760753,25.0523518]
			}
		},
		{
			"type": "Feature",
			"properties": { "pm_name": "五谷王北街", "pm_type": "人行道" },
			"geometry": {
				"type": "Point",
				"coordinates": [121.476102,25.05247938]
			}
		},
		{
			"type": "Feature",
			"properties": { "pm_name": "五谷王北街", "pm_type": "人行道" },
			"geometry": {
				"type": "Point",
				"coordinates": [121.4761288,25.05260695]
			}
		},
		{
			"type": "Feature",
			"properties": { "pm_name": "五谷王北街", "pm_type": "人行道" },
			"geometry": {
				"type": "Point",
				"coordinates": [121.4761556,25.05273453]
			}
		},
		{
			"type": "Feature",
			"properties": { "pm_name": "五谷王北街", "pm_type": "人行道" },
			"geometry": {
				"type": "Point",
				"coordinates": [121.4761823,25.0528621]
			}
		},
		{
			"type": "Feature",
			"properties": { "pm_name": "五谷王北街", "pm_type": "人行道" },
			"geometry": {
				"type": "Point",
				"coordinates": [121.4762091,25.05298968]
			}
		},
		{
			"type": "Feature",
			"properties": { "pm_name": "五谷王北街", "pm_type": "人行道" },
			"geometry": {
				"type": "Point",
				"coordinates": [121.4762358,25.05311725]
			}
		},
		{
			"type": "Feature",
			"properties": { "pm_name": "五谷王北街", "pm_type": "人行道" },
			"geometry": {
				"type": "Point",
				"coordinates": [121.4762626,25.05324483]
			}
		},
		{
			"type": "Feature",
			"properties": { "pm_name": "五谷王北街", "pm_type": "人行道" },
			"geometry": {
				"type": "Point",
				"coordinates": [121.4762893,25.0533724]
			}
		},
		{
			"type": "Feature",
			"properties": { "pm_name": "五谷王北街", "pm_type": "人行道" },
			"geometry": {
				"type": "Point",
				"coordinates": [121.4763161,25.05349998]
			}
		},
		{
			"type": "Feature",
			"properties": { "pm_name": "五谷王北街", "pm_type": "人行道" },
			"geometry": {
				"type": "Point",
				"coordinates": [121.4763429,25.05362755]
			}
		},
		{
			"type": "Feature",
			"properties": { "pm_name": "五谷王北街", "pm_type": "人行道" },
			"geometry": {
				"type": "Point",
				"coordinates": [121.4763696,25.05375513]
			}
		},
		{
			"type": "Feature",
			"properties": { "pm_name": "五谷王北街", "pm_type": "人行道" },
			"geometry": {
				"type": "Point",
				"coordinates": [121.4763964,25.0538827]
			}
		},
		{
			"type": "Feature",
			"properties": { "pm_name": "五谷王北街", "pm_type": "人行道" },
			"geometry": {
				"type": "Point",
				"coordinates": [121.4764231,25.05401028]
			}
		},
		{
			"type": "Feature",
			"properties": { "pm_name": "五華街", "pm_type": "人行道" },
			"geometry": {
				"type": "Point",
				"coordinates": [121.486081,25.08891848]
			}
		},
		{
			"type": "Feature",
			"properties": { "pm_name": "五華街", "pm_type": "人行道" },
			"geometry": {
				"type": "Point",
				"coordinates": [121.4862343,25.08876792]
			}
		},
		{
			"type": "Feature",
			"properties": { "pm_name": "五華街", "pm_type": "人行道" },
			"geometry": {
				"type": "Point",
				"coordinates": [121.4863877,25.08861736]
			}
		},
		{
			"type": "Feature",
			"properties": { "pm_name": "五華街", "pm_type": "人行道" },
			"geometry": {
				"type": "Point",
				"coordinates": [121.486541,25.08846679]
			}
		},
		{
			"type": "Feature",
			"properties": { "pm_name": "五華街", "pm_type": "人行道" },
			"geometry": {
				"type": "Point",
				"coordinates": [121.4866944,25.08831623]
			}
		},
		{
			"type": "Feature",
			"properties": { "pm_name": "五華街", "pm_type": "人行道" },
			"geometry": {
				"type": "Point",
				"coordinates": [121.4868477,25.08816567]
			}
		},
		{
			"type": "Feature",
			"properties": { "pm_name": "五華街", "pm_type": "人行道" },
			"geometry": {
				"type": "Point",
				"coordinates": [121.4870011,25.0880151]
			}
		},
		{
			"type": "Feature",
			"properties": { "pm_name": "五華街", "pm_type": "人行道" },
			"geometry": {
				"type": "Point",
				"coordinates": [121.4871544,25.08786454]
			}
		},
		{
			"type": "Feature",
			"properties": { "pm_name": "五華街", "pm_type": "人行道" },
			"geometry": {
				"type": "Point",
				"coordinates": [121.4873078,25.08771398]
			}
		},
		{
			"type": "Feature",
			"properties": { "pm_name": "五華街", "pm_type": "人行道" },
			"geometry": {
				"type": "Point",
				"coordinates": [121.4874612,25.08756342]
			}
		},
		{
			"type": "Feature",
			"properties": { "pm_name": "五華街", "pm_type": "人行道" },
			"geometry": {
				"type": "Point",
				"coordinates": [121.4876145,25.08741285]
			}
		},
		{
			"type": "Feature",
			"properties": { "pm_name": "五華街", "pm_type": "人行道" },
			"geometry": {
				"type": "Point",
				"coordinates": [121.4877679,25.08726229]
			}
		},
		{
			"type": "Feature",
			"properties": { "pm_name": "五華街", "pm_type": "人行道" },
			"geometry": {
				"type": "Point",
				"coordinates": [121.4879212,25.08711173]
			}
		},
		{
			"type": "Feature",
			"properties": { "pm_name": "五華街", "pm_type": "人行道" },
			"geometry": {
				"type": "Point",
				"coordinates": [121.4880746,25.08696116]
			}
		},
		{
			"type": "Feature",
			"properties": { "pm_name": "五華街", "pm_type": "人行道" },
			"geometry": {
				"type": "Point",
				"coordinates": [121.4882279,25.0868106]
			}
		},
		{
			"type": "Feature",
			"properties": { "pm_name": "五華街", "pm_type": "人行道" },
			"geometry": {
				"type": "Point",
				"coordinates": [121.4883813,25.08666004]
			}
		},
		{
			"type": "Feature",
			"properties": { "pm_name": "五華街", "pm_type": "人行道" },
			"geometry": {
				"type": "Point",
				"coordinates": [121.4885346,25.08650947]
			}
		},
		{
			"type": "Feature",
			"properties": { "pm_name": "五華街", "pm_type": "人行道" },
			"geometry": {
				"type": "Point",
				"coordinates": [121.488688,25.08635891]
			}
		},
		{
			"type": "Feature",
			"properties": { "pm_name": "五華街", "pm_type": "人行道" },
			"geometry": {
				"type": "Point",
				"coordinates": [121.4888413,25.08620835]
			}
		},
		{
			"type": "Feature",
			"properties": { "pm_name": "五華街", "pm_type": "人行道" },
			"geometry": {
				"type": "Point",
				"coordinates": [121.4889947,25.08605779]
			}
		},
		{
			"type": "Feature",
			"properties": { "pm_name": "五華街", "pm_type": "人行道" },
			"geometry": {
				"type": "Point",
				"coordinates": [121.489148,25.08590722]
			}
		},
		{
			"type": "Feature",
			"properties": { "pm_name": "五華街", "pm_type": "人行道" },
			"geometry": {
				"type": "Point",
				"coordinates": [121.4893014,25.08575666]
			}
		},
		{
			"type": "Feature",
			"properties": { "pm_name": "五華街", "pm_type": "人行道" },
			"geometry": {
				"type": "Point",
				"coordinates": [121.4894547,25.0856061]
			}
		},
		{
			"type": "Feature",
			"properties": { "pm_name": "五華街", "pm_type": "人行道" },
			"geometry": {
				"type": "Point",
				"coordinates": [121.4896081,25.08545553]
			}
		},
		{
			"type": "Feature",
			"properties": { "pm_name": "五華街", "pm_type": "人行道" },
			"geometry": {
				"type": "Point",
				"coordinates": [121.4897614,25.08530497]
			}
		},
		{
			"type": "Feature",
			"properties": { "pm_name": "五華街", "pm_type": "人行道" },
			"geometry": {
				"type": "Point",
				"coordinates": [121.4899148,25.08515441]
			}
		},
		{
			"type": "Feature",
			"properties": { "pm_name": "五華街", "pm_type": "人行道" },
			"geometry": {
				"type": "Point",
				"coordinates": [121.4900681,25.08500384]
			}
		},
		{
			"type": "Feature",
			"properties": { "pm_name": "五華街", "pm_type": "人行道" },
			"geometry": {
				"type": "Point",
				"coordinates": [121.4902215,25.08485328]
			}
		},
		{
			"type": "Feature",
			"properties": { "pm_name": "五華街", "pm_type": "人行道" },
			"geometry": {
				"type": "Point",
				"coordinates": [121.4903749,25.08470272]
			}
		},
		{
			"type": "Feature",
			"properties": { "pm_name": "五華街", "pm_type": "人行道" },
			"geometry": {
				"type": "Point",
				"coordinates": [121.4905282,25.08455215]
			}
		},
		{
			"type": "Feature",
			"properties": { "pm_name": "五華街", "pm_type": "人行道" },
			"geometry": {
				"type": "Point",
				"coordinates": [121.4906816,25.08440159]
			}
		},
		{
			"type": "Feature",
			"properties": { "pm_name": "五華街", "pm_type": "人行道" },
			"geometry": {
				"type": "Point",
				"coordinates": [121.4908349,25.08425103]
			}
		},
		{
			"type": "Feature",
			"properties": { "pm_name": "五華街", "pm_type": "人行道" },
			"geometry": {
				"type": "Point",
				"coordinates": [121.4909883,25.08410047]
			}
		},
		{
			"type": "Feature",
			"properties": { "pm_name": "五華街", "pm_type": "人行道" },
			"geometry": {
				"type": "Point",
				"coordinates": [121.4911416,25.0839499]
			}
		},
		{
			"type": "Feature",
			"properties": { "pm_name": "五華街", "pm_type": "人行道" },
			"geometry": {
				"type": "Point",
				"coordinates": [121.491295,25.08379934]
			}
		},
		{
			"type": "Feature",
			"properties": { "pm_name": "五華街", "pm_type": "人行道" },
			"geometry": {
				"type": "Point",
				"coordinates": [121.4914483,25.08364878]
			}
		},
		{
			"type": "Feature",
			"properties": { "pm_name": "五華街", "pm_type": "人行道" },
			"geometry": {
				"type": "Point",
				"coordinates": [121.4916017,25.08349821]
			}
		},
		{
			"type": "Feature",
			"properties": { "pm_name": "五華街", "pm_type": "人行道" },
			"geometry": {
				"type": "Point",
				"coordinates": [121.491755,25.08334765]
			}
		},
		{
			"type": "Feature",
			"properties": { "pm_name": "五華街", "pm_type": "人行道" },
			"geometry": {
				"type": "Point",
				"coordinates": [121.4919084,25.08319709]
			}
		},
		{
			"type": "Feature",
			"properties": { "pm_name": "五華街", "pm_type": "人行道" },
			"geometry": {
				"type": "Point",
				"coordinates": [121.4920617,25.08304652]
			}
		},
		{
			"type": "Feature",
			"properties": { "pm_name": "五華街", "pm_type": "人行道" },
			"geometry": {
				"type": "Point",
				"coordinates": [121.4922151,25.08289596]
			}
		},
		{
			"type": "Feature",
			"properties": { "pm_name": "五華街", "pm_type": "人行道" },
			"geometry": {
				"type": "Point",
				"coordinates": [121.4923684,25.0827454]
			}
		},
		{
			"type": "Feature",
			"properties": { "pm_name": "五華街", "pm_type": "人行道" },
			"geometry": {
				"type": "Point",
				"coordinates": [121.4925218,25.08259484]
			}
		},
		{
			"type": "Feature",
			"properties": { "pm_name": "五華街", "pm_type": "人行道" },
			"geometry": {
				"type": "Point",
				"coordinates": [121.4926751,25.08244427]
			}
		},
		{
			"type": "Feature",
			"properties": { "pm_name": "五華街", "pm_type": "人行道" },
			"geometry": {
				"type": "Point",
				"coordinates": [121.4928285,25.08229371]
			}
		},
		{
			"type": "Feature",
			"properties": { "pm_name": "五華街", "pm_type": "人行道" },
			"geometry": {
				"type": "Point",
				"coordinates": [121.4929818,25.08214315]
			}
		},
		{
			"type": "Feature",
			"properties": { "pm_name": "五華街", "pm_type": "人行道" },
			"geometry": {
				"type": "Point",
				"coordinates": [121.4931352,25.08199258]
			}
		},
		{
			"type": "Feature",
			"properties": { "pm_name": "五華街", "pm_type": "人行道" },
			"geometry": {
				"type": "Point",
				"coordinates": [121.4932886,25.08184202]
			}
		},
		{
			"type": "Feature",
			"properties": { "pm_name": "五華街", "pm_type": "人行道" },
			"geometry": {
				"type": "Point",
				"coordinates": [121.4934419,25.08169146]
			}
		},
		{
			"type": "Feature",
			"properties": { "pm_name": "五華街", "pm_type": "人行道" },
			"geometry": {
				"type": "Point",
				"coordinates": [121.4935953,25.08154089]
			}
		},
		{
			"type": "Feature",
			"properties": { "pm_name": "五華街", "pm_type": "人行道" },
			"geometry": {
				"type": "Point",
				"coordinates": [121.4937486,25.08139033]
			}
		},
		{
			"type": "Feature",
			"properties": { "pm_name": "五華街", "pm_type": "人行道" },
			"geometry": {
				"type": "Point",
				"coordinates": [121.493902,25.08123977]
			}
		},
		{
			"type": "Feature",
			"properties": { "pm_name": "五華街", "pm_type": "人行道" },
			"geometry": {
				"type": "Point",
				"coordinates": [121.4940553,25.0810892]
			}
		},
		{
			"type": "Feature",
			"properties": { "pm_name": "五華街", "pm_type": "人行道" },
			"geometry": {
				"type": "Point",
				"coordinates": [121.4942087,25.08093864]
			}
		},
		{
			"type": "Feature",
			"properties": { "pm_name": "五華街", "pm_type": "人行道" },
			"geometry": {
				"type": "Point",
				"coordinates": [121.494362,25.08078808]
			}
		},
		{
			"type": "Feature",
			"properties": { "pm_name": "五華街", "pm_type": "人行道" },
			"geometry": {
				"type": "Point",
				"coordinates": [121.4945154,25.08063752]
			}
		},
		{
			"type": "Feature",
			"properties": { "pm_name": "五華街", "pm_type": "人行道" },
			"geometry": {
				"type": "Point",
				"coordinates": [121.4946687,25.08048695]
			}
		},
		{
			"type": "Feature",
			"properties": { "pm_name": "五華街", "pm_type": "人行道" },
			"geometry": {
				"type": "Point",
				"coordinates": [121.4948221,25.08033639]
			}
		},
		{
			"type": "Feature",
			"properties": { "pm_name": "五華街", "pm_type": "人行道" },
			"geometry": {
				"type": "Point",
				"coordinates": [121.4949754,25.08018583]
			}
		},
		{
			"type": "Feature",
			"properties": { "pm_name": "五華街", "pm_type": "人行道" },
			"geometry": {
				"type": "Point",
				"coordinates": [121.4951288,25.08003526]
			}
		},
		{
			"type": "Feature",
			"properties": { "pm_name": "仁愛街", "pm_type": "人行道" },
			"geometry": {
				"type": "Point",
				"coordinates": [121.4942941,25.07647536]
			}
		},
		{
			"type": "Feature",
			"properties": { "pm_name": "仁愛街", "pm_type": "人行道" },
			"geometry": {
				"type": "Point",
				"coordinates": [121.492955,25.0776266]
			}
		},
		{
			"type": "Feature",
			"properties": { "pm_name": "仁愛街", "pm_type": "人行道" },
			"geometry": {
				"type": "Point",
				"coordinates": [121.4916159,25.07877783]
			}
		},
		{
			"type": "Feature",
			"properties": { "pm_name": "仁愛街", "pm_type": "人行道" },
			"geometry": {
				"type": "Point",
				"coordinates": [121.4902768,25.07992907]
			}
		},
		{
			"type": "Feature",
			"properties": { "pm_name": "仁愛街", "pm_type": "人行道" },
			"geometry": {
				"type": "Point",
				"coordinates": [121.4889377,25.08108031]
			}
		},
		{
			"type": "Feature",
			"properties": { "pm_name": "仁愛街", "pm_type": "人行道" },
			"geometry": {
				"type": "Point",
				"coordinates": [121.4875986,25.08223154]
			}
		},
		{
			"type": "Feature",
			"properties": { "pm_name": "仁愛街", "pm_type": "人行道" },
			"geometry": {
				"type": "Point",
				"coordinates": [121.4874943,25.08221252]
			}
		},
		{
			"type": "Feature",
			"properties": { "pm_name": "仁愛街", "pm_type": "人行道" },
			"geometry": {
				"type": "Point",
				"coordinates": [121.4864112,25.08184575]
			}
		},
		{
			"type": "Feature",
			"properties": { "pm_name": "仁愛街", "pm_type": "人行道" },
			"geometry": {
				"type": "Point",
				"coordinates": [121.485328,25.08147899]
			}
		},
		{
			"type": "Feature",
			"properties": { "pm_name": "仁愛街", "pm_type": "人行道" },
			"geometry": {
				"type": "Point",
				"coordinates": [121.4842449,25.08111223]
			}
		},
		{
			"type": "Feature",
			"properties": { "pm_name": "仁愛街", "pm_type": "人行道" },
			"geometry": {
				"type": "Point",
				"coordinates": [121.4831617,25.08074546]
			}
		},
		{
			"type": "Feature",
			"properties": { "pm_name": "仁愛街", "pm_type": "人行道" },
			"geometry": {
				"type": "Point",
				"coordinates": [121.4820786,25.0803787]
			}
		},
		{
			"type": "Feature",
			"properties": { "pm_name": "仁愛街", "pm_type": "人行道" },
			"geometry": {
				"type": "Point",
				"coordinates": [121.4809954,25.08001194]
			}
		},
		{
			"type": "Feature",
			"properties": { "pm_name": "元信二街", "pm_type": "人行道" },
			"geometry": {
				"type": "Point",
				"coordinates": [121.4996167,25.081092]
			}
		},
		{
			"type": "Feature",
			"properties": { "pm_name": "元信二街", "pm_type": "人行道" },
			"geometry": {
				"type": "Point",
				"coordinates": [121.4995861,25.08107043]
			}
		},
		{
			"type": "Feature",
			"properties": { "pm_name": "元信二街", "pm_type": "人行道" },
			"geometry": {
				"type": "Point",
				"coordinates": [121.4995554,25.08104885]
			}
		},
		{
			"type": "Feature",
			"properties": { "pm_name": "元信二街", "pm_type": "人行道" },
			"geometry": {
				"type": "Point",
				"coordinates": [121.4995247,25.08102727]
			}
		},
		{
			"type": "Feature",
			"properties": { "pm_name": "元信二街", "pm_type": "人行道" },
			"geometry": {
				"type": "Point",
				"coordinates": [121.4994941,25.0810057]
			}
		},
		{
			"type": "Feature",
			"properties": { "pm_name": "元信二街", "pm_type": "人行道" },
			"geometry": {
				"type": "Point",
				"coordinates": [121.4994634,25.08098412]
			}
		},
		{
			"type": "Feature",
			"properties": { "pm_name": "元信二街", "pm_type": "人行道" },
			"geometry": {
				"type": "Point",
				"coordinates": [121.4994328,25.08096254]
			}
		},
		{
			"type": "Feature",
			"properties": { "pm_name": "元信二街", "pm_type": "人行道" },
			"geometry": {
				"type": "Point",
				"coordinates": [121.4994021,25.08094097]
			}
		},
		{
			"type": "Feature",
			"properties": { "pm_name": "元信二街", "pm_type": "人行道" },
			"geometry": {
				"type": "Point",
				"coordinates": [121.4993714,25.08091939]
			}
		},
		{
			"type": "Feature",
			"properties": { "pm_name": "元信二街", "pm_type": "人行道" },
			"geometry": {
				"type": "Point",
				"coordinates": [121.4993408,25.08089781]
			}
		},
		{
			"type": "Feature",
			"properties": { "pm_name": "元信二街", "pm_type": "人行道" },
			"geometry": {
				"type": "Point",
				"coordinates": [121.4993101,25.08087624]
			}
		},
		{
			"type": "Feature",
			"properties": { "pm_name": "元信二街", "pm_type": "人行道" },
			"geometry": {
				"type": "Point",
				"coordinates": [121.4992795,25.08085466]
			}
		},
		{
			"type": "Feature",
			"properties": { "pm_name": "元信二街", "pm_type": "人行道" },
			"geometry": {
				"type": "Point",
				"coordinates": [121.4992488,25.08083308]
			}
		},
		{
			"type": "Feature",
			"properties": { "pm_name": "元信二街", "pm_type": "人行道" },
			"geometry": {
				"type": "Point",
				"coordinates": [121.4992182,25.08081151]
			}
		},
		{
			"type": "Feature",
			"properties": { "pm_name": "元信二街", "pm_type": "人行道" },
			"geometry": {
				"type": "Point",
				"coordinates": [121.4991875,25.08078993]
			}
		},
		{
			"type": "Feature",
			"properties": { "pm_name": "元信二街", "pm_type": "人行道" },
			"geometry": {
				"type": "Point",
				"coordinates": [121.4991568,25.08076835]
			}
		},
		{
			"type": "Feature",
			"properties": { "pm_name": "元信二街", "pm_type": "人行道" },
			"geometry": {
				"type": "Point",
				"coordinates": [121.4991262,25.08074678]
			}
		},
		{
			"type": "Feature",
			"properties": { "pm_name": "元信二街", "pm_type": "人行道" },
			"geometry": {
				"type": "Point",
				"coordinates": [121.4990955,25.0807252]
			}
		},
		{
			"type": "Feature",
			"properties": { "pm_name": "元信二街", "pm_type": "人行道" },
			"geometry": {
				"type": "Point",
				"coordinates": [121.4990649,25.08070362]
			}
		},
		{
			"type": "Feature",
			"properties": { "pm_name": "元信二街", "pm_type": "人行道" },
			"geometry": {
				"type": "Point",
				"coordinates": [121.4990342,25.08068205]
			}
		},
		{
			"type": "Feature",
			"properties": { "pm_name": "元信二街", "pm_type": "人行道" },
			"geometry": {
				"type": "Point",
				"coordinates": [121.4990035,25.08066047]
			}
		},
		{
			"type": "Feature",
			"properties": { "pm_name": "元信二街", "pm_type": "人行道" },
			"geometry": {
				"type": "Point",
				"coordinates": [121.4989729,25.08063889]
			}
		},
		{
			"type": "Feature",
			"properties": { "pm_name": "元信二街", "pm_type": "人行道" },
			"geometry": {
				"type": "Point",
				"coordinates": [121.4989422,25.08061732]
			}
		},
		{
			"type": "Feature",
			"properties": { "pm_name": "元信二街", "pm_type": "人行道" },
			"geometry": {
				"type": "Point",
				"coordinates": [121.4989116,25.08059574]
			}
		},
		{
			"type": "Feature",
			"properties": { "pm_name": "元信二街", "pm_type": "人行道" },
			"geometry": {
				"type": "Point",
				"coordinates": [121.4988809,25.08057416]
			}
		},
		{
			"type": "Feature",
			"properties": { "pm_name": "元信二街", "pm_type": "人行道" },
			"geometry": {
				"type": "Point",
				"coordinates": [121.4988503,25.08055259]
			}
		},
		{
			"type": "Feature",
			"properties": { "pm_name": "元信二街", "pm_type": "人行道" },
			"geometry": {
				"type": "Point",
				"coordinates": [121.4988196,25.08053101]
			}
		},
		{
			"type": "Feature",
			"properties": { "pm_name": "元信二街", "pm_type": "人行道" },
			"geometry": {
				"type": "Point",
				"coordinates": [121.4987889,25.08050943]
			}
		},
		{
			"type": "Feature",
			"properties": { "pm_name": "元信二街", "pm_type": "人行道" },
			"geometry": {
				"type": "Point",
				"coordinates": [121.4987583,25.08048786]
			}
		},
		{
			"type": "Feature",
			"properties": { "pm_name": "元信二街", "pm_type": "人行道" },
			"geometry": {
				"type": "Point",
				"coordinates": [121.4987276,25.08046628]
			}
		},
		{
			"type": "Feature",
			"properties": { "pm_name": "元信二街", "pm_type": "人行道" },
			"geometry": {
				"type": "Point",
				"coordinates": [121.498697,25.0804447]
			}
		},
		{
			"type": "Feature",
			"properties": { "pm_name": "元信二街", "pm_type": "人行道" },
			"geometry": {
				"type": "Point",
				"coordinates": [121.4986663,25.08042312]
			}
		},
		{
			"type": "Feature",
			"properties": { "pm_name": "元信二街", "pm_type": "人行道" },
			"geometry": {
				"type": "Point",
				"coordinates": [121.4986357,25.08040155]
			}
		},
		{
			"type": "Feature",
			"properties": { "pm_name": "元信二街", "pm_type": "人行道" },
			"geometry": {
				"type": "Point",
				"coordinates": [121.498605,25.08037997]
			}
		},
		{
			"type": "Feature",
			"properties": { "pm_name": "元信二街", "pm_type": "人行道" },
			"geometry": {
				"type": "Point",
				"coordinates": [121.4985743,25.08035839]
			}
		},
		{
			"type": "Feature",
			"properties": { "pm_name": "元信二街", "pm_type": "人行道" },
			"geometry": {
				"type": "Point",
				"coordinates": [121.4985437,25.08033682]
			}
		},
		{
			"type": "Feature",
			"properties": { "pm_name": "元信二街", "pm_type": "人行道" },
			"geometry": {
				"type": "Point",
				"coordinates": [121.498513,25.08031524]
			}
		},
		{
			"type": "Feature",
			"properties": { "pm_name": "元信二街", "pm_type": "人行道" },
			"geometry": {
				"type": "Point",
				"coordinates": [121.4984824,25.08029366]
			}
		},
		{
			"type": "Feature",
			"properties": { "pm_name": "元信二街", "pm_type": "人行道" },
			"geometry": {
				"type": "Point",
				"coordinates": [121.4984517,25.08027209]
			}
		},
		{
			"type": "Feature",
			"properties": { "pm_name": "元信二街", "pm_type": "人行道" },
			"geometry": {
				"type": "Point",
				"coordinates": [121.498421,25.08025051]
			}
		},
		{
			"type": "Feature",
			"properties": { "pm_name": "元信二街", "pm_type": "人行道" },
			"geometry": {
				"type": "Point",
				"coordinates": [121.4983904,25.08022893]
			}
		},
		{
			"type": "Feature",
			"properties": { "pm_name": "元信二街", "pm_type": "人行道" },
			"geometry": {
				"type": "Point",
				"coordinates": [121.4983597,25.08020736]
			}
		},
		{
			"type": "Feature",
			"properties": { "pm_name": "元信二街", "pm_type": "人行道" },
			"geometry": {
				"type": "Point",
				"coordinates": [121.4983291,25.08018578]
			}
		},
		{
			"type": "Feature",
			"properties": { "pm_name": "元信二街", "pm_type": "人行道" },
			"geometry": {
				"type": "Point",
				"coordinates": [121.4982984,25.0801642]
			}
		},
		{
			"type": "Feature",
			"properties": { "pm_name": "元信二街", "pm_type": "人行道" },
			"geometry": {
				"type": "Point",
				"coordinates": [121.4982678,25.08014263]
			}
		},
		{
			"type": "Feature",
			"properties": { "pm_name": "元信二街", "pm_type": "人行道" },
			"geometry": {
				"type": "Point",
				"coordinates": [121.4982371,25.08012105]
			}
		},
		{
			"type": "Feature",
			"properties": { "pm_name": "元信二街", "pm_type": "人行道" },
			"geometry": {
				"type": "Point",
				"coordinates": [121.4982064,25.08009947]
			}
		},
		{
			"type": "Feature",
			"properties": { "pm_name": "元信二街", "pm_type": "人行道" },
			"geometry": {
				"type": "Point",
				"coordinates": [121.4981758,25.0800779]
			}
		},
		{
			"type": "Feature",
			"properties": { "pm_name": "元信二街", "pm_type": "人行道" },
			"geometry": {
				"type": "Point",
				"coordinates": [121.4981451,25.08005632]
			}
		},
		{
			"type": "Feature",
			"properties": { "pm_name": "元信二街", "pm_type": "人行道" },
			"geometry": {
				"type": "Point",
				"coordinates": [121.4981145,25.08003474]
			}
		},
		{
			"type": "Feature",
			"properties": { "pm_name": "元信二街", "pm_type": "人行道" },
			"geometry": {
				"type": "Point",
				"coordinates": [121.4980838,25.08001317]
			}
		},
		{
			"type": "Feature",
			"properties": { "pm_name": "元信二街", "pm_type": "人行道" },
			"geometry": {
				"type": "Point",
				"coordinates": [121.4980532,25.07999159]
			}
		},
		{
			"type": "Feature",
			"properties": { "pm_name": "元信二街", "pm_type": "人行道" },
			"geometry": {
				"type": "Point",
				"coordinates": [121.4980225,25.07997001]
			}
		},
		{
			"type": "Feature",
			"properties": { "pm_name": "元信二街", "pm_type": "人行道" },
			"geometry": {
				"type": "Point",
				"coordinates": [121.4979918,25.07994844]
			}
		},
		{
			"type": "Feature",
			"properties": { "pm_name": "元信二街", "pm_type": "人行道" },
			"geometry": {
				"type": "Point",
				"coordinates": [121.4979612,25.07992686]
			}
		},
		{
			"type": "Feature",
			"properties": { "pm_name": "元信二街", "pm_type": "人行道" },
			"geometry": {
				"type": "Point",
				"coordinates": [121.4979305,25.07990528]
			}
		},
		{
			"type": "Feature",
			"properties": { "pm_name": "元信二街", "pm_type": "人行道" },
			"geometry": {
				"type": "Point",
				"coordinates": [121.4978999,25.07988371]
			}
		},
		{
			"type": "Feature",
			"properties": { "pm_name": "元信二街", "pm_type": "人行道" },
			"geometry": {
				"type": "Point",
				"coordinates": [121.4978692,25.07986213]
			}
		},
		{
			"type": "Feature",
			"properties": { "pm_name": "元信二街", "pm_type": "人行道" },
			"geometry": {
				"type": "Point",
				"coordinates": [121.4978385,25.07984055]
			}
		},
		{
			"type": "Feature",
			"properties": { "pm_name": "元信二街", "pm_type": "人行道" },
			"geometry": {
				"type": "Point",
				"coordinates": [121.4978079,25.07981898]
			}
		},
		{
			"type": "Feature",
			"properties": { "pm_name": "元信二街", "pm_type": "人行道" },
			"geometry": {
				"type": "Point",
				"coordinates": [121.4977772,25.0797974]
			}
		},
		{
			"type": "Feature",
			"properties": { "pm_name": "元信二街", "pm_type": "人行道" },
			"geometry": {
				"type": "Point",
				"coordinates": [121.4977466,25.07977582]
			}
		},
		{
			"type": "Feature",
			"properties": { "pm_name": "元信二街", "pm_type": "人行道" },
			"geometry": {
				"type": "Point",
				"coordinates": [121.4977159,25.07975425]
			}
		},
		{
			"type": "Feature",
			"properties": { "pm_name": "元信二街", "pm_type": "人行道" },
			"geometry": {
				"type": "Point",
				"coordinates": [121.4976853,25.07973267]
			}
		},
		{
			"type": "Feature",
			"properties": { "pm_name": "元信二街", "pm_type": "人行道" },
			"geometry": {
				"type": "Point",
				"coordinates": [121.4976546,25.07971109]
			}
		},
		{
			"type": "Feature",
			"properties": { "pm_name": "元信二街", "pm_type": "人行道" },
			"geometry": {
				"type": "Point",
				"coordinates": [121.4976239,25.07968952]
			}
		},
		{
			"type": "Feature",
			"properties": { "pm_name": "元信二街", "pm_type": "人行道" },
			"geometry": {
				"type": "Point",
				"coordinates": [121.4975933,25.07966794]
			}
		},
		{
			"type": "Feature",
			"properties": { "pm_name": "元信二街", "pm_type": "人行道" },
			"geometry": {
				"type": "Point",
				"coordinates": [121.4975626,25.07964636]
			}
		},
		{
			"type": "Feature",
			"properties": { "pm_name": "元信二街", "pm_type": "人行道" },
			"geometry": {
				"type": "Point",
				"coordinates": [121.4975013,25.07962479]
			}
		},
		{
			"type": "Feature",
			"properties": { "pm_name": "元信二街", "pm_type": "人行道" },
			"geometry": {
				"type": "Point",
				"coordinates": [121.4974706,25.07960321]
			}
		},
		{
			"type": "Feature",
			"properties": { "pm_name": "元信二街", "pm_type": "人行道" },
			"geometry": {
				"type": "Point",
				"coordinates": [121.49744,25.07958163]
			}
		},
		{
			"type": "Feature",
			"properties": { "pm_name": "元信二街", "pm_type": "人行道" },
			"geometry": {
				"type": "Point",
				"coordinates": [121.4974093,25.07956006]
			}
		},
		{
			"type": "Feature",
			"properties": { "pm_name": "元信二街", "pm_type": "人行道" },
			"geometry": {
				"type": "Point",
				"coordinates": [121.4973787,25.07953848]
			}
		},
		{
			"type": "Feature",
			"properties": { "pm_name": "元信二街", "pm_type": "人行道" },
			"geometry": {
				"type": "Point",
				"coordinates": [121.497348,25.0795169]
			}
		},
		{
			"type": "Feature",
			"properties": { "pm_name": "元信二街", "pm_type": "人行道" },
			"geometry": {
				"type": "Point",
				"coordinates": [121.4973174,25.07949533]
			}
		},
		{
			"type": "Feature",
			"properties": { "pm_name": "元信二街", "pm_type": "人行道" },
			"geometry": {
				"type": "Point",
				"coordinates": [121.4972867,25.07947375]
			}
		},
		{
			"type": "Feature",
			"properties": { "pm_name": "元信二街", "pm_type": "人行道" },
			"geometry": {
				"type": "Point",
				"coordinates": [121.497256,25.07945217]
			}
		},
		{
			"type": "Feature",
			"properties": { "pm_name": "元信二街", "pm_type": "人行道" },
			"geometry": {
				"type": "Point",
				"coordinates": [121.4972254,25.0794306]
			}
		},
		{
			"type": "Feature",
			"properties": { "pm_name": "元信二街", "pm_type": "人行道" },
			"geometry": {
				"type": "Point",
				"coordinates": [121.4971947,25.07940902]
			}
		},
		{
			"type": "Feature",
			"properties": { "pm_name": "元信二街", "pm_type": "人行道" },
			"geometry": {
				"type": "Point",
				"coordinates": [121.4971641,25.07938744]
			}
		},
		{
			"type": "Feature",
			"properties": { "pm_name": "元信二街", "pm_type": "人行道" },
			"geometry": {
				"type": "Point",
				"coordinates": [121.4971334,25.07936587]
			}
		},
		{
			"type": "Feature",
			"properties": { "pm_name": "元信二街", "pm_type": "人行道" },
			"geometry": {
				"type": "Point",
				"coordinates": [121.4971028,25.07934429]
			}
		},
		{
			"type": "Feature",
			"properties": { "pm_name": "元信二街", "pm_type": "人行道" },
			"geometry": {
				"type": "Point",
				"coordinates": [121.4970721,25.07932271]
			}
		},
		{
			"type": "Feature",
			"properties": { "pm_name": "元信二街", "pm_type": "人行道" },
			"geometry": {
				"type": "Point",
				"coordinates": [121.4970414,25.07930113]
			}
		},
		{
			"type": "Feature",
			"properties": { "pm_name": "元信二街", "pm_type": "人行道" },
			"geometry": {
				"type": "Point",
				"coordinates": [121.4970108,25.07927956]
			}
		},
		{
			"type": "Feature",
			"properties": { "pm_name": "元信二街", "pm_type": "人行道" },
			"geometry": {
				"type": "Point",
				"coordinates": [121.4969801,25.07925798]
			}
		},
		{
			"type": "Feature",
			"properties": { "pm_name": "元信二街", "pm_type": "人行道" },
			"geometry": {
				"type": "Point",
				"coordinates": [121.4969495,25.0792364]
			}
		},
		{
			"type": "Feature",
			"properties": { "pm_name": "元信二街", "pm_type": "人行道" },
			"geometry": {
				"type": "Point",
				"coordinates": [121.4969188,25.07921483]
			}
		},
		{
			"type": "Feature",
			"properties": { "pm_name": "元信二街", "pm_type": "人行道" },
			"geometry": {
				"type": "Point",
				"coordinates": [121.4968881,25.07919325]
			}
		},
		{
			"type": "Feature",
			"properties": { "pm_name": "元信二街", "pm_type": "人行道" },
			"geometry": {
				"type": "Point",
				"coordinates": [121.4968575,25.07917167]
			}
		},
		{
			"type": "Feature",
			"properties": { "pm_name": "元信二街", "pm_type": "人行道" },
			"geometry": {
				"type": "Point",
				"coordinates": [121.4968268,25.0791501]
			}
		},
		{
			"type": "Feature",
			"properties": { "pm_name": "元信二街", "pm_type": "人行道" },
			"geometry": {
				"type": "Point",
				"coordinates": [121.4967962,25.07912852]
			}
		},
		{
			"type": "Feature",
			"properties": { "pm_name": "元信二街", "pm_type": "人行道" },
			"geometry": {
				"type": "Point",
				"coordinates": [121.4967655,25.07910694]
			}
		},
		{
			"type": "Feature",
			"properties": { "pm_name": "元信二街", "pm_type": "人行道" },
			"geometry": {
				"type": "Point",
				"coordinates": [121.4967349,25.07908537]
			}
		},
		{
			"type": "Feature",
			"properties": { "pm_name": "元信二街", "pm_type": "人行道" },
			"geometry": {
				"type": "Point",
				"coordinates": [121.4967042,25.07906379]
			}
		},
		{
			"type": "Feature",
			"properties": { "pm_name": "元信二街", "pm_type": "人行道" },
			"geometry": {
				"type": "Point",
				"coordinates": [121.4966735,25.07904221]
			}
		},
		{
			"type": "Feature",
			"properties": { "pm_name": "元信二街", "pm_type": "人行道" },
			"geometry": {
				"type": "Point",
				"coordinates": [121.4966429,25.07902064]
			}
		},
		{
			"type": "Feature",
			"properties": { "pm_name": "元信二街", "pm_type": "人行道" },
			"geometry": {
				"type": "Point",
				"coordinates": [121.4966122,25.07899906]
			}
		},
		{
			"type": "Feature",
			"properties": { "pm_name": "元信二街", "pm_type": "人行道" },
			"geometry": {
				"type": "Point",
				"coordinates": [121.4965816,25.07897748]
			}
		},
		{
			"type": "Feature",
			"properties": { "pm_name": "元信二街", "pm_type": "人行道" },
			"geometry": {
				"type": "Point",
				"coordinates": [121.4965509,25.07895591]
			}
		},
		{
			"type": "Feature",
			"properties": { "pm_name": "元信二街", "pm_type": "人行道" },
			"geometry": {
				"type": "Point",
				"coordinates": [121.4965202,25.07893433]
			}
		},
		{
			"type": "Feature",
			"properties": { "pm_name": "元信二街", "pm_type": "人行道" },
			"geometry": {
				"type": "Point",
				"coordinates": [121.4964896,25.07891275]
			}
		},
		{
			"type": "Feature",
			"properties": { "pm_name": "元信二街", "pm_type": "人行道" },
			"geometry": {
				"type": "Point",
				"coordinates": [121.4964589,25.07889118]
			}
		},
		{
			"type": "Feature",
			"properties": { "pm_name": "元信二街", "pm_type": "人行道" },
			"geometry": {
				"type": "Point",
				"coordinates": [121.4964283,25.0788696]
			}
		},
		{
			"type": "Feature",
			"properties": { "pm_name": "元信二街", "pm_type": "人行道" },
			"geometry": {
				"type": "Point",
				"coordinates": [121.4963976,25.07884802]
			}
		},
		{
			"type": "Feature",
			"properties": { "pm_name": "元信二街", "pm_type": "人行道" },
			"geometry": {
				"type": "Point",
				"coordinates": [121.496367,25.07882645]
			}
		},
		{
			"type": "Feature",
			"properties": { "pm_name": "元信二街", "pm_type": "人行道" },
			"geometry": {
				"type": "Point",
				"coordinates": [121.4963363,25.07880487]
			}
		},
		{
			"type": "Feature",
			"properties": { "pm_name": "元信二街", "pm_type": "人行道" },
			"geometry": {
				"type": "Point",
				"coordinates": [121.4963056,25.07878329]
			}
		},
		{
			"type": "Feature",
			"properties": { "pm_name": "元信二街", "pm_type": "人行道" },
			"geometry": {
				"type": "Point",
				"coordinates": [121.496275,25.07876172]
			}
		},
		{
			"type": "Feature",
			"properties": { "pm_name": "元信二街", "pm_type": "人行道" },
			"geometry": {
				"type": "Point",
				"coordinates": [121.4962443,25.07874014]
			}
		},
		{
			"type": "Feature",
			"properties": { "pm_name": "元信二街", "pm_type": "人行道" },
			"geometry": {
				"type": "Point",
				"coordinates": [121.4962137,25.07871856]
			}
		},
		{
			"type": "Feature",
			"properties": { "pm_name": "元信二街", "pm_type": "人行道" },
			"geometry": {
				"type": "Point",
				"coordinates": [121.496183,25.07869699]
			}
		},
		{
			"type": "Feature",
			"properties": { "pm_name": "元信二街", "pm_type": "人行道" },
			"geometry": {
				"type": "Point",
				"coordinates": [121.4961524,25.07867541]
			}
		},
		{
			"type": "Feature",
			"properties": { "pm_name": "元信二街", "pm_type": "人行道" },
			"geometry": {
				"type": "Point",
				"coordinates": [121.4961217,25.07865383]
			}
		},
		{
			"type": "Feature",
			"properties": { "pm_name": "元信二街", "pm_type": "人行道" },
			"geometry": {
				"type": "Point",
				"coordinates": [121.496091,25.07863226]
			}
		},
		{
			"type": "Feature",
			"properties": { "pm_name": "元信二街", "pm_type": "人行道" },
			"geometry": {
				"type": "Point",
				"coordinates": [121.4960604,25.07861068]
			}
		},
		{
			"type": "Feature",
			"properties": { "pm_name": "元信二街", "pm_type": "人行道" },
			"geometry": {
				"type": "Point",
				"coordinates": [121.4960297,25.0785891]
			}
		},
		{
			"type": "Feature",
			"properties": { "pm_name": "元信二街", "pm_type": "人行道" },
			"geometry": {
				"type": "Point",
				"coordinates": [121.4959991,25.07856753]
			}
		},
		{
			"type": "Feature",
			"properties": { "pm_name": "元信二街", "pm_type": "人行道" },
			"geometry": {
				"type": "Point",
				"coordinates": [121.4959684,25.07854595]
			}
		},
		{
			"type": "Feature",
			"properties": { "pm_name": "元信二街", "pm_type": "人行道" },
			"geometry": {
				"type": "Point",
				"coordinates": [121.4959377,25.07852437]
			}
		},
		{
			"type": "Feature",
			"properties": { "pm_name": "元信二街", "pm_type": "人行道" },
			"geometry": {
				"type": "Point",
				"coordinates": [121.4959071,25.0785028]
			}
		},
		{
			"type": "Feature",
			"properties": { "pm_name": "元信二街", "pm_type": "人行道" },
			"geometry": {
				"type": "Point",
				"coordinates": [121.4958764,25.07848122]
			}
		},
		{
			"type": "Feature",
			"properties": { "pm_name": "元信二街", "pm_type": "人行道" },
			"geometry": {
				"type": "Point",
				"coordinates": [121.4958458,25.07845964]
			}
		},
		{
			"type": "Feature",
			"properties": { "pm_name": "元信二街", "pm_type": "人行道" },
			"geometry": {
				"type": "Point",
				"coordinates": [121.4958151,25.07843807]
			}
		},
		{
			"type": "Feature",
			"properties": { "pm_name": "元信二街", "pm_type": "人行道" },
			"geometry": {
				"type": "Point",
				"coordinates": [121.4957845,25.07841649]
			}
		},
		{
			"type": "Feature",
			"properties": { "pm_name": "元信二街", "pm_type": "人行道" },
			"geometry": {
				"type": "Point",
				"coordinates": [121.4957538,25.07839491]
			}
		},
		{
			"type": "Feature",
			"properties": { "pm_name": "元信二街", "pm_type": "人行道" },
			"geometry": {
				"type": "Point",
				"coordinates": [121.4957231,25.07837334]
			}
		},
		{
			"type": "Feature",
			"properties": { "pm_name": "元信二街", "pm_type": "人行道" },
			"geometry": {
				"type": "Point",
				"coordinates": [121.4956925,25.07835176]
			}
		},
		{
			"type": "Feature",
			"properties": { "pm_name": "元信二街", "pm_type": "人行道" },
			"geometry": {
				"type": "Point",
				"coordinates": [121.4956618,25.07833018]
			}
		},
		{
			"type": "Feature",
			"properties": { "pm_name": "元信二街", "pm_type": "人行道" },
			"geometry": {
				"type": "Point",
				"coordinates": [121.4956312,25.07830861]
			}
		},
		{
			"type": "Feature",
			"properties": { "pm_name": "元信二街", "pm_type": "人行道" },
			"geometry": {
				"type": "Point",
				"coordinates": [121.4956005,25.07828703]
			}
		},
		{
			"type": "Feature",
			"properties": { "pm_name": "元信二街", "pm_type": "人行道" },
			"geometry": {
				"type": "Point",
				"coordinates": [121.4955699,25.07826545]
			}
		},
		{
			"type": "Feature",
			"properties": { "pm_name": "元信二街", "pm_type": "人行道" },
			"geometry": {
				"type": "Point",
				"coordinates": [121.4955392,25.07824388]
			}
		},
		{
			"type": "Feature",
			"properties": { "pm_name": "元信二街", "pm_type": "人行道" },
			"geometry": {
				"type": "Point",
				"coordinates": [121.4955085,25.0782223]
			}
		},
		{
			"type": "Feature",
			"properties": { "pm_name": "元信二街", "pm_type": "人行道" },
			"geometry": {
				"type": "Point",
				"coordinates": [121.4954779,25.07820072]
			}
		},
		{
			"type": "Feature",
			"properties": { "pm_name": "元信二街", "pm_type": "人行道" },
			"geometry": {
				"type": "Point",
				"coordinates": [121.4954472,25.07817914]
			}
		},
		{
			"type": "Feature",
			"properties": { "pm_name": "元信二街", "pm_type": "人行道" },
			"geometry": {
				"type": "Point",
				"coordinates": [121.4954166,25.07815757]
			}
		},
		{
			"type": "Feature",
			"properties": { "pm_name": "元信二街", "pm_type": "人行道" },
			"geometry": {
				"type": "Point",
				"coordinates": [121.4953859,25.07813599]
			}
		},
		{
			"type": "Feature",
			"properties": { "pm_name": "元信二街", "pm_type": "人行道" },
			"geometry": {
				"type": "Point",
				"coordinates": [121.4953552,25.07811441]
			}
		},
		{
			"type": "Feature",
			"properties": { "pm_name": "元信二街", "pm_type": "人行道" },
			"geometry": {
				"type": "Point",
				"coordinates": [121.4953246,25.07809284]
			}
		},
		{
			"type": "Feature",
			"properties": { "pm_name": "元信二街", "pm_type": "人行道" },
			"geometry": {
				"type": "Point",
				"coordinates": [121.4952939,25.07807126]
			}
		},
		{
			"type": "Feature",
			"properties": { "pm_name": "元信二街", "pm_type": "人行道" },
			"geometry": {
				"type": "Point",
				"coordinates": [121.4952633,25.07804968]
			}
		},
		{
			"type": "Feature",
			"properties": { "pm_name": "元信二街", "pm_type": "人行道" },
			"geometry": {
				"type": "Point",
				"coordinates": [121.4952326,25.07802811]
			}
		},
		{
			"type": "Feature",
			"properties": { "pm_name": "元信二街", "pm_type": "人行道" },
			"geometry": {
				"type": "Point",
				"coordinates": [121.495202,25.07800653]
			}
		},
		{
			"type": "Feature",
			"properties": { "pm_name": "元信二街", "pm_type": "人行道" },
			"geometry": {
				"type": "Point",
				"coordinates": [121.4951713,25.07798495]
			}
		},
		{
			"type": "Feature",
			"properties": { "pm_name": "元信二街", "pm_type": "人行道" },
			"geometry": {
				"type": "Point",
				"coordinates": [121.4951406,25.07796338]
			}
		},
		{
			"type": "Feature",
			"properties": { "pm_name": "元信二街", "pm_type": "人行道" },
			"geometry": {
				"type": "Point",
				"coordinates": [121.49511,25.0779418]
			}
		},
		{
			"type": "Feature",
			"properties": { "pm_name": "元信二街", "pm_type": "人行道" },
			"geometry": {
				"type": "Point",
				"coordinates": [121.4950793,25.07792022]
			}
		},
		{
			"type": "Feature",
			"properties": { "pm_name": "元信二街", "pm_type": "人行道" },
			"geometry": {
				"type": "Point",
				"coordinates": [121.4950487,25.07789865]
			}
		},
		{
			"type": "Feature",
			"properties": { "pm_name": "元信二街", "pm_type": "人行道" },
			"geometry": {
				"type": "Point",
				"coordinates": [121.495018,25.07787707]
			}
		},
		{
			"type": "Feature",
			"properties": { "pm_name": "元信二街", "pm_type": "人行道" },
			"geometry": {
				"type": "Point",
				"coordinates": [121.4949873,25.07785549]
			}
		},
		{
			"type": "Feature",
			"properties": { "pm_name": "元信二街", "pm_type": "人行道" },
			"geometry": {
				"type": "Point",
				"coordinates": [121.4949567,25.07783392]
			}
		},
		{
			"type": "Feature",
			"properties": { "pm_name": "元信二街", "pm_type": "人行道" },
			"geometry": {
				"type": "Point",
				"coordinates": [121.494926,25.07781234]
			}
		},
		{
			"type": "Feature",
			"properties": { "pm_name": "元信二街", "pm_type": "人行道" },
			"geometry": {
				"type": "Point",
				"coordinates": [121.4948954,25.07779076]
			}
		},
		{
			"type": "Feature",
			"properties": { "pm_name": "元信二街", "pm_type": "人行道" },
			"geometry": {
				"type": "Point",
				"coordinates": [121.4948647,25.07776919]
			}
		},
		{
			"type": "Feature",
			"properties": { "pm_name": "元信二街", "pm_type": "人行道" },
			"geometry": {
				"type": "Point",
				"coordinates": [121.4948341,25.07774761]
			}
		},
		{
			"type": "Feature",
			"properties": { "pm_name": "元信二街", "pm_type": "人行道" },
			"geometry": {
				"type": "Point",
				"coordinates": [121.4948034,25.07772603]
			}
		},
		{
			"type": "Feature",
			"properties": { "pm_name": "元信二街", "pm_type": "人行道" },
			"geometry": {
				"type": "Point",
				"coordinates": [121.4947727,25.07770446]
			}
		},
		{
			"type": "Feature",
			"properties": { "pm_name": "元信二街", "pm_type": "人行道" },
			"geometry": {
				"type": "Point",
				"coordinates": [121.4947421,25.07768288]
			}
		},
		{
			"type": "Feature",
			"properties": { "pm_name": "元信二街", "pm_type": "人行道" },
			"geometry": {
				"type": "Point",
				"coordinates": [121.4947114,25.0776613]
			}
		},
		{
			"type": "Feature",
			"properties": { "pm_name": "元信二街", "pm_type": "人行道" },
			"geometry": {
				"type": "Point",
				"coordinates": [121.4946808,25.07763973]
			}
		},
		{
			"type": "Feature",
			"properties": { "pm_name": "元信二街", "pm_type": "人行道" },
			"geometry": {
				"type": "Point",
				"coordinates": [121.4946501,25.07761815]
			}
		},
		{
			"type": "Feature",
			"properties": { "pm_name": "元信二街", "pm_type": "人行道" },
			"geometry": {
				"type": "Point",
				"coordinates": [121.4946195,25.07759657]
			}
		},
		{
			"type": "Feature",
			"properties": { "pm_name": "元信二街", "pm_type": "人行道" },
			"geometry": {
				"type": "Point",
				"coordinates": [121.4945888,25.077575]
			}
		},
		{
			"type": "Feature",
			"properties": { "pm_name": "元信二街", "pm_type": "人行道" },
			"geometry": {
				"type": "Point",
				"coordinates": [121.4945581,25.07755342]
			}
		},
		{
			"type": "Feature",
			"properties": { "pm_name": "元信二街", "pm_type": "人行道" },
			"geometry": {
				"type": "Point",
				"coordinates": [121.4945275,25.07753184]
			}
		},
		{
			"type": "Feature",
			"properties": { "pm_name": "元信二街", "pm_type": "人行道" },
			"geometry": {
				"type": "Point",
				"coordinates": [121.4944968,25.07751027]
			}
		},
		{
			"type": "Feature",
			"properties": { "pm_name": "元信二街", "pm_type": "人行道" },
			"geometry": {
				"type": "Point",
				"coordinates": [121.4944662,25.07748869]
			}
		},
		{
			"type": "Feature",
			"properties": { "pm_name": "元信二街", "pm_type": "人行道" },
			"geometry": {
				"type": "Point",
				"coordinates": [121.4944355,25.07746711]
			}
		},
		{
			"type": "Feature",
			"properties": { "pm_name": "元信二街", "pm_type": "人行道" },
			"geometry": {
				"type": "Point",
				"coordinates": [121.4944048,25.07744554]
			}
		},
		{
			"type": "Feature",
			"properties": { "pm_name": "元信二街", "pm_type": "人行道" },
			"geometry": {
				"type": "Point",
				"coordinates": [121.4943742,25.07742396]
			}
		},
		{
			"type": "Feature",
			"properties": { "pm_name": "元信二街", "pm_type": "人行道" },
			"geometry": {
				"type": "Point",
				"coordinates": [121.4943435,25.07740238]
			}
		},
		{
			"type": "Feature",
			"properties": { "pm_name": "元信二街", "pm_type": "人行道" },
			"geometry": {
				"type": "Point",
				"coordinates": [121.4943129,25.07738081]
			}
		},
		{
			"type": "Feature",
			"properties": { "pm_name": "元信二街", "pm_type": "人行道" },
			"geometry": {
				"type": "Point",
				"coordinates": [121.4942822,25.07735923]
			}
		},
		{
			"type": "Feature",
			"properties": { "pm_name": "元信二街", "pm_type": "人行道" },
			"geometry": {
				"type": "Point",
				"coordinates": [121.4942516,25.07733765]
			}
		},
		{
			"type": "Feature",
			"properties": { "pm_name": "元信二街", "pm_type": "人行道" },
			"geometry": {
				"type": "Point",
				"coordinates": [121.4942209,25.07731608]
			}
		},
		{
			"type": "Feature",
			"properties": { "pm_name": "元信二街", "pm_type": "人行道" },
			"geometry": {
				"type": "Point",
				"coordinates": [121.4941902,25.0772945]
			}
		},
		{
			"type": "Feature",
			"properties": { "pm_name": "元信二街", "pm_type": "人行道" },
			"geometry": {
				"type": "Point",
				"coordinates": [121.4941596,25.07727292]
			}
		},
		{
			"type": "Feature",
			"properties": { "pm_name": "元信二街", "pm_type": "人行道" },
			"geometry": {
				"type": "Point",
				"coordinates": [121.4941289,25.07725135]
			}
		},
		{
			"type": "Feature",
			"properties": { "pm_name": "元信二街", "pm_type": "人行道" },
			"geometry": {
				"type": "Point",
				"coordinates": [121.4940983,25.07722977]
			}
		},
		{
			"type": "Feature",
			"properties": { "pm_name": "元信二街", "pm_type": "人行道" },
			"geometry": {
				"type": "Point",
				"coordinates": [121.4940676,25.07720819]
			}
		},
		{
			"type": "Feature",
			"properties": { "pm_name": "水漾路", "pm_type": "人行道" },
			"geometry": {
				"type": "Point",
				"coordinates": [121.479485,25.06139667]
			}
		},
		{
			"type": "Feature",
			"properties": { "pm_name": "水漾路", "pm_type": "人行道" },
			"geometry": {
				"type": "Point",
				"coordinates": [121.4795608,25.06125297]
			}
		},
		{
			"type": "Feature",
			"properties": { "pm_name": "水漾路", "pm_type": "人行道" },
			"geometry": {
				"type": "Point",
				"coordinates": [121.4796366,25.06110926]
			}
		},
		{
			"type": "Feature",
			"properties": { "pm_name": "水漾路", "pm_type": "人行道" },
			"geometry": {
				"type": "Point",
				"coordinates": [121.4797123,25.06096556]
			}
		},
		{
			"type": "Feature",
			"properties": { "pm_name": "水漾路", "pm_type": "人行道" },
			"geometry": {
				"type": "Point",
				"coordinates": [121.4797881,25.06082186]
			}
		},
		{
			"type": "Feature",
			"properties": { "pm_name": "水漾路", "pm_type": "人行道" },
			"geometry": {
				"type": "Point",
				"coordinates": [121.4798638,25.06067816]
			}
		},
		{
			"type": "Feature",
			"properties": { "pm_name": "水漾路", "pm_type": "人行道" },
			"geometry": {
				"type": "Point",
				"coordinates": [121.4799396,25.06053446]
			}
		},
		{
			"type": "Feature",
			"properties": { "pm_name": "水漾路", "pm_type": "人行道" },
			"geometry": {
				"type": "Point",
				"coordinates": [121.4800154,25.06039076]
			}
		},
		{
			"type": "Feature",
			"properties": { "pm_name": "水漾路", "pm_type": "人行道" },
			"geometry": {
				"type": "Point",
				"coordinates": [121.4800911,25.06024706]
			}
		},
		{
			"type": "Feature",
			"properties": { "pm_name": "水漾路", "pm_type": "人行道" },
			"geometry": {
				"type": "Point",
				"coordinates": [121.4801669,25.06010336]
			}
		},
		{
			"type": "Feature",
			"properties": { "pm_name": "水漾路", "pm_type": "人行道" },
			"geometry": {
				"type": "Point",
				"coordinates": [121.4802426,25.05995966]
			}
		},
		{
			"type": "Feature",
			"properties": { "pm_name": "水漾路", "pm_type": "人行道" },
			"geometry": {
				"type": "Point",
				"coordinates": [121.4803184,25.05981596]
			}
		},
		{
			"type": "Feature",
			"properties": { "pm_name": "水漾路", "pm_type": "人行道" },
			"geometry": {
				"type": "Point",
				"coordinates": [121.4803942,25.05967226]
			}
		},
		{
			"type": "Feature",
			"properties": { "pm_name": "水漾路", "pm_type": "人行道" },
			"geometry": {
				"type": "Point",
				"coordinates": [121.4804699,25.05952856]
			}
		},
		{
			"type": "Feature",
			"properties": { "pm_name": "水漾路", "pm_type": "人行道" },
			"geometry": {
				"type": "Point",
				"coordinates": [121.4805457,25.05938486]
			}
		},
		{
			"type": "Feature",
			"properties": { "pm_name": "水漾路", "pm_type": "人行道" },
			"geometry": {
				"type": "Point",
				"coordinates": [121.4806214,25.05924116]
			}
		},
		{
			"type": "Feature",
			"properties": { "pm_name": "水漾路", "pm_type": "人行道" },
			"geometry": {
				"type": "Point",
				"coordinates": [121.4806972,25.05909746]
			}
		},
		{
			"type": "Feature",
			"properties": { "pm_name": "水漾路", "pm_type": "人行道" },
			"geometry": {
				"type": "Point",
				"coordinates": [121.480773,25.05895375]
			}
		},
		{
			"type": "Feature",
			"properties": { "pm_name": "水漾路", "pm_type": "人行道" },
			"geometry": {
				"type": "Point",
				"coordinates": [121.4808487,25.05881005]
			}
		},
		{
			"type": "Feature",
			"properties": { "pm_name": "水漾路", "pm_type": "人行道" },
			"geometry": {
				"type": "Point",
				"coordinates": [121.4809245,25.05866635]
			}
		},
		{
			"type": "Feature",
			"properties": { "pm_name": "水漾路", "pm_type": "人行道" },
			"geometry": {
				"type": "Point",
				"coordinates": [121.4810002,25.05852265]
			}
		},
		{
			"type": "Feature",
			"properties": { "pm_name": "水漾路", "pm_type": "人行道" },
			"geometry": {
				"type": "Point",
				"coordinates": [121.481076,25.05837895]
			}
		},
		{
			"type": "Feature",
			"properties": { "pm_name": "水漾路", "pm_type": "人行道" },
			"geometry": {
				"type": "Point",
				"coordinates": [121.4811518,25.05823525]
			}
		},
		{
			"type": "Feature",
			"properties": { "pm_name": "水漾路", "pm_type": "人行道" },
			"geometry": {
				"type": "Point",
				"coordinates": [121.4812275,25.05809155]
			}
		},
		{
			"type": "Feature",
			"properties": { "pm_name": "水漾路", "pm_type": "人行道" },
			"geometry": {
				"type": "Point",
				"coordinates": [121.4813033,25.05794785]
			}
		},
		{
			"type": "Feature",
			"properties": { "pm_name": "水漾路", "pm_type": "人行道" },
			"geometry": {
				"type": "Point",
				"coordinates": [121.481379,25.05780415]
			}
		},
		{
			"type": "Feature",
			"properties": { "pm_name": "水漾路", "pm_type": "人行道" },
			"geometry": {
				"type": "Point",
				"coordinates": [121.4814548,25.05766045]
			}
		},
		{
			"type": "Feature",
			"properties": { "pm_name": "水漾路", "pm_type": "人行道" },
			"geometry": {
				"type": "Point",
				"coordinates": [121.4815306,25.05751675]
			}
		},
		{
			"type": "Feature",
			"properties": { "pm_name": "水漾路", "pm_type": "人行道" },
			"geometry": {
				"type": "Point",
				"coordinates": [121.4816063,25.05737305]
			}
		},
		{
			"type": "Feature",
			"properties": { "pm_name": "水漾路", "pm_type": "人行道" },
			"geometry": {
				"type": "Point",
				"coordinates": [121.4816821,25.05722935]
			}
		},
		{
			"type": "Feature",
			"properties": { "pm_name": "水漾路", "pm_type": "人行道" },
			"geometry": {
				"type": "Point",
				"coordinates": [121.4817578,25.05708565]
			}
		},
		{
			"type": "Feature",
			"properties": { "pm_name": "水漾路", "pm_type": "人行道" },
			"geometry": {
				"type": "Point",
				"coordinates": [121.4818336,25.05694194]
			}
		},
		{
			"type": "Feature",
			"properties": { "pm_name": "水漾路", "pm_type": "人行道" },
			"geometry": {
				"type": "Point",
				"coordinates": [121.4819094,25.05679824]
			}
		},
		{
			"type": "Feature",
			"properties": { "pm_name": "水漾路", "pm_type": "人行道" },
			"geometry": {
				"type": "Point",
				"coordinates": [121.4819851,25.05665454]
			}
		},
		{
			"type": "Feature",
			"properties": { "pm_name": "水漾路", "pm_type": "人行道" },
			"geometry": {
				"type": "Point",
				"coordinates": [121.4820609,25.05651084]
			}
		},
		{
			"type": "Feature",
			"properties": { "pm_name": "水漾路", "pm_type": "人行道" },
			"geometry": {
				"type": "Point",
				"coordinates": [121.4821366,25.05636714]
			}
		},
		{
			"type": "Feature",
			"properties": { "pm_name": "水漾路", "pm_type": "人行道" },
			"geometry": {
				"type": "Point",
				"coordinates": [121.4822124,25.05622344]
			}
		},
		{
			"type": "Feature",
			"properties": { "pm_name": "水漾路", "pm_type": "人行道" },
			"geometry": {
				"type": "Point",
				"coordinates": [121.4822882,25.05607974]
			}
		},
		{
			"type": "Feature",
			"properties": { "pm_name": "水漾路", "pm_type": "人行道" },
			"geometry": {
				"type": "Point",
				"coordinates": [121.4823639,25.05593604]
			}
		},
		{
			"type": "Feature",
			"properties": { "pm_name": "水漾路", "pm_type": "人行道" },
			"geometry": {
				"type": "Point",
				"coordinates": [121.4824397,25.05579234]
			}
		},
		{
			"type": "Feature",
			"properties": { "pm_name": "水漾路", "pm_type": "人行道" },
			"geometry": {
				"type": "Point",
				"coordinates": [121.4825154,25.05564864]
			}
		},
		{
			"type": "Feature",
			"properties": { "pm_name": "水漾路", "pm_type": "人行道" },
			"geometry": {
				"type": "Point",
				"coordinates": [121.4825912,25.05550494]
			}
		},
		{
			"type": "Feature",
			"properties": { "pm_name": "水漾路", "pm_type": "人行道" },
			"geometry": {
				"type": "Point",
				"coordinates": [121.482667,25.05536124]
			}
		},
		{
			"type": "Feature",
			"properties": { "pm_name": "水漾路", "pm_type": "人行道" },
			"geometry": {
				"type": "Point",
				"coordinates": [121.4827427,25.05521754]
			}
		},
		{
			"type": "Feature",
			"properties": { "pm_name": "水漾路", "pm_type": "人行道" },
			"geometry": {
				"type": "Point",
				"coordinates": [121.4828185,25.05507384]
			}
		},
		{
			"type": "Feature",
			"properties": { "pm_name": "水漾路", "pm_type": "人行道" },
			"geometry": {
				"type": "Point",
				"coordinates": [121.4828942,25.05493014]
			}
		},
		{
			"type": "Feature",
			"properties": { "pm_name": "水漾路", "pm_type": "人行道" },
			"geometry": {
				"type": "Point",
				"coordinates": [121.48297,25.05478643]
			}
		},
		{
			"type": "Feature",
			"properties": { "pm_name": "水漾路", "pm_type": "人行道" },
			"geometry": {
				"type": "Point",
				"coordinates": [121.4830458,25.05464273]
			}
		},
		{
			"type": "Feature",
			"properties": { "pm_name": "水漾路", "pm_type": "人行道" },
			"geometry": {
				"type": "Point",
				"coordinates": [121.4831215,25.05449903]
			}
		},
		{
			"type": "Feature",
			"properties": { "pm_name": "水漾路", "pm_type": "人行道" },
			"geometry": {
				"type": "Point",
				"coordinates": [121.4831973,25.05435533]
			}
		},
		{
			"type": "Feature",
			"properties": { "pm_name": "水漾路", "pm_type": "人行道" },
			"geometry": {
				"type": "Point",
				"coordinates": [121.4832731,25.05421163]
			}
		},
		{
			"type": "Feature",
			"properties": { "pm_name": "水漾路", "pm_type": "人行道" },
			"geometry": {
				"type": "Point",
				"coordinates": [121.4833488,25.05406793]
			}
		},
		{
			"type": "Feature",
			"properties": { "pm_name": "水漾路", "pm_type": "人行道" },
			"geometry": {
				"type": "Point",
				"coordinates": [121.4834246,25.05392423]
			}
		},
		{
			"type": "Feature",
			"properties": { "pm_name": "水漾路", "pm_type": "人行道" },
			"geometry": {
				"type": "Point",
				"coordinates": [121.4835003,25.05378053]
			}
		},
		{
			"type": "Feature",
			"properties": { "pm_name": "水漾路", "pm_type": "人行道" },
			"geometry": {
				"type": "Point",
				"coordinates": [121.4835761,25.05363683]
			}
		},
		{
			"type": "Feature",
			"properties": { "pm_name": "水漾路", "pm_type": "人行道" },
			"geometry": {
				"type": "Point",
				"coordinates": [121.4836519,25.05349313]
			}
		},
		{
			"type": "Feature",
			"properties": { "pm_name": "水漾路", "pm_type": "人行道" },
			"geometry": {
				"type": "Point",
				"coordinates": [121.4837276,25.05334943]
			}
		},
		{
			"type": "Feature",
			"properties": { "pm_name": "水漾路", "pm_type": "人行道" },
			"geometry": {
				"type": "Point",
				"coordinates": [121.4838034,25.05320573]
			}
		},
		{
			"type": "Feature",
			"properties": { "pm_name": "水漾路", "pm_type": "人行道" },
			"geometry": {
				"type": "Point",
				"coordinates": [121.4838791,25.05306203]
			}
		},
		{
			"type": "Feature",
			"properties": { "pm_name": "水漾路", "pm_type": "人行道" },
			"geometry": {
				"type": "Point",
				"coordinates": [121.4839549,25.05291833]
			}
		},
		{
			"type": "Feature",
			"properties": { "pm_name": "水漾路", "pm_type": "人行道" },
			"geometry": {
				"type": "Point",
				"coordinates": [121.4840307,25.05277462]
			}
		},
		{
			"type": "Feature",
			"properties": { "pm_name": "水漾路", "pm_type": "人行道" },
			"geometry": {
				"type": "Point",
				"coordinates": [121.4841064,25.05263092]
			}
		},
		{
			"type": "Feature",
			"properties": { "pm_name": "水漾路", "pm_type": "人行道" },
			"geometry": {
				"type": "Point",
				"coordinates": [121.4841822,25.05248722]
			}
		},
		{
			"type": "Feature",
			"properties": { "pm_name": "水漾路", "pm_type": "人行道" },
			"geometry": {
				"type": "Point",
				"coordinates": [121.4842579,25.05234352]
			}
		},
		{
			"type": "Feature",
			"properties": { "pm_name": "水漾路", "pm_type": "人行道" },
			"geometry": {
				"type": "Point",
				"coordinates": [121.4843337,25.05219982]
			}
		},
		{
			"type": "Feature",
			"properties": { "pm_name": "水漾路", "pm_type": "人行道" },
			"geometry": {
				"type": "Point",
				"coordinates": [121.4844095,25.05205612]
			}
		},
		{
			"type": "Feature",
			"properties": { "pm_name": "水漾路", "pm_type": "人行道" },
			"geometry": {
				"type": "Point",
				"coordinates": [121.4844852,25.05191242]
			}
		},
		{
			"type": "Feature",
			"properties": { "pm_name": "水漾路", "pm_type": "人行道" },
			"geometry": {
				"type": "Point",
				"coordinates": [121.484561,25.05176872]
			}
		},
		{
			"type": "Feature",
			"properties": { "pm_name": "水漾路", "pm_type": "人行道" },
			"geometry": {
				"type": "Point",
				"coordinates": [121.4847125,25.05162502]
			}
		},
		{
			"type": "Feature",
			"properties": { "pm_name": "水漾路", "pm_type": "人行道" },
			"geometry": {
				"type": "Point",
				"coordinates": [121.4847883,25.05148132]
			}
		},
		{
			"type": "Feature",
			"properties": { "pm_name": "水漾路", "pm_type": "人行道" },
			"geometry": {
				"type": "Point",
				"coordinates": [121.484864,25.05133762]
			}
		},
		{
			"type": "Feature",
			"properties": { "pm_name": "水漾路", "pm_type": "人行道" },
			"geometry": {
				"type": "Point",
				"coordinates": [121.4849398,25.05119392]
			}
		},
		{
			"type": "Feature",
			"properties": { "pm_name": "水漾路", "pm_type": "人行道" },
			"geometry": {
				"type": "Point",
				"coordinates": [121.4850155,25.05105022]
			}
		},
		{
			"type": "Feature",
			"properties": { "pm_name": "水漾路", "pm_type": "人行道" },
			"geometry": {
				"type": "Point",
				"coordinates": [121.4850913,25.05090652]
			}
		},
		{
			"type": "Feature",
			"properties": { "pm_name": "水漾路", "pm_type": "人行道" },
			"geometry": {
				"type": "Point",
				"coordinates": [121.4851671,25.05076282]
			}
		},
		{
			"type": "Feature",
			"properties": { "pm_name": "水漾路", "pm_type": "人行道" },
			"geometry": {
				"type": "Point",
				"coordinates": [121.4852428,25.05061911]
			}
		},
		{
			"type": "Feature",
			"properties": { "pm_name": "水漾路", "pm_type": "人行道" },
			"geometry": {
				"type": "Point",
				"coordinates": [121.4853186,25.05047541]
			}
		},
		{
			"type": "Feature",
			"properties": { "pm_name": "水漾路", "pm_type": "人行道" },
			"geometry": {
				"type": "Point",
				"coordinates": [121.4853943,25.05033171]
			}
		},
		{
			"type": "Feature",
			"properties": { "pm_name": "水漾路", "pm_type": "人行道" },
			"geometry": {
				"type": "Point",
				"coordinates": [121.4854701,25.05018801]
			}
		},
		{
			"type": "Feature",
			"properties": { "pm_name": "水漾路", "pm_type": "人行道" },
			"geometry": {
				"type": "Point",
				"coordinates": [121.4855459,25.05004431]
			}
		},
		{
			"type": "Feature",
			"properties": { "pm_name": "水漾路", "pm_type": "人行道" },
			"geometry": {
				"type": "Point",
				"coordinates": [121.4856216,25.04990061]
			}
		},
		{
			"type": "Feature",
			"properties": { "pm_name": "水漾路", "pm_type": "人行道" },
			"geometry": {
				"type": "Point",
				"coordinates": [121.4856974,25.04975691]
			}
		},
		{
			"type": "Feature",
			"properties": { "pm_name": "水漾路", "pm_type": "人行道" },
			"geometry": {
				"type": "Point",
				"coordinates": [121.4857731,25.04961321]
			}
		},
		{
			"type": "Feature",
			"properties": { "pm_name": "水漾路", "pm_type": "人行道" },
			"geometry": {
				"type": "Point",
				"coordinates": [121.4858489,25.04946951]
			}
		},
		{
			"type": "Feature",
			"properties": { "pm_name": "水漾路", "pm_type": "人行道" },
			"geometry": {
				"type": "Point",
				"coordinates": [121.4859247,25.04932581]
			}
		},
		{
			"type": "Feature",
			"properties": { "pm_name": "水漾路", "pm_type": "人行道" },
			"geometry": {
				"type": "Point",
				"coordinates": [121.4860004,25.04918211]
			}
		},
		{
			"type": "Feature",
			"properties": { "pm_name": "水漾路", "pm_type": "人行道" },
			"geometry": {
				"type": "Point",
				"coordinates": [121.4860762,25.04903841]
			}
		},
		{
			"type": "Feature",
			"properties": { "pm_name": "水漾路", "pm_type": "人行道" },
			"geometry": {
				"type": "Point",
				"coordinates": [121.4861519,25.04889471]
			}
		},
		{
			"type": "Feature",
			"properties": { "pm_name": "水漾路", "pm_type": "人行道" },
			"geometry": {
				"type": "Point",
				"coordinates": [121.4862277,25.04875101]
			}
		},
		{
			"type": "Feature",
			"properties": { "pm_name": "水漾路", "pm_type": "人行道" },
			"geometry": {
				"type": "Point",
				"coordinates": [121.4863035,25.04860731]
			}
		},
		{
			"type": "Feature",
			"properties": { "pm_name": "水漾路", "pm_type": "人行道" },
			"geometry": {
				"type": "Point",
				"coordinates": [121.4863792,25.0484636]
			}
		},
		{
			"type": "Feature",
			"properties": { "pm_name": "水漾路", "pm_type": "人行道" },
			"geometry": {
				"type": "Point",
				"coordinates": [121.486455,25.0483199]
			}
		},
		{
			"type": "Feature",
			"properties": { "pm_name": "水漾路", "pm_type": "人行道" },
			"geometry": {
				"type": "Point",
				"coordinates": [121.4865307,25.0481762]
			}
		},
		{
			"type": "Feature",
			"properties": { "pm_name": "水漾路", "pm_type": "人行道" },
			"geometry": {
				"type": "Point",
				"coordinates": [121.4866065,25.0480325]
			}
		},
		{
			"type": "Feature",
			"properties": { "pm_name": "水漾路", "pm_type": "人行道" },
			"geometry": {
				"type": "Point",
				"coordinates": [121.4866823,25.0478888]
			}
		},
		{
			"type": "Feature",
			"properties": { "pm_name": "水漾路", "pm_type": "人行道" },
			"geometry": {
				"type": "Point",
				"coordinates": [121.4869174,25.04774684]
			}
		},
		{
			"type": "Feature",
			"properties": { "pm_name": "水漾路", "pm_type": "人行道" },
			"geometry": {
				"type": "Point",
				"coordinates": [121.4868419,25.04788829]
			}
		},
		{
			"type": "Feature",
			"properties": { "pm_name": "水漾路", "pm_type": "人行道" },
			"geometry": {
				"type": "Point",
				"coordinates": [121.4867663,25.04802973]
			}
		},
		{
			"type": "Feature",
			"properties": { "pm_name": "水漾路", "pm_type": "人行道" },
			"geometry": {
				"type": "Point",
				"coordinates": [121.4866907,25.04817118]
			}
		},
		{
			"type": "Feature",
			"properties": { "pm_name": "水漾路", "pm_type": "人行道" },
			"geometry": {
				"type": "Point",
				"coordinates": [121.4866151,25.04831262]
			}
		},
		{
			"type": "Feature",
			"properties": { "pm_name": "水漾路", "pm_type": "人行道" },
			"geometry": {
				"type": "Point",
				"coordinates": [121.4865396,25.04845406]
			}
		},
		{
			"type": "Feature",
			"properties": { "pm_name": "水漾路", "pm_type": "人行道" },
			"geometry": {
				"type": "Point",
				"coordinates": [121.486464,25.04859551]
			}
		},
		{
			"type": "Feature",
			"properties": { "pm_name": "水漾路", "pm_type": "人行道" },
			"geometry": {
				"type": "Point",
				"coordinates": [121.4863884,25.04873695]
			}
		},
		{
			"type": "Feature",
			"properties": { "pm_name": "水漾路", "pm_type": "人行道" },
			"geometry": {
				"type": "Point",
				"coordinates": [121.4863128,25.04887839]
			}
		},
		{
			"type": "Feature",
			"properties": { "pm_name": "水漾路", "pm_type": "人行道" },
			"geometry": {
				"type": "Point",
				"coordinates": [121.4862372,25.04901984]
			}
		},
		{
			"type": "Feature",
			"properties": { "pm_name": "水漾路", "pm_type": "人行道" },
			"geometry": {
				"type": "Point",
				"coordinates": [121.4861617,25.04916128]
			}
		},
		{
			"type": "Feature",
			"properties": { "pm_name": "水漾路", "pm_type": "人行道" },
			"geometry": {
				"type": "Point",
				"coordinates": [121.4860861,25.04930273]
			}
		},
		{
			"type": "Feature",
			"properties": { "pm_name": "水漾路", "pm_type": "人行道" },
			"geometry": {
				"type": "Point",
				"coordinates": [121.4860105,25.04944417]
			}
		},
		{
			"type": "Feature",
			"properties": { "pm_name": "水漾路", "pm_type": "人行道" },
			"geometry": {
				"type": "Point",
				"coordinates": [121.4859349,25.04958561]
			}
		},
		{
			"type": "Feature",
			"properties": { "pm_name": "水漾路", "pm_type": "人行道" },
			"geometry": {
				"type": "Point",
				"coordinates": [121.4858594,25.04972706]
			}
		},
		{
			"type": "Feature",
			"properties": { "pm_name": "水漾路", "pm_type": "人行道" },
			"geometry": {
				"type": "Point",
				"coordinates": [121.4857838,25.0498685]
			}
		},
		{
			"type": "Feature",
			"properties": { "pm_name": "水漾路", "pm_type": "人行道" },
			"geometry": {
				"type": "Point",
				"coordinates": [121.4857082,25.05000995]
			}
		},
		{
			"type": "Feature",
			"properties": { "pm_name": "水漾路", "pm_type": "人行道" },
			"geometry": {
				"type": "Point",
				"coordinates": [121.4856326,25.05015139]
			}
		},
		{
			"type": "Feature",
			"properties": { "pm_name": "水漾路", "pm_type": "人行道" },
			"geometry": {
				"type": "Point",
				"coordinates": [121.4855571,25.05029283]
			}
		},
		{
			"type": "Feature",
			"properties": { "pm_name": "水漾路", "pm_type": "人行道" },
			"geometry": {
				"type": "Point",
				"coordinates": [121.4854815,25.05043428]
			}
		},
		{
			"type": "Feature",
			"properties": { "pm_name": "水漾路", "pm_type": "人行道" },
			"geometry": {
				"type": "Point",
				"coordinates": [121.4854059,25.05057572]
			}
		},
		{
			"type": "Feature",
			"properties": { "pm_name": "水漾路", "pm_type": "人行道" },
			"geometry": {
				"type": "Point",
				"coordinates": [121.4853303,25.05071717]
			}
		},
		{
			"type": "Feature",
			"properties": { "pm_name": "水漾路", "pm_type": "人行道" },
			"geometry": {
				"type": "Point",
				"coordinates": [121.4852548,25.05085861]
			}
		},
		{
			"type": "Feature",
			"properties": { "pm_name": "水漾路", "pm_type": "人行道" },
			"geometry": {
				"type": "Point",
				"coordinates": [121.4851792,25.05100005]
			}
		},
		{
			"type": "Feature",
			"properties": { "pm_name": "水漾路", "pm_type": "人行道" },
			"geometry": {
				"type": "Point",
				"coordinates": [121.4851036,25.0511415]
			}
		},
		{
			"type": "Feature",
			"properties": { "pm_name": "水漾路", "pm_type": "人行道" },
			"geometry": {
				"type": "Point",
				"coordinates": [121.485028,25.05128294]
			}
		},
		{
			"type": "Feature",
			"properties": { "pm_name": "水漾路", "pm_type": "人行道" },
			"geometry": {
				"type": "Point",
				"coordinates": [121.4849525,25.05142438]
			}
		},
		{
			"type": "Feature",
			"properties": { "pm_name": "水漾路", "pm_type": "人行道" },
			"geometry": {
				"type": "Point",
				"coordinates": [121.4848769,25.05156583]
			}
		},
		{
			"type": "Feature",
			"properties": { "pm_name": "水漾路", "pm_type": "人行道" },
			"geometry": {
				"type": "Point",
				"coordinates": [121.4848013,25.05170727]
			}
		},
		{
			"type": "Feature",
			"properties": { "pm_name": "水漾路", "pm_type": "人行道" },
			"geometry": {
				"type": "Point",
				"coordinates": [121.4847257,25.05184872]
			}
		},
		{
			"type": "Feature",
			"properties": { "pm_name": "水漾路", "pm_type": "人行道" },
			"geometry": {
				"type": "Point",
				"coordinates": [121.4846501,25.05199016]
			}
		},
		{
			"type": "Feature",
			"properties": { "pm_name": "水漾路", "pm_type": "人行道" },
			"geometry": {
				"type": "Point",
				"coordinates": [121.4845746,25.0521316]
			}
		},
		{
			"type": "Feature",
			"properties": { "pm_name": "水漾路", "pm_type": "人行道" },
			"geometry": {
				"type": "Point",
				"coordinates": [121.484499,25.05227305]
			}
		},
		{
			"type": "Feature",
			"properties": { "pm_name": "水漾路", "pm_type": "人行道" },
			"geometry": {
				"type": "Point",
				"coordinates": [121.4844234,25.05241449]
			}
		},
		{
			"type": "Feature",
			"properties": { "pm_name": "水漾路", "pm_type": "人行道" },
			"geometry": {
				"type": "Point",
				"coordinates": [121.4843478,25.05255594]
			}
		},
		{
			"type": "Feature",
			"properties": { "pm_name": "水漾路", "pm_type": "人行道" },
			"geometry": {
				"type": "Point",
				"coordinates": [121.4842723,25.05269738]
			}
		},
		{
			"type": "Feature",
			"properties": { "pm_name": "水漾路", "pm_type": "人行道" },
			"geometry": {
				"type": "Point",
				"coordinates": [121.4841967,25.05283882]
			}
		},
		{
			"type": "Feature",
			"properties": { "pm_name": "水漾路", "pm_type": "人行道" },
			"geometry": {
				"type": "Point",
				"coordinates": [121.4841211,25.05298027]
			}
		},
		{
			"type": "Feature",
			"properties": { "pm_name": "水漾路", "pm_type": "人行道" },
			"geometry": {
				"type": "Point",
				"coordinates": [121.4840455,25.05312171]
			}
		},
		{
			"type": "Feature",
			"properties": { "pm_name": "水漾路", "pm_type": "人行道" },
			"geometry": {
				"type": "Point",
				"coordinates": [121.48397,25.05326315]
			}
		},
		{
			"type": "Feature",
			"properties": { "pm_name": "水漾路", "pm_type": "人行道" },
			"geometry": {
				"type": "Point",
				"coordinates": [121.4838944,25.0534046]
			}
		},
		{
			"type": "Feature",
			"properties": { "pm_name": "水漾路", "pm_type": "人行道" },
			"geometry": {
				"type": "Point",
				"coordinates": [121.4838188,25.05354604]
			}
		},
		{
			"type": "Feature",
			"properties": { "pm_name": "水漾路", "pm_type": "人行道" },
			"geometry": {
				"type": "Point",
				"coordinates": [121.4837432,25.05368749]
			}
		},
		{
			"type": "Feature",
			"properties": { "pm_name": "水漾路", "pm_type": "人行道" },
			"geometry": {
				"type": "Point",
				"coordinates": [121.4836677,25.05382893]
			}
		},
		{
			"type": "Feature",
			"properties": { "pm_name": "水漾路", "pm_type": "人行道" },
			"geometry": {
				"type": "Point",
				"coordinates": [121.4835921,25.05397037]
			}
		},
		{
			"type": "Feature",
			"properties": { "pm_name": "水漾路", "pm_type": "人行道" },
			"geometry": {
				"type": "Point",
				"coordinates": [121.4835165,25.05411182]
			}
		},
		{
			"type": "Feature",
			"properties": { "pm_name": "水漾路", "pm_type": "人行道" },
			"geometry": {
				"type": "Point",
				"coordinates": [121.4834409,25.05425326]
			}
		},
		{
			"type": "Feature",
			"properties": { "pm_name": "水漾路", "pm_type": "人行道" },
			"geometry": {
				"type": "Point",
				"coordinates": [121.4833654,25.05439471]
			}
		},
		{
			"type": "Feature",
			"properties": { "pm_name": "水漾路", "pm_type": "人行道" },
			"geometry": {
				"type": "Point",
				"coordinates": [121.4832898,25.05453615]
			}
		},
		{
			"type": "Feature",
			"properties": { "pm_name": "水漾路", "pm_type": "人行道" },
			"geometry": {
				"type": "Point",
				"coordinates": [121.4832142,25.05467759]
			}
		},
		{
			"type": "Feature",
			"properties": { "pm_name": "水漾路", "pm_type": "人行道" },
			"geometry": {
				"type": "Point",
				"coordinates": [121.4831386,25.05481904]
			}
		},
		{
			"type": "Feature",
			"properties": { "pm_name": "水漾路", "pm_type": "人行道" },
			"geometry": {
				"type": "Point",
				"coordinates": [121.483063,25.05496048]
			}
		},
		{
			"type": "Feature",
			"properties": { "pm_name": "水漾路", "pm_type": "人行道" },
			"geometry": {
				"type": "Point",
				"coordinates": [121.4829875,25.05510193]
			}
		},
		{
			"type": "Feature",
			"properties": { "pm_name": "水漾路", "pm_type": "人行道" },
			"geometry": {
				"type": "Point",
				"coordinates": [121.4829119,25.05524337]
			}
		},
		{
			"type": "Feature",
			"properties": { "pm_name": "水漾路", "pm_type": "人行道" },
			"geometry": {
				"type": "Point",
				"coordinates": [121.4828363,25.05538481]
			}
		},
		{
			"type": "Feature",
			"properties": { "pm_name": "水漾路", "pm_type": "人行道" },
			"geometry": {
				"type": "Point",
				"coordinates": [121.4827607,25.05552626]
			}
		},
		{
			"type": "Feature",
			"properties": { "pm_name": "水漾路", "pm_type": "人行道" },
			"geometry": {
				"type": "Point",
				"coordinates": [121.4826852,25.0556677]
			}
		},
		{
			"type": "Feature",
			"properties": { "pm_name": "水漾路", "pm_type": "人行道" },
			"geometry": {
				"type": "Point",
				"coordinates": [121.4826096,25.05580914]
			}
		},
		{
			"type": "Feature",
			"properties": { "pm_name": "水漾路", "pm_type": "人行道" },
			"geometry": {
				"type": "Point",
				"coordinates": [121.482534,25.05595059]
			}
		},
		{
			"type": "Feature",
			"properties": { "pm_name": "水漾路", "pm_type": "人行道" },
			"geometry": {
				"type": "Point",
				"coordinates": [121.4824584,25.05609203]
			}
		},
		{
			"type": "Feature",
			"properties": { "pm_name": "水漾路", "pm_type": "人行道" },
			"geometry": {
				"type": "Point",
				"coordinates": [121.4823829,25.05623348]
			}
		},
		{
			"type": "Feature",
			"properties": { "pm_name": "水漾路", "pm_type": "人行道" },
			"geometry": {
				"type": "Point",
				"coordinates": [121.4823073,25.05637492]
			}
		},
		{
			"type": "Feature",
			"properties": { "pm_name": "水漾路", "pm_type": "人行道" },
			"geometry": {
				"type": "Point",
				"coordinates": [121.4822317,25.05651636]
			}
		},
		{
			"type": "Feature",
			"properties": { "pm_name": "水漾路", "pm_type": "人行道" },
			"geometry": {
				"type": "Point",
				"coordinates": [121.4821561,25.05665781]
			}
		},
		{
			"type": "Feature",
			"properties": { "pm_name": "水漾路", "pm_type": "人行道" },
			"geometry": {
				"type": "Point",
				"coordinates": [121.4820806,25.05679925]
			}
		},
		{
			"type": "Feature",
			"properties": { "pm_name": "水漾路", "pm_type": "人行道" },
			"geometry": {
				"type": "Point",
				"coordinates": [121.482005,25.0569407]
			}
		},
		{
			"type": "Feature",
			"properties": { "pm_name": "水漾路", "pm_type": "人行道" },
			"geometry": {
				"type": "Point",
				"coordinates": [121.4819294,25.05708214]
			}
		},
		{
			"type": "Feature",
			"properties": { "pm_name": "水漾路", "pm_type": "人行道" },
			"geometry": {
				"type": "Point",
				"coordinates": [121.4818538,25.05722358]
			}
		},
		{
			"type": "Feature",
			"properties": { "pm_name": "水漾路", "pm_type": "人行道" },
			"geometry": {
				"type": "Point",
				"coordinates": [121.4817027,25.05736503]
			}
		},
		{
			"type": "Feature",
			"properties": { "pm_name": "水漾路", "pm_type": "人行道" },
			"geometry": {
				"type": "Point",
				"coordinates": [121.4816271,25.05750647]
			}
		},
		{
			"type": "Feature",
			"properties": { "pm_name": "水漾路", "pm_type": "人行道" },
			"geometry": {
				"type": "Point",
				"coordinates": [121.4815515,25.05764792]
			}
		},
		{
			"type": "Feature",
			"properties": { "pm_name": "水漾路", "pm_type": "人行道" },
			"geometry": {
				"type": "Point",
				"coordinates": [121.4814759,25.05778936]
			}
		},
		{
			"type": "Feature",
			"properties": { "pm_name": "水漾路", "pm_type": "人行道" },
			"geometry": {
				"type": "Point",
				"coordinates": [121.4814004,25.0579308]
			}
		},
		{
			"type": "Feature",
			"properties": { "pm_name": "水漾路", "pm_type": "人行道" },
			"geometry": {
				"type": "Point",
				"coordinates": [121.4813248,25.05807225]
			}
		},
		{
			"type": "Feature",
			"properties": { "pm_name": "水漾路", "pm_type": "人行道" },
			"geometry": {
				"type": "Point",
				"coordinates": [121.4812492,25.05821369]
			}
		},
		{
			"type": "Feature",
			"properties": { "pm_name": "水漾路", "pm_type": "人行道" },
			"geometry": {
				"type": "Point",
				"coordinates": [121.4811736,25.05835513]
			}
		},
		{
			"type": "Feature",
			"properties": { "pm_name": "水漾路", "pm_type": "人行道" },
			"geometry": {
				"type": "Point",
				"coordinates": [121.4810981,25.05849658]
			}
		},
		{
			"type": "Feature",
			"properties": { "pm_name": "水漾路", "pm_type": "人行道" },
			"geometry": {
				"type": "Point",
				"coordinates": [121.4810225,25.05863802]
			}
		},
		{
			"type": "Feature",
			"properties": { "pm_name": "水漾路", "pm_type": "人行道" },
			"geometry": {
				"type": "Point",
				"coordinates": [121.4809469,25.05877947]
			}
		},
		{
			"type": "Feature",
			"properties": { "pm_name": "水漾路", "pm_type": "人行道" },
			"geometry": {
				"type": "Point",
				"coordinates": [121.4808713,25.05892091]
			}
		},
		{
			"type": "Feature",
			"properties": { "pm_name": "水漾路", "pm_type": "人行道" },
			"geometry": {
				"type": "Point",
				"coordinates": [121.4807958,25.05906235]
			}
		},
		{
			"type": "Feature",
			"properties": { "pm_name": "水漾路", "pm_type": "人行道" },
			"geometry": {
				"type": "Point",
				"coordinates": [121.4807202,25.0592038]
			}
		},
		{
			"type": "Feature",
			"properties": { "pm_name": "水漾路", "pm_type": "人行道" },
			"geometry": {
				"type": "Point",
				"coordinates": [121.4806446,25.05934524]
			}
		},
		{
			"type": "Feature",
			"properties": { "pm_name": "水漾路", "pm_type": "人行道" },
			"geometry": {
				"type": "Point",
				"coordinates": [121.480569,25.05948669]
			}
		},
		{
			"type": "Feature",
			"properties": { "pm_name": "水漾路", "pm_type": "人行道" },
			"geometry": {
				"type": "Point",
				"coordinates": [121.4804935,25.05962813]
			}
		},
		{
			"type": "Feature",
			"properties": { "pm_name": "水漾路", "pm_type": "人行道" },
			"geometry": {
				"type": "Point",
				"coordinates": [121.4804179,25.05976957]
			}
		},
		{
			"type": "Feature",
			"properties": { "pm_name": "水漾路", "pm_type": "人行道" },
			"geometry": {
				"type": "Point",
				"coordinates": [121.4803423,25.05991102]
			}
		},
		{
			"type": "Feature",
			"properties": { "pm_name": "水漾路", "pm_type": "人行道" },
			"geometry": {
				"type": "Point",
				"coordinates": [121.4802667,25.06005246]
			}
		},
		{
			"type": "Feature",
			"properties": { "pm_name": "水漾路", "pm_type": "人行道" },
			"geometry": {
				"type": "Point",
				"coordinates": [121.4801912,25.0601939]
			}
		},
		{
			"type": "Feature",
			"properties": { "pm_name": "水漾路", "pm_type": "人行道" },
			"geometry": {
				"type": "Point",
				"coordinates": [121.4801156,25.06033535]
			}
		},
		{
			"type": "Feature",
			"properties": { "pm_name": "水漾路", "pm_type": "人行道" },
			"geometry": {
				"type": "Point",
				"coordinates": [121.48004,25.06047679]
			}
		},
		{
			"type": "Feature",
			"properties": { "pm_name": "水漾路", "pm_type": "人行道" },
			"geometry": {
				"type": "Point",
				"coordinates": [121.4799644,25.06061824]
			}
		},
		{
			"type": "Feature",
			"properties": { "pm_name": "水漾路", "pm_type": "人行道" },
			"geometry": {
				"type": "Point",
				"coordinates": [121.4798888,25.06075968]
			}
		},
		{
			"type": "Feature",
			"properties": { "pm_name": "水漾路", "pm_type": "人行道" },
			"geometry": {
				"type": "Point",
				"coordinates": [121.4798133,25.06090112]
			}
		},
		{
			"type": "Feature",
			"properties": { "pm_name": "水漾路", "pm_type": "人行道" },
			"geometry": {
				"type": "Point",
				"coordinates": [121.4797377,25.06104257]
			}
		},
		{
			"type": "Feature",
			"properties": { "pm_name": "水漾路", "pm_type": "人行道" },
			"geometry": {
				"type": "Point",
				"coordinates": [121.4796621,25.06118401]
			}
		},
		{
			"type": "Feature",
			"properties": { "pm_name": "正義南路", "pm_type": "人行道" },
			"geometry": {
				"type": "Point",
				"coordinates": [121.4990775,25.05697617]
			}
		},
		{
			"type": "Feature",
			"properties": { "pm_name": "正義南路", "pm_type": "人行道" },
			"geometry": {
				"type": "Point",
				"coordinates": [121.4990089,25.05727961]
			}
		},
		{
			"type": "Feature",
			"properties": { "pm_name": "正義南路", "pm_type": "人行道" },
			"geometry": {
				"type": "Point",
				"coordinates": [121.4989403,25.05758305]
			}
		},
		{
			"type": "Feature",
			"properties": { "pm_name": "正義南路", "pm_type": "人行道" },
			"geometry": {
				"type": "Point",
				"coordinates": [121.4988717,25.0578865]
			}
		},
		{
			"type": "Feature",
			"properties": { "pm_name": "正義南路", "pm_type": "人行道" },
			"geometry": {
				"type": "Point",
				"coordinates": [121.4988031,25.05818994]
			}
		},
		{
			"type": "Feature",
			"properties": { "pm_name": "正義南路", "pm_type": "人行道" },
			"geometry": {
				"type": "Point",
				"coordinates": [121.4987345,25.05849338]
			}
		},
		{
			"type": "Feature",
			"properties": { "pm_name": "正義南路", "pm_type": "人行道" },
			"geometry": {
				"type": "Point",
				"coordinates": [121.4986658,25.05879683]
			}
		},
		{
			"type": "Feature",
			"properties": { "pm_name": "正義南路", "pm_type": "人行道" },
			"geometry": {
				"type": "Point",
				"coordinates": [121.4985972,25.05910027]
			}
		},
		{
			"type": "Feature",
			"properties": { "pm_name": "正義南路", "pm_type": "人行道" },
			"geometry": {
				"type": "Point",
				"coordinates": [121.4985286,25.05940371]
			}
		},
		{
			"type": "Feature",
			"properties": { "pm_name": "正義南路", "pm_type": "人行道" },
			"geometry": {
				"type": "Point",
				"coordinates": [121.49846,25.05970715]
			}
		},
		{
			"type": "Feature",
			"properties": { "pm_name": "正義南路", "pm_type": "人行道" },
			"geometry": {
				"type": "Point",
				"coordinates": [121.4983914,25.0600106]
			}
		},
		{
			"type": "Feature",
			"properties": { "pm_name": "正義南路", "pm_type": "人行道" },
			"geometry": {
				"type": "Point",
				"coordinates": [121.4983228,25.06031404]
			}
		},
		{
			"type": "Feature",
			"properties": { "pm_name": "正義南路", "pm_type": "人行道" },
			"geometry": {
				"type": "Point",
				"coordinates": [121.4982542,25.06061748]
			}
		},
		{
			"type": "Feature",
			"properties": { "pm_name": "正義南路", "pm_type": "人行道" },
			"geometry": {
				"type": "Point",
				"coordinates": [121.4981856,25.06092093]
			}
		},
		{
			"type": "Feature",
			"properties": { "pm_name": "正義南路", "pm_type": "人行道" },
			"geometry": {
				"type": "Point",
				"coordinates": [121.498117,25.06122437]
			}
		},
		{
			"type": "Feature",
			"properties": { "pm_name": "正義南路", "pm_type": "人行道" },
			"geometry": {
				"type": "Point",
				"coordinates": [121.4980484,25.06152781]
			}
		},
		{
			"type": "Feature",
			"properties": { "pm_name": "正義南路", "pm_type": "人行道" },
			"geometry": {
				"type": "Point",
				"coordinates": [121.4979798,25.06183126]
			}
		},
		{
			"type": "Feature",
			"properties": { "pm_name": "正義南路", "pm_type": "人行道" },
			"geometry": {
				"type": "Point",
				"coordinates": [121.4979112,25.0621347]
			}
		},
		{
			"type": "Feature",
			"properties": { "pm_name": "民生街", "pm_type": "人行道" },
			"geometry": {
				"type": "Point",
				"coordinates": [121.4906214,25.06551018]
			}
		},
		{
			"type": "Feature",
			"properties": { "pm_name": "民生街", "pm_type": "人行道" },
			"geometry": {
				"type": "Point",
				"coordinates": [121.4905652,25.06540902]
			}
		},
		{
			"type": "Feature",
			"properties": { "pm_name": "民生街", "pm_type": "人行道" },
			"geometry": {
				"type": "Point",
				"coordinates": [121.490509,25.06530785]
			}
		},
		{
			"type": "Feature",
			"properties": { "pm_name": "民生街", "pm_type": "人行道" },
			"geometry": {
				"type": "Point",
				"coordinates": [121.4904528,25.06520669]
			}
		},
		{
			"type": "Feature",
			"properties": { "pm_name": "民生街", "pm_type": "人行道" },
			"geometry": {
				"type": "Point",
				"coordinates": [121.4903967,25.06510553]
			}
		},
		{
			"type": "Feature",
			"properties": { "pm_name": "民生街", "pm_type": "人行道" },
			"geometry": {
				"type": "Point",
				"coordinates": [121.4903405,25.06500437]
			}
		},
		{
			"type": "Feature",
			"properties": { "pm_name": "民生街", "pm_type": "人行道" },
			"geometry": {
				"type": "Point",
				"coordinates": [121.4902843,25.0649032]
			}
		},
		{
			"type": "Feature",
			"properties": { "pm_name": "民生街", "pm_type": "人行道" },
			"geometry": {
				"type": "Point",
				"coordinates": [121.4902281,25.06480204]
			}
		},
		{
			"type": "Feature",
			"properties": { "pm_name": "民生街", "pm_type": "人行道" },
			"geometry": {
				"type": "Point",
				"coordinates": [121.4901719,25.06470088]
			}
		},
		{
			"type": "Feature",
			"properties": { "pm_name": "民生街", "pm_type": "人行道" },
			"geometry": {
				"type": "Point",
				"coordinates": [121.4901158,25.06459971]
			}
		},
		{
			"type": "Feature",
			"properties": { "pm_name": "民生街", "pm_type": "人行道" },
			"geometry": {
				"type": "Point",
				"coordinates": [121.4900596,25.06449855]
			}
		},
		{
			"type": "Feature",
			"properties": { "pm_name": "民生街", "pm_type": "人行道" },
			"geometry": {
				"type": "Point",
				"coordinates": [121.4900034,25.06439739]
			}
		},
		{
			"type": "Feature",
			"properties": { "pm_name": "民生街", "pm_type": "人行道" },
			"geometry": {
				"type": "Point",
				"coordinates": [121.4899472,25.06429623]
			}
		},
		{
			"type": "Feature",
			"properties": { "pm_name": "民生街", "pm_type": "人行道" },
			"geometry": {
				"type": "Point",
				"coordinates": [121.489891,25.06419506]
			}
		},
		{
			"type": "Feature",
			"properties": { "pm_name": "民生街", "pm_type": "人行道" },
			"geometry": {
				"type": "Point",
				"coordinates": [121.4898349,25.0640939]
			}
		},
		{
			"type": "Feature",
			"properties": { "pm_name": "民生街", "pm_type": "人行道" },
			"geometry": {
				"type": "Point",
				"coordinates": [121.4897787,25.06399274]
			}
		},
		{
			"type": "Feature",
			"properties": { "pm_name": "民生街", "pm_type": "人行道" },
			"geometry": {
				"type": "Point",
				"coordinates": [121.4897225,25.06389158]
			}
		},
		{
			"type": "Feature",
			"properties": { "pm_name": "民生街", "pm_type": "人行道" },
			"geometry": {
				"type": "Point",
				"coordinates": [121.4896663,25.06379041]
			}
		},
		{
			"type": "Feature",
			"properties": { "pm_name": "民生街", "pm_type": "人行道" },
			"geometry": {
				"type": "Point",
				"coordinates": [121.4896101,25.06368925]
			}
		},
		{
			"type": "Feature",
			"properties": { "pm_name": "民生街", "pm_type": "人行道" },
			"geometry": {
				"type": "Point",
				"coordinates": [121.489554,25.06358809]
			}
		},
		{
			"type": "Feature",
			"properties": { "pm_name": "民生街", "pm_type": "人行道" },
			"geometry": {
				"type": "Point",
				"coordinates": [121.4894978,25.06348693]
			}
		},
		{
			"type": "Feature",
			"properties": { "pm_name": "民生街", "pm_type": "人行道" },
			"geometry": {
				"type": "Point",
				"coordinates": [121.4894416,25.06338576]
			}
		},
		{
			"type": "Feature",
			"properties": { "pm_name": "民生街", "pm_type": "人行道" },
			"geometry": {
				"type": "Point",
				"coordinates": [121.4893854,25.0632846]
			}
		},
		{
			"type": "Feature",
			"properties": { "pm_name": "光復路", "pm_type": "人行道" },
			"geometry": {
				"type": "Point",
				"coordinates": [121.4720538,25.04675517]
			}
		},
		{
			"type": "Feature",
			"properties": { "pm_name": "光復路", "pm_type": "人行道" },
			"geometry": {
				"type": "Point",
				"coordinates": [121.4720559,25.04731456]
			}
		},
		{
			"type": "Feature",
			"properties": { "pm_name": "光復路", "pm_type": "人行道" },
			"geometry": {
				"type": "Point",
				"coordinates": [121.4720579,25.04787395]
			}
		},
		{
			"type": "Feature",
			"properties": { "pm_name": "光復路", "pm_type": "人行道" },
			"geometry": {
				"type": "Point",
				"coordinates": [121.47206,25.04843334]
			}
		},
		{
			"type": "Feature",
			"properties": { "pm_name": "光復路", "pm_type": "人行道" },
			"geometry": {
				"type": "Point",
				"coordinates": [121.4720621,25.04899273]
			}
		},
		{
			"type": "Feature",
			"properties": { "pm_name": "光復路", "pm_type": "人行道" },
			"geometry": {
				"type": "Point",
				"coordinates": [121.4720641,25.04955212]
			}
		},
		{
			"type": "Feature",
			"properties": { "pm_name": "光復路", "pm_type": "人行道" },
			"geometry": {
				"type": "Point",
				"coordinates": [121.4720662,25.05011151]
			}
		},
		{
			"type": "Feature",
			"properties": { "pm_name": "光復路", "pm_type": "人行道" },
			"geometry": {
				"type": "Point",
				"coordinates": [121.4720682,25.0506709]
			}
		},
		{
			"type": "Feature",
			"properties": { "pm_name": "光復路", "pm_type": "人行道" },
			"geometry": {
				"type": "Point",
				"coordinates": [121.4720703,25.05123029]
			}
		},
		{
			"type": "Feature",
			"properties": { "pm_name": "光復路", "pm_type": "人行道" },
			"geometry": {
				"type": "Point",
				"coordinates": [121.4720724,25.05178968]
			}
		},
		{
			"type": "Feature",
			"properties": { "pm_name": "光復路", "pm_type": "人行道" },
			"geometry": {
				"type": "Point",
				"coordinates": [121.4720744,25.05234907]
			}
		},
		{
			"type": "Feature",
			"properties": { "pm_name": "光復路", "pm_type": "人行道" },
			"geometry": {
				"type": "Point",
				"coordinates": [121.4720765,25.05290846]
			}
		},
		{
			"type": "Feature",
			"properties": { "pm_name": "光復路", "pm_type": "人行道" },
			"geometry": {
				"type": "Point",
				"coordinates": [121.4720786,25.05346785]
			}
		},
		{
			"type": "Feature",
			"properties": { "pm_name": "光復路", "pm_type": "人行道" },
			"geometry": {
				"type": "Point",
				"coordinates": [121.4720806,25.05402724]
			}
		},
		{
			"type": "Feature",
			"properties": { "pm_name": "光復路", "pm_type": "人行道" },
			"geometry": {
				"type": "Point",
				"coordinates": [121.4720827,25.05458663]
			}
		},
		{
			"type": "Feature",
			"properties": { "pm_name": "光復路", "pm_type": "人行道" },
			"geometry": {
				"type": "Point",
				"coordinates": [121.4720847,25.05514602]
			}
		},
		{
			"type": "Feature",
			"properties": { "pm_name": "光復路", "pm_type": "人行道" },
			"geometry": {
				"type": "Point",
				"coordinates": [121.4720868,25.05570541]
			}
		},
		{
			"type": "Feature",
			"properties": { "pm_name": "光復路", "pm_type": "人行道" },
			"geometry": {
				"type": "Point",
				"coordinates": [121.4720889,25.0562648]
			}
		},
		{
			"type": "Feature",
			"properties": { "pm_name": "光復路", "pm_type": "人行道" },
			"geometry": {
				"type": "Point",
				"coordinates": [121.4720909,25.05682419]
			}
		},
		{
			"type": "Feature",
			"properties": { "pm_name": "光復路", "pm_type": "人行道" },
			"geometry": {
				"type": "Point",
				"coordinates": [121.472093,25.05738358]
			}
		},
		{
			"type": "Feature",
			"properties": { "pm_name": "光復路", "pm_type": "人行道" },
			"geometry": {
				"type": "Point",
				"coordinates": [121.4720951,25.05794297]
			}
		},
		{
			"type": "Feature",
			"properties": { "pm_name": "光復路", "pm_type": "人行道" },
			"geometry": {
				"type": "Point",
				"coordinates": [121.4720971,25.05850236]
			}
		},
		{
			"type": "Feature",
			"properties": { "pm_name": "光復路", "pm_type": "人行道" },
			"geometry": {
				"type": "Point",
				"coordinates": [121.4720992,25.05906175]
			}
		},
		{
			"type": "Feature",
			"properties": { "pm_name": "光復路", "pm_type": "人行道" },
			"geometry": {
				"type": "Point",
				"coordinates": [121.4721013,25.05962114]
			}
		},
		{
			"type": "Feature",
			"properties": { "pm_name": "光復路", "pm_type": "人行道" },
			"geometry": {
				"type": "Point",
				"coordinates": [121.4721033,25.06018053]
			}
		},
		{
			"type": "Feature",
			"properties": { "pm_name": "光復路", "pm_type": "人行道" },
			"geometry": {
				"type": "Point",
				"coordinates": [121.4721054,25.06073992]
			}
		},
		{
			"type": "Feature",
			"properties": { "pm_name": "光復路", "pm_type": "人行道" },
			"geometry": {
				"type": "Point",
				"coordinates": [121.4721074,25.06129931]
			}
		},
		{
			"type": "Feature",
			"properties": { "pm_name": "光興街", "pm_type": "人行道" },
			"geometry": {
				"type": "Point",
				"coordinates": [121.5002524,25.06048016]
			}
		},
		{
			"type": "Feature",
			"properties": { "pm_name": "光興街", "pm_type": "人行道" },
			"geometry": {
				"type": "Point",
				"coordinates": [121.5000029,25.06043871]
			}
		},
		{
			"type": "Feature",
			"properties": { "pm_name": "光興街", "pm_type": "人行道" },
			"geometry": {
				"type": "Point",
				"coordinates": [121.4997533,25.06039726]
			}
		},
		{
			"type": "Feature",
			"properties": { "pm_name": "光興街", "pm_type": "人行道" },
			"geometry": {
				"type": "Point",
				"coordinates": [121.4995038,25.06035581]
			}
		},
		{
			"type": "Feature",
			"properties": { "pm_name": "光興街", "pm_type": "人行道" },
			"geometry": {
				"type": "Point",
				"coordinates": [121.4992542,25.06031437]
			}
		},
		{
			"type": "Feature",
			"properties": { "pm_name": "光興街", "pm_type": "人行道" },
			"geometry": {
				"type": "Point",
				"coordinates": [121.4990047,25.06027292]
			}
		},
		{
			"type": "Feature",
			"properties": { "pm_name": "光興街", "pm_type": "人行道" },
			"geometry": {
				"type": "Point",
				"coordinates": [121.4987551,25.06023147]
			}
		},
		{
			"type": "Feature",
			"properties": { "pm_name": "光興街", "pm_type": "人行道" },
			"geometry": {
				"type": "Point",
				"coordinates": [121.4985056,25.06019002]
			}
		},
		{
			"type": "Feature",
			"properties": { "pm_name": "光興街", "pm_type": "人行道" },
			"geometry": {
				"type": "Point",
				"coordinates": [121.4982561,25.06014858]
			}
		},
		{
			"type": "Feature",
			"properties": { "pm_name": "光興街", "pm_type": "人行道" },
			"geometry": {
				"type": "Point",
				"coordinates": [121.4980065,25.06010713]
			}
		},
		{
			"type": "Feature",
			"properties": { "pm_name": "光興街", "pm_type": "人行道" },
			"geometry": {
				"type": "Point",
				"coordinates": [121.497757,25.06006568]
			}
		},
		{
			"type": "Feature",
			"properties": { "pm_name": "光興街", "pm_type": "人行道" },
			"geometry": {
				"type": "Point",
				"coordinates": [121.4975074,25.06002423]
			}
		},
		{
			"type": "Feature",
			"properties": { "pm_name": "光興街", "pm_type": "人行道" },
			"geometry": {
				"type": "Point",
				"coordinates": [121.4972579,25.05998279]
			}
		},
		{
			"type": "Feature",
			"properties": { "pm_name": "光興街", "pm_type": "人行道" },
			"geometry": {
				"type": "Point",
				"coordinates": [121.4970083,25.05994134]
			}
		},
		{
			"type": "Feature",
			"properties": { "pm_name": "光興街", "pm_type": "人行道" },
			"geometry": {
				"type": "Point",
				"coordinates": [121.4967588,25.05989989]
			}
		},
		{
			"type": "Feature",
			"properties": { "pm_name": "光興街", "pm_type": "人行道" },
			"geometry": {
				"type": "Point",
				"coordinates": [121.4965092,25.05985844]
			}
		},
		{
			"type": "Feature",
			"properties": { "pm_name": "光興街", "pm_type": "人行道" },
			"geometry": {
				"type": "Point",
				"coordinates": [121.4962597,25.059817]
			}
		},
		{
			"type": "Feature",
			"properties": { "pm_name": "光興街", "pm_type": "人行道" },
			"geometry": {
				"type": "Point",
				"coordinates": [121.4960101,25.05977555]
			}
		},
		{
			"type": "Feature",
			"properties": { "pm_name": "光興街", "pm_type": "人行道" },
			"geometry": {
				"type": "Point",
				"coordinates": [121.4957606,25.0597341]
			}
		},
		{
			"type": "Feature",
			"properties": { "pm_name": "光興街", "pm_type": "人行道" },
			"geometry": {
				"type": "Point",
				"coordinates": [121.4955111,25.05969265]
			}
		},
		{
			"type": "Feature",
			"properties": { "pm_name": "光興街", "pm_type": "人行道" },
			"geometry": {
				"type": "Point",
				"coordinates": [121.4952615,25.05965121]
			}
		},
		{
			"type": "Feature",
			"properties": { "pm_name": "光興街", "pm_type": "人行道" },
			"geometry": {
				"type": "Point",
				"coordinates": [121.495012,25.05960976]
			}
		},
		{
			"type": "Feature",
			"properties": { "pm_name": "光興街", "pm_type": "人行道" },
			"geometry": {
				"type": "Point",
				"coordinates": [121.4947624,25.05956831]
			}
		},
		{
			"type": "Feature",
			"properties": { "pm_name": "光興街", "pm_type": "人行道" },
			"geometry": {
				"type": "Point",
				"coordinates": [121.4945129,25.05952686]
			}
		},
		{
			"type": "Feature",
			"properties": { "pm_name": "光興街", "pm_type": "人行道" },
			"geometry": {
				"type": "Point",
				"coordinates": [121.4942633,25.05948542]
			}
		},
		{
			"type": "Feature",
			"properties": { "pm_name": "名源街", "pm_type": "人行道" },
			"geometry": {
				"type": "Point",
				"coordinates": [121.4826235,25.0589765]
			}
		},
		{
			"type": "Feature",
			"properties": { "pm_name": "名源街", "pm_type": "人行道" },
			"geometry": {
				"type": "Point",
				"coordinates": [121.4825262,25.05917174]
			}
		},
		{
			"type": "Feature",
			"properties": { "pm_name": "名源街", "pm_type": "人行道" },
			"geometry": {
				"type": "Point",
				"coordinates": [121.482429,25.05936697]
			}
		},
		{
			"type": "Feature",
			"properties": { "pm_name": "名源街", "pm_type": "人行道" },
			"geometry": {
				"type": "Point",
				"coordinates": [121.4823317,25.05956221]
			}
		},
		{
			"type": "Feature",
			"properties": { "pm_name": "名源街", "pm_type": "人行道" },
			"geometry": {
				"type": "Point",
				"coordinates": [121.4822345,25.05975745]
			}
		},
		{
			"type": "Feature",
			"properties": { "pm_name": "名源街", "pm_type": "人行道" },
			"geometry": {
				"type": "Point",
				"coordinates": [121.4821372,25.05995268]
			}
		},
		{
			"type": "Feature",
			"properties": { "pm_name": "名源街", "pm_type": "人行道" },
			"geometry": {
				"type": "Point",
				"coordinates": [121.4820399,25.06014792]
			}
		},
		{
			"type": "Feature",
			"properties": { "pm_name": "名源街", "pm_type": "人行道" },
			"geometry": {
				"type": "Point",
				"coordinates": [121.4819427,25.06034316]
			}
		},
		{
			"type": "Feature",
			"properties": { "pm_name": "名源街", "pm_type": "人行道" },
			"geometry": {
				"type": "Point",
				"coordinates": [121.4818454,25.06053839]
			}
		},
		{
			"type": "Feature",
			"properties": { "pm_name": "名源街", "pm_type": "人行道" },
			"geometry": {
				"type": "Point",
				"coordinates": [121.4817482,25.06073363]
			}
		},
		{
			"type": "Feature",
			"properties": { "pm_name": "名源街", "pm_type": "人行道" },
			"geometry": {
				"type": "Point",
				"coordinates": [121.4816509,25.06092887]
			}
		},
		{
			"type": "Feature",
			"properties": { "pm_name": "名源街", "pm_type": "人行道" },
			"geometry": {
				"type": "Point",
				"coordinates": [121.4815536,25.0611241]
			}
		},
		{
			"type": "Feature",
			"properties": { "pm_name": "名源街", "pm_type": "人行道" },
			"geometry": {
				"type": "Point",
				"coordinates": [121.4814564,25.06131934]
			}
		},
		{
			"type": "Feature",
			"properties": { "pm_name": "成功路", "pm_type": "人行道" },
			"geometry": {
				"type": "Point",
				"coordinates": [121.4905668,25.04991416]
			}
		},
		{
			"type": "Feature",
			"properties": { "pm_name": "成功路", "pm_type": "人行道" },
			"geometry": {
				"type": "Point",
				"coordinates": [121.4904132,25.04999961]
			}
		},
		{
			"type": "Feature",
			"properties": { "pm_name": "成功路", "pm_type": "人行道" },
			"geometry": {
				"type": "Point",
				"coordinates": [121.4902596,25.05008506]
			}
		},
		{
			"type": "Feature",
			"properties": { "pm_name": "成功路", "pm_type": "人行道" },
			"geometry": {
				"type": "Point",
				"coordinates": [121.490106,25.05017051]
			}
		},
		{
			"type": "Feature",
			"properties": { "pm_name": "成功路", "pm_type": "人行道" },
			"geometry": {
				"type": "Point",
				"coordinates": [121.4899524,25.05025596]
			}
		},
		{
			"type": "Feature",
			"properties": { "pm_name": "成功路", "pm_type": "人行道" },
			"geometry": {
				"type": "Point",
				"coordinates": [121.4897987,25.05034141]
			}
		},
		{
			"type": "Feature",
			"properties": { "pm_name": "成功路", "pm_type": "人行道" },
			"geometry": {
				"type": "Point",
				"coordinates": [121.4896451,25.05042686]
			}
		},
		{
			"type": "Feature",
			"properties": { "pm_name": "成功路", "pm_type": "人行道" },
			"geometry": {
				"type": "Point",
				"coordinates": [121.4894915,25.05051231]
			}
		},
		{
			"type": "Feature",
			"properties": { "pm_name": "成功路", "pm_type": "人行道" },
			"geometry": {
				"type": "Point",
				"coordinates": [121.4893379,25.05059776]
			}
		},
		{
			"type": "Feature",
			"properties": { "pm_name": "成功路", "pm_type": "人行道" },
			"geometry": {
				"type": "Point",
				"coordinates": [121.4891842,25.05068321]
			}
		},
		{
			"type": "Feature",
			"properties": { "pm_name": "成功路", "pm_type": "人行道" },
			"geometry": {
				"type": "Point",
				"coordinates": [121.4890306,25.05076866]
			}
		},
		{
			"type": "Feature",
			"properties": { "pm_name": "成功路", "pm_type": "人行道" },
			"geometry": {
				"type": "Point",
				"coordinates": [121.488877,25.05085411]
			}
		},
		{
			"type": "Feature",
			"properties": { "pm_name": "成功路", "pm_type": "人行道" },
			"geometry": {
				"type": "Point",
				"coordinates": [121.4887234,25.05093956]
			}
		},
		{
			"type": "Feature",
			"properties": { "pm_name": "成功路", "pm_type": "人行道" },
			"geometry": {
				"type": "Point",
				"coordinates": [121.4885697,25.05102501]
			}
		},
		{
			"type": "Feature",
			"properties": { "pm_name": "成功路", "pm_type": "人行道" },
			"geometry": {
				"type": "Point",
				"coordinates": [121.4884161,25.05111046]
			}
		},
		{
			"type": "Feature",
			"properties": { "pm_name": "成功路", "pm_type": "人行道" },
			"geometry": {
				"type": "Point",
				"coordinates": [121.4882625,25.05119591]
			}
		},
		{
			"type": "Feature",
			"properties": { "pm_name": "成功路", "pm_type": "人行道" },
			"geometry": {
				"type": "Point",
				"coordinates": [121.4881089,25.05128136]
			}
		},
		{
			"type": "Feature",
			"properties": { "pm_name": "成功路", "pm_type": "人行道" },
			"geometry": {
				"type": "Point",
				"coordinates": [121.4879552,25.05136681]
			}
		},
		{
			"type": "Feature",
			"properties": { "pm_name": "成功路", "pm_type": "人行道" },
			"geometry": {
				"type": "Point",
				"coordinates": [121.4878016,25.05145226]
			}
		},
		{
			"type": "Feature",
			"properties": { "pm_name": "成功路", "pm_type": "人行道" },
			"geometry": {
				"type": "Point",
				"coordinates": [121.487648,25.05153771]
			}
		},
		{
			"type": "Feature",
			"properties": { "pm_name": "成功路", "pm_type": "人行道" },
			"geometry": {
				"type": "Point",
				"coordinates": [121.4874944,25.05162316]
			}
		},
		{
			"type": "Feature",
			"properties": { "pm_name": "成功路", "pm_type": "人行道" },
			"geometry": {
				"type": "Point",
				"coordinates": [121.4873407,25.05170861]
			}
		},
		{
			"type": "Feature",
			"properties": { "pm_name": "成功路", "pm_type": "人行道" },
			"geometry": {
				"type": "Point",
				"coordinates": [121.4871871,25.05179406]
			}
		},
		{
			"type": "Feature",
			"properties": { "pm_name": "成功路", "pm_type": "人行道" },
			"geometry": {
				"type": "Point",
				"coordinates": [121.4870642,25.05181436]
			}
		},
		{
			"type": "Feature",
			"properties": { "pm_name": "成功路", "pm_type": "人行道" },
			"geometry": {
				"type": "Point",
				"coordinates": [121.4869553,25.05180914]
			}
		},
		{
			"type": "Feature",
			"properties": { "pm_name": "成功路", "pm_type": "人行道" },
			"geometry": {
				"type": "Point",
				"coordinates": [121.4868464,25.05180391]
			}
		},
		{
			"type": "Feature",
			"properties": { "pm_name": "成功路", "pm_type": "人行道" },
			"geometry": {
				"type": "Point",
				"coordinates": [121.4867375,25.05179868]
			}
		},
		{
			"type": "Feature",
			"properties": { "pm_name": "成功路", "pm_type": "人行道" },
			"geometry": {
				"type": "Point",
				"coordinates": [121.4866286,25.05179345]
			}
		},
		{
			"type": "Feature",
			"properties": { "pm_name": "成功路", "pm_type": "人行道" },
			"geometry": {
				"type": "Point",
				"coordinates": [121.4865197,25.05178822]
			}
		},
		{
			"type": "Feature",
			"properties": { "pm_name": "成功路", "pm_type": "人行道" },
			"geometry": {
				"type": "Point",
				"coordinates": [121.4864107,25.05178299]
			}
		},
		{
			"type": "Feature",
			"properties": { "pm_name": "成功路", "pm_type": "人行道" },
			"geometry": {
				"type": "Point",
				"coordinates": [121.4863018,25.05177776]
			}
		},
		{
			"type": "Feature",
			"properties": { "pm_name": "成功路", "pm_type": "人行道" },
			"geometry": {
				"type": "Point",
				"coordinates": [121.4861929,25.05177253]
			}
		},
		{
			"type": "Feature",
			"properties": { "pm_name": "成功路", "pm_type": "人行道" },
			"geometry": {
				"type": "Point",
				"coordinates": [121.486084,25.0517673]
			}
		},
		{
			"type": "Feature",
			"properties": { "pm_name": "成功路", "pm_type": "人行道" },
			"geometry": {
				"type": "Point",
				"coordinates": [121.4859751,25.05176208]
			}
		},
		{
			"type": "Feature",
			"properties": { "pm_name": "成功路", "pm_type": "人行道" },
			"geometry": {
				"type": "Point",
				"coordinates": [121.4858662,25.05175685]
			}
		},
		{
			"type": "Feature",
			"properties": { "pm_name": "成功路", "pm_type": "人行道" },
			"geometry": {
				"type": "Point",
				"coordinates": [121.4857573,25.05175162]
			}
		},
		{
			"type": "Feature",
			"properties": { "pm_name": "成功路", "pm_type": "人行道" },
			"geometry": {
				"type": "Point",
				"coordinates": [121.4856484,25.05174639]
			}
		},
		{
			"type": "Feature",
			"properties": { "pm_name": "成功路", "pm_type": "人行道" },
			"geometry": {
				"type": "Point",
				"coordinates": [121.4855395,25.05174116]
			}
		},
		{
			"type": "Feature",
			"properties": { "pm_name": "成功路", "pm_type": "人行道" },
			"geometry": {
				"type": "Point",
				"coordinates": [121.4854306,25.05173593]
			}
		},
		{
			"type": "Feature",
			"properties": { "pm_name": "成功路", "pm_type": "人行道" },
			"geometry": {
				"type": "Point",
				"coordinates": [121.4853217,25.0517307]
			}
		},
		{
			"type": "Feature",
			"properties": { "pm_name": "成功路", "pm_type": "人行道" },
			"geometry": {
				"type": "Point",
				"coordinates": [121.4852128,25.05172547]
			}
		},
		{
			"type": "Feature",
			"properties": { "pm_name": "成功路", "pm_type": "人行道" },
			"geometry": {
				"type": "Point",
				"coordinates": [121.4851039,25.05172024]
			}
		},
		{
			"type": "Feature",
			"properties": { "pm_name": "成功路", "pm_type": "人行道" },
			"geometry": {
				"type": "Point",
				"coordinates": [121.484995,25.05171502]
			}
		},
		{
			"type": "Feature",
			"properties": { "pm_name": "成功路", "pm_type": "人行道" },
			"geometry": {
				"type": "Point",
				"coordinates": [121.4848861,25.05170979]
			}
		},
		{
			"type": "Feature",
			"properties": { "pm_name": "成功路", "pm_type": "人行道" },
			"geometry": {
				"type": "Point",
				"coordinates": [121.4847772,25.05170456]
			}
		},
		{
			"type": "Feature",
			"properties": { "pm_name": "秀江街", "pm_type": "人行道" },
			"geometry": {
				"type": "Point",
				"coordinates": [121.5013091,25.07271041]
			}
		},
		{
			"type": "Feature",
			"properties": { "pm_name": "秀江街", "pm_type": "人行道" },
			"geometry": {
				"type": "Point",
				"coordinates": [121.5010538,25.07264699]
			}
		},
		{
			"type": "Feature",
			"properties": { "pm_name": "秀江街", "pm_type": "人行道" },
			"geometry": {
				"type": "Point",
				"coordinates": [121.5007985,25.07258357]
			}
		},
		{
			"type": "Feature",
			"properties": { "pm_name": "秀江街", "pm_type": "人行道" },
			"geometry": {
				"type": "Point",
				"coordinates": [121.5005432,25.07252016]
			}
		},
		{
			"type": "Feature",
			"properties": { "pm_name": "秀江街", "pm_type": "人行道" },
			"geometry": {
				"type": "Point",
				"coordinates": [121.500288,25.07245674]
			}
		},
		{
			"type": "Feature",
			"properties": { "pm_name": "秀江街", "pm_type": "人行道" },
			"geometry": {
				"type": "Point",
				"coordinates": [121.5000327,25.07239333]
			}
		},
		{
			"type": "Feature",
			"properties": { "pm_name": "秀江街", "pm_type": "人行道" },
			"geometry": {
				"type": "Point",
				"coordinates": [121.4997774,25.07232991]
			}
		},
		{
			"type": "Feature",
			"properties": { "pm_name": "秀江街", "pm_type": "人行道" },
			"geometry": {
				"type": "Point",
				"coordinates": [121.4995221,25.07226649]
			}
		},
		{
			"type": "Feature",
			"properties": { "pm_name": "秀江街", "pm_type": "人行道" },
			"geometry": {
				"type": "Point",
				"coordinates": [121.4992668,25.07220308]
			}
		},
		{
			"type": "Feature",
			"properties": { "pm_name": "秀江街", "pm_type": "人行道" },
			"geometry": {
				"type": "Point",
				"coordinates": [121.4990116,25.07213966]
			}
		},
		{
			"type": "Feature",
			"properties": { "pm_name": "秀江街", "pm_type": "人行道" },
			"geometry": {
				"type": "Point",
				"coordinates": [121.4987563,25.07207625]
			}
		},
		{
			"type": "Feature",
			"properties": { "pm_name": "秀江街", "pm_type": "人行道" },
			"geometry": {
				"type": "Point",
				"coordinates": [121.498501,25.07201283]
			}
		},
		{
			"type": "Feature",
			"properties": { "pm_name": "秀江街", "pm_type": "人行道" },
			"geometry": {
				"type": "Point",
				"coordinates": [121.4982457,25.07194941]
			}
		},
		{
			"type": "Feature",
			"properties": { "pm_name": "秀江街", "pm_type": "人行道" },
			"geometry": {
				"type": "Point",
				"coordinates": [121.4979904,25.071886]
			}
		},
		{
			"type": "Feature",
			"properties": { "pm_name": "秀江街", "pm_type": "人行道" },
			"geometry": {
				"type": "Point",
				"coordinates": [121.4977352,25.07182258]
			}
		},
		{
			"type": "Feature",
			"properties": { "pm_name": "秀江街", "pm_type": "人行道" },
			"geometry": {
				"type": "Point",
				"coordinates": [121.4974799,25.07175917]
			}
		},
		{
			"type": "Feature",
			"properties": { "pm_name": "秀江街", "pm_type": "人行道" },
			"geometry": {
				"type": "Point",
				"coordinates": [121.4972246,25.07169575]
			}
		},
		{
			"type": "Feature",
			"properties": { "pm_name": "秀江街", "pm_type": "人行道" },
			"geometry": {
				"type": "Point",
				"coordinates": [121.4969693,25.07163233]
			}
		},
		{
			"type": "Feature",
			"properties": { "pm_name": "秀江街", "pm_type": "人行道" },
			"geometry": {
				"type": "Point",
				"coordinates": [121.496714,25.07156892]
			}
		},
		{
			"type": "Feature",
			"properties": { "pm_name": "秀江街", "pm_type": "人行道" },
			"geometry": {
				"type": "Point",
				"coordinates": [121.4964588,25.0715055]
			}
		},
		{
			"type": "Feature",
			"properties": { "pm_name": "秀江街", "pm_type": "人行道" },
			"geometry": {
				"type": "Point",
				"coordinates": [121.4962035,25.07144209]
			}
		},
		{
			"type": "Feature",
			"properties": { "pm_name": "秀江街", "pm_type": "人行道" },
			"geometry": {
				"type": "Point",
				"coordinates": [121.4959482,25.07137867]
			}
		},
		{
			"type": "Feature",
			"properties": { "pm_name": "秀江街", "pm_type": "人行道" },
			"geometry": {
				"type": "Point",
				"coordinates": [121.4956929,25.07131525]
			}
		},
		{
			"type": "Feature",
			"properties": { "pm_name": "忠孝路", "pm_type": "人行道" },
			"geometry": {
				"type": "Point",
				"coordinates": [121.4927496,25.07168952]
			}
		},
		{
			"type": "Feature",
			"properties": { "pm_name": "忠孝路", "pm_type": "人行道" },
			"geometry": {
				"type": "Point",
				"coordinates": [121.4925564,25.07164498]
			}
		},
		{
			"type": "Feature",
			"properties": { "pm_name": "忠孝路", "pm_type": "人行道" },
			"geometry": {
				"type": "Point",
				"coordinates": [121.4923633,25.07160044]
			}
		},
		{
			"type": "Feature",
			"properties": { "pm_name": "忠孝路", "pm_type": "人行道" },
			"geometry": {
				"type": "Point",
				"coordinates": [121.4921702,25.07155591]
			}
		},
		{
			"type": "Feature",
			"properties": { "pm_name": "忠孝路", "pm_type": "人行道" },
			"geometry": {
				"type": "Point",
				"coordinates": [121.491977,25.07151137]
			}
		},
		{
			"type": "Feature",
			"properties": { "pm_name": "忠孝路", "pm_type": "人行道" },
			"geometry": {
				"type": "Point",
				"coordinates": [121.4917839,25.07146683]
			}
		},
		{
			"type": "Feature",
			"properties": { "pm_name": "忠孝路", "pm_type": "人行道" },
			"geometry": {
				"type": "Point",
				"coordinates": [121.4915907,25.0714223]
			}
		},
		{
			"type": "Feature",
			"properties": { "pm_name": "忠孝路", "pm_type": "人行道" },
			"geometry": {
				"type": "Point",
				"coordinates": [121.4913976,25.07137776]
			}
		},
		{
			"type": "Feature",
			"properties": { "pm_name": "忠孝路", "pm_type": "人行道" },
			"geometry": {
				"type": "Point",
				"coordinates": [121.4912044,25.07133322]
			}
		},
		{
			"type": "Feature",
			"properties": { "pm_name": "忠孝路", "pm_type": "人行道" },
			"geometry": {
				"type": "Point",
				"coordinates": [121.4910113,25.07128869]
			}
		},
		{
			"type": "Feature",
			"properties": { "pm_name": "忠孝路", "pm_type": "人行道" },
			"geometry": {
				"type": "Point",
				"coordinates": [121.4908182,25.07124415]
			}
		},
		{
			"type": "Feature",
			"properties": { "pm_name": "忠孝路", "pm_type": "人行道" },
			"geometry": {
				"type": "Point",
				"coordinates": [121.490625,25.07119962]
			}
		},
		{
			"type": "Feature",
			"properties": { "pm_name": "忠孝路", "pm_type": "人行道" },
			"geometry": {
				"type": "Point",
				"coordinates": [121.4904319,25.07115508]
			}
		},
		{
			"type": "Feature",
			"properties": { "pm_name": "忠孝路", "pm_type": "人行道" },
			"geometry": {
				"type": "Point",
				"coordinates": [121.4902387,25.07111054]
			}
		},
		{
			"type": "Feature",
			"properties": { "pm_name": "忠孝路", "pm_type": "人行道" },
			"geometry": {
				"type": "Point",
				"coordinates": [121.4900456,25.07106601]
			}
		},
		{
			"type": "Feature",
			"properties": { "pm_name": "忠孝路", "pm_type": "人行道" },
			"geometry": {
				"type": "Point",
				"coordinates": [121.4898524,25.07102147]
			}
		},
		{
			"type": "Feature",
			"properties": { "pm_name": "忠孝路", "pm_type": "人行道" },
			"geometry": {
				"type": "Point",
				"coordinates": [121.4896593,25.07097693]
			}
		},
		{
			"type": "Feature",
			"properties": { "pm_name": "忠孝路", "pm_type": "人行道" },
			"geometry": {
				"type": "Point",
				"coordinates": [121.4894661,25.0709324]
			}
		},
		{
			"type": "Feature",
			"properties": { "pm_name": "忠孝路", "pm_type": "人行道" },
			"geometry": {
				"type": "Point",
				"coordinates": [121.489273,25.07088786]
			}
		},
		{
			"type": "Feature",
			"properties": { "pm_name": "忠孝路", "pm_type": "人行道" },
			"geometry": {
				"type": "Point",
				"coordinates": [121.4890799,25.07084332]
			}
		},
		{
			"type": "Feature",
			"properties": { "pm_name": "忠孝路", "pm_type": "人行道" },
			"geometry": {
				"type": "Point",
				"coordinates": [121.4888867,25.07079879]
			}
		},
		{
			"type": "Feature",
			"properties": { "pm_name": "忠孝路", "pm_type": "人行道" },
			"geometry": {
				"type": "Point",
				"coordinates": [121.4886936,25.07075425]
			}
		},
		{
			"type": "Feature",
			"properties": { "pm_name": "忠孝路", "pm_type": "人行道" },
			"geometry": {
				"type": "Point",
				"coordinates": [121.4885004,25.07070971]
			}
		},
		{
			"type": "Feature",
			"properties": { "pm_name": "忠孝路", "pm_type": "人行道" },
			"geometry": {
				"type": "Point",
				"coordinates": [121.4883073,25.07066518]
			}
		},
		{
			"type": "Feature",
			"properties": { "pm_name": "忠孝路", "pm_type": "人行道" },
			"geometry": {
				"type": "Point",
				"coordinates": [121.4881141,25.07062064]
			}
		},
		{
			"type": "Feature",
			"properties": { "pm_name": "忠孝路", "pm_type": "人行道" },
			"geometry": {
				"type": "Point",
				"coordinates": [121.487921,25.07057611]
			}
		},
		{
			"type": "Feature",
			"properties": { "pm_name": "忠孝路", "pm_type": "人行道" },
			"geometry": {
				"type": "Point",
				"coordinates": [121.4877279,25.07053157]
			}
		},
		{
			"type": "Feature",
			"properties": { "pm_name": "忠孝路", "pm_type": "人行道" },
			"geometry": {
				"type": "Point",
				"coordinates": [121.4875347,25.07048703]
			}
		},
		{
			"type": "Feature",
			"properties": { "pm_name": "忠孝路", "pm_type": "人行道" },
			"geometry": {
				"type": "Point",
				"coordinates": [121.4873416,25.0704425]
			}
		},
		{
			"type": "Feature",
			"properties": { "pm_name": "忠孝路", "pm_type": "人行道" },
			"geometry": {
				"type": "Point",
				"coordinates": [121.4871484,25.07039796]
			}
		},
		{
			"type": "Feature",
			"properties": { "pm_name": "忠孝路", "pm_type": "人行道" },
			"geometry": {
				"type": "Point",
				"coordinates": [121.4869553,25.07035342]
			}
		},
		{
			"type": "Feature",
			"properties": { "pm_name": "忠孝路", "pm_type": "人行道" },
			"geometry": {
				"type": "Point",
				"coordinates": [121.4867621,25.07030889]
			}
		},
		{
			"type": "Feature",
			"properties": { "pm_name": "忠孝路", "pm_type": "人行道" },
			"geometry": {
				"type": "Point",
				"coordinates": [121.486569,25.07026435]
			}
		},
		{
			"type": "Feature",
			"properties": { "pm_name": "忠孝路", "pm_type": "人行道" },
			"geometry": {
				"type": "Point",
				"coordinates": [121.4863759,25.07021981]
			}
		},
		{
			"type": "Feature",
			"properties": { "pm_name": "忠孝路", "pm_type": "人行道" },
			"geometry": {
				"type": "Point",
				"coordinates": [121.4861827,25.07017528]
			}
		},
		{
			"type": "Feature",
			"properties": { "pm_name": "忠孝路", "pm_type": "人行道" },
			"geometry": {
				"type": "Point",
				"coordinates": [121.4859896,25.07013074]
			}
		},
		{
			"type": "Feature",
			"properties": { "pm_name": "忠孝路", "pm_type": "人行道" },
			"geometry": {
				"type": "Point",
				"coordinates": [121.4857964,25.0700862]
			}
		},
		{
			"type": "Feature",
			"properties": { "pm_name": "忠孝路", "pm_type": "人行道" },
			"geometry": {
				"type": "Point",
				"coordinates": [121.4856033,25.07004167]
			}
		},
		{
			"type": "Feature",
			"properties": { "pm_name": "忠孝路", "pm_type": "人行道" },
			"geometry": {
				"type": "Point",
				"coordinates": [121.4854101,25.06999713]
			}
		},
		{
			"type": "Feature",
			"properties": { "pm_name": "忠孝路", "pm_type": "人行道" },
			"geometry": {
				"type": "Point",
				"coordinates": [121.485217,25.0699526]
			}
		},
		{
			"type": "Feature",
			"properties": { "pm_name": "忠孝路", "pm_type": "人行道" },
			"geometry": {
				"type": "Point",
				"coordinates": [121.4850238,25.06990806]
			}
		},
		{
			"type": "Feature",
			"properties": { "pm_name": "忠孝路", "pm_type": "人行道" },
			"geometry": {
				"type": "Point",
				"coordinates": [121.4848307,25.06986352]
			}
		},
		{
			"type": "Feature",
			"properties": { "pm_name": "忠孝路", "pm_type": "人行道" },
			"geometry": {
				"type": "Point",
				"coordinates": [121.4846376,25.06981899]
			}
		},
		{
			"type": "Feature",
			"properties": { "pm_name": "忠孝路", "pm_type": "人行道" },
			"geometry": {
				"type": "Point",
				"coordinates": [121.4844444,25.06977445]
			}
		},
		{
			"type": "Feature",
			"properties": { "pm_name": "忠孝路", "pm_type": "人行道" },
			"geometry": {
				"type": "Point",
				"coordinates": [121.4842513,25.06972991]
			}
		},
		{
			"type": "Feature",
			"properties": { "pm_name": "忠孝路", "pm_type": "人行道" },
			"geometry": {
				"type": "Point",
				"coordinates": [121.4840581,25.06968538]
			}
		},
		{
			"type": "Feature",
			"properties": { "pm_name": "忠孝路", "pm_type": "人行道" },
			"geometry": {
				"type": "Point",
				"coordinates": [121.483865,25.06964084]
			}
		},
		{
			"type": "Feature",
			"properties": { "pm_name": "忠孝路", "pm_type": "人行道" },
			"geometry": {
				"type": "Point",
				"coordinates": [121.4837335,25.06959771]
			}
		},
		{
			"type": "Feature",
			"properties": { "pm_name": "忠孝路", "pm_type": "人行道" },
			"geometry": {
				"type": "Point",
				"coordinates": [121.4836473,25.06942721]
			}
		},
		{
			"type": "Feature",
			"properties": { "pm_name": "忠孝路", "pm_type": "人行道" },
			"geometry": {
				"type": "Point",
				"coordinates": [121.4835612,25.06925671]
			}
		},
		{
			"type": "Feature",
			"properties": { "pm_name": "忠孝路", "pm_type": "人行道" },
			"geometry": {
				"type": "Point",
				"coordinates": [121.4834751,25.06908621]
			}
		},
		{
			"type": "Feature",
			"properties": { "pm_name": "忠孝路", "pm_type": "人行道" },
			"geometry": {
				"type": "Point",
				"coordinates": [121.483389,25.06891571]
			}
		},
		{
			"type": "Feature",
			"properties": { "pm_name": "忠孝路", "pm_type": "人行道" },
			"geometry": {
				"type": "Point",
				"coordinates": [121.4833029,25.06874521]
			}
		},
		{
			"type": "Feature",
			"properties": { "pm_name": "忠孝路", "pm_type": "人行道" },
			"geometry": {
				"type": "Point",
				"coordinates": [121.4832168,25.06857471]
			}
		},
		{
			"type": "Feature",
			"properties": { "pm_name": "忠孝路", "pm_type": "人行道" },
			"geometry": {
				"type": "Point",
				"coordinates": [121.4831306,25.06840421]
			}
		},
		{
			"type": "Feature",
			"properties": { "pm_name": "忠孝路", "pm_type": "人行道" },
			"geometry": {
				"type": "Point",
				"coordinates": [121.4830445,25.06823371]
			}
		},
		{
			"type": "Feature",
			"properties": { "pm_name": "忠孝路", "pm_type": "人行道" },
			"geometry": {
				"type": "Point",
				"coordinates": [121.4829584,25.0680632]
			}
		},
		{
			"type": "Feature",
			"properties": { "pm_name": "忠孝路", "pm_type": "人行道" },
			"geometry": {
				"type": "Point",
				"coordinates": [121.4828723,25.0678927]
			}
		},
		{
			"type": "Feature",
			"properties": { "pm_name": "忠孝路", "pm_type": "人行道" },
			"geometry": {
				"type": "Point",
				"coordinates": [121.4827862,25.0677222]
			}
		},
		{
			"type": "Feature",
			"properties": { "pm_name": "忠孝路", "pm_type": "人行道" },
			"geometry": {
				"type": "Point",
				"coordinates": [121.4827,25.0675517]
			}
		},
		{
			"type": "Feature",
			"properties": { "pm_name": "忠孝路", "pm_type": "人行道" },
			"geometry": {
				"type": "Point",
				"coordinates": [121.4826139,25.0673812]
			}
		},
		{
			"type": "Feature",
			"properties": { "pm_name": "忠孝路", "pm_type": "人行道" },
			"geometry": {
				"type": "Point",
				"coordinates": [121.4825278,25.0672107]
			}
		},
		{
			"type": "Feature",
			"properties": { "pm_name": "忠孝路", "pm_type": "人行道" },
			"geometry": {
				"type": "Point",
				"coordinates": [121.4824417,25.0670402]
			}
		},
		{
			"type": "Feature",
			"properties": { "pm_name": "忠孝路", "pm_type": "人行道" },
			"geometry": {
				"type": "Point",
				"coordinates": [121.4823556,25.0668697]
			}
		},
		{
			"type": "Feature",
			"properties": { "pm_name": "忠孝路", "pm_type": "人行道" },
			"geometry": {
				"type": "Point",
				"coordinates": [121.4822695,25.06669919]
			}
		},
		{
			"type": "Feature",
			"properties": { "pm_name": "忠孝路", "pm_type": "人行道" },
			"geometry": {
				"type": "Point",
				"coordinates": [121.4821833,25.06652869]
			}
		},
		{
			"type": "Feature",
			"properties": { "pm_name": "忠孝路", "pm_type": "人行道" },
			"geometry": {
				"type": "Point",
				"coordinates": [121.4820972,25.06635819]
			}
		},
		{
			"type": "Feature",
			"properties": { "pm_name": "忠孝路", "pm_type": "人行道" },
			"geometry": {
				"type": "Point",
				"coordinates": [121.4820111,25.06618769]
			}
		},
		{
			"type": "Feature",
			"properties": { "pm_name": "忠孝路", "pm_type": "人行道" },
			"geometry": {
				"type": "Point",
				"coordinates": [121.481925,25.06601719]
			}
		},
		{
			"type": "Feature",
			"properties": { "pm_name": "忠孝路", "pm_type": "人行道" },
			"geometry": {
				"type": "Point",
				"coordinates": [121.4818389,25.06584669]
			}
		},
		{
			"type": "Feature",
			"properties": { "pm_name": "忠孝路", "pm_type": "人行道" },
			"geometry": {
				"type": "Point",
				"coordinates": [121.4817528,25.06567619]
			}
		},
		{
			"type": "Feature",
			"properties": { "pm_name": "忠孝路", "pm_type": "人行道" },
			"geometry": {
				"type": "Point",
				"coordinates": [121.4816666,25.06550569]
			}
		},
		{
			"type": "Feature",
			"properties": { "pm_name": "忠孝路", "pm_type": "人行道" },
			"geometry": {
				"type": "Point",
				"coordinates": [121.4815805,25.06533519]
			}
		},
		{
			"type": "Feature",
			"properties": { "pm_name": "忠孝路", "pm_type": "人行道" },
			"geometry": {
				"type": "Point",
				"coordinates": [121.4814944,25.06516468]
			}
		},
		{
			"type": "Feature",
			"properties": { "pm_name": "忠孝路", "pm_type": "人行道" },
			"geometry": {
				"type": "Point",
				"coordinates": [121.4814083,25.06499418]
			}
		},
		{
			"type": "Feature",
			"properties": { "pm_name": "忠孝路", "pm_type": "人行道" },
			"geometry": {
				"type": "Point",
				"coordinates": [121.4813222,25.06482368]
			}
		},
		{
			"type": "Feature",
			"properties": { "pm_name": "忠孝路", "pm_type": "人行道" },
			"geometry": {
				"type": "Point",
				"coordinates": [121.481236,25.06465318]
			}
		},
		{
			"type": "Feature",
			"properties": { "pm_name": "忠孝路", "pm_type": "人行道" },
			"geometry": {
				"type": "Point",
				"coordinates": [121.4811499,25.06448268]
			}
		},
		{
			"type": "Feature",
			"properties": { "pm_name": "忠孝路", "pm_type": "人行道" },
			"geometry": {
				"type": "Point",
				"coordinates": [121.4810638,25.06431218]
			}
		},
		{
			"type": "Feature",
			"properties": { "pm_name": "忠孝路", "pm_type": "人行道" },
			"geometry": {
				"type": "Point",
				"coordinates": [121.4809777,25.06414168]
			}
		},
		{
			"type": "Feature",
			"properties": { "pm_name": "忠孝路", "pm_type": "人行道" },
			"geometry": {
				"type": "Point",
				"coordinates": [121.4808916,25.06397118]
			}
		},
		{
			"type": "Feature",
			"properties": { "pm_name": "忠孝路", "pm_type": "人行道" },
			"geometry": {
				"type": "Point",
				"coordinates": [121.4808055,25.06380067]
			}
		},
		{
			"type": "Feature",
			"properties": { "pm_name": "忠孝路", "pm_type": "人行道" },
			"geometry": {
				"type": "Point",
				"coordinates": [121.4807193,25.06363017]
			}
		},
		{
			"type": "Feature",
			"properties": { "pm_name": "忠孝路", "pm_type": "人行道" },
			"geometry": {
				"type": "Point",
				"coordinates": [121.4806332,25.06345967]
			}
		},
		{
			"type": "Feature",
			"properties": { "pm_name": "忠孝路", "pm_type": "人行道" },
			"geometry": {
				"type": "Point",
				"coordinates": [121.4805471,25.06328917]
			}
		},
		{
			"type": "Feature",
			"properties": { "pm_name": "忠孝路", "pm_type": "人行道" },
			"geometry": {
				"type": "Point",
				"coordinates": [121.480461,25.06311867]
			}
		},
		{
			"type": "Feature",
			"properties": { "pm_name": "忠孝路", "pm_type": "人行道" },
			"geometry": {
				"type": "Point",
				"coordinates": [121.4803749,25.06294817]
			}
		},
		{
			"type": "Feature",
			"properties": { "pm_name": "忠孝路", "pm_type": "人行道" },
			"geometry": {
				"type": "Point",
				"coordinates": [121.4802887,25.06277767]
			}
		},
		{
			"type": "Feature",
			"properties": { "pm_name": "忠孝路", "pm_type": "人行道" },
			"geometry": {
				"type": "Point",
				"coordinates": [121.4802026,25.06260717]
			}
		},
		{
			"type": "Feature",
			"properties": { "pm_name": "忠孝路", "pm_type": "人行道" },
			"geometry": {
				"type": "Point",
				"coordinates": [121.4801165,25.06243667]
			}
		},
		{
			"type": "Feature",
			"properties": { "pm_name": "忠孝路", "pm_type": "人行道" },
			"geometry": {
				"type": "Point",
				"coordinates": [121.4800304,25.06226616]
			}
		},
		{
			"type": "Feature",
			"properties": { "pm_name": "忠孝路", "pm_type": "人行道" },
			"geometry": {
				"type": "Point",
				"coordinates": [121.4799443,25.06209566]
			}
		},
		{
			"type": "Feature",
			"properties": { "pm_name": "忠孝路", "pm_type": "人行道" },
			"geometry": {
				"type": "Point",
				"coordinates": [121.4798582,25.06192516]
			}
		},
		{
			"type": "Feature",
			"properties": { "pm_name": "忠孝路", "pm_type": "人行道" },
			"geometry": {
				"type": "Point",
				"coordinates": [121.479772,25.06175466]
			}
		},
		{
			"type": "Feature",
			"properties": { "pm_name": "河邊北街", "pm_type": "人行道" },
			"geometry": {
				"type": "Point",
				"coordinates": [121.5042827,25.06530079]
			}
		},
		{
			"type": "Feature",
			"properties": { "pm_name": "河邊北街", "pm_type": "人行道" },
			"geometry": {
				"type": "Point",
				"coordinates": [121.5042552,25.06550744]
			}
		},
		{
			"type": "Feature",
			"properties": { "pm_name": "河邊北街", "pm_type": "人行道" },
			"geometry": {
				"type": "Point",
				"coordinates": [121.5042277,25.0657141]
			}
		},
		{
			"type": "Feature",
			"properties": { "pm_name": "河邊北街", "pm_type": "人行道" },
			"geometry": {
				"type": "Point",
				"coordinates": [121.5042002,25.06592075]
			}
		},
		{
			"type": "Feature",
			"properties": { "pm_name": "河邊北街", "pm_type": "人行道" },
			"geometry": {
				"type": "Point",
				"coordinates": [121.5041727,25.0661274]
			}
		},
		{
			"type": "Feature",
			"properties": { "pm_name": "河邊北街", "pm_type": "人行道" },
			"geometry": {
				"type": "Point",
				"coordinates": [121.5041452,25.06633406]
			}
		},
		{
			"type": "Feature",
			"properties": { "pm_name": "河邊北街", "pm_type": "人行道" },
			"geometry": {
				"type": "Point",
				"coordinates": [121.5041177,25.06654071]
			}
		},
		{
			"type": "Feature",
			"properties": { "pm_name": "河邊北街", "pm_type": "人行道" },
			"geometry": {
				"type": "Point",
				"coordinates": [121.5040902,25.06674737]
			}
		},
		{
			"type": "Feature",
			"properties": { "pm_name": "河邊北街", "pm_type": "人行道" },
			"geometry": {
				"type": "Point",
				"coordinates": [121.5040627,25.06695402]
			}
		},
		{
			"type": "Feature",
			"properties": { "pm_name": "河邊北街", "pm_type": "人行道" },
			"geometry": {
				"type": "Point",
				"coordinates": [121.5040352,25.06716068]
			}
		},
		{
			"type": "Feature",
			"properties": { "pm_name": "河邊北街", "pm_type": "人行道" },
			"geometry": {
				"type": "Point",
				"coordinates": [121.5040077,25.06736733]
			}
		},
		{
			"type": "Feature",
			"properties": { "pm_name": "河邊北街", "pm_type": "人行道" },
			"geometry": {
				"type": "Point",
				"coordinates": [121.5039802,25.06757398]
			}
		},
		{
			"type": "Feature",
			"properties": { "pm_name": "河邊北街", "pm_type": "人行道" },
			"geometry": {
				"type": "Point",
				"coordinates": [121.5039527,25.06778064]
			}
		},
		{
			"type": "Feature",
			"properties": { "pm_name": "河邊北街", "pm_type": "人行道" },
			"geometry": {
				"type": "Point",
				"coordinates": [121.5039252,25.06798729]
			}
		},
		{
			"type": "Feature",
			"properties": { "pm_name": "河邊北街", "pm_type": "人行道" },
			"geometry": {
				"type": "Point",
				"coordinates": [121.5038977,25.06819395]
			}
		},
		{
			"type": "Feature",
			"properties": { "pm_name": "河邊北街", "pm_type": "人行道" },
			"geometry": {
				"type": "Point",
				"coordinates": [121.5038702,25.0684006]
			}
		},
		{
			"type": "Feature",
			"properties": { "pm_name": "河邊北街", "pm_type": "人行道" },
			"geometry": {
				"type": "Point",
				"coordinates": [121.5038427,25.06860726]
			}
		},
		{
			"type": "Feature",
			"properties": { "pm_name": "河邊北街", "pm_type": "人行道" },
			"geometry": {
				"type": "Point",
				"coordinates": [121.5038152,25.06881391]
			}
		},
		{
			"type": "Feature",
			"properties": { "pm_name": "河邊北街", "pm_type": "人行道" },
			"geometry": {
				"type": "Point",
				"coordinates": [121.5037877,25.06902056]
			}
		},
		{
			"type": "Feature",
			"properties": { "pm_name": "河邊北街", "pm_type": "人行道" },
			"geometry": {
				"type": "Point",
				"coordinates": [121.5037602,25.06922722]
			}
		},
		{
			"type": "Feature",
			"properties": { "pm_name": "河邊北街", "pm_type": "人行道" },
			"geometry": {
				"type": "Point",
				"coordinates": [121.5037327,25.06943387]
			}
		},
		{
			"type": "Feature",
			"properties": { "pm_name": "河邊北街", "pm_type": "人行道" },
			"geometry": {
				"type": "Point",
				"coordinates": [121.5037052,25.06964053]
			}
		},
		{
			"type": "Feature",
			"properties": { "pm_name": "河邊北街", "pm_type": "人行道" },
			"geometry": {
				"type": "Point",
				"coordinates": [121.5036777,25.06984718]
			}
		},
		{
			"type": "Feature",
			"properties": { "pm_name": "河邊北街", "pm_type": "人行道" },
			"geometry": {
				"type": "Point",
				"coordinates": [121.5036502,25.07005384]
			}
		},
		{
			"type": "Feature",
			"properties": { "pm_name": "河邊北街", "pm_type": "人行道" },
			"geometry": {
				"type": "Point",
				"coordinates": [121.5036228,25.07026049]
			}
		},
		{
			"type": "Feature",
			"properties": { "pm_name": "河邊北街", "pm_type": "人行道" },
			"geometry": {
				"type": "Point",
				"coordinates": [121.5035953,25.07046714]
			}
		},
		{
			"type": "Feature",
			"properties": { "pm_name": "河邊北街", "pm_type": "人行道" },
			"geometry": {
				"type": "Point",
				"coordinates": [121.5035678,25.0706738]
			}
		},
		{
			"type": "Feature",
			"properties": { "pm_name": "河邊北街", "pm_type": "人行道" },
			"geometry": {
				"type": "Point",
				"coordinates": [121.5035403,25.07088045]
			}
		},
		{
			"type": "Feature",
			"properties": { "pm_name": "河邊北街", "pm_type": "人行道" },
			"geometry": {
				"type": "Point",
				"coordinates": [121.5035128,25.07108711]
			}
		},
		{
			"type": "Feature",
			"properties": { "pm_name": "河邊北街", "pm_type": "人行道" },
			"geometry": {
				"type": "Point",
				"coordinates": [121.5034853,25.07129376]
			}
		},
		{
			"type": "Feature",
			"properties": { "pm_name": "河邊北街", "pm_type": "人行道" },
			"geometry": {
				"type": "Point",
				"coordinates": [121.5034578,25.07150042]
			}
		},
		{
			"type": "Feature",
			"properties": { "pm_name": "河邊北街", "pm_type": "人行道" },
			"geometry": {
				"type": "Point",
				"coordinates": [121.5034303,25.07170707]
			}
		},
		{
			"type": "Feature",
			"properties": { "pm_name": "河邊北街", "pm_type": "人行道" },
			"geometry": {
				"type": "Point",
				"coordinates": [121.5034028,25.07191372]
			}
		},
		{
			"type": "Feature",
			"properties": { "pm_name": "河邊北街", "pm_type": "人行道" },
			"geometry": {
				"type": "Point",
				"coordinates": [121.5033753,25.07212038]
			}
		},
		{
			"type": "Feature",
			"properties": { "pm_name": "河邊北街", "pm_type": "人行道" },
			"geometry": {
				"type": "Point",
				"coordinates": [121.5033478,25.07232703]
			}
		},
		{
			"type": "Feature",
			"properties": { "pm_name": "河邊北街", "pm_type": "人行道" },
			"geometry": {
				"type": "Point",
				"coordinates": [121.5033203,25.07253369]
			}
		},
		{
			"type": "Feature",
			"properties": { "pm_name": "重安街", "pm_type": "人行道" },
			"geometry": {
				"type": "Point",
				"coordinates": [121.4963567,25.05444138]
			}
		},
		{
			"type": "Feature",
			"properties": { "pm_name": "重安街", "pm_type": "人行道" },
			"geometry": {
				"type": "Point",
				"coordinates": [121.4940536,25.0557482]
			}
		},
		{
			"type": "Feature",
			"properties": { "pm_name": "重安街", "pm_type": "人行道" },
			"geometry": {
				"type": "Point",
				"coordinates": [121.4917505,25.05705501]
			}
		},
		{
			"type": "Feature",
			"properties": { "pm_name": "重安街", "pm_type": "人行道" },
			"geometry": {
				"type": "Point",
				"coordinates": [121.4894475,25.05836183]
			}
		},
		{
			"type": "Feature",
			"properties": { "pm_name": "七虎公園", "pm_type": "公園" },
			"geometry": {
				"type": "Point",
				"coordinates": [121.5020599,25.13649941]
			}
		},
		{
			"type": "Feature",
			"properties": { "pm_name": "七星公園", "pm_type": "公園" },
			"geometry": {
				"type": "Point",
				"coordinates": [121.5030212,25.13661957]
			}
		},
		{
			"type": "Feature",
			"properties": { "pm_name": "八仙公園", "pm_type": "公園" },
			"geometry": {
				"type": "Point",
				"coordinates": [121.502916,25.120286]
			}
		},
		{
			"type": "Feature",
			"properties": { "pm_name": "大豐公園", "pm_type": "公園" },
			"geometry": {
				"type": "Point",
				"coordinates": [121.5037308,25.13194084]
			}
		},
		{
			"type": "Feature",
			"properties": { "pm_name": "中央簡易公園", "pm_type": "公園" },
			"geometry": {
				"type": "Point",
				"coordinates": [121.4999237,25.12809944]
			}
		},
		{
			"type": "Feature",
			"properties": { "pm_name": "中庸1號公園", "pm_type": "公園" },
			"geometry": {
				"type": "Point",
				"coordinates": [121.5012436,25.13804054]
			}
		},
		{
			"type": "Feature",
			"properties": { "pm_name": "丹鳳公園", "pm_type": "公園" },
			"geometry": {
				"type": "Point",
				"coordinates": [121.5109787,25.1264801]
			}
		},
		{
			"type": "Feature",
			"properties": { "pm_name": "公館公園", "pm_type": "公園" },
			"geometry": {
				"type": "Point",
				"coordinates": [121.5064316,25.12799072]
			}
		},
		{
			"type": "Feature",
			"properties": { "pm_name": "天狗庵遺址", "pm_type": "公園" },
			"geometry": {
				"type": "Point",
				"coordinates": [121.5066681,25.13592911]
			}
		},
		{
			"type": "Feature",
			"properties": { "pm_name": "文化1號公園", "pm_type": "公園" },
			"geometry": {
				"type": "Point",
				"coordinates": [121.496462,25.136535]
			}
		},
		{
			"type": "Feature",
			"properties": { "pm_name": "文化2號公園", "pm_type": "公園" },
			"geometry": {
				"type": "Point",
				"coordinates": [121.4968414,25.13643074]
			}
		},
		{
			"type": "Feature",
			"properties": { "pm_name": "文化3號公園", "pm_type": "公園" },
			"geometry": {
				"type": "Point",
				"coordinates": [121.4947128,25.13769913]
			}
		},
		{
			"type": "Feature",
			"properties": {
				"pm_name": "北投258號綠地(承德4號)",
				"pm_type": "公園"
			},
			"geometry": { "type": "Point", "coordinates": [121.51245,25.1019] }
		},
		{
			"type": "Feature",
			"properties": { "pm_name": "北投2號公園", "pm_type": "公園" },
			"geometry": {
				"type": "Point",
				"coordinates": [121.508221,25.13705]
			}
		},
		{
			"type": "Feature",
			"properties": { "pm_name": "北投公園", "pm_type": "公園" },
			"geometry": {
				"type": "Point",
				"coordinates": [121.5047302,25.13656044]
			}
		},
		{
			"type": "Feature",
			"properties": { "pm_name": "北投社三層崎公園", "pm_type": "公園" },
			"geometry": {
				"type": "Point",
				"coordinates": [121.491156,25.14574]
			}
		},
		{
			"type": "Feature",
			"properties": { "pm_name": "石牌公園", "pm_type": "公園" },
			"geometry": {
				"type": "Point",
				"coordinates": [121.5103607,25.11635971]
			}
		},
		{
			"type": "Feature",
			"properties": { "pm_name": "立農公園", "pm_type": "公園" },
			"geometry": {
				"type": "Point",
				"coordinates": [121.5035095,25.11878967]
			}
		},
		{
			"type": "Feature",
			"properties": { "pm_name": "吉利公園", "pm_type": "公園" },
			"geometry": {
				"type": "Point",
				"coordinates": [121.5083695,25.11901093]
			}
		},
		{
			"type": "Feature",
			"properties": { "pm_name": "同德公園", "pm_type": "公園" },
			"geometry": {
				"type": "Point",
				"coordinates": [121.5294495,25.12507057]
			}
		},
		{
			"type": "Feature",
			"properties": { "pm_name": "地熱谷公園", "pm_type": "公園" },
			"geometry": {
				"type": "Point",
				"coordinates": [121.5109787,25.13755989]
			}
		},
		{
			"type": "Feature",
			"properties": { "pm_name": "行義公園", "pm_type": "公園" },
			"geometry": {
				"type": "Point",
				"coordinates": [121.5252304,25.1253891]
			}
		},
		{
			"type": "Feature",
			"properties": { "pm_name": "奇岩1號公園", "pm_type": "公園" },
			"geometry": {
				"type": "Point",
				"coordinates": [121.503698,25.128339]
			}
		},
		{
			"type": "Feature",
			"properties": { "pm_name": "奇岩二號公園", "pm_type": "公園" },
			"geometry": {
				"type": "Point",
				"coordinates": [121.5036926,25.12649918]
			}
		},
		{
			"type": "Feature",
			"properties": { "pm_name": "奇岩三號公園", "pm_type": "公園" },
			"geometry": {
				"type": "Point",
				"coordinates": [121.5052185,25.12598038]
			}
		},
		{
			"type": "Feature",
			"properties": { "pm_name": "東華公園", "pm_type": "公園" },
			"geometry": {
				"type": "Point",
				"coordinates": [121.5070725,25.12183952]
			}
		},
		{
			"type": "Feature",
			"properties": { "pm_name": "林泉公園", "pm_type": "公園" },
			"geometry": {
				"type": "Point",
				"coordinates": [121.51482,25.14133]
			}
		},
		{
			"type": "Feature",
			"properties": { "pm_name": "知行公園", "pm_type": "公園" },
			"geometry": {
				"type": "Point",
				"coordinates": [121.4666519,25.11973]
			}
		},
		{
			"type": "Feature",
			"properties": { "pm_name": "長安公園", "pm_type": "公園" },
			"geometry": {
				"type": "Point",
				"coordinates": [121.5001602,25.13555908]
			}
		},
		{
			"type": "Feature",
			"properties": { "pm_name": "前山公園", "pm_type": "公園" },
			"geometry": {
				"type": "Point",
				"coordinates": [121.5484437,25.15057652]
			}
		},
		{
			"type": "Feature",
			"properties": { "pm_name": "建民公園", "pm_type": "公園" },
			"geometry": {
				"type": "Point",
				"coordinates": [121.519809,25.104744]
			}
		},
		{
			"type": "Feature",
			"properties": { "pm_name": "泉源47號公園", "pm_type": "公園" },
			"geometry": {
				"type": "Point",
				"coordinates": [121.5124588,25.14209938]
			}
		},
		{
			"type": "Feature",
			"properties": { "pm_name": "泉源48號公園", "pm_type": "公園" },
			"geometry": {
				"type": "Point",
				"coordinates": [121.5071564,25.14193916]
			}
		},
		{
			"type": "Feature",
			"properties": { "pm_name": "洲美(公4)公園", "pm_type": "公園" },
			"geometry": {
				"type": "Point",
				"coordinates": [121.506347,25.100089]
			}
		},
		{
			"type": "Feature",
			"properties": { "pm_name": "洲美蜆仔港公園", "pm_type": "公園" },
			"geometry": {
				"type": "Point",
				"coordinates": [121.5111864,25.10099711]
			}
		},
		{
			"type": "Feature",
			"properties": { "pm_name": "致遠公園", "pm_type": "公園" },
			"geometry": {
				"type": "Point",
				"coordinates": [121.5150528,25.11127091]
			}
		},
		{
			"type": "Feature",
			"properties": { "pm_name": "重三公園", "pm_type": "公園" },
			"geometry": {
				"type": "Point",
				"coordinates": [121.4892883,25.14015961]
			}
		},
		{
			"type": "Feature",
			"properties": { "pm_name": "振華公園", "pm_type": "公園" },
			"geometry": {
				"type": "Point",
				"coordinates": [121.5188522,25.11516953]
			}
		},
		{
			"type": "Feature",
			"properties": { "pm_name": "振興公園", "pm_type": "公園" },
			"geometry": {
				"type": "Point",
				"coordinates": [121.5230408,25.11821938]
			}
		},
		{
			"type": "Feature",
			"properties": { "pm_name": "桂花公園", "pm_type": "公園" },
			"geometry": {
				"type": "Point",
				"coordinates": [121.5102234,25.13791084]
			}
		},
		{
			"type": "Feature",
			"properties": { "pm_name": "桃源公園", "pm_type": "公園" },
			"geometry": {
				"type": "Point",
				"coordinates": [121.4827576,25.13806915]
			}
		},
		{
			"type": "Feature",
			"properties": { "pm_name": "健行公園", "pm_type": "公園" },
			"geometry": {
				"type": "Point",
				"coordinates": [121.5088272,25.1212101]
			}
		},
		{
			"type": "Feature",
			"properties": { "pm_name": "崇仰公園", "pm_type": "公園" },
			"geometry": {
				"type": "Point",
				"coordinates": [121.51106,25.12609]
			}
		},
		{
			"type": "Feature",
			"properties": { "pm_name": "清江1公園", "pm_type": "公園" },
			"geometry": {
				"type": "Point",
				"coordinates": [121.5024796,25.1239109]
			}
		},
		{
			"type": "Feature",
			"properties": { "pm_name": "清江二公園", "pm_type": "公園" },
			"geometry": {
				"type": "Point",
				"coordinates": [121.5018921,25.12368012]
			}
		},
		{
			"type": "Feature",
			"properties": { "pm_name": "軟橋公園", "pm_type": "公園" },
			"geometry": {
				"type": "Point",
				"coordinates": [121.517613,25.103102]
			}
		},
		{
			"type": "Feature",
			"properties": { "pm_name": "復興公園", "pm_type": "公園" },
			"geometry": {
				"type": "Point",
				"coordinates": [121.5032272,25.1396904]
			}
		},
		{
			"type": "Feature",
			"properties": { "pm_name": "開明公園", "pm_type": "公園" },
			"geometry": {
				"type": "Point",
				"coordinates": [121.5053177,25.14113045]
			}
		},
		{
			"type": "Feature",
			"properties": { "pm_name": "陽明公園", "pm_type": "公園" },
			"geometry": {
				"type": "Point",
				"coordinates": [121.5390112,25.15901675]
			}
		},
		{
			"type": "Feature",
			"properties": { "pm_name": "新興公園", "pm_type": "公園" },
			"geometry": {
				"type": "Point",
				"coordinates": [121.48703,25.13934]
			}
		},
		{
			"type": "Feature",
			"properties": { "pm_name": "溫泉綠地", "pm_type": "公園" },
			"geometry": {
				"type": "Point",
				"coordinates": [121.512342,25.138933]
			}
		},
		{
			"type": "Feature",
			"properties": { "pm_name": "聖景一公園", "pm_type": "公園" },
			"geometry": {
				"type": "Point",
				"coordinates": [121.46351,25.12045]
			}
		},
		{
			"type": "Feature",
			"properties": { "pm_name": "聖景二公園", "pm_type": "公園" },
			"geometry": {
				"type": "Point",
				"coordinates": [121.46381,25.12038]
			}
		},
		{
			"type": "Feature",
			"properties": { "pm_name": "聖景三公園", "pm_type": "公園" },
			"geometry": {
				"type": "Point",
				"coordinates": [121.46382,25.12046]
			}
		},
		{
			"type": "Feature",
			"properties": { "pm_name": "榮光公園", "pm_type": "公園" },
			"geometry": {
				"type": "Point",
				"coordinates": [121.51429,25.11472]
			}
		},
		{
			"type": "Feature",
			"properties": { "pm_name": "榮富公園", "pm_type": "公園" },
			"geometry": {
				"type": "Point",
				"coordinates": [121.5247269,25.1142292]
			}
		},
		{
			"type": "Feature",
			"properties": { "pm_name": "榮華公園", "pm_type": "公園" },
			"geometry": {
				"type": "Point",
				"coordinates": [121.5219879,25.11054993]
			}
		},
		{
			"type": "Feature",
			"properties": { "pm_name": "福星(公1)公園", "pm_type": "公園" },
			"geometry": {
				"type": "Point",
				"coordinates": [121.512326,25.108828]
			}
		},
		{
			"type": "Feature",
			"properties": { "pm_name": "稻中公園", "pm_type": "公園" },
			"geometry": {
				"type": "Point",
				"coordinates": [121.4892807,25.13862991]
			}
		},
		{
			"type": "Feature",
			"properties": { "pm_name": "稻香公園", "pm_type": "公園" },
			"geometry": {
				"type": "Point",
				"coordinates": [121.4885788,25.14094925]
			}
		},
		{
			"type": "Feature",
			"properties": { "pm_name": "線形公園(一德里)", "pm_type": "公園" },
			"geometry": {
				"type": "Point",
				"coordinates": [121.471619,25.129796]
			}
		},
		{
			"type": "Feature",
			"properties": {
				"pm_name": "線形公園(中央北路3段)",
				"pm_type": "公園"
			},
			"geometry": {
				"type": "Point",
				"coordinates": [121.48244,25.13687]
			}
		},
		{
			"type": "Feature",
			"properties": {
				"pm_name": "線形公園-芝山明德段",
				"pm_type": "公園"
			},
			"geometry": {
				"type": "Point",
				"coordinates": [121.51714,25.1123725]
			}
		},
		{
			"type": "Feature",
			"properties": { "pm_name": "學園公園", "pm_type": "公園" },
			"geometry": {
				"type": "Point",
				"coordinates": [121.4663467,25.1282692]
			}
		},
		{
			"type": "Feature",
			"properties": { "pm_name": "磺港公園", "pm_type": "公園" },
			"geometry": {
				"type": "Point",
				"coordinates": [121.50446,25.130512]
			}
		},
		{
			"type": "Feature",
			"properties": { "pm_name": "豐年公園", "pm_type": "公園" },
			"geometry": {
				"type": "Point",
				"coordinates": [121.4966583,25.13600922]
			}
		},
		{
			"type": "Feature",
			"properties": { "pm_name": "關渡公園", "pm_type": "公園" },
			"geometry": {
				"type": "Point",
				"coordinates": [121.46369,25.11973]
			}
		},
		{
			"type": "Feature",
			"properties": { "pm_name": "觀海公園", "pm_type": "公園" },
			"geometry": {
				"type": "Point",
				"coordinates": [121.4634476,25.12358093]
			}
		},
		{
			"type": "Feature",
			"properties": { "pm_name": "嗄嘮別公園", "pm_type": "公園" },
			"geometry": {
				"type": "Point",
				"coordinates": [121.4844208,25.14035034]
			}
		},
		{
			"type": "Feature",
			"properties": {
				"pm_name": "大業綠地(北投163號)",
				"pm_type": "綠地"
			},
			"geometry": {
				"type": "Point",
				"coordinates": [121.4905396,25.13624001]
			}
		},
		{
			"type": "Feature",
			"properties": { "pm_name": "中和綠地", "pm_type": "綠地" },
			"geometry": {
				"type": "Point",
				"coordinates": [121.4988022,25.14188004]
			}
		},
		{
			"type": "Feature",
			"properties": { "pm_name": "天溪綠地", "pm_type": "綠地" },
			"geometry": { "type": "Point", "coordinates": [121.5301,25.13519] }
		},
		{
			"type": "Feature",
			"properties": { "pm_name": "文化綠地", "pm_type": "綠地" },
			"geometry": {
				"type": "Point",
				"coordinates": [121.498406,25.137449]
			}
		},
		{
			"type": "Feature",
			"properties": { "pm_name": "北投106號綠地", "pm_type": "綠地" },
			"geometry": {
				"type": "Point",
				"coordinates": [121.5209045,25.11108208]
			}
		},
		{
			"type": "Feature",
			"properties": { "pm_name": "北投120號綠地", "pm_type": "綠地" },
			"geometry": {
				"type": "Point",
				"coordinates": [121.501115,25.120132]
			}
		},
		{
			"type": "Feature",
			"properties": { "pm_name": "北投121號綠地", "pm_type": "綠地" },
			"geometry": {
				"type": "Point",
				"coordinates": [121.5049896,25.11664009]
			}
		},
		{
			"type": "Feature",
			"properties": { "pm_name": "北投122號綠地", "pm_type": "綠地" },
			"geometry": {
				"type": "Point",
				"coordinates": [121.5089264,25.11306953]
			}
		},
		{
			"type": "Feature",
			"properties": { "pm_name": "北投123號綠地", "pm_type": "綠地" },
			"geometry": {
				"type": "Point",
				"coordinates": [121.503849,25.117135]
			}
		},
		{
			"type": "Feature",
			"properties": { "pm_name": "北投124號綠地", "pm_type": "綠地" },
			"geometry": {
				"type": "Point",
				"coordinates": [121.506329,25.114865]
			}
		},
		{
			"type": "Feature",
			"properties": { "pm_name": "北投135號綠地", "pm_type": "綠地" },
			"geometry": {
				"type": "Point",
				"coordinates": [121.5103073,25.11183929]
			}
		},
		{
			"type": "Feature",
			"properties": { "pm_name": "北投138號綠地", "pm_type": "綠地" },
			"geometry": {
				"type": "Point",
				"coordinates": [121.502739,25.11441994]
			}
		},
		{
			"type": "Feature",
			"properties": { "pm_name": "北投139號綠地", "pm_type": "綠地" },
			"geometry": {
				"type": "Point",
				"coordinates": [121.5031281,25.11502075]
			}
		},
		{
			"type": "Feature",
			"properties": { "pm_name": "北投160號綠地", "pm_type": "綠地" },
			"geometry": {
				"type": "Point",
				"coordinates": [121.496586,25.135316]
			}
		},
		{
			"type": "Feature",
			"properties": {
				"pm_name": "北投161號綠地 (田心仔綠地)",
				"pm_type": "綠地"
			},
			"geometry": {
				"type": "Point",
				"coordinates": [121.4949265,25.13513947]
			}
		},
		{
			"type": "Feature",
			"properties": { "pm_name": "北投164號綠地", "pm_type": "綠地" },
			"geometry": {
				"type": "Point",
				"coordinates": [121.4959793,25.13344955]
			}
		},
		{
			"type": "Feature",
			"properties": { "pm_name": "北投165號綠地", "pm_type": "綠地" },
			"geometry": {
				"type": "Point",
				"coordinates": [121.4962387,25.13175964]
			}
		},
		{
			"type": "Feature",
			"properties": { "pm_name": "北投166號綠地", "pm_type": "綠地" },
			"geometry": {
				"type": "Point",
				"coordinates": [121.496872,25.13051033]
			}
		},
		{
			"type": "Feature",
			"properties": { "pm_name": "北投167號綠地", "pm_type": "綠地" },
			"geometry": {
				"type": "Point",
				"coordinates": [121.497707,25.128405]
			}
		},
		{
			"type": "Feature",
			"properties": { "pm_name": "北投168號綠地", "pm_type": "綠地" },
			"geometry": {
				"type": "Point",
				"coordinates": [121.4991913,25.12437058]
			}
		},
		{
			"type": "Feature",
			"properties": { "pm_name": "北投169號綠地", "pm_type": "綠地" },
			"geometry": {
				"type": "Point",
				"coordinates": [121.499533,25.12072]
			}
		},
		{
			"type": "Feature",
			"properties": { "pm_name": "北投181號一德綠地", "pm_type": "綠地" },
			"geometry": {
				"type": "Point",
				"coordinates": [121.4647675,25.12393951]
			}
		},
		{
			"type": "Feature",
			"properties": { "pm_name": "北投182號綠地", "pm_type": "綠地" },
			"geometry": {
				"type": "Point",
				"coordinates": [121.4677277,25.12339973]
			}
		},
		{
			"type": "Feature",
			"properties": { "pm_name": "北投183號綠地", "pm_type": "綠地" },
			"geometry": {
				"type": "Point",
				"coordinates": [121.4718628,25.12301064]
			}
		},
		{
			"type": "Feature",
			"properties": { "pm_name": "北投185號綠地", "pm_type": "綠地" },
			"geometry": {
				"type": "Point",
				"coordinates": [121.464987,25.123425]
			}
		},
		{
			"type": "Feature",
			"properties": { "pm_name": "北投186號綠地", "pm_type": "綠地" },
			"geometry": {
				"type": "Point",
				"coordinates": [121.4665299,25.12302971]
			}
		},
		{
			"type": "Feature",
			"properties": { "pm_name": "北投187號綠地", "pm_type": "綠地" },
			"geometry": {
				"type": "Point",
				"coordinates": [121.4682922,25.12290955]
			}
		},
		{
			"type": "Feature",
			"properties": { "pm_name": "北投188號綠地", "pm_type": "綠地" },
			"geometry": {
				"type": "Point",
				"coordinates": [121.4705582,25.12274933]
			}
		},
		{
			"type": "Feature",
			"properties": { "pm_name": "北投191號綠地", "pm_type": "綠地" },
			"geometry": {
				"type": "Point",
				"coordinates": [121.4808426,25.12248993]
			}
		},
		{
			"type": "Feature",
			"properties": { "pm_name": "北投192號綠地", "pm_type": "綠地" },
			"geometry": {
				"type": "Point",
				"coordinates": [121.4809113,25.12208939]
			}
		},
		{
			"type": "Feature",
			"properties": { "pm_name": "北投203號綠地", "pm_type": "綠地" },
			"geometry": { "type": "Point", "coordinates": [121.5031,25.12065] }
		},
		{
			"type": "Feature",
			"properties": {
				"pm_name": "北投257號綠地(承德3號)",
				"pm_type": "綠地"
			},
			"geometry": {
				"type": "Point",
				"coordinates": [121.512199,25.10442]
			}
		},
		{
			"type": "Feature",
			"properties": { "pm_name": "北投39號綠地", "pm_type": "綠地" },
			"geometry": {
				"type": "Point",
				"coordinates": [121.462777,25.121984]
			}
		},
		{
			"type": "Feature",
			"properties": { "pm_name": "北投62號綠地", "pm_type": "綠地" },
			"geometry": {
				"type": "Point",
				"coordinates": [121.503215,25.129382]
			}
		},
		{
			"type": "Feature",
			"properties": { "pm_name": "北投63號綠地", "pm_type": "綠地" },
			"geometry": {
				"type": "Point",
				"coordinates": [121.5033417,25.12759018]
			}
		},
		{
			"type": "Feature",
			"properties": { "pm_name": "北投64號綠地", "pm_type": "綠地" },
			"geometry": {
				"type": "Point",
				"coordinates": [121.503285,25.126383]
			}
		},
		{
			"type": "Feature",
			"properties": { "pm_name": "北投65號綠地", "pm_type": "綠地" },
			"geometry": {
				"type": "Point",
				"coordinates": [121.5030518,25.1246891]
			}
		},
		{
			"type": "Feature",
			"properties": { "pm_name": "北投66號綠地", "pm_type": "綠地" },
			"geometry": {
				"type": "Point",
				"coordinates": [121.5029602,25.12373924]
			}
		},
		{
			"type": "Feature",
			"properties": { "pm_name": "北投69號綠地", "pm_type": "綠地" },
			"geometry": {
				"type": "Point",
				"coordinates": [121.5120392,25.12602043]
			}
		},
		{
			"type": "Feature",
			"properties": { "pm_name": "北投90號綠地", "pm_type": "綠地" },
			"geometry": {
				"type": "Point",
				"coordinates": [121.5203323,25.11861992]
			}
		},
		{
			"type": "Feature",
			"properties": { "pm_name": "北投91號綠地", "pm_type": "綠地" },
			"geometry": {
				"type": "Point",
				"coordinates": [121.521637,25.11903]
			}
		},
		{
			"type": "Feature",
			"properties": { "pm_name": "北投92號綠地", "pm_type": "綠地" },
			"geometry": {
				"type": "Point",
				"coordinates": [121.5222778,25.11926079]
			}
		},
		{
			"type": "Feature",
			"properties": { "pm_name": "北投98號綠地", "pm_type": "綠地" },
			"geometry": {
				"type": "Point",
				"coordinates": [121.5155029,25.11565971]
			}
		},
		{
			"type": "Feature",
			"properties": { "pm_name": "永和綠地", "pm_type": "綠地" },
			"geometry": {
				"type": "Point",
				"coordinates": [121.5279312,25.12791061]
			}
		},
		{
			"type": "Feature",
			"properties": { "pm_name": "永欣綠地", "pm_type": "綠地" },
			"geometry": {
				"type": "Point",
				"coordinates": [121.52695,25.12384]
			}
		},
		{
			"type": "Feature",
			"properties": { "pm_name": "安明綠地", "pm_type": "綠地" },
			"geometry": {
				"type": "Point",
				"coordinates": [121.502133,25.135616]
			}
		},
		{
			"type": "Feature",
			"properties": { "pm_name": "奇岩4號綠地", "pm_type": "綠地" },
			"geometry": {
				"type": "Point",
				"coordinates": [121.5055466,25.12603951]
			}
		},
		{
			"type": "Feature",
			"properties": { "pm_name": "忠義公園", "pm_type": "綠地" },
			"geometry": {
				"type": "Point",
				"coordinates": [121.4779205,25.1350193]
			}
		},
		{
			"type": "Feature",
			"properties": { "pm_name": "承仙綠地", "pm_type": "綠地" },
			"geometry": {
				"type": "Point",
				"coordinates": [121.5026321,25.11968041]
			}
		},
		{
			"type": "Feature",
			"properties": { "pm_name": "明德公園", "pm_type": "綠地" },
			"geometry": {
				"type": "Point",
				"coordinates": [121.5209808,25.10725975]
			}
		},
		{
			"type": "Feature",
			"properties": { "pm_name": "林投坑(一)綠地", "pm_type": "綠地" },
			"geometry": {
				"type": "Point",
				"coordinates": [121.4893723,25.13674927]
			}
		},
		{
			"type": "Feature",
			"properties": { "pm_name": "林投坑(二)綠地", "pm_type": "綠地" },
			"geometry": {
				"type": "Point",
				"coordinates": [121.4890976,25.13651085]
			}
		},
		{
			"type": "Feature",
			"properties": { "pm_name": "湖山綠地", "pm_type": "綠地" },
			"geometry": {
				"type": "Point",
				"coordinates": [121.5438304,25.1517873]
			}
		},
		{
			"type": "Feature",
			"properties": { "pm_name": "番仔厝綠地", "pm_type": "綠地" },
			"geometry": {
				"type": "Point",
				"coordinates": [121.495903,25.13413048]
			}
		},
		{
			"type": "Feature",
			"properties": { "pm_name": "磅空頂綠地", "pm_type": "綠地" },
			"geometry": {
				"type": "Point",
				"coordinates": [121.4650726,25.12298012]
			}
		},
		{
			"type": "Feature",
			"properties": { "pm_name": "櫻花崗公園", "pm_type": "綠地" },
			"geometry": {
				"type": "Point",
				"coordinates": [121.52616,25.12349]
			}
		},
		{
			"type": "Feature",
			"properties": { "pm_name": "北投3號廣場", "pm_type": "廣場" },
			"geometry": {
				"type": "Point",
				"coordinates": [121.4978409,25.13195992]
			}
		},
		{
			"type": "Feature",
			"properties": { "pm_name": "41號公園", "pm_type": "公園" },
			"geometry": { "type": "Point", "coordinates": [121.5644,25.10709] }
		},
		{
			"type": "Feature",
			"properties": { "pm_name": "士林官邸公園", "pm_type": "公園" },
			"geometry": {
				"type": "Point",
				"coordinates": [121.5301514,25.09490013]
			}
		},
		{
			"type": "Feature",
			"properties": { "pm_name": "山仔后公園", "pm_type": "公園" },
			"geometry": {
				"type": "Point",
				"coordinates": [121.5456355,25.13729103]
			}
		},
		{
			"type": "Feature",
			"properties": { "pm_name": "天母公園", "pm_type": "公園" },
			"geometry": {
				"type": "Point",
				"coordinates": [121.530518,25.1259089]
			}
		},
		{
			"type": "Feature",
			"properties": { "pm_name": "天和一號公園", "pm_type": "公園" },
			"geometry": {
				"type": "Point",
				"coordinates": [121.53471,25.11844]
			}
		},
		{
			"type": "Feature",
			"properties": { "pm_name": "天和公園", "pm_type": "公園" },
			"geometry": {
				"type": "Point",
				"coordinates": [121.533989,25.11981964]
			}
		},
		{
			"type": "Feature",
			"properties": { "pm_name": "天壽公園", "pm_type": "公園" },
			"geometry": {
				"type": "Point",
				"coordinates": [121.5256861,25.1140282]
			}
		},
		{
			"type": "Feature",
			"properties": { "pm_name": "天壽綠地", "pm_type": "公園" },
			"geometry": {
				"type": "Point",
				"coordinates": [121.5256861,25.1140282]
			}
		},
		{
			"type": "Feature",
			"properties": { "pm_name": "天壽綠地", "pm_type": "公園" },
			"geometry": {
				"type": "Point",
				"coordinates": [121.5256861,25.1140282]
			}
		},
		{
			"type": "Feature",
			"properties": { "pm_name": "天福2號公園", "pm_type": "公園" },
			"geometry": {
				"type": "Point",
				"coordinates": [121.5316086,25.11709023]
			}
		},
		{
			"type": "Feature",
			"properties": { "pm_name": "外雙溪公園", "pm_type": "公園" },
			"geometry": {
				"type": "Point",
				"coordinates": [121.5523911,25.10127068]
			}
		},
		{
			"type": "Feature",
			"properties": { "pm_name": "仰德一號公園", "pm_type": "公園" },
			"geometry": {
				"type": "Point",
				"coordinates": [121.5377808,25.10007095]
			}
		},
		{
			"type": "Feature",
			"properties": { "pm_name": "仰德二號公園", "pm_type": "公園" },
			"geometry": {
				"type": "Point",
				"coordinates": [121.5382767,25.09999085]
			}
		},
		{
			"type": "Feature",
			"properties": { "pm_name": "名山公園", "pm_type": "公園" },
			"geometry": {
				"type": "Point",
				"coordinates": [121.5323715,25.10154915]
			}
		},
		{
			"type": "Feature",
			"properties": { "pm_name": "至善公園", "pm_type": "公園" },
			"geometry": {
				"type": "Point",
				"coordinates": [121.5382919,25.09819031]
			}
		},
		{
			"type": "Feature",
			"properties": { "pm_name": "至誠公園", "pm_type": "公園" },
			"geometry": {
				"type": "Point",
				"coordinates": [121.5366821,25.10108948]
			}
		},
		{
			"type": "Feature",
			"properties": { "pm_name": "至德園公園", "pm_type": "公園" },
			"geometry": {
				"type": "Point",
				"coordinates": [121.546402,25.09840012]
			}
		},
		{
			"type": "Feature",
			"properties": { "pm_name": "住六(公一)公園", "pm_type": "公園" },
			"geometry": {
				"type": "Point",
				"coordinates": [121.5594925,25.13691396]
			}
		},
		{
			"type": "Feature",
			"properties": { "pm_name": "住六(公二)公園", "pm_type": "公園" },
			"geometry": {
				"type": "Point",
				"coordinates": [121.5576499,25.13760535]
			}
		},
		{
			"type": "Feature",
			"properties": { "pm_name": "克強公園", "pm_type": "公園" },
			"geometry": {
				"type": "Point",
				"coordinates": [121.521967,25.10798596]
			}
		},
		{
			"type": "Feature",
			"properties": { "pm_name": "志成公園", "pm_type": "公園" },
			"geometry": {
				"type": "Point",
				"coordinates": [121.53086,25.09669]
			}
		},
		{
			"type": "Feature",
			"properties": { "pm_name": "忠誠公園", "pm_type": "公園" },
			"geometry": {
				"type": "Point",
				"coordinates": [121.5257416,25.10342026]
			}
		},
		{
			"type": "Feature",
			"properties": { "pm_name": "承德公園", "pm_type": "公園" },
			"geometry": {
				"type": "Point",
				"coordinates": [121.5219803,25.08966065]
			}
		},
		{
			"type": "Feature",
			"properties": { "pm_name": "明勝公園", "pm_type": "公園" },
			"geometry": {
				"type": "Point",
				"coordinates": [121.519187,25.079968]
			}
		},
		{
			"type": "Feature",
			"properties": { "pm_name": "東和公園", "pm_type": "公園" },
			"geometry": {
				"type": "Point",
				"coordinates": [121.5336861,25.1226002]
			}
		},
		{
			"type": "Feature",
			"properties": { "pm_name": "社子公園", "pm_type": "公園" },
			"geometry": {
				"type": "Point",
				"coordinates": [121.5060272,25.09037018]
			}
		},
		{
			"type": "Feature",
			"properties": {
				"pm_name": "社子島福安里堤防綠地",
				"pm_type": "公園"
			},
			"geometry": {
				"type": "Point",
				"coordinates": [121.4964373,25.09814157]
			}
		},
		{
			"type": "Feature",
			"properties": { "pm_name": "社正公園", "pm_type": "公園" },
			"geometry": {
				"type": "Point",
				"coordinates": [121.5104218,25.08749962]
			}
		},
		{
			"type": "Feature",
			"properties": { "pm_name": "芝山公園", "pm_type": "公園" },
			"geometry": {
				"type": "Point",
				"coordinates": [121.5317764,25.10236931]
			}
		},
		{
			"type": "Feature",
			"properties": { "pm_name": "花卉試驗中心", "pm_type": "公園" },
			"geometry": {
				"type": "Point",
				"coordinates": [121.5444106,25.13501543]
			}
		},
		{
			"type": "Feature",
			"properties": { "pm_name": "前港公園", "pm_type": "公園" },
			"geometry": {
				"type": "Point",
				"coordinates": [121.5201556,25.0860629]
			}
		},
		{
			"type": "Feature",
			"properties": { "pm_name": "後港公園", "pm_type": "公園" },
			"geometry": {
				"type": "Point",
				"coordinates": [121.514454,25.093237]
			}
		},
		{
			"type": "Feature",
			"properties": { "pm_name": "美崙公園", "pm_type": "公園" },
			"geometry": {
				"type": "Point",
				"coordinates": [121.5172195,25.09737968]
			}
		},
		{
			"type": "Feature",
			"properties": {
				"pm_name": "原住民文化主題公園",
				"pm_type": "公園"
			},
			"geometry": {
				"type": "Point",
				"coordinates": [121.5507507,25.10157013]
			}
		},
		{
			"type": "Feature",
			"properties": { "pm_name": "海光公園", "pm_type": "公園" },
			"geometry": {
				"type": "Point",
				"coordinates": [121.5078812,25.08185005]
			}
		},
		{
			"type": "Feature",
			"properties": { "pm_name": "基河公園", "pm_type": "公園" },
			"geometry": {
				"type": "Point",
				"coordinates": [121.5240173,25.08003998]
			}
		},
		{
			"type": "Feature",
			"properties": {
				"pm_name": "基隆河沖洗溝加蓋綠地",
				"pm_type": "公園"
			},
			"geometry": {
				"type": "Point",
				"coordinates": [121.5231628,25.08404923]
			}
		},
		{
			"type": "Feature",
			"properties": { "pm_name": "華聲公園", "pm_type": "公園" },
			"geometry": {
				"type": "Point",
				"coordinates": [121.5224915,25.09597969]
			}
		},
		{
			"type": "Feature",
			"properties": { "pm_name": "華齡公園", "pm_type": "公園" },
			"geometry": {
				"type": "Point",
				"coordinates": [121.5231628,25.08404923]
			}
		},
		{
			"type": "Feature",
			"properties": { "pm_name": "新佳公園", "pm_type": "公園" },
			"geometry": {
				"type": "Point",
				"coordinates": [121.5194931,25.09863091]
			}
		},
		{
			"type": "Feature",
			"properties": { "pm_name": "福中公園", "pm_type": "公園" },
			"geometry": {
				"type": "Point",
				"coordinates": [121.518837,25.08791924]
			}
		},
		{
			"type": "Feature",
			"properties": { "pm_name": "福志公園", "pm_type": "公園" },
			"geometry": {
				"type": "Point",
				"coordinates": [121.5340576,25.09905052]
			}
		},
		{
			"type": "Feature",
			"properties": { "pm_name": "福林公園", "pm_type": "公園" },
			"geometry": {
				"type": "Point",
				"coordinates": [121.5294724,25.0958004]
			}
		},
		{
			"type": "Feature",
			"properties": { "pm_name": "福華公園", "pm_type": "公園" },
			"geometry": {
				"type": "Point",
				"coordinates": [121.5189218,25.0821799]
			}
		},
		{
			"type": "Feature",
			"properties": { "pm_name": "福順公園", "pm_type": "公園" },
			"geometry": {
				"type": "Point",
				"coordinates": [121.5111313,25.08234978]
			}
		},
		{
			"type": "Feature",
			"properties": { "pm_name": "翠山公園", "pm_type": "公園" },
			"geometry": {
				"type": "Point",
				"coordinates": [121.56995,25.10845]
			}
		},
		{
			"type": "Feature",
			"properties": { "pm_name": "德仁公園", "pm_type": "公園" },
			"geometry": {
				"type": "Point",
				"coordinates": [121.5214615,25.10265923]
			}
		},
		{
			"type": "Feature",
			"properties": { "pm_name": "德行公園", "pm_type": "公園" },
			"geometry": {
				"type": "Point",
				"coordinates": [121.5236511,25.10511017]
			}
		},
		{
			"type": "Feature",
			"properties": { "pm_name": "線形公園-前街", "pm_type": "公園" },
			"geometry": {
				"type": "Point",
				"coordinates": [121.524831,25.097214]
			}
		},
		{
			"type": "Feature",
			"properties": { "pm_name": "線形公園-後街", "pm_type": "公園" },
			"geometry": {
				"type": "Point",
				"coordinates": [121.524831,25.097214]
			}
		},
		{
			"type": "Feature",
			"properties": { "pm_name": "線形公園-劍潭", "pm_type": "公園" },
			"geometry": {
				"type": "Point",
				"coordinates": [121.523387,25.079087]
			}
		},
		{
			"type": "Feature",
			"properties": { "pm_name": "衛理兒童遊戲場", "pm_type": "公園" },
			"geometry": {
				"type": "Point",
				"coordinates": [121.5533066,25.10232925]
			}
		},
		{
			"type": "Feature",
			"properties": { "pm_name": "磺溪公園", "pm_type": "公園" },
			"geometry": {
				"type": "Point",
				"coordinates": [121.5206299,25.10487938]
			}
		},
		{
			"type": "Feature",
			"properties": { "pm_name": "雙溪公園", "pm_type": "公園" },
			"geometry": {
				"type": "Point",
				"coordinates": [121.5359192,25.09803963]
			}
		},
		{
			"type": "Feature",
			"properties": { "pm_name": "雙溪濕地公園", "pm_type": "公園" },
			"geometry": {
				"type": "Point",
				"coordinates": [121.511988,25.096977]
			}
		},
		{
			"type": "Feature",
			"properties": { "pm_name": "蘭雅1號公園", "pm_type": "公園" },
			"geometry": {
				"type": "Point",
				"coordinates": [121.5291121,25.1099324]
			}
		},
		{
			"type": "Feature",
			"properties": { "pm_name": "蘭雅公園", "pm_type": "公園" },
			"geometry": {
				"type": "Point",
				"coordinates": [121.529919,25.109744]
			}
		},
		{
			"type": "Feature",
			"properties": { "pm_name": "蘭興公園", "pm_type": "公園" },
			"geometry": {
				"type": "Point",
				"coordinates": [121.525193,25.111029]
			}
		},
		{
			"type": "Feature",
			"properties": { "pm_name": "209號綠地", "pm_type": "綠地" },
			"geometry": {
				"type": "Point",
				"coordinates": [121.5280685,25.09259987]
			}
		},
		{
			"type": "Feature",
			"properties": { "pm_name": "士林116號綠地", "pm_type": "綠地" },
			"geometry": {
				"type": "Point",
				"coordinates": [121.5136032,25.09646034]
			}
		},
		{
			"type": "Feature",
			"properties": { "pm_name": "士林117號綠地", "pm_type": "綠地" },
			"geometry": {
				"type": "Point",
				"coordinates": [121.5139008,25.09703064]
			}
		},
		{
			"type": "Feature",
			"properties": { "pm_name": "士林118號綠地", "pm_type": "綠地" },
			"geometry": {
				"type": "Point",
				"coordinates": [121.5194626,25.0931797]
			}
		},
		{
			"type": "Feature",
			"properties": { "pm_name": "士林120號綠地", "pm_type": "綠地" },
			"geometry": {
				"type": "Point",
				"coordinates": [121.5204468,25.09305954]
			}
		},
		{
			"type": "Feature",
			"properties": { "pm_name": "士林121號綠地", "pm_type": "綠地" },
			"geometry": {
				"type": "Point",
				"coordinates": [121.5158081,25.0922699]
			}
		},
		{
			"type": "Feature",
			"properties": { "pm_name": "士林128號綠地", "pm_type": "綠地" },
			"geometry": {
				"type": "Point",
				"coordinates": [121.5223465,25.08466911]
			}
		},
		{
			"type": "Feature",
			"properties": { "pm_name": "士林130號綠地", "pm_type": "綠地" },
			"geometry": {
				"type": "Point",
				"coordinates": [121.5025864,25.08959961]
			}
		},
		{
			"type": "Feature",
			"properties": { "pm_name": "士林131號綠地", "pm_type": "綠地" },
			"geometry": {
				"type": "Point",
				"coordinates": [121.5055924,25.0907898]
			}
		},
		{
			"type": "Feature",
			"properties": { "pm_name": "士林132號綠地", "pm_type": "綠地" },
			"geometry": {
				"type": "Point",
				"coordinates": [121.5068207,25.0906601]
			}
		},
		{
			"type": "Feature",
			"properties": { "pm_name": "士林136號綠地", "pm_type": "綠地" },
			"geometry": {
				"type": "Point",
				"coordinates": [121.51091,25.08691025]
			}
		},
		{
			"type": "Feature",
			"properties": { "pm_name": "士林139號綠地", "pm_type": "綠地" },
			"geometry": {
				"type": "Point",
				"coordinates": [121.509407,25.08486939]
			}
		},
		{
			"type": "Feature",
			"properties": { "pm_name": "士林151號綠地", "pm_type": "綠地" },
			"geometry": {
				"type": "Point",
				"coordinates": [121.548439,25.09576035]
			}
		},
		{
			"type": "Feature",
			"properties": { "pm_name": "士林156號綠地", "pm_type": "綠地" },
			"geometry": {
				"type": "Point",
				"coordinates": [121.554827,25.103392]
			}
		},
		{
			"type": "Feature",
			"properties": {
				"pm_name": "士林173號綠地 (蘭興1號綠地)",
				"pm_type": "綠地"
			},
			"geometry": {
				"type": "Point",
				"coordinates": [121.5261993,25.1128006]
			}
		},
		{
			"type": "Feature",
			"properties": { "pm_name": "士林179號綠地", "pm_type": "綠地" },
			"geometry": {
				"type": "Point",
				"coordinates": [121.5294266,25.10433006]
			}
		},
		{
			"type": "Feature",
			"properties": { "pm_name": "士林197號綠地", "pm_type": "綠地" },
			"geometry": {
				"type": "Point",
				"coordinates": [121.558964,25.136188]
			}
		},
		{
			"type": "Feature",
			"properties": { "pm_name": "士林199號綠地", "pm_type": "綠地" },
			"geometry": {
				"type": "Point",
				"coordinates": [121.5584564,25.1405201]
			}
		},
		{
			"type": "Feature",
			"properties": { "pm_name": "士林200號綠地", "pm_type": "綠地" },
			"geometry": {
				"type": "Point",
				"coordinates": [121.5616684,25.13698006]
			}
		},
		{
			"type": "Feature",
			"properties": { "pm_name": "士林201號綠地", "pm_type": "綠地" },
			"geometry": {
				"type": "Point",
				"coordinates": [121.560669,25.13364029]
			}
		},
		{
			"type": "Feature",
			"properties": {
				"pm_name": "士林206綠地(番仔田綠地)",
				"pm_type": "綠地"
			},
			"geometry": {
				"type": "Point",
				"coordinates": [121.548027,25.09795952]
			}
		},
		{
			"type": "Feature",
			"properties": {
				"pm_name": "士林207綠地(番仔田小綠地)",
				"pm_type": "綠地"
			},
			"geometry": {
				"type": "Point",
				"coordinates": [121.5483933,25.0967598]
			}
		},
		{
			"type": "Feature",
			"properties": { "pm_name": "士林208號綠地", "pm_type": "綠地" },
			"geometry": {
				"type": "Point",
				"coordinates": [121.5337677,25.09733009]
			}
		},
		{
			"type": "Feature",
			"properties": { "pm_name": "士林4號綠地", "pm_type": "綠地" },
			"geometry": {
				"type": "Point",
				"coordinates": [121.5462723,25.13688088]
			}
		},
		{
			"type": "Feature",
			"properties": { "pm_name": "士林68號綠地", "pm_type": "綠地" },
			"geometry": {
				"type": "Point",
				"coordinates": [121.5364304,25.0990696]
			}
		},
		{
			"type": "Feature",
			"properties": {
				"pm_name": "士林73號綠地 (天美綠地)",
				"pm_type": "綠地"
			},
			"geometry": {
				"type": "Point",
				"coordinates": [121.5259705,25.1215992]
			}
		},
		{
			"type": "Feature",
			"properties": { "pm_name": "士林75號綠地", "pm_type": "綠地" },
			"geometry": {
				"type": "Point",
				"coordinates": [121.529441,25.123203]
			}
		},
		{
			"type": "Feature",
			"properties": { "pm_name": "士林76號綠地", "pm_type": "綠地" },
			"geometry": {
				"type": "Point",
				"coordinates": [121.532776,25.124725]
			}
		},
		{
			"type": "Feature",
			"properties": { "pm_name": "士林79號綠地", "pm_type": "綠地" },
			"geometry": {
				"type": "Point",
				"coordinates": [121.5267792,25.11557961]
			}
		},
		{
			"type": "Feature",
			"properties": { "pm_name": "士林80天壽二號", "pm_type": "綠地" },
			"geometry": {
				"type": "Point",
				"coordinates": [121.5264206,25.11326027]
			}
		},
		{
			"type": "Feature",
			"properties": { "pm_name": "士林89號綠地", "pm_type": "綠地" },
			"geometry": {
				"type": "Point",
				"coordinates": [121.5289307,25.10577011]
			}
		},
		{
			"type": "Feature",
			"properties": { "pm_name": "天福綠地", "pm_type": "綠地" },
			"geometry": {
				"type": "Point",
				"coordinates": [121.532547,25.11675072]
			}
		},
		{
			"type": "Feature",
			"properties": { "pm_name": "永倫綠地", "pm_type": "綠地" },
			"geometry": {
				"type": "Point",
				"coordinates": [121.5005264,25.09152031]
			}
		},
		{
			"type": "Feature",
			"properties": { "pm_name": "至臨綠地", "pm_type": "綠地" },
			"geometry": {
				"type": "Point",
				"coordinates": [121.555603,25.10429001]
			}
		},
		{
			"type": "Feature",
			"properties": { "pm_name": "東吳綠地", "pm_type": "綠地" },
			"geometry": {
				"type": "Point",
				"coordinates": [121.5427475,25.09658051]
			}
		},
		{
			"type": "Feature",
			"properties": { "pm_name": "添壽一號綠地", "pm_type": "綠地" },
			"geometry": {
				"type": "Point",
				"coordinates": [121.5269013,25.11673927]
			}
		},
		{
			"type": "Feature",
			"properties": { "pm_name": "聖山綠地", "pm_type": "綠地" },
			"geometry": {
				"type": "Point",
				"coordinates": [121.5323486,25.1068306]
			}
		},
		{
			"type": "Feature",
			"properties": { "pm_name": "福文公園", "pm_type": "綠地" },
			"geometry": {
				"type": "Point",
				"coordinates": [121.5272293,25.09065056]
			}
		},
		{
			"type": "Feature",
			"properties": { "pm_name": "士林3號廣場", "pm_type": "廣場" },
			"geometry": {
				"type": "Point",
				"coordinates": [121.5246124,25.10453033]
			}
		},
		{
			"type": "Feature",
			"properties": { "pm_name": "士林4號廣場", "pm_type": "廣場" },
			"geometry": {
				"type": "Point",
				"coordinates": [121.5319901,25.09605026]
			}
		},
		{
			"type": "Feature",
			"properties": { "pm_name": "天母廣場", "pm_type": "廣場" },
			"geometry": {
				"type": "Point",
				"coordinates": [121.5300827,25.11874962]
			}
		},
		{
			"type": "Feature",
			"properties": { "pm_name": "天生廣場", "pm_type": "廣場" },
			"geometry": {
				"type": "Point",
				"coordinates": [121.53125,25.12619019]
			}
		},
		{
			"type": "Feature",
			"properties": { "pm_name": "一江公園", "pm_type": "公園" },
			"geometry": {
				"type": "Point",
				"coordinates": [121.5312576,25.05327988]
			}
		},
		{
			"type": "Feature",
			"properties": {
				"pm_name": "八二三砲戰紀念公園",
				"pm_type": "公園"
			},
			"geometry": {
				"type": "Point",
				"coordinates": [121.5267716,25.07679939]
			}
		},
		{
			"type": "Feature",
			"properties": { "pm_name": "力行三號公園", "pm_type": "公園" },
			"geometry": {
				"type": "Point",
				"coordinates": [121.5366898,25.08543015]
			}
		},
		{
			"type": "Feature",
			"properties": { "pm_name": "下埤公園", "pm_type": "公園" },
			"geometry": {
				"type": "Point",
				"coordinates": [121.5422821,25.06701088]
			}
		},
		{
			"type": "Feature",
			"properties": { "pm_name": "下塔悠公園", "pm_type": "公園" },
			"geometry": {
				"type": "Point",
				"coordinates": [121.5595627,25.07692909]
			}
		},
		{
			"type": "Feature",
			"properties": { "pm_name": "上塔悠公園", "pm_type": "公園" },
			"geometry": {
				"type": "Point",
				"coordinates": [121.552002,25.07751083]
			}
		},
		{
			"type": "Feature",
			"properties": { "pm_name": "大佳社區公園", "pm_type": "公園" },
			"geometry": {
				"type": "Point",
				"coordinates": [121.5376587,25.07275009]
			}
		},
		{
			"type": "Feature",
			"properties": { "pm_name": "大直公園", "pm_type": "公園" },
			"geometry": {
				"type": "Point",
				"coordinates": [121.5472794,25.08271027]
			}
		},
		{
			"type": "Feature",
			"properties": { "pm_name": "中427公園", "pm_type": "公園" },
			"geometry": {
				"type": "Point",
				"coordinates": [121.5559921,25.0803299]
			}
		},
		{
			"type": "Feature",
			"properties": { "pm_name": "中428公園", "pm_type": "公園" },
			"geometry": {
				"type": "Point",
				"coordinates": [121.553485,25.078447]
			}
		},
		{
			"type": "Feature",
			"properties": { "pm_name": "中429公園", "pm_type": "公園" },
			"geometry": {
				"type": "Point",
				"coordinates": [121.555858,25.078469]
			}
		},
		{
			"type": "Feature",
			"properties": { "pm_name": "中430公園", "pm_type": "公園" },
			"geometry": {
				"type": "Point",
				"coordinates": [121.5620804,25.07829094]
			}
		},
		{
			"type": "Feature",
			"properties": { "pm_name": "中431公園", "pm_type": "公園" },
			"geometry": {
				"type": "Point",
				"coordinates": [121.5652084,25.07740021]
			}
		},
		{
			"type": "Feature",
			"properties": { "pm_name": "中山21號廣場", "pm_type": "公園" },
			"geometry": {
				"type": "Point",
				"coordinates": [121.556282,25.0807991]
			}
		},
		{
			"type": "Feature",
			"properties": { "pm_name": "中吉公園", "pm_type": "公園" },
			"geometry": {
				"type": "Point",
				"coordinates": [121.5318375,25.05636025]
			}
		},
		{
			"type": "Feature",
			"properties": { "pm_name": "中安公園 ", "pm_type": "公園" },
			"geometry": {
				"type": "Point",
				"coordinates": [121.5239868,25.05648994]
			}
		},
		{
			"type": "Feature",
			"properties": { "pm_name": "中原公園", "pm_type": "公園" },
			"geometry": {
				"type": "Point",
				"coordinates": [121.5285873,25.05581093]
			}
		},
		{
			"type": "Feature",
			"properties": { "pm_name": "仁德公園", "pm_type": "公園" },
			"geometry": {
				"type": "Point",
				"coordinates": [121.5290833,25.0531807]
			}
		},
		{
			"type": "Feature",
			"properties": { "pm_name": "四平公園", "pm_type": "公園" },
			"geometry": {
				"type": "Point",
				"coordinates": [121.5345078,25.05323029]
			}
		},
		{
			"type": "Feature",
			"properties": { "pm_name": "正守公園", "pm_type": "公園" },
			"geometry": {
				"type": "Point",
				"coordinates": [121.528745,25.048051]
			}
		},
		{
			"type": "Feature",
			"properties": { "pm_name": "民享公園", "pm_type": "公園" },
			"geometry": {
				"type": "Point",
				"coordinates": [121.5211105,25.0592308]
			}
		},
		{
			"type": "Feature",
			"properties": { "pm_name": "永安公園", "pm_type": "公園" },
			"geometry": {
				"type": "Point",
				"coordinates": [121.5452118,25.07912064]
			}
		},
		{
			"type": "Feature",
			"properties": { "pm_name": "永直公園", "pm_type": "公園" },
			"geometry": {
				"type": "Point",
				"coordinates": [121.5505295,25.08147049]
			}
		},
		{
			"type": "Feature",
			"properties": { "pm_name": "永靜公園", "pm_type": "公園" },
			"geometry": {
				"type": "Point",
				"coordinates": [121.5217819,25.06155968]
			}
		},
		{
			"type": "Feature",
			"properties": { "pm_name": "伊通公園", "pm_type": "公園" },
			"geometry": {
				"type": "Point",
				"coordinates": [121.5347672,25.05015945]
			}
		},
		{
			"type": "Feature",
			"properties": { "pm_name": "吉林公園", "pm_type": "公園" },
			"geometry": {
				"type": "Point",
				"coordinates": [121.5289307,25.05082512]
			}
		},
		{
			"type": "Feature",
			"properties": { "pm_name": "合江公園", "pm_type": "公園" },
			"geometry": {
				"type": "Point",
				"coordinates": [121.5394821,25.05866051]
			}
		},
		{
			"type": "Feature",
			"properties": { "pm_name": "朱昌公園", "pm_type": "公園" },
			"geometry": {
				"type": "Point",
				"coordinates": [121.5388184,25.05545998]
			}
		},
		{
			"type": "Feature",
			"properties": { "pm_name": "朱厝崙公園", "pm_type": "公園" },
			"geometry": {
				"type": "Point",
				"coordinates": [121.5410614,25.0475502]
			}
		},
		{
			"type": "Feature",
			"properties": { "pm_name": "朱崙公園", "pm_type": "公園" },
			"geometry": {
				"type": "Point",
				"coordinates": [121.541687,25.04933929]
			}
		},
		{
			"type": "Feature",
			"properties": { "pm_name": "江寧公園", "pm_type": "公園" },
			"geometry": {
				"type": "Point",
				"coordinates": [121.5394135,25.06122971]
			}
		},
		{
			"type": "Feature",
			"properties": { "pm_name": "自強公園", "pm_type": "公園" },
			"geometry": {
				"type": "Point",
				"coordinates": [121.548603,25.086019]
			}
		},
		{
			"type": "Feature",
			"properties": { "pm_name": "明水公園", "pm_type": "公園" },
			"geometry": {
				"type": "Point",
				"coordinates": [121.5480576,25.07881928]
			}
		},
		{
			"type": "Feature",
			"properties": { "pm_name": "林森公園", "pm_type": "公園" },
			"geometry": {
				"type": "Point",
				"coordinates": [121.5258713,25.05233955]
			}
		},
		{
			"type": "Feature",
			"properties": { "pm_name": "松江公園", "pm_type": "公園" },
			"geometry": {
				"type": "Point",
				"coordinates": [121.5324631,25.05036926]
			}
		},
		{
			"type": "Feature",
			"properties": { "pm_name": "松錦1號公園", "pm_type": "公園" },
			"geometry": {
				"type": "Point",
				"coordinates": [121.532404,25.060117]
			}
		},
		{
			"type": "Feature",
			"properties": { "pm_name": "松錦2號公園", "pm_type": "公園" },
			"geometry": {
				"type": "Point",
				"coordinates": [121.532089,25.059608]
			}
		},
		{
			"type": "Feature",
			"properties": { "pm_name": "直安公園", "pm_type": "公園" },
			"geometry": {
				"type": "Point",
				"coordinates": [121.5478516,25.08119965]
			}
		},
		{
			"type": "Feature",
			"properties": { "pm_name": "花博公園美術園區", "pm_type": "公園" },
			"geometry": {
				"type": "Point",
				"coordinates": [121.5239563,25.07060051]
			}
		},
		{
			"type": "Feature",
			"properties": { "pm_name": "花博公園圓山園區", "pm_type": "公園" },
			"geometry": {
				"type": "Point",
				"coordinates": [121.5206223,25.07156944]
			}
		},
		{
			"type": "Feature",
			"properties": { "pm_name": "花博公園新生園區", "pm_type": "公園" },
			"geometry": {
				"type": "Point",
				"coordinates": [121.5305023,25.06856918]
			}
		},
		{
			"type": "Feature",
			"properties": { "pm_name": "金泰公園", "pm_type": "公園" },
			"geometry": {
				"type": "Point",
				"coordinates": [121.565167,25.076495]
			}
		},
		{
			"type": "Feature",
			"properties": { "pm_name": "建興公園", "pm_type": "公園" },
			"geometry": {
				"type": "Point",
				"coordinates": [121.5381775,25.04714966]
			}
		},
		{
			"type": "Feature",
			"properties": { "pm_name": "培英公園", "pm_type": "公園" },
			"geometry": {
				"type": "Point",
				"coordinates": [121.5449829,25.08226967]
			}
		},
		{
			"type": "Feature",
			"properties": { "pm_name": "康樂公園", "pm_type": "公園" },
			"geometry": {
				"type": "Point",
				"coordinates": [121.5251465,25.05340958]
			}
		},
		{
			"type": "Feature",
			"properties": { "pm_name": "復華公園", "pm_type": "公園" },
			"geometry": {
				"type": "Point",
				"coordinates": [121.5396805,25.0531292]
			}
		},
		{
			"type": "Feature",
			"properties": { "pm_name": "晴光公園", "pm_type": "公園" },
			"geometry": {
				"type": "Point",
				"coordinates": [121.5245667,25.06389999]
			}
		},
		{
			"type": "Feature",
			"properties": { "pm_name": "華山公園", "pm_type": "公園" },
			"geometry": {
				"type": "Point",
				"coordinates": [121.525861,25.047745]
			}
		},
		{
			"type": "Feature",
			"properties": { "pm_name": "進安公園", "pm_type": "公園" },
			"geometry": {
				"type": "Point",
				"coordinates": [121.537468,25.04586983]
			}
		},
		{
			"type": "Feature",
			"properties": { "pm_name": "集英公園", "pm_type": "公園" },
			"geometry": {
				"type": "Point",
				"coordinates": [121.521344,25.065402]
			}
		},
		{
			"type": "Feature",
			"properties": { "pm_name": "圓山自然景觀公園", "pm_type": "公園" },
			"geometry": {
				"type": "Point",
				"coordinates": [121.52233,25.075055]
			}
		},
		{
			"type": "Feature",
			"properties": { "pm_name": "敬業公園", "pm_type": "公園" },
			"geometry": {
				"type": "Point",
				"coordinates": [121.556045,25.085728]
			}
		},
		{
			"type": "Feature",
			"properties": { "pm_name": "新喜公園", "pm_type": "公園" },
			"geometry": {
				"type": "Point",
				"coordinates": [121.5321884,25.06542969]
			}
		},
		{
			"type": "Feature",
			"properties": { "pm_name": "新祿公園", "pm_type": "公園" },
			"geometry": {
				"type": "Point",
				"coordinates": [121.5296478,25.06715965]
			}
		},
		{
			"type": "Feature",
			"properties": { "pm_name": "新壽公園", "pm_type": "公園" },
			"geometry": {
				"type": "Point",
				"coordinates": [121.5299225,25.06331062]
			}
		},
		{
			"type": "Feature",
			"properties": { "pm_name": "新興公園", "pm_type": "公園" },
			"geometry": {
				"type": "Point",
				"coordinates": [121.5246506,25.06151962]
			}
		},
		{
			"type": "Feature",
			"properties": { "pm_name": "農安公園", "pm_type": "公園" },
			"geometry": {
				"type": "Point",
				"coordinates": [121.5352631,25.06528091]
			}
		},
		{
			"type": "Feature",
			"properties": { "pm_name": "榮星花園公園", "pm_type": "公園" },
			"geometry": {
				"type": "Point",
				"coordinates": [121.5404968,25.06265068]
			}
		},
		{
			"type": "Feature",
			"properties": { "pm_name": "聚葉公園", "pm_type": "公園" },
			"geometry": {
				"type": "Point",
				"coordinates": [121.527236,25.060496]
			}
		},
		{
			"type": "Feature",
			"properties": { "pm_name": "劍潭公園", "pm_type": "公園" },
			"geometry": {
				"type": "Point",
				"coordinates": [121.524598,25.080108]
			}
		},
		{
			"type": "Feature",
			"properties": { "pm_name": "德惠公園", "pm_type": "公園" },
			"geometry": {
				"type": "Point",
				"coordinates": [121.5315628,25.06748962]
			}
		},
		{
			"type": "Feature",
			"properties": { "pm_name": "撫順公園", "pm_type": "公園" },
			"geometry": {
				"type": "Point",
				"coordinates": [121.52199,25.064579]
			}
		},
		{
			"type": "Feature",
			"properties": { "pm_name": "興安公園", "pm_type": "公園" },
			"geometry": {
				"type": "Point",
				"coordinates": [121.5417786,25.05567932]
			}
		},
		{
			"type": "Feature",
			"properties": { "pm_name": "興亞公園", "pm_type": "公園" },
			"geometry": {
				"type": "Point",
				"coordinates": [121.531601,25.04738045]
			}
		},
		{
			"type": "Feature",
			"properties": { "pm_name": "興國公園", "pm_type": "公園" },
			"geometry": {
				"type": "Point",
				"coordinates": [121.541941,25.0531]
			}
		},
		{
			"type": "Feature",
			"properties": { "pm_name": "遼寧公園", "pm_type": "公園" },
			"geometry": {
				"type": "Point",
				"coordinates": [121.5423126,25.05360031]
			}
		},
		{
			"type": "Feature",
			"properties": { "pm_name": "錦北公園", "pm_type": "公園" },
			"geometry": {
				"type": "Point",
				"coordinates": [121.5358276,25.06048966]
			}
		},
		{
			"type": "Feature",
			"properties": { "pm_name": "錦州公園", "pm_type": "公園" },
			"geometry": {
				"type": "Point",
				"coordinates": [121.5293198,25.06061935]
			}
		},
		{
			"type": "Feature",
			"properties": { "pm_name": "龍江公園", "pm_type": "公園" },
			"geometry": {
				"type": "Point",
				"coordinates": [121.54216,25.05982018]
			}
		},
		{
			"type": "Feature",
			"properties": { "pm_name": "雙城公園", "pm_type": "公園" },
			"geometry": {
				"type": "Point",
				"coordinates": [121.5240173,25.06731033]
			}
		},
		{
			"type": "Feature",
			"properties": { "pm_name": "力行1號綠地", "pm_type": "綠地" },
			"geometry": {
				"type": "Point",
				"coordinates": [121.5388718,25.08410072]
			}
		},
		{
			"type": "Feature",
			"properties": { "pm_name": "力行2號綠地", "pm_type": "綠地" },
			"geometry": {
				"type": "Point",
				"coordinates": [121.5379334,25.08334923]
			}
		},
		{
			"type": "Feature",
			"properties": { "pm_name": "中山129號綠地", "pm_type": "綠地" },
			"geometry": {
				"type": "Point",
				"coordinates": [121.5396729,25.05372047]
			}
		},
		{
			"type": "Feature",
			"properties": { "pm_name": "中山161號綠地", "pm_type": "綠地" },
			"geometry": {
				"type": "Point",
				"coordinates": [121.5331574,25.07806969]
			}
		},
		{
			"type": "Feature",
			"properties": { "pm_name": "中山240號綠地", "pm_type": "綠地" },
			"geometry": {
				"type": "Point",
				"coordinates": [121.5495987,25.08696938]
			}
		},
		{
			"type": "Feature",
			"properties": { "pm_name": "中山381號綠地", "pm_type": "綠地" },
			"geometry": {
				"type": "Point",
				"coordinates": [121.5472031,25.07959938]
			}
		},
		{
			"type": "Feature",
			"properties": { "pm_name": "中山411號綠地", "pm_type": "綠地" },
			"geometry": {
				"type": "Point",
				"coordinates": [121.5564499,25.0832901]
			}
		},
		{
			"type": "Feature",
			"properties": { "pm_name": "中山412號綠地", "pm_type": "綠地" },
			"geometry": {
				"type": "Point",
				"coordinates": [121.5564575,25.08230019]
			}
		},
		{
			"type": "Feature",
			"properties": { "pm_name": "中山413號綠地", "pm_type": "綠地" },
			"geometry": {
				"type": "Point",
				"coordinates": [121.5561981,25.08332062]
			}
		},
		{
			"type": "Feature",
			"properties": { "pm_name": "中山414號綠地", "pm_type": "綠地" },
			"geometry": {
				"type": "Point",
				"coordinates": [121.5561676,25.08126068]
			}
		},
		{
			"type": "Feature",
			"properties": { "pm_name": "中山415號綠地", "pm_type": "綠地" },
			"geometry": {
				"type": "Point",
				"coordinates": [121.5526276,25.08012009]
			}
		},
		{
			"type": "Feature",
			"properties": { "pm_name": "中山416號綠地", "pm_type": "綠地" },
			"geometry": {
				"type": "Point",
				"coordinates": [121.553772,25.0800705]
			}
		},
		{
			"type": "Feature",
			"properties": { "pm_name": "中山417號綠地", "pm_type": "綠地" },
			"geometry": {
				"type": "Point",
				"coordinates": [121.5552597,25.0800705]
			}
		},
		{
			"type": "Feature",
			"properties": { "pm_name": "中山418號綠地", "pm_type": "綠地" },
			"geometry": {
				"type": "Point",
				"coordinates": [121.5573731,25.08005905]
			}
		},
		{
			"type": "Feature",
			"properties": { "pm_name": "中山419號綠地", "pm_type": "綠地" },
			"geometry": {
				"type": "Point",
				"coordinates": [121.5593414,25.08003998]
			}
		},
		{
			"type": "Feature",
			"properties": { "pm_name": "中山420號綠地", "pm_type": "綠地" },
			"geometry": {
				"type": "Point",
				"coordinates": [121.560997,25.08004952]
			}
		},
		{
			"type": "Feature",
			"properties": { "pm_name": "中山421號綠地", "pm_type": "綠地" },
			"geometry": {
				"type": "Point",
				"coordinates": [121.5621719,25.08037949]
			}
		},
		{
			"type": "Feature",
			"properties": { "pm_name": "中山422號綠地", "pm_type": "綠地" },
			"geometry": {
				"type": "Point",
				"coordinates": [121.552742,25.07986069]
			}
		},
		{
			"type": "Feature",
			"properties": { "pm_name": "中山423號綠地", "pm_type": "綠地" },
			"geometry": {
				"type": "Point",
				"coordinates": [121.5538025,25.07983971]
			}
		},
		{
			"type": "Feature",
			"properties": { "pm_name": "中山424號綠地", "pm_type": "綠地" },
			"geometry": {
				"type": "Point",
				"coordinates": [121.5549164,25.07983971]
			}
		},
		{
			"type": "Feature",
			"properties": { "pm_name": "中山425號綠地", "pm_type": "綠地" },
			"geometry": {
				"type": "Point",
				"coordinates": [121.5558167,25.07983971]
			}
		},
		{
			"type": "Feature",
			"properties": { "pm_name": "中山426號綠地", "pm_type": "綠地" },
			"geometry": {
				"type": "Point",
				"coordinates": [121.5622177,25.08011055]
			}
		},
		{
			"type": "Feature",
			"properties": { "pm_name": "長春綠地", "pm_type": "綠地" },
			"geometry": {
				"type": "Point",
				"coordinates": [121.5380096,25.05290031]
			}
		},
		{
			"type": "Feature",
			"properties": { "pm_name": "中山4號廣場", "pm_type": "廣場" },
			"geometry": {
				"type": "Point",
				"coordinates": [121.5205231,25.0526104]
			}
		},
		{
			"type": "Feature",
			"properties": { "pm_name": "九華公園", "pm_type": "公園" },
			"geometry": {
				"type": "Point",
				"coordinates": [121.5613785,25.08859062]
			}
		},
		{
			"type": "Feature",
			"properties": { "pm_name": "下灣公園", "pm_type": "公園" },
			"geometry": {
				"type": "Point",
				"coordinates": [121.5906982,25.06681061]
			}
		},
		{
			"type": "Feature",
			"properties": { "pm_name": "上灣公園", "pm_type": "公園" },
			"geometry": {
				"type": "Point",
				"coordinates": [121.5958405,25.06546021]
			}
		},
		{
			"type": "Feature",
			"properties": { "pm_name": "口湖公園", "pm_type": "公園" },
			"geometry": {
				"type": "Point",
				"coordinates": [121.598514,25.067328]
			}
		},
		{
			"type": "Feature",
			"properties": { "pm_name": "大坑公園", "pm_type": "公園" },
			"geometry": {
				"type": "Point",
				"coordinates": [121.598706,25.069037]
			}
		},
		{
			"type": "Feature",
			"properties": { "pm_name": "大港墘公園", "pm_type": "公園" },
			"geometry": {
				"type": "Point",
				"coordinates": [121.5729968,25.0774149]
			}
		},
		{
			"type": "Feature",
			"properties": { "pm_name": "大湖公園", "pm_type": "公園" },
			"geometry": {
				"type": "Point",
				"coordinates": [121.602695,25.082976]
			}
		},
		{
			"type": "Feature",
			"properties": { "pm_name": "山腳公園", "pm_type": "公園" },
			"geometry": {
				"type": "Point",
				"coordinates": [121.5799027,25.08408928]
			}
		},
		{
			"type": "Feature",
			"properties": { "pm_name": "五分公園", "pm_type": "公園" },
			"geometry": {
				"type": "Point",
				"coordinates": [121.6147919,25.0671196]
			}
		},
		{
			"type": "Feature",
			"properties": { "pm_name": "內湖125號公園", "pm_type": "公園" },
			"geometry": {
				"type": "Point",
				"coordinates": [121.6112595,25.06469917]
			}
		},
		{
			"type": "Feature",
			"properties": { "pm_name": "文心公園", "pm_type": "公園" },
			"geometry": {
				"type": "Point",
				"coordinates": [121.5841827,25.06545067]
			}
		},
		{
			"type": "Feature",
			"properties": { "pm_name": "文湖公園", "pm_type": "公園" },
			"geometry": {
				"type": "Point",
				"coordinates": [121.560993,25.087427]
			}
		},
		{
			"type": "Feature",
			"properties": { "pm_name": "文德3號公園", "pm_type": "公園" },
			"geometry": {
				"type": "Point",
				"coordinates": [121.5771179,25.07509041]
			}
		},
		{
			"type": "Feature",
			"properties": { "pm_name": "文德二號公園", "pm_type": "公園" },
			"geometry": {
				"type": "Point",
				"coordinates": [121.5837402,25.07785988]
			}
		},
		{
			"type": "Feature",
			"properties": { "pm_name": "仙樹公園", "pm_type": "公園" },
			"geometry": {
				"type": "Point",
				"coordinates": [121.5690002,25.08560944]
			}
		},
		{
			"type": "Feature",
			"properties": { "pm_name": "北勢湖公園", "pm_type": "公園" },
			"geometry": {
				"type": "Point",
				"coordinates": [121.5616837,25.08374977]
			}
		},
		{
			"type": "Feature",
			"properties": { "pm_name": "安泰公園", "pm_type": "公園" },
			"geometry": {
				"type": "Point",
				"coordinates": [121.6186371,25.07408905]
			}
		},
		{
			"type": "Feature",
			"properties": { "pm_name": "安康公園(下)", "pm_type": "公園" },
			"geometry": {
				"type": "Point",
				"coordinates": [121.6106186,25.06720924]
			}
		},
		{
			"type": "Feature",
			"properties": { "pm_name": "安康公園(上)", "pm_type": "公園" },
			"geometry": {
				"type": "Point",
				"coordinates": [121.612381,25.06712914]
			}
		},
		{
			"type": "Feature",
			"properties": { "pm_name": "安湖三號公園", "pm_type": "公園" },
			"geometry": {
				"type": "Point",
				"coordinates": [121.6156921,25.07041931]
			}
		},
		{
			"type": "Feature",
			"properties": { "pm_name": "安湖公園", "pm_type": "公園" },
			"geometry": {
				"type": "Point",
				"coordinates": [121.6154175,25.07402039]
			}
		},
		{
			"type": "Feature",
			"properties": { "pm_name": "成功公園", "pm_type": "公園" },
			"geometry": {
				"type": "Point",
				"coordinates": [121.5966263,25.08429909]
			}
		},
		{
			"type": "Feature",
			"properties": { "pm_name": "行善公園", "pm_type": "公園" },
			"geometry": {
				"type": "Point",
				"coordinates": [121.5755768,25.0532608]
			}
		},
		{
			"type": "Feature",
			"properties": { "pm_name": "西安公園", "pm_type": "公園" },
			"geometry": {
				"type": "Point",
				"coordinates": [121.567482,25.08745003]
			}
		},
		{
			"type": "Feature",
			"properties": { "pm_name": "西安廣場", "pm_type": "公園" },
			"geometry": {
				"type": "Point",
				"coordinates": [121.5608521,25.08675957]
			}
		},
		{
			"type": "Feature",
			"properties": { "pm_name": "西康二號公園", "pm_type": "公園" },
			"geometry": {
				"type": "Point",
				"coordinates": [121.5639267,25.08498001]
			}
		},
		{
			"type": "Feature",
			"properties": { "pm_name": "西康公園", "pm_type": "公園" },
			"geometry": {
				"type": "Point",
				"coordinates": [121.5643921,25.08312035]
			}
		},
		{
			"type": "Feature",
			"properties": { "pm_name": "西湖公園", "pm_type": "公園" },
			"geometry": {
				"type": "Point",
				"coordinates": [121.5703888,25.08361054]
			}
		},
		{
			"type": "Feature",
			"properties": { "pm_name": "扶輪親恩公園", "pm_type": "公園" },
			"geometry": {
				"type": "Point",
				"coordinates": [121.5797501,25.06670952]
			}
		},
		{
			"type": "Feature",
			"properties": { "pm_name": "明美公園", "pm_type": "公園" },
			"geometry": {
				"type": "Point",
				"coordinates": [121.5861969,25.06221962]
			}
		},
		{
			"type": "Feature",
			"properties": { "pm_name": "東湖一號公園", "pm_type": "公園" },
			"geometry": {
				"type": "Point",
				"coordinates": [121.6121368,25.07559967]
			}
		},
		{
			"type": "Feature",
			"properties": { "pm_name": "東湖二號公園", "pm_type": "公園" },
			"geometry": {
				"type": "Point",
				"coordinates": [121.6109238,25.07389069]
			}
		},
		{
			"type": "Feature",
			"properties": { "pm_name": "東湖四號公園", "pm_type": "公園" },
			"geometry": {
				"type": "Point",
				"coordinates": [121.6180801,25.07044983]
			}
		},
		{
			"type": "Feature",
			"properties": { "pm_name": "金瑞公園", "pm_type": "公園" },
			"geometry": {
				"type": "Point",
				"coordinates": [121.5879517,25.08795929]
			}
		},
		{
			"type": "Feature",
			"properties": { "pm_name": "金龍公園", "pm_type": "公園" },
			"geometry": {
				"type": "Point",
				"coordinates": [121.590799,25.08543218]
			}
		},
		{
			"type": "Feature",
			"properties": { "pm_name": "長青公園", "pm_type": "公園" },
			"geometry": {
				"type": "Point",
				"coordinates": [121.5817413,25.0809803]
			}
		},
		{
			"type": "Feature",
			"properties": { "pm_name": "南湖一號公園", "pm_type": "公園" },
			"geometry": {
				"type": "Point",
				"coordinates": [121.6110916,25.06913948]
			}
		},
		{
			"type": "Feature",
			"properties": { "pm_name": "洲子1號公園", "pm_type": "公園" },
			"geometry": {
				"type": "Point",
				"coordinates": [121.5643387,25.07957077]
			}
		},
		{
			"type": "Feature",
			"properties": { "pm_name": "洲子2號公園", "pm_type": "公園" },
			"geometry": {
				"type": "Point",
				"coordinates": [121.5686264,25.07959938]
			}
		},
		{
			"type": "Feature",
			"properties": { "pm_name": "美善公園", "pm_type": "公園" },
			"geometry": {
				"type": "Point",
				"coordinates": [121.5785828,25.05699921]
			}
		},
		{
			"type": "Feature",
			"properties": { "pm_name": "畚箕湖公園", "pm_type": "公園" },
			"geometry": {
				"type": "Point",
				"coordinates": [121.560064,25.089436]
			}
		},
		{
			"type": "Feature",
			"properties": { "pm_name": "康湖二號公園", "pm_type": "公園" },
			"geometry": {
				"type": "Point",
				"coordinates": [121.6088,25.074042]
			}
		},
		{
			"type": "Feature",
			"properties": { "pm_name": "康湖公園", "pm_type": "公園" },
			"geometry": {
				"type": "Point",
				"coordinates": [121.6087265,25.07468033]
			}
		},
		{
			"type": "Feature",
			"properties": { "pm_name": "康寧公園", "pm_type": "公園" },
			"geometry": {
				"type": "Point",
				"coordinates": [121.6095886,25.0689106]
			}
		},
		{
			"type": "Feature",
			"properties": { "pm_name": "清白公園", "pm_type": "公園" },
			"geometry": {
				"type": "Point",
				"coordinates": [121.5952835,25.08169937]
			}
		},
		{
			"type": "Feature",
			"properties": { "pm_name": "港都公園", "pm_type": "公園" },
			"geometry": {
				"type": "Point",
				"coordinates": [121.5752335,25.0827198]
			}
		},
		{
			"type": "Feature",
			"properties": { "pm_name": "港華一號公園", "pm_type": "公園" },
			"geometry": {
				"type": "Point",
				"coordinates": [121.573586,25.087734]
			}
		},
		{
			"type": "Feature",
			"properties": { "pm_name": "港華二號公園", "pm_type": "公園" },
			"geometry": {
				"type": "Point",
				"coordinates": [121.5738373,25.08778954]
			}
		},
		{
			"type": "Feature",
			"properties": { "pm_name": "港華三號公園", "pm_type": "公園" },
			"geometry": {
				"type": "Point",
				"coordinates": [121.575058,25.0866909]
			}
		},
		{
			"type": "Feature",
			"properties": { "pm_name": "港華六號公園", "pm_type": "公園" },
			"geometry": {
				"type": "Point",
				"coordinates": [121.5746231,25.08426094]
			}
		},
		{
			"type": "Feature",
			"properties": { "pm_name": "港華四號公園", "pm_type": "公園" },
			"geometry": {
				"type": "Point",
				"coordinates": [121.5752792,25.08653069]
			}
		},
		{
			"type": "Feature",
			"properties": { "pm_name": "港墘公園", "pm_type": "公園" },
			"geometry": {
				"type": "Point",
				"coordinates": [121.576437,25.080978]
			}
		},
		{
			"type": "Feature",
			"properties": { "pm_name": "游美公園", "pm_type": "公園" },
			"geometry": {
				"type": "Point",
				"coordinates": [121.5971985,25.06459999]
			}
		},
		{
			"type": "Feature",
			"properties": { "pm_name": "湖山9號公園", "pm_type": "公園" },
			"geometry": {
				"type": "Point",
				"coordinates": [121.6035004,25.08522034]
			}
		},
		{
			"type": "Feature",
			"properties": { "pm_name": "湖山八號公園", "pm_type": "公園" },
			"geometry": {
				"type": "Point",
				"coordinates": [121.6032715,25.08391953]
			}
		},
		{
			"type": "Feature",
			"properties": { "pm_name": "湖山三號公園", "pm_type": "公園" },
			"geometry": {
				"type": "Point",
				"coordinates": [121.6044693,25.08716011]
			}
		},
		{
			"type": "Feature",
			"properties": { "pm_name": "湖山五號公園", "pm_type": "公園" },
			"geometry": {
				"type": "Point",
				"coordinates": [121.6008377,25.08157921]
			}
		},
		{
			"type": "Feature",
			"properties": { "pm_name": "湖山六號公園", "pm_type": "公園" },
			"geometry": {
				"type": "Point",
				"coordinates": [121.6018601,25.08309937]
			}
		},
		{
			"type": "Feature",
			"properties": { "pm_name": "湖山四號公園", "pm_type": "公園" },
			"geometry": {
				"type": "Point",
				"coordinates": [121.6007538,25.08270073]
			}
		},
		{
			"type": "Feature",
			"properties": { "pm_name": "湖元公園", "pm_type": "公園" },
			"geometry": {
				"type": "Point",
				"coordinates": [121.5870209,25.06822968]
			}
		},
		{
			"type": "Feature",
			"properties": { "pm_name": "湖畔公園", "pm_type": "公園" },
			"geometry": {
				"type": "Point",
				"coordinates": [121.601473,25.088247]
			}
		},
		{
			"type": "Feature",
			"properties": { "pm_name": "湖聖公園", "pm_type": "公園" },
			"geometry": {
				"type": "Point",
				"coordinates": [121.5917664,25.06977081]
			}
		},
		{
			"type": "Feature",
			"properties": { "pm_name": "湖興公園", "pm_type": "公園" },
			"geometry": {
				"type": "Point",
				"coordinates": [121.589592,25.06693077]
			}
		},
		{
			"type": "Feature",
			"properties": { "pm_name": "湖濱公園", "pm_type": "公園" },
			"geometry": {
				"type": "Point",
				"coordinates": [121.5876265,25.08154729]
			}
		},
		{
			"type": "Feature",
			"properties": { "pm_name": "湖寶公園", "pm_type": "公園" },
			"geometry": {
				"type": "Point",
				"coordinates": [121.5995636,25.0666008]
			}
		},
		{
			"type": "Feature",
			"properties": { "pm_name": "週美綠地", "pm_type": "公園" },
			"geometry": {
				"type": "Point",
				"coordinates": [121.5819016,25.0564003]
			}
		},
		{
			"type": "Feature",
			"properties": { "pm_name": "陽光公園", "pm_type": "公園" },
			"geometry": {
				"type": "Point",
				"coordinates": [121.586719,25.076736]
			}
		},
		{
			"type": "Feature",
			"properties": { "pm_name": "新明公園", "pm_type": "公園" },
			"geometry": {
				"type": "Point",
				"coordinates": [121.5788117,25.05413055]
			}
		},
		{
			"type": "Feature",
			"properties": { "pm_name": "煙波庭公園", "pm_type": "公園" },
			"geometry": {
				"type": "Point",
				"coordinates": [121.5992508,25.08633995]
			}
		},
		{
			"type": "Feature",
			"properties": { "pm_name": "瑞光公園", "pm_type": "公園" },
			"geometry": {
				"type": "Point",
				"coordinates": [121.5776825,25.07118034]
			}
		},
		{
			"type": "Feature",
			"properties": { "pm_name": "瑞湖公園", "pm_type": "公園" },
			"geometry": {
				"type": "Point",
				"coordinates": [121.576889,25.06930924]
			}
		},
		{
			"type": "Feature",
			"properties": { "pm_name": "瑞陽公園", "pm_type": "公園" },
			"geometry": {
				"type": "Point",
				"coordinates": [121.579352,25.07751]
			}
		},
		{
			"type": "Feature",
			"properties": { "pm_name": "碧山公園", "pm_type": "公園" },
			"geometry": {
				"type": "Point",
				"coordinates": [121.5919571,25.08708]
			}
		},
		{
			"type": "Feature",
			"properties": { "pm_name": "碧湖公園", "pm_type": "公園" },
			"geometry": {
				"type": "Point",
				"coordinates": [121.5842896,25.08218956]
			}
		},
		{
			"type": "Feature",
			"properties": { "pm_name": "福壽公園", "pm_type": "公園" },
			"geometry": {
				"type": "Point",
				"coordinates": [121.5965576,25.07980919]
			}
		},
		{
			"type": "Feature",
			"properties": { "pm_name": "翠湖公園", "pm_type": "公園" },
			"geometry": {
				"type": "Point",
				"coordinates": [121.602107,25.08626]
			}
		},
		{
			"type": "Feature",
			"properties": { "pm_name": "樂活公園", "pm_type": "公園" },
			"geometry": {
				"type": "Point",
				"coordinates": [121.618814,25.068244]
			}
		},
		{
			"type": "Feature",
			"properties": { "pm_name": "樂康公園", "pm_type": "公園" },
			"geometry": {
				"type": "Point",
				"coordinates": [121.620697,25.07007027]
			}
		},
		{
			"type": "Feature",
			"properties": { "pm_name": "環東公園", "pm_type": "公園" },
			"geometry": {
				"type": "Point",
				"coordinates": [121.5429306,25.04372978]
			}
		},
		{
			"type": "Feature",
			"properties": { "pm_name": "麗湖公園", "pm_type": "公園" },
			"geometry": {
				"type": "Point",
				"coordinates": [121.599282,25.073539]
			}
		},
		{
			"type": "Feature",
			"properties": { "pm_name": "內湖110號綠地", "pm_type": "綠地" },
			"geometry": {
				"type": "Point",
				"coordinates": [121.5800705,25.07122994]
			}
		},
		{
			"type": "Feature",
			"properties": { "pm_name": "內湖117號綠地", "pm_type": "綠地" },
			"geometry": {
				"type": "Point",
				"coordinates": [121.6018524,25.08326912]
			}
		},
		{
			"type": "Feature",
			"properties": { "pm_name": "內湖119號安興綠地", "pm_type": "綠地" },
			"geometry": {
				"type": "Point",
				"coordinates": [121.5836716,25.0576992]
			}
		},
		{
			"type": "Feature",
			"properties": { "pm_name": "文德1號綠地", "pm_type": "綠地" },
			"geometry": {
				"type": "Point",
				"coordinates": [121.5842133,25.07859039]
			}
		},
		{
			"type": "Feature",
			"properties": { "pm_name": "石潭公園", "pm_type": "綠地" },
			"geometry": {
				"type": "Point",
				"coordinates": [121.5932083,25.06311989]
			}
		},
		{
			"type": "Feature",
			"properties": { "pm_name": "康樂綠地", "pm_type": "綠地" },
			"geometry": {
				"type": "Point",
				"coordinates": [121.6206131,25.07490921]
			}
		},
		{
			"type": "Feature",
			"properties": { "pm_name": "港華5號綠地", "pm_type": "綠地" },
			"geometry": {
				"type": "Point",
				"coordinates": [121.5742874,25.08544922]
			}
		},
		{
			"type": "Feature",
			"properties": { "pm_name": "湖興綠地", "pm_type": "綠地" },
			"geometry": {
				"type": "Point",
				"coordinates": [121.5908966,25.06893921]
			}
		},
		{
			"type": "Feature",
			"properties": { "pm_name": "紫陽綠地", "pm_type": "綠地" },
			"geometry": {
				"type": "Point",
				"coordinates": [121.5867996,25.07641029]
			}
		},
		{
			"type": "Feature",
			"properties": { "pm_name": "潭美公園", "pm_type": "綠地" },
			"geometry": {
				"type": "Point",
				"coordinates": [121.5816803,25.05701065]
			}
		},
		{
			"type": "Feature",
			"properties": { "pm_name": "麗湖綠地", "pm_type": "綠地" },
			"geometry": {
				"type": "Point",
				"coordinates": [121.600509,25.073374]
			}
		},
		{
			"type": "Feature",
			"properties": { "pm_name": "治磐廣場", "pm_type": "廣場" },
			"geometry": {
				"type": "Point",
				"coordinates": [121.5663071,25.08272934]
			}
		},
		{
			"type": "Feature",
			"properties": { "pm_name": "港富廣場", "pm_type": "廣場" },
			"geometry": {
				"type": "Point",
				"coordinates": [121.5781174,25.08029938]
			}
		},
		{
			"type": "Feature",
			"properties": { "pm_name": "灣仔廣場", "pm_type": "廣場" },
			"geometry": {
				"type": "Point",
				"coordinates": [121.5908966,25.06893921]
			}
		},
		{
			"type": "Feature",
			"properties": { "pm_name": "大同公園", "pm_type": "公園" },
			"geometry": {
				"type": "Point",
				"coordinates": [121.512001,25.06797981]
			}
		},
		{
			"type": "Feature",
			"properties": { "pm_name": "大稻埕公園", "pm_type": "公園" },
			"geometry": {
				"type": "Point",
				"coordinates": [121.5103684,25.05866051]
			}
		},
		{
			"type": "Feature",
			"properties": { "pm_name": "大龍公園", "pm_type": "公園" },
			"geometry": {
				"type": "Point",
				"coordinates": [121.5155792,25.07024002]
			}
		},
		{
			"type": "Feature",
			"properties": { "pm_name": "玉泉公園", "pm_type": "公園" },
			"geometry": {
				"type": "Point",
				"coordinates": [121.5076523,25.04993057]
			}
		},
		{
			"type": "Feature",
			"properties": { "pm_name": "至聖公園", "pm_type": "公園" },
			"geometry": {
				"type": "Point",
				"coordinates": [121.5176926,25.07118988]
			}
		},
		{
			"type": "Feature",
			"properties": { "pm_name": "忠和公園", "pm_type": "公園" },
			"geometry": {
				"type": "Point",
				"coordinates": [121.5086136,25.0578804]
			}
		},
		{
			"type": "Feature",
			"properties": { "pm_name": "哈密公園", "pm_type": "公園" },
			"geometry": {
				"type": "Point",
				"coordinates": [121.515594,25.074846]
			}
		},
		{
			"type": "Feature",
			"properties": { "pm_name": "建成公園", "pm_type": "公園" },
			"geometry": {
				"type": "Point",
				"coordinates": [121.5182266,25.0540905]
			}
		},
		{
			"type": "Feature",
			"properties": { "pm_name": "迪化公園", "pm_type": "公園" },
			"geometry": {
				"type": "Point",
				"coordinates": [121.5120087,25.07110977]
			}
		},
		{
			"type": "Feature",
			"properties": { "pm_name": "國順公園", "pm_type": "公園" },
			"geometry": {
				"type": "Point",
				"coordinates": [121.510025,25.066222]
			}
		},
		{
			"type": "Feature",
			"properties": { "pm_name": "景化公園", "pm_type": "公園" },
			"geometry": {
				"type": "Point",
				"coordinates": [121.5127411,25.06535912]
			}
		},
		{
			"type": "Feature",
			"properties": { "pm_name": "朝陽公園", "pm_type": "公園" },
			"geometry": {
				"type": "Point",
				"coordinates": [121.51313,25.05595]
			}
		},
		{
			"type": "Feature",
			"properties": { "pm_name": "塔城公園", "pm_type": "公園" },
			"geometry": {
				"type": "Point",
				"coordinates": [121.5108032,25.05072022]
			}
		},
		{
			"type": "Feature",
			"properties": { "pm_name": "德鄰公園", "pm_type": "公園" },
			"geometry": {
				"type": "Point",
				"coordinates": [121.514928,25.062169]
			}
		},
		{
			"type": "Feature",
			"properties": { "pm_name": "蔣渭水紀念公園", "pm_type": "公園" },
			"geometry": {
				"type": "Point",
				"coordinates": [121.516777,25.05970955]
			}
		},
		{
			"type": "Feature",
			"properties": { "pm_name": "樹德公園", "pm_type": "公園" },
			"geometry": {
				"type": "Point",
				"coordinates": [121.5162811,25.06679916]
			}
		},
		{
			"type": "Feature",
			"properties": { "pm_name": "歸綏戲曲公園", "pm_type": "公園" },
			"geometry": {
				"type": "Point",
				"coordinates": [121.513092,25.05797005]
			}
		},
		{
			"type": "Feature",
			"properties": { "pm_name": "蘭州公園", "pm_type": "公園" },
			"geometry": {
				"type": "Point",
				"coordinates": [121.5153809,25.06395912]
			}
		},
		{
			"type": "Feature",
			"properties": { "pm_name": "大同249綠地", "pm_type": "綠地" },
			"geometry": {
				"type": "Point",
				"coordinates": [121.5114594,25.07743073]
			}
		},
		{
			"type": "Feature",
			"properties": { "pm_name": "大同250綠地", "pm_type": "綠地" },
			"geometry": {
				"type": "Point",
				"coordinates": [121.5098572,25.07722092]
			}
		},
		{
			"type": "Feature",
			"properties": { "pm_name": "大同251綠地", "pm_type": "綠地" },
			"geometry": {
				"type": "Point",
				"coordinates": [121.5118485,25.07838059]
			}
		},
		{
			"type": "Feature",
			"properties": { "pm_name": "敦煌1號綠地", "pm_type": "綠地" },
			"geometry": {
				"type": "Point",
				"coordinates": [121.5162888,25.0747509]
			}
		},
		{
			"type": "Feature",
			"properties": { "pm_name": "敦煌2號綠地", "pm_type": "綠地" },
			"geometry": {
				"type": "Point",
				"coordinates": [121.5164414,25.07696915]
			}
		},
		{
			"type": "Feature",
			"properties": { "pm_name": "大同16號廣場", "pm_type": "廣場" },
			"geometry": {
				"type": "Point",
				"coordinates": [121.5086136,25.05637932]
			}
		},
		{
			"type": "Feature",
			"properties": { "pm_name": "大稻埕廣場", "pm_type": "廣場" },
			"geometry": {
				"type": "Point",
				"coordinates": [121.5095367,25.05500031]
			}
		},
		{
			"type": "Feature",
			"properties": { "pm_name": "六藝廣場", "pm_type": "廣場" },
			"geometry": {
				"type": "Point",
				"coordinates": [121.5150528,25.07468987]
			}
		},
		{
			"type": "Feature",
			"properties": { "pm_name": "太原廣場", "pm_type": "廣場" },
			"geometry": {
				"type": "Point",
				"coordinates": [121.5166397,25.04747963]
			}
		},
		{
			"type": "Feature",
			"properties": { "pm_name": "永樂廣場", "pm_type": "廣場" },
			"geometry": {
				"type": "Point",
				"coordinates": [121.5096588,25.0546608]
			}
		},
		{
			"type": "Feature",
			"properties": { "pm_name": "保安廣場", "pm_type": "廣場" },
			"geometry": {
				"type": "Point",
				"coordinates": [121.5189285,25.07055092]
			}
		},
		{
			"type": "Feature",
			"properties": { "pm_name": "建成圓環", "pm_type": "廣場" },
			"geometry": {
				"type": "Point",
				"coordinates": [121.5142952,25.0527604]
			}
		},
		{
			"type": "Feature",
			"properties": { "pm_name": "八德公園", "pm_type": "公園" },
			"geometry": {
				"type": "Point",
				"coordinates": [121.5457077,25.04693031]
			}
		},
		{
			"type": "Feature",
			"properties": { "pm_name": "三民公園", "pm_type": "公園" },
			"geometry": {
				"type": "Point",
				"coordinates": [121.5669632,25.06138039]
			}
		},
		{
			"type": "Feature",
			"properties": { "pm_name": "三民公園A", "pm_type": "公園" },
			"geometry": {
				"type": "Point",
				"coordinates": [121.5669632,25.06138039]
			}
		},
		{
			"type": "Feature",
			"properties": { "pm_name": "中華公園", "pm_type": "公園" },
			"geometry": {
				"type": "Point",
				"coordinates": [121.552484,25.053527]
			}
		},
		{
			"type": "Feature",
			"properties": { "pm_name": "民生公園", "pm_type": "公園" },
			"geometry": {
				"type": "Point",
				"coordinates": [121.5580978,25.05747986]
			}
		},
		{
			"type": "Feature",
			"properties": { "pm_name": "民有一號公園", "pm_type": "公園" },
			"geometry": {
				"type": "Point",
				"coordinates": [121.5474014,25.06077004]
			}
		},
		{
			"type": "Feature",
			"properties": { "pm_name": "民有二號公園", "pm_type": "公園" },
			"geometry": {
				"type": "Point",
				"coordinates": [121.5463181,25.05964088]
			}
		},
		{
			"type": "Feature",
			"properties": { "pm_name": "民有三號公園", "pm_type": "公園" },
			"geometry": {
				"type": "Point",
				"coordinates": [121.5476227,25.05862045]
			}
		},
		{
			"type": "Feature",
			"properties": { "pm_name": "民福綠地", "pm_type": "公園" },
			"geometry": {
				"type": "Point",
				"coordinates": [121.54879,25.06276]
			}
		},
		{
			"type": "Feature",
			"properties": { "pm_name": "民權公園", "pm_type": "公園" },
			"geometry": {
				"type": "Point",
				"coordinates": [121.5591736,25.06191063]
			}
		},
		{
			"type": "Feature",
			"properties": { "pm_name": "吉仁公園", "pm_type": "公園" },
			"geometry": {
				"type": "Point",
				"coordinates": [121.5534821,25.0478096]
			}
		},
		{
			"type": "Feature",
			"properties": { "pm_name": "吉祥公園", "pm_type": "公園" },
			"geometry": {
				"type": "Point",
				"coordinates": [121.5640488,25.0505333]
			}
		},
		{
			"type": "Feature",
			"properties": { "pm_name": "安平公園", "pm_type": "公園" },
			"geometry": {
				"type": "Point",
				"coordinates": [121.5644913,25.05302048]
			}
		},
		{
			"type": "Feature",
			"properties": { "pm_name": "西松公園", "pm_type": "公園" },
			"geometry": {
				"type": "Point",
				"coordinates": [121.5641327,25.05368996]
			}
		},
		{
			"type": "Feature",
			"properties": { "pm_name": "延壽一號公園", "pm_type": "公園" },
			"geometry": {
				"type": "Point",
				"coordinates": [121.5563507,25.05763054]
			}
		},
		{
			"type": "Feature",
			"properties": { "pm_name": "延壽二號公園", "pm_type": "公園" },
			"geometry": {
				"type": "Point",
				"coordinates": [121.5527573,25.05735016]
			}
		},
		{
			"type": "Feature",
			"properties": { "pm_name": "延壽三號公園", "pm_type": "公園" },
			"geometry": {
				"type": "Point",
				"coordinates": [121.5518036,25.05686951]
			}
		},
		{
			"type": "Feature",
			"properties": { "pm_name": "松基公園", "pm_type": "公園" },
			"geometry": {
				"type": "Point",
				"coordinates": [121.545445,25.055369]
			}
		},
		{
			"type": "Feature",
			"properties": { "pm_name": "松榮公園", "pm_type": "公園" },
			"geometry": {
				"type": "Point",
				"coordinates": [121.555107,25.060208]
			}
		},
		{
			"type": "Feature",
			"properties": { "pm_name": "長壽公園", "pm_type": "公園" },
			"geometry": {
				"type": "Point",
				"coordinates": [121.5589218,25.05336952]
			}
		},
		{
			"type": "Feature",
			"properties": { "pm_name": "美仁一號公園", "pm_type": "公園" },
			"geometry": {
				"type": "Point",
				"coordinates": [121.5534592,25.05014992]
			}
		},
		{
			"type": "Feature",
			"properties": { "pm_name": "美仁二號公園", "pm_type": "公園" },
			"geometry": {
				"type": "Point",
				"coordinates": [121.553421,25.04949951]
			}
		},
		{
			"type": "Feature",
			"properties": { "pm_name": "健康公園", "pm_type": "公園" },
			"geometry": {
				"type": "Point",
				"coordinates": [121.5688705,25.05411911]
			}
		},
		{
			"type": "Feature",
			"properties": { "pm_name": "婦聯公園", "pm_type": "公園" },
			"geometry": {
				"type": "Point",
				"coordinates": [121.5597305,25.05468941]
			}
		},
		{
			"type": "Feature",
			"properties": { "pm_name": "富民生態公園", "pm_type": "公園" },
			"geometry": {
				"type": "Point",
				"coordinates": [121.5643387,25.06015015]
			}
		},
		{
			"type": "Feature",
			"properties": { "pm_name": "富錦一號公園", "pm_type": "公園" },
			"geometry": {
				"type": "Point",
				"coordinates": [121.5590286,25.05888939]
			}
		},
		{
			"type": "Feature",
			"properties": { "pm_name": "富錦二號公園", "pm_type": "公園" },
			"geometry": {
				"type": "Point",
				"coordinates": [121.5596237,25.05961037]
			}
		},
		{
			"type": "Feature",
			"properties": { "pm_name": "富錦三號公園", "pm_type": "公園" },
			"geometry": {
				"type": "Point",
				"coordinates": [121.5588989,25.06023979]
			}
		},
		{
			"type": "Feature",
			"properties": { "pm_name": "富錦五號公園", "pm_type": "公園" },
			"geometry": {
				"type": "Point",
				"coordinates": [121.5535431,25.05884934]
			}
		},
		{
			"type": "Feature",
			"properties": { "pm_name": "富錦六號公園", "pm_type": "公園" },
			"geometry": {
				"type": "Point",
				"coordinates": [121.5529022,25.05821037]
			}
		},
		{
			"type": "Feature",
			"properties": { "pm_name": "復盛公園", "pm_type": "公園" },
			"geometry": {
				"type": "Point",
				"coordinates": [121.56147,25.04747963]
			}
		},
		{
			"type": "Feature",
			"properties": { "pm_name": "復源公園", "pm_type": "公園" },
			"geometry": {
				"type": "Point",
				"coordinates": [121.5544815,25.04648972]
			}
		},
		{
			"type": "Feature",
			"properties": { "pm_name": "敦中公園", "pm_type": "公園" },
			"geometry": {
				"type": "Point",
				"coordinates": [121.5458908,25.04990006]
			}
		},
		{
			"type": "Feature",
			"properties": { "pm_name": "敦化公園", "pm_type": "公園" },
			"geometry": {
				"type": "Point",
				"coordinates": [121.5504837,25.04640961]
			}
		},
		{
			"type": "Feature",
			"properties": { "pm_name": "敦北公園", "pm_type": "公園" },
			"geometry": {
				"type": "Point",
				"coordinates": [121.5515671,25.06122971]
			}
		},
		{
			"type": "Feature",
			"properties": { "pm_name": "新中公園", "pm_type": "公園" },
			"geometry": {
				"type": "Point",
				"coordinates": [121.5608673,25.06052017]
			}
		},
		{
			"type": "Feature",
			"properties": { "pm_name": "新東公園", "pm_type": "公園" },
			"geometry": {
				"type": "Point",
				"coordinates": [121.568367,25.05879974]
			}
		},
		{
			"type": "Feature",
			"properties": { "pm_name": "寧安公園", "pm_type": "公園" },
			"geometry": {
				"type": "Point",
				"coordinates": [121.5548706,25.05035019]
			}
		},
		{
			"type": "Feature",
			"properties": { "pm_name": "精忠2號公園", "pm_type": "公園" },
			"geometry": {
				"type": "Point",
				"coordinates": [121.5528488,25.05639076]
			}
		},
		{
			"type": "Feature",
			"properties": { "pm_name": "精忠公園", "pm_type": "公園" },
			"geometry": {
				"type": "Point",
				"coordinates": [121.5521698,25.05933952]
			}
		},
		{
			"type": "Feature",
			"properties": { "pm_name": "慶城公園 A", "pm_type": "公園" },
			"geometry": {
				"type": "Point",
				"coordinates": [121.5463867,25.05327034]
			}
		},
		{
			"type": "Feature",
			"properties": { "pm_name": "撫遠公園", "pm_type": "公園" },
			"geometry": {
				"type": "Point",
				"coordinates": [121.5669479,25.06444931]
			}
		},
		{
			"type": "Feature",
			"properties": {
				"pm_name": "舊宗1號公園 ( 新東農園 )",
				"pm_type": "公園"
			},
			"geometry": {
				"type": "Point",
				"coordinates": [121.5688629,25.06195068]
			}
		},
		{
			"type": "Feature",
			"properties": { "pm_name": "舊宗2號公園", "pm_type": "公園" },
			"geometry": {
				"type": "Point",
				"coordinates": [121.5699997,25.05491066]
			}
		},
		{
			"type": "Feature",
			"properties": { "pm_name": "鵬程公園", "pm_type": "公園" },
			"geometry": {
				"type": "Point",
				"coordinates": [121.5686722,25.0555191]
			}
		},
		{
			"type": "Feature",
			"properties": { "pm_name": "寶清公園", "pm_type": "公園" },
			"geometry": {
				"type": "Point",
				"coordinates": [121.5676422,25.05212021]
			}
		},
		{
			"type": "Feature",
			"properties": {
				"pm_name": "松山121號綠地三民圓環",
				"pm_type": "綠地"
			},
			"geometry": {
				"type": "Point",
				"coordinates": [121.5625687,25.05916023]
			}
		},
		{
			"type": "Feature",
			"properties": { "pm_name": "大理公園", "pm_type": "公園" },
			"geometry": {
				"type": "Point",
				"coordinates": [121.49366,25.03413963]
			}
		},
		{
			"type": "Feature",
			"properties": { "pm_name": "日善公園", "pm_type": "公園" },
			"geometry": {
				"type": "Point",
				"coordinates": [121.496312,25.026383]
			}
		},
		{
			"type": "Feature",
			"properties": { "pm_name": "寺前公園", "pm_type": "公園" },
			"geometry": {
				"type": "Point",
				"coordinates": [121.4992065,25.03354073]
			}
		},
		{
			"type": "Feature",
			"properties": { "pm_name": "老松公園", "pm_type": "公園" },
			"geometry": {
				"type": "Point",
				"coordinates": [121.502739,25.03852081]
			}
		},
		{
			"type": "Feature",
			"properties": { "pm_name": "西園公園", "pm_type": "公園" },
			"geometry": {
				"type": "Point",
				"coordinates": [121.497882,25.026955]
			}
		},
		{
			"type": "Feature",
			"properties": { "pm_name": "孝德公園", "pm_type": "公園" },
			"geometry": {
				"type": "Point",
				"coordinates": [121.49425,25.024124]
			}
		},
		{
			"type": "Feature",
			"properties": {
				"pm_name": "和平青草園(原萬華402號公園)",
				"pm_type": "公園"
			},
			"geometry": {
				"type": "Point",
				"coordinates": [121.4972076,25.03265953]
			}
		},
		{
			"type": "Feature",
			"properties": { "pm_name": "東園公園", "pm_type": "公園" },
			"geometry": {
				"type": "Point",
				"coordinates": [121.4952469,25.02095032]
			}
		},
		{
			"type": "Feature",
			"properties": { "pm_name": "長沙公園", "pm_type": "公園" },
			"geometry": {
				"type": "Point",
				"coordinates": [121.4999237,25.04150009]
			}
		},
		{
			"type": "Feature",
			"properties": { "pm_name": "長順公園", "pm_type": "公園" },
			"geometry": {
				"type": "Point",
				"coordinates": [121.4890289,25.03185082]
			}
		},
		{
			"type": "Feature",
			"properties": { "pm_name": "青山公園", "pm_type": "公園" },
			"geometry": {
				"type": "Point",
				"coordinates": [121.4983063,25.03936958]
			}
		},
		{
			"type": "Feature",
			"properties": { "pm_name": "青年公園", "pm_type": "公園" },
			"geometry": {
				"type": "Point",
				"coordinates": [121.505861,25.02511024]
			}
		},
		{
			"type": "Feature",
			"properties": { "pm_name": "保德公園", "pm_type": "公園" },
			"geometry": {
				"type": "Point",
				"coordinates": [121.497467,25.02279091]
			}
		},
		{
			"type": "Feature",
			"properties": { "pm_name": "柳鄉公園", "pm_type": "公園" },
			"geometry": {
				"type": "Point",
				"coordinates": [121.4954376,25.03726006]
			}
		},
		{
			"type": "Feature",
			"properties": { "pm_name": "桂林公園", "pm_type": "公園" },
			"geometry": {
				"type": "Point",
				"coordinates": [121.4968185,25.03890991]
			}
		},
		{
			"type": "Feature",
			"properties": { "pm_name": "華江一號公園", "pm_type": "公園" },
			"geometry": {
				"type": "Point",
				"coordinates": [121.4941101,25.03589058]
			}
		},
		{
			"type": "Feature",
			"properties": { "pm_name": "華江七號公園", "pm_type": "公園" },
			"geometry": {
				"type": "Point",
				"coordinates": [121.493461,25.035028]
			}
		},
		{
			"type": "Feature",
			"properties": { "pm_name": "華江二號公園", "pm_type": "公園" },
			"geometry": {
				"type": "Point",
				"coordinates": [25.03580093, 121.4915085]
			}
		},
		{
			"type": "Feature",
			"properties": { "pm_name": "華江八號公園", "pm_type": "公園" },
			"geometry": {
				"type": "Point",
				"coordinates": [121.4926834,25.03405953]
			}
		},
		{
			"type": "Feature",
			"properties": { "pm_name": "華西公園", "pm_type": "公園" },
			"geometry": {
				"type": "Point",
				"coordinates": [121.4986572,25.03866959]
			}
		},
		{
			"type": "Feature",
			"properties": {
				"pm_name": "新糖廍公園(糖廍文化園區)",
				"pm_type": "公園"
			},
			"geometry": {
				"type": "Point",
				"coordinates": [121.4946463,25.03354906]
			}
		},
		{
			"type": "Feature",
			"properties": { "pm_name": "萬華51號公園", "pm_type": "公園" },
			"geometry": {
				"type": "Point",
				"coordinates": [121.5029221,25.03594017]
			}
		},
		{
			"type": "Feature",
			"properties": { "pm_name": "壽德公園", "pm_type": "公園" },
			"geometry": {
				"type": "Point",
				"coordinates": [121.5011368,25.02442932]
			}
		},
		{
			"type": "Feature",
			"properties": { "pm_name": "福星公園", "pm_type": "公園" },
			"geometry": {
				"type": "Point",
				"coordinates": [121.5059128,25.0460701]
			}
		},
		{
			"type": "Feature",
			"properties": { "pm_name": "綠堤公園", "pm_type": "公園" },
			"geometry": {
				"type": "Point",
				"coordinates": [121.492897,25.03321075]
			}
		},
		{
			"type": "Feature",
			"properties": { "pm_name": "聚德公園", "pm_type": "公園" },
			"geometry": {
				"type": "Point",
				"coordinates": [121.4947205,25.03488922]
			}
		},
		{
			"type": "Feature",
			"properties": { "pm_name": "艋舺公園", "pm_type": "公園" },
			"geometry": {
				"type": "Point",
				"coordinates": [121.4999117,25.03603785]
			}
		},
		{
			"type": "Feature",
			"properties": { "pm_name": "糖廍公園", "pm_type": "公園" },
			"geometry": {
				"type": "Point",
				"coordinates": [121.4946526,25.03439311]
			}
		},
		{
			"type": "Feature",
			"properties": { "pm_name": "錦德公園", "pm_type": "公園" },
			"geometry": {
				"type": "Point",
				"coordinates": [121.492363,25.02330017]
			}
		},
		{
			"type": "Feature",
			"properties": { "pm_name": "萬華266號綠地", "pm_type": "綠地" },
			"geometry": {
				"type": "Point",
				"coordinates": [121.5030975,25.03915978]
			}
		},
		{
			"type": "Feature",
			"properties": {
				"pm_name": "西本願寺（萬華406號）廣場",
				"pm_type": "廣場"
			},
			"geometry": {
				"type": "Point",
				"coordinates": [121.5070801,25.04030037]
			}
		},
		{
			"type": "Feature",
			"properties": { "pm_name": "二二八和平公園", "pm_type": "公園" },
			"geometry": {
				"type": "Point",
				"coordinates": [121.514297,25.042286]
			}
		},
		{
			"type": "Feature",
			"properties": { "pm_name": "中央藝文公園", "pm_type": "公園" },
			"geometry": {
				"type": "Point",
				"coordinates": [121.526856,25.046272]
			}
		},
		{
			"type": "Feature",
			"properties": { "pm_name": "中正403號公園", "pm_type": "公園" },
			"geometry": {
				"type": "Point",
				"coordinates": [121.52049,25.02559]
			}
		},
		{
			"type": "Feature",
			"properties": { "pm_name": "介壽公園", "pm_type": "公園" },
			"geometry": {
				"type": "Point",
				"coordinates": [121.5146332,25.03926086]
			}
		},
		{
			"type": "Feature",
			"properties": { "pm_name": "文光公園", "pm_type": "公園" },
			"geometry": {
				"type": "Point",
				"coordinates": [121.5308533,25.03903961]
			}
		},
		{
			"type": "Feature",
			"properties": { "pm_name": "文盛公園", "pm_type": "公園" },
			"geometry": {
				"type": "Point",
				"coordinates": [121.5321198,25.0161705]
			}
		},
		{
			"type": "Feature",
			"properties": { "pm_name": "水源町公園", "pm_type": "公園" },
			"geometry": {
				"type": "Point",
				"coordinates": [121.5346044,25.01187015]
			}
		},
		{
			"type": "Feature",
			"properties": { "pm_name": "永昌公園", "pm_type": "公園" },
			"geometry": {
				"type": "Point",
				"coordinates": [121.5099564,25.02622986]
			}
		},
		{
			"type": "Feature",
			"properties": { "pm_name": "永福公園", "pm_type": "公園" },
			"geometry": {
				"type": "Point",
				"coordinates": [121.532098,25.009801]
			}
		},
		{
			"type": "Feature",
			"properties": { "pm_name": "忠孝公園", "pm_type": "公園" },
			"geometry": {
				"type": "Point",
				"coordinates": [121.5320206,25.04183006]
			}
		},
		{
			"type": "Feature",
			"properties": { "pm_name": "信愛公園", "pm_type": "公園" },
			"geometry": {
				"type": "Point",
				"coordinates": [121.5287628,25.0349102]
			}
		},
		{
			"type": "Feature",
			"properties": { "pm_name": "南昌公園", "pm_type": "公園" },
			"geometry": {
				"type": "Point",
				"coordinates": [121.5202026,25.02681923]
			}
		},
		{
			"type": "Feature",
			"properties": { "pm_name": "牯嶺公園", "pm_type": "公園" },
			"geometry": {
				"type": "Point",
				"coordinates": [121.5186768,25.02312088]
			}
		},
		{
			"type": "Feature",
			"properties": { "pm_name": "連雲公園", "pm_type": "公園" },
			"geometry": {
				"type": "Point",
				"coordinates": [121.5318222,25.03520966]
			}
		},
		{
			"type": "Feature",
			"properties": { "pm_name": "逸仙公園", "pm_type": "公園" },
			"geometry": {
				"type": "Point",
				"coordinates": [121.5200272,25.04770088]
			}
		},
		{
			"type": "Feature",
			"properties": { "pm_name": "齊東公園", "pm_type": "公園" },
			"geometry": {
				"type": "Point",
				"coordinates": [121.5282974,25.04174995]
			}
		},
		{
			"type": "Feature",
			"properties": { "pm_name": "黎明公園", "pm_type": "公園" },
			"geometry": {
				"type": "Point",
				"coordinates": [121.5155563,25.04413986]
			}
		},
		{
			"type": "Feature",
			"properties": { "pm_name": "螢橋公園", "pm_type": "公園" },
			"geometry": {
				"type": "Point",
				"coordinates": [121.5172501,25.02672005]
			}
		},
		{
			"type": "Feature",
			"properties": { "pm_name": "中正138號綠地", "pm_type": "綠地" },
			"geometry": {
				"type": "Point",
				"coordinates": [121.5145111,25.03783989]
			}
		},
		{
			"type": "Feature",
			"properties": { "pm_name": "北門廣場", "pm_type": "廣場" },
			"geometry": {
				"type": "Point",
				"coordinates": [121.5116831,25.0480021]
			}
		},
		{
			"type": "Feature",
			"properties": { "pm_name": "交通4號廣場", "pm_type": "廣場" },
			"geometry": {
				"type": "Point",
				"coordinates": [121.5188065,25.04738045]
			}
		},
		{
			"type": "Feature",
			"properties": { "pm_name": "交通8號廣場", "pm_type": "廣場" },
			"geometry": {
				"type": "Point",
				"coordinates": [121.51651,25.05031967]
			}
		},
		{
			"type": "Feature",
			"properties": { "pm_name": "行旅廣場", "pm_type": "廣場" },
			"geometry": {
				"type": "Point",
				"coordinates": [121.5132041,25.0477977]
			}
		},
		{
			"type": "Feature",
			"properties": { "pm_name": "瑠公公園", "pm_type": "公園" },
			"geometry": {
				"type": "Point",
				"coordinates": [121.545723,25.0424099]
			}
		},
		{
			"type": "Feature",
			"properties": { "pm_name": "瑠公圳公園 ", "pm_type": "公園" },
			"geometry": {
				"type": "Point",
				"coordinates": [121.5431213,25.04360962]
			}
		},
		{
			"type": "Feature",
			"properties": { "pm_name": "大安公園", "pm_type": "公園" },
			"geometry": {
				"type": "Point",
				"coordinates": [121.5428085,25.04276085]
			}
		},
		{
			"type": "Feature",
			"properties": { "pm_name": "大安森林公園", "pm_type": "公園" },
			"geometry": {
				"type": "Point",
				"coordinates": [121.5358429,25.0333004]
			}
		},
		{
			"type": "Feature",
			"properties": { "pm_name": "大學公園", "pm_type": "公園" },
			"geometry": {
				"type": "Point",
				"coordinates": [121.532898,25.02190971]
			}
		},
		{
			"type": "Feature",
			"properties": { "pm_name": "仁慈公園", "pm_type": "公園" },
			"geometry": {
				"type": "Point",
				"coordinates": [121.5457077,25.0341301]
			}
		},
		{
			"type": "Feature",
			"properties": { "pm_name": "仁愛公園", "pm_type": "公園" },
			"geometry": {
				"type": "Point",
				"coordinates": [121.5462418,25.03661919]
			}
		},
		{
			"type": "Feature",
			"properties": { "pm_name": "仁愛圓環", "pm_type": "公園" },
			"geometry": {
				"type": "Point",
				"coordinates": [121.5496826,25.03763008]
			}
		},
		{
			"type": "Feature",
			"properties": { "pm_name": "公館公園", "pm_type": "公園" },
			"geometry": {
				"type": "Point",
				"coordinates": [121.5407911,25.01142672]
			}
		},
		{
			"type": "Feature",
			"properties": { "pm_name": "古風公園", "pm_type": "公園" },
			"geometry": {
				"type": "Point",
				"coordinates": [121.5290527,25.02197075]
			}
		},
		{
			"type": "Feature",
			"properties": { "pm_name": "古莊公園", "pm_type": "公園" },
			"geometry": {
				"type": "Point",
				"coordinates": [121.5282135,25.02272987]
			}
		},
		{
			"type": "Feature",
			"properties": { "pm_name": "四維公園", "pm_type": "公園" },
			"geometry": {
				"type": "Point",
				"coordinates": [121.5453262,25.03063011]
			}
		},
		{
			"type": "Feature",
			"properties": { "pm_name": "平安公園", "pm_type": "公園" },
			"geometry": {
				"type": "Point",
				"coordinates": [121.5493164,25.03195953]
			}
		},
		{
			"type": "Feature",
			"properties": { "pm_name": "民榮公園", "pm_type": "公園" },
			"geometry": {
				"type": "Point",
				"coordinates": [121.5356979,25.03540039]
			}
		},
		{
			"type": "Feature",
			"properties": { "pm_name": "民輝公園", "pm_type": "公園" },
			"geometry": {
				"type": "Point",
				"coordinates": [121.5350571,25.03951073]
			}
		},
		{
			"type": "Feature",
			"properties": { "pm_name": "永康公園", "pm_type": "公園" },
			"geometry": {
				"type": "Point",
				"coordinates": [121.5297165,25.03162003]
			}
		},
		{
			"type": "Feature",
			"properties": { "pm_name": "光信公園", "pm_type": "公園" },
			"geometry": {
				"type": "Point",
				"coordinates": [121.5558014,25.03556061]
			}
		},
		{
			"type": "Feature",
			"properties": { "pm_name": "全安公園", "pm_type": "公園" },
			"geometry": {
				"type": "Point",
				"coordinates": [121.5512085,25.02545929]
			}
		},
		{
			"type": "Feature",
			"properties": { "pm_name": "安東公園", "pm_type": "公園" },
			"geometry": {
				"type": "Point",
				"coordinates": [121.5448227,25.02893066]
			}
		},
		{
			"type": "Feature",
			"properties": { "pm_name": "安祥公園", "pm_type": "公園" },
			"geometry": {
				"type": "Point",
				"coordinates": [121.5427322,25.03454018]
			}
		},
		{
			"type": "Feature",
			"properties": { "pm_name": "辛亥一號公園", "pm_type": "公園" },
			"geometry": {
				"type": "Point",
				"coordinates": [121.5326614,25.0227108]
			}
		},
		{
			"type": "Feature",
			"properties": { "pm_name": "和平公園", "pm_type": "公園" },
			"geometry": {
				"type": "Point",
				"coordinates": [121.5425186,25.02349091]
			}
		},
		{
			"type": "Feature",
			"properties": { "pm_name": "和安公園", "pm_type": "公園" },
			"geometry": {
				"type": "Point",
				"coordinates": [121.5444794,25.03450966]
			}
		},
		{
			"type": "Feature",
			"properties": { "pm_name": "居安公園", "pm_type": "公園" },
			"geometry": {
				"type": "Point",
				"coordinates": [121.5493317,25.02968025]
			}
		},
		{
			"type": "Feature",
			"properties": { "pm_name": "延吉公園", "pm_type": "公園" },
			"geometry": {
				"type": "Point",
				"coordinates": [121.5557709,25.04257011]
			}
		},
		{
			"type": "Feature",
			"properties": { "pm_name": "昌隆198公園", "pm_type": "公園" },
			"geometry": {
				"type": "Point",
				"coordinates": [121.5357132,25.0437603]
			}
		},
		{
			"type": "Feature",
			"properties": { "pm_name": "東豐公園", "pm_type": "公園" },
			"geometry": {
				"type": "Point",
				"coordinates": [121.5448608,25.03577995]
			}
		},
		{
			"type": "Feature",
			"properties": { "pm_name": "法治公園", "pm_type": "公園" },
			"geometry": {
				"type": "Point",
				"coordinates": [121.5529175,25.02691078]
			}
		},
		{
			"type": "Feature",
			"properties": { "pm_name": "臥龍公園", "pm_type": "公園" },
			"geometry": {
				"type": "Point",
				"coordinates": [121.5498886,25.01670075]
			}
		},
		{
			"type": "Feature",
			"properties": { "pm_name": "虎嘯公園", "pm_type": "公園" },
			"geometry": {
				"type": "Point",
				"coordinates": [121.5492783,25.0225296]
			}
		},
		{
			"type": "Feature",
			"properties": { "pm_name": "金山公園", "pm_type": "公園" },
			"geometry": {
				"type": "Point",
				"coordinates": [121.5247561,25.0309598]
			}
		},
		{
			"type": "Feature",
			"properties": { "pm_name": "金杭公園", "pm_type": "公園" },
			"geometry": {
				"type": "Point",
				"coordinates": [121.5268771,25.03290038]
			}
		},
		{
			"type": "Feature",
			"properties": { "pm_name": "金華公園", "pm_type": "公園" },
			"geometry": {
				"type": "Point",
				"coordinates": [121.5311737,25.02959061]
			}
		},
		{
			"type": "Feature",
			"properties": { "pm_name": "附中公園", "pm_type": "公園" },
			"geometry": {
				"type": "Point",
				"coordinates": [121.5422592,25.03634071]
			}
		},
		{
			"type": "Feature",
			"properties": { "pm_name": "青峰公園", "pm_type": "公園" },
			"geometry": {
				"type": "Point",
				"coordinates": [121.5514069,25.01569939]
			}
		},
		{
			"type": "Feature",
			"properties": { "pm_name": "師大公園", "pm_type": "公園" },
			"geometry": {
				"type": "Point",
				"coordinates": [121.5283737,25.02459908]
			}
		},
		{
			"type": "Feature",
			"properties": { "pm_name": "泰順公園", "pm_type": "公園" },
			"geometry": {
				"type": "Point",
				"coordinates": [121.5316391,25.02462006]
			}
		},
		{
			"type": "Feature",
			"properties": { "pm_name": "通化公園", "pm_type": "公園" },
			"geometry": {
				"type": "Point",
				"coordinates": [121.5545578,25.03215981]
			}
		},
		{
			"type": "Feature",
			"properties": { "pm_name": "富陽自然生態公園", "pm_type": "公園" },
			"geometry": {
				"type": "Point",
				"coordinates": [121.557488,25.016674]
			}
		},
		{
			"type": "Feature",
			"properties": { "pm_name": "敦仁公園", "pm_type": "公園" },
			"geometry": {
				"type": "Point",
				"coordinates": [121.5469087,25.04040191]
			}
		},
		{
			"type": "Feature",
			"properties": { "pm_name": "敦安公園", "pm_type": "公園" },
			"geometry": {
				"type": "Point",
				"coordinates": [121.5537033,25.03446007]
			}
		},
		{
			"type": "Feature",
			"properties": { "pm_name": "敦親公園", "pm_type": "公園" },
			"geometry": {
				"type": "Point",
				"coordinates": [121.5409088,25.0226593]
			}
		},
		{
			"type": "Feature",
			"properties": { "pm_name": "新龍公園", "pm_type": "公園" },
			"geometry": {
				"type": "Point",
				"coordinates": [121.5401611,25.02765083]
			}
		},
		{
			"type": "Feature",
			"properties": { "pm_name": "溫州公園", "pm_type": "公園" },
			"geometry": {
				"type": "Point",
				"coordinates": [121.5313416,25.01880074]
			}
		},
		{
			"type": "Feature",
			"properties": { "pm_name": "瑞安公園", "pm_type": "公園" },
			"geometry": {
				"type": "Point",
				"coordinates": [121.5393524,25.02613068]
			}
		},
		{
			"type": "Feature",
			"properties": { "pm_name": "群賢公園", "pm_type": "公園" },
			"geometry": {
				"type": "Point",
				"coordinates": [121.5465698,25.02540016]
			}
		},
		{
			"type": "Feature",
			"properties": { "pm_name": "誠安公園", "pm_type": "公園" },
			"geometry": {
				"type": "Point",
				"coordinates": [121.5409088,25.04249001]
			}
		},
		{
			"type": "Feature",
			"properties": { "pm_name": "嘉興公園", "pm_type": "公園" },
			"geometry": {
				"type": "Point",
				"coordinates": [121.5519486,25.02136993]
			}
		},
		{
			"type": "Feature",
			"properties": { "pm_name": "寧馨公園A", "pm_type": "公園" },
			"geometry": {
				"type": "Point",
				"coordinates": [121.533493,25.04434967]
			}
		},
		{
			"type": "Feature",
			"properties": { "pm_name": "福州山公園", "pm_type": "公園" },
			"geometry": {
				"type": "Point",
				"coordinates": [121.5516129,25.01589012]
			}
		},
		{
			"type": "Feature",
			"properties": { "pm_name": "德安公園", "pm_type": "公園" },
			"geometry": {
				"type": "Point",
				"coordinates": [121.5477753,25.03487968]
			}
		},
		{
			"type": "Feature",
			"properties": { "pm_name": "黎孝公園", "pm_type": "公園" },
			"geometry": {
				"type": "Point",
				"coordinates": [121.5559921,25.01976013]
			}
		},
		{
			"type": "Feature",
			"properties": { "pm_name": "黎和生態公園", "pm_type": "公園" },
			"geometry": {
				"type": "Point",
				"coordinates": [121.560002,25.015128]
			}
		},
		{
			"type": "Feature",
			"properties": { "pm_name": "錦安公園", "pm_type": "公園" },
			"geometry": {
				"type": "Point",
				"coordinates": [121.5279465,25.0279808]
			}
		},
		{
			"type": "Feature",
			"properties": { "pm_name": "龍生公園", "pm_type": "公園" },
			"geometry": {
				"type": "Point",
				"coordinates": [121.5413971,25.02601051]
			}
		},
		{
			"type": "Feature",
			"properties": { "pm_name": "龍門公園", "pm_type": "公園" },
			"geometry": {
				"type": "Point",
				"coordinates": [121.5366821,25.02425957]
			}
		},
		{
			"type": "Feature",
			"properties": { "pm_name": "龍陣一號公園", "pm_type": "公園" },
			"geometry": {
				"type": "Point",
				"coordinates": [121.5425415,25.0275898]
			}
		},
		{
			"type": "Feature",
			"properties": { "pm_name": "龍陣二號公園 A", "pm_type": "公園" },
			"geometry": {
				"type": "Point",
				"coordinates": [121.5424881,25.02923966]
			}
		},
		{
			"type": "Feature",
			"properties": { "pm_name": "龍陣二號公園 B", "pm_type": "公園" },
			"geometry": {
				"type": "Point",
				"coordinates": [121.5424881,25.02923966]
			}
		},
		{
			"type": "Feature",
			"properties": { "pm_name": "龍圖公園", "pm_type": "公園" },
			"geometry": {
				"type": "Point",
				"coordinates": [121.5416031,25.03049088]
			}
		},
		{
			"type": "Feature",
			"properties": { "pm_name": "龍鳳公園", "pm_type": "公園" },
			"geometry": {
				"type": "Point",
				"coordinates": [121.5432735,25.02561092]
			}
		},
		{
			"type": "Feature",
			"properties": { "pm_name": "臨江公園", "pm_type": "公園" },
			"geometry": {
				"type": "Point",
				"coordinates": [121.5557404,25.0281601]
			}
		},
		{
			"type": "Feature",
			"properties": { "pm_name": "麗水公園", "pm_type": "公園" },
			"geometry": {
				"type": "Point",
				"coordinates": [121.5280876,25.03191447]
			}
		},
		{
			"type": "Feature",
			"properties": { "pm_name": "大安125號綠地", "pm_type": "綠地" },
			"geometry": {
				"type": "Point",
				"coordinates": [121.5336838,25.04442024]
			}
		},
		{
			"type": "Feature",
			"properties": { "pm_name": "大安195號綠地", "pm_type": "綠地" },
			"geometry": {
				"type": "Point",
				"coordinates": [121.5314331,25.02001953]
			}
		},
		{
			"type": "Feature",
			"properties": { "pm_name": "黎和綠地", "pm_type": "綠地" },
			"geometry": {
				"type": "Point",
				"coordinates": [121.5605698,25.01593018]
			}
		},
		{
			"type": "Feature",
			"properties": { "pm_name": "錦華綠地", "pm_type": "綠地" },
			"geometry": {
				"type": "Point",
				"coordinates": [121.5295792,25.02957916]
			}
		},
		{
			"type": "Feature",
			"properties": { "pm_name": "三張里公園", "pm_type": "公園" },
			"geometry": {
				"type": "Point",
				"coordinates": [121.5667267,25.03092957]
			}
		},
		{
			"type": "Feature",
			"properties": { "pm_name": "三犁公園", "pm_type": "公園" },
			"geometry": {
				"type": "Point",
				"coordinates": [121.5700226,25.02977943]
			}
		},
		{
			"type": "Feature",
			"properties": { "pm_name": "三興公園", "pm_type": "公園" },
			"geometry": {
				"type": "Point",
				"coordinates": [121.5595474,25.02857971]
			}
		},
		{
			"type": "Feature",
			"properties": { "pm_name": "中全公園", "pm_type": "公園" },
			"geometry": {
				"type": "Point",
				"coordinates": [121.5748901,25.03858948]
			}
		},
		{
			"type": "Feature",
			"properties": { "pm_name": "中興公園", "pm_type": "公園" },
			"geometry": {
				"type": "Point",
				"coordinates": [121.5592499,25.03426933]
			}
		},
		{
			"type": "Feature",
			"properties": { "pm_name": "五分埔公園", "pm_type": "公園" },
			"geometry": {
				"type": "Point",
				"coordinates": [121.580101,25.04693985]
			}
		},
		{
			"type": "Feature",
			"properties": { "pm_name": "五常公園", "pm_type": "公園" },
			"geometry": {
				"type": "Point",
				"coordinates": [121.5743408,25.04768944]
			}
		},
		{
			"type": "Feature",
			"properties": { "pm_name": "四育公園", "pm_type": "公園" },
			"geometry": {
				"type": "Point",
				"coordinates": [121.5751419,25.04676056]
			}
		},
		{
			"type": "Feature",
			"properties": { "pm_name": "永吉公園", "pm_type": "公園" },
			"geometry": {
				"type": "Point",
				"coordinates": [121.5750427,25.04359055]
			}
		},
		{
			"type": "Feature",
			"properties": { "pm_name": "永春公園", "pm_type": "公園" },
			"geometry": {
				"type": "Point",
				"coordinates": [121.5791168,25.04229927]
			}
		},
		{
			"type": "Feature",
			"properties": { "pm_name": "永春陂濕地公園", "pm_type": "公園" },
			"geometry": {
				"type": "Point",
				"coordinates": [121.580069,25.032812]
			}
		},
		{
			"type": "Feature",
			"properties": { "pm_name": "永春崗公園", "pm_type": "公園" },
			"geometry": {
				"type": "Point",
				"coordinates": [121.5775909,25.03170967]
			}
		},
		{
			"type": "Feature",
			"properties": { "pm_name": "交五", "pm_type": "公園" },
			"geometry": {
				"type": "Point",
				"coordinates": [121.5741501,25.0492096]
			}
		},
		{
			"type": "Feature",
			"properties": { "pm_name": "安強公園", "pm_type": "公園" },
			"geometry": {
				"type": "Point",
				"coordinates": [121.5753403,25.03668976]
			}
		},
		{
			"type": "Feature",
			"properties": { "pm_name": "吳興公園", "pm_type": "公園" },
			"geometry": {
				"type": "Point",
				"coordinates": [121.5679398,25.02329063]
			}
		},
		{
			"type": "Feature",
			"properties": { "pm_name": "念儒公園", "pm_type": "公園" },
			"geometry": {
				"type": "Point",
				"coordinates": [121.573761,25.03771973]
			}
		},
		{
			"type": "Feature",
			"properties": { "pm_name": "林口2號綠地(松光)", "pm_type": "公園" },
			"geometry": { "type": "Point", "coordinates": [121.57882,25.0399] }
		},
		{
			"type": "Feature",
			"properties": { "pm_name": "林口公園", "pm_type": "公園" },
			"geometry": {
				"type": "Point",
				"coordinates": [121.578949,25.03906059]
			}
		},
		{
			"type": "Feature",
			"properties": { "pm_name": "松友公園", "pm_type": "公園" },
			"geometry": {
				"type": "Point",
				"coordinates": [121.576149,25.03391075]
			}
		},
		{
			"type": "Feature",
			"properties": { "pm_name": "松壽廣場", "pm_type": "公園" },
			"geometry": {
				"type": "Point",
				"coordinates": [121.5660782,25.03738976]
			}
		},
		{
			"type": "Feature",
			"properties": { "pm_name": "松德公園", "pm_type": "公園" },
			"geometry": {
				"type": "Point",
				"coordinates": [121.573288,25.03602028]
			}
		},
		{
			"type": "Feature",
			"properties": { "pm_name": "虎林公園", "pm_type": "公園" },
			"geometry": {
				"type": "Point",
				"coordinates": [121.5772934,25.03148079]
			}
		},
		{
			"type": "Feature",
			"properties": {
				"pm_name": "信義352號公園 (松智公園)",
				"pm_type": "公園"
			},
			"geometry": {
				"type": "Point",
				"coordinates": [121.5655136,25.03582001]
			}
		},
		{
			"type": "Feature",
			"properties": { "pm_name": "信義安康公園", "pm_type": "公園" },
			"geometry": {
				"type": "Point",
				"coordinates": [121.5700684,25.03572083]
			}
		},
		{
			"type": "Feature",
			"properties": { "pm_name": "春光公園", "pm_type": "公園" },
			"geometry": {
				"type": "Point",
				"coordinates": [121.5807419,25.04223061]
			}
		},
		{
			"type": "Feature",
			"properties": { "pm_name": "革新公園", "pm_type": "公園" },
			"geometry": {
				"type": "Point",
				"coordinates": [121.5673676,25.04383087]
			}
		},
		{
			"type": "Feature",
			"properties": { "pm_name": "泰和公園", "pm_type": "公園" },
			"geometry": {
				"type": "Point",
				"coordinates": [121.5681992,25.02313995]
			}
		},
		{
			"type": "Feature",
			"properties": { "pm_name": "眷村文化公園", "pm_type": "公園" },
			"geometry": {
				"type": "Point",
				"coordinates": [121.5617523,25.0316391]
			}
		},
		{
			"type": "Feature",
			"properties": { "pm_name": "富台公園", "pm_type": "公園" },
			"geometry": {
				"type": "Point",
				"coordinates": [121.5722427,25.04207039]
			}
		},
		{
			"type": "Feature",
			"properties": { "pm_name": "富生1號公園", "pm_type": "公園" },
			"geometry": {
				"type": "Point",
				"coordinates": [121.5698486,25.04222919]
			}
		},
		{
			"type": "Feature",
			"properties": { "pm_name": "富生2號公園", "pm_type": "公園" },
			"geometry": {
				"type": "Point",
				"coordinates": [121.5696237,25.04238053]
			}
		},
		{
			"type": "Feature",
			"properties": { "pm_name": "富生公園", "pm_type": "公園" },
			"geometry": {
				"type": "Point",
				"coordinates": [121.5698471,25.04208946]
			}
		},
		{
			"type": "Feature",
			"properties": { "pm_name": "惠安公園", "pm_type": "公園" },
			"geometry": {
				"type": "Point",
				"coordinates": [121.564621,25.02454948]
			}
		},
		{
			"type": "Feature",
			"properties": { "pm_name": "景平公園", "pm_type": "公園" },
			"geometry": {
				"type": "Point",
				"coordinates": [121.563942,25.02989006]
			}
		},
		{
			"type": "Feature",
			"properties": { "pm_name": "景勤1號公園", "pm_type": "公園" },
			"geometry": {
				"type": "Point",
				"coordinates": [121.560257,25.02633095]
			}
		},
		{
			"type": "Feature",
			"properties": { "pm_name": "景勤2號公園", "pm_type": "公園" },
			"geometry": {
				"type": "Point",
				"coordinates": [121.5574875,25.02603912]
			}
		},
		{
			"type": "Feature",
			"properties": { "pm_name": "象山公園", "pm_type": "公園" },
			"geometry": {
				"type": "Point",
				"coordinates": [121.5700913,25.03041077]
			}
		},
		{
			"type": "Feature",
			"properties": { "pm_name": "雅祥公園", "pm_type": "公園" },
			"geometry": {
				"type": "Point",
				"coordinates": [121.5718308,25.04756928]
			}
		},
		{
			"type": "Feature",
			"properties": { "pm_name": "福祥公園", "pm_type": "公園" },
			"geometry": {
				"type": "Point",
				"coordinates": [121.5705032,25.04603958]
			}
		},
		{
			"type": "Feature",
			"properties": { "pm_name": "福德公園", "pm_type": "公園" },
			"geometry": {
				"type": "Point",
				"coordinates": [121.5818481,25.03824043]
			}
		},
		{
			"type": "Feature",
			"properties": { "pm_name": "黎忠公園", "pm_type": "公園" },
			"geometry": {
				"type": "Point",
				"coordinates": [121.559372,25.01907921]
			}
		},
		{
			"type": "Feature",
			"properties": { "pm_name": "黎富公園", "pm_type": "公園" },
			"geometry": {
				"type": "Point",
				"coordinates": [121.5567017,25.02100945]
			}
		},
		{
			"type": "Feature",
			"properties": { "pm_name": "黎雙公園", "pm_type": "公園" },
			"geometry": {
				"type": "Point",
				"coordinates": [121.5634689,25.02498055]
			}
		},
		{
			"type": "Feature",
			"properties": { "pm_name": "糶米公園", "pm_type": "公園" },
			"geometry": {
				"type": "Point",
				"coordinates": [121.572468,25.018614]
			}
		},
		{
			"type": "Feature",
			"properties": { "pm_name": "太子綠地", "pm_type": "綠地" },
			"geometry": {
				"type": "Point",
				"coordinates": [121.5770721,25.04519081]
			}
		},
		{
			"type": "Feature",
			"properties": { "pm_name": "交六", "pm_type": "綠地" },
			"geometry": {
				"type": "Point",
				"coordinates": [121.5708695,25.04932976]
			}
		},
		{
			"type": "Feature",
			"properties": { "pm_name": "松光綠地", "pm_type": "綠地" },
			"geometry": {
				"type": "Point",
				"coordinates": [121.5785294,25.03949928]
			}
		},
		{
			"type": "Feature",
			"properties": { "pm_name": "松隆綠地", "pm_type": "綠地" },
			"geometry": {
				"type": "Point",
				"coordinates": [121.5801086,25.03495979]
			}
		},
		{
			"type": "Feature",
			"properties": { "pm_name": "信義350綠地", "pm_type": "綠地" },
			"geometry": {
				"type": "Point",
				"coordinates": [121.5625687,25.03923035]
			}
		},
		{
			"type": "Feature",
			"properties": { "pm_name": "信義351號綠地", "pm_type": "綠地" },
			"geometry": {
				"type": "Point",
				"coordinates": [121.5654373,25.03918076]
			}
		},
		{
			"type": "Feature",
			"properties": {
				"pm_name": "信義353號綠地 (松仁綠地)",
				"pm_type": "綠地"
			},
			"geometry": {
				"type": "Point",
				"coordinates": [121.5677185,25.03274918]
			}
		},
		{
			"type": "Feature",
			"properties": { "pm_name": "信義354號綠地", "pm_type": "綠地" },
			"geometry": {
				"type": "Point",
				"coordinates": [121.5684204,25.02946091]
			}
		},
		{
			"type": "Feature",
			"properties": { "pm_name": "信義355號綠地", "pm_type": "綠地" },
			"geometry": {
				"type": "Point",
				"coordinates": [121.5683365,25.03089905]
			}
		},
		{
			"type": "Feature",
			"properties": { "pm_name": "信義356號綠地", "pm_type": "綠地" },
			"geometry": {
				"type": "Point",
				"coordinates": [121.5737076,25.03338051]
			}
		},
		{
			"type": "Feature",
			"properties": {
				"pm_name": "信義382號綠地 (惠安水與綠生活綠地)",
				"pm_type": "綠地"
			},
			"geometry": {
				"type": "Point",
				"coordinates": [121.5682373,25.0233593]
			}
		},
		{
			"type": "Feature",
			"properties": { "pm_name": "崇德綠地", "pm_type": "綠地" },
			"geometry": {
				"type": "Point",
				"coordinates": [121.5554504,25.02421951]
			}
		},
		{
			"type": "Feature",
			"properties": { "pm_name": "黎平綠地", "pm_type": "綠地" },
			"geometry": {
				"type": "Point",
				"coordinates": [121.5571213,25.02318955]
			}
		},
		{
			"type": "Feature",
			"properties": { "pm_name": "市民廣場", "pm_type": "廣場" },
			"geometry": {
				"type": "Point",
				"coordinates": [121.5627518,25.03664017]
			}
		},
		{
			"type": "Feature",
			"properties": { "pm_name": "忠信廣場", "pm_type": "廣場" },
			"geometry": {
				"type": "Point",
				"coordinates": [121.5679092,25.0405407]
			}
		},
		{
			"type": "Feature",
			"properties": { "pm_name": "信義20號廣場", "pm_type": "廣場" },
			"geometry": {
				"type": "Point",
				"coordinates": [121.5775833,25.04874992]
			}
		},
		{
			"type": "Feature",
			"properties": { "pm_name": "信義21號廣場", "pm_type": "廣場" },
			"geometry": {
				"type": "Point",
				"coordinates": [121.5644684,25.03473091]
			}
		},
		{
			"type": "Feature",
			"properties": { "pm_name": "信義21號廣場", "pm_type": "廣場" },
			"geometry": {
				"type": "Point",
				"coordinates": [121.5644684,25.03473091]
			}
		},
		{
			"type": "Feature",
			"properties": { "pm_name": "信義廣場", "pm_type": "廣場" },
			"geometry": {
				"type": "Point",
				"coordinates": [121.56604,25.03347969]
			}
		},
		{
			"type": "Feature",
			"properties": { "pm_name": "厚生廣場", "pm_type": "廣場" },
			"geometry": {
				"type": "Point",
				"coordinates": [121.5681,25.04340935]
			}
		},
		{
			"type": "Feature",
			"properties": { "pm_name": "景聯廣場", "pm_type": "廣場" },
			"geometry": {
				"type": "Point",
				"coordinates": [121.5614014,25.03252029]
			}
		},
		{
			"type": "Feature",
			"properties": { "pm_name": "三重世貿公園", "pm_type": "公園" },
			"geometry": {
				"type": "Point",
				"coordinates": [121.615387,25.05792999]
			}
		},
		{
			"type": "Feature",
			"properties": { "pm_name": "中南公園", "pm_type": "公園" },
			"geometry": {
				"type": "Point",
				"coordinates": [121.6154709,25.05121994]
			}
		},
		{
			"type": "Feature",
			"properties": { "pm_name": "中研公園", "pm_type": "公園" },
			"geometry": {
				"type": "Point",
				"coordinates": [121.6130524,25.04689026]
			}
		},
		{
			"type": "Feature",
			"properties": { "pm_name": "中興公園", "pm_type": "公園" },
			"geometry": {
				"type": "Point",
				"coordinates": [121.6148529,25.0442009]
			}
		},
		{
			"type": "Feature",
			"properties": { "pm_name": "六福公園", "pm_type": "公園" },
			"geometry": {
				"type": "Point",
				"coordinates": [121.6165085,25.04726028]
			}
		},
		{
			"type": "Feature",
			"properties": { "pm_name": "四分河濱公園", "pm_type": "公園" },
			"geometry": {
				"type": "Point",
				"coordinates": [121.6156921,25.04862976]
			}
		},
		{
			"type": "Feature",
			"properties": { "pm_name": "市民公園", "pm_type": "公園" },
			"geometry": {
				"type": "Point",
				"coordinates": [121.5817337,25.0492897]
			}
		},
		{
			"type": "Feature",
			"properties": { "pm_name": "玉成公園", "pm_type": "公園" },
			"geometry": {
				"type": "Point",
				"coordinates": [121.5855026,25.04254913]
			}
		},
		{
			"type": "Feature",
			"properties": { "pm_name": "玉東公園", "pm_type": "公園" },
			"geometry": {
				"type": "Point",
				"coordinates": [121.584156,25.050188]
			}
		},
		{
			"type": "Feature",
			"properties": { "pm_name": "合成18號綠園", "pm_type": "公園" },
			"geometry": {
				"type": "Point",
				"coordinates": [121.5829163,25.04626083]
			}
		},
		{
			"type": "Feature",
			"properties": { "pm_name": "合成8號綠園", "pm_type": "公園" },
			"geometry": {
				"type": "Point",
				"coordinates": [121.5937882,25.05083084]
			}
		},
		{
			"type": "Feature",
			"properties": { "pm_name": "合成公園", "pm_type": "公園" },
			"geometry": {
				"type": "Point",
				"coordinates": [121.5811386,25.04509926]
			}
		},
		{
			"type": "Feature",
			"properties": { "pm_name": "合樂公園", "pm_type": "公園" },
			"geometry": {
				"type": "Point",
				"coordinates": [121.5818863,25.04850006]
			}
		},
		{
			"type": "Feature",
			"properties": { "pm_name": "百福公園", "pm_type": "公園" },
			"geometry": {
				"type": "Point",
				"coordinates": [121.5885391,25.03793907]
			}
		},
		{
			"type": "Feature",
			"properties": { "pm_name": "幸福公園", "pm_type": "公園" },
			"geometry": {
				"type": "Point",
				"coordinates": [121.6160507,25.04602051]
			}
		},
		{
			"type": "Feature",
			"properties": { "pm_name": "昆陽公園", "pm_type": "公園" },
			"geometry": {
				"type": "Point",
				"coordinates": [121.5942001,25.04871941]
			}
		},
		{
			"type": "Feature",
			"properties": { "pm_name": "東坡公園", "pm_type": "公園" },
			"geometry": {
				"type": "Point",
				"coordinates": [121.5933075,25.04523087]
			}
		},
		{
			"type": "Feature",
			"properties": { "pm_name": "東明公園", "pm_type": "公園" },
			"geometry": {
				"type": "Point",
				"coordinates": [121.6036377,25.05480003]
			}
		},
		{
			"type": "Feature",
			"properties": { "pm_name": "東陽公園", "pm_type": "公園" },
			"geometry": {
				"type": "Point",
				"coordinates": [121.6037369,25.0574398]
			}
		},
		{
			"type": "Feature",
			"properties": { "pm_name": "南汐公園", "pm_type": "公園" },
			"geometry": {
				"type": "Point",
				"coordinates": [121.617691,25.05467987]
			}
		},
		{
			"type": "Feature",
			"properties": { "pm_name": "南港公園", "pm_type": "公園" },
			"geometry": {
				"type": "Point",
				"coordinates": [121.5919113,25.04306984]
			}
		},
		{
			"type": "Feature",
			"properties": { "pm_name": "南興公園", "pm_type": "公園" },
			"geometry": {
				"type": "Point",
				"coordinates": [121.6069031,25.05401993]
			}
		},
		{
			"type": "Feature",
			"properties": { "pm_name": "後山埤公園", "pm_type": "公園" },
			"geometry": {
				"type": "Point",
				"coordinates": [121.5899506,25.04371071]
			}
		},
		{
			"type": "Feature",
			"properties": { "pm_name": "胡適公園", "pm_type": "公園" },
			"geometry": {
				"type": "Point",
				"coordinates": [121.6179123,25.03992081]
			}
		},
		{
			"type": "Feature",
			"properties": { "pm_name": "重陽公園", "pm_type": "公園" },
			"geometry": {
				"type": "Point",
				"coordinates": [121.5991516,25.05620003]
			}
		},
		{
			"type": "Feature",
			"properties": { "pm_name": "理想公園", "pm_type": "公園" },
			"geometry": {
				"type": "Point",
				"coordinates": [121.6215897,25.03986931]
			}
		},
		{
			"type": "Feature",
			"properties": { "pm_name": "瓶蓋印象公園", "pm_type": "公園" },
			"geometry": {
				"type": "Point",
				"coordinates": [121.606226,25.053719]
			}
		},
		{
			"type": "Feature",
			"properties": { "pm_name": "港後公園", "pm_type": "公園" },
			"geometry": {
				"type": "Point",
				"coordinates": [121.6153793,25.06274986]
			}
		},
		{
			"type": "Feature",
			"properties": { "pm_name": "湧聲公園", "pm_type": "公園" },
			"geometry": {
				"type": "Point",
				"coordinates": [121.5927582,25.04327965]
			}
		},
		{
			"type": "Feature",
			"properties": { "pm_name": "新勝公園", "pm_type": "公園" },
			"geometry": {
				"type": "Point",
				"coordinates": [121.5931625,25.04884911]
			}
		},
		{
			"type": "Feature",
			"properties": { "pm_name": "新富公園", "pm_type": "公園" },
			"geometry": {
				"type": "Point",
				"coordinates": [121.6169586,25.05303001]
			}
		},
		{
			"type": "Feature",
			"properties": { "pm_name": "新新公園", "pm_type": "公園" },
			"geometry": {
				"type": "Point",
				"coordinates": [121.588752,25.051391]
			}
		},
		{
			"type": "Feature",
			"properties": { "pm_name": "萬福公園", "pm_type": "公園" },
			"geometry": {
				"type": "Point",
				"coordinates": [121.5844498,25.04624939]
			}
		},
		{
			"type": "Feature",
			"properties": { "pm_name": "經貿公園", "pm_type": "公園" },
			"geometry": {
				"type": "Point",
				"coordinates": [121.6163635,25.06258011]
			}
		},
		{
			"type": "Feature",
			"properties": { "pm_name": "福山公園", "pm_type": "公園" },
			"geometry": {
				"type": "Point",
				"coordinates": [121.6178513,25.04470062]
			}
		},
		{
			"type": "Feature",
			"properties": { "pm_name": "興南公園", "pm_type": "公園" },
			"geometry": {
				"type": "Point",
				"coordinates": [121.5973969,25.05512047]
			}
		},
		{
			"type": "Feature",
			"properties": { "pm_name": "興華公園", "pm_type": "公園" },
			"geometry": {
				"type": "Point",
				"coordinates": [121.6047897,25.05677033]
			}
		},
		{
			"type": "Feature",
			"properties": { "pm_name": "錫口廊道", "pm_type": "公園" },
			"geometry": {
				"type": "Point",
				"coordinates": [121.5799314,25.05100657]
			}
		},
		{
			"type": "Feature",
			"properties": { "pm_name": "聯成公園", "pm_type": "公園" },
			"geometry": {
				"type": "Point",
				"coordinates": [121.5872192,25.04659081]
			}
		},
		{
			"type": "Feature",
			"properties": { "pm_name": "舊莊公園", "pm_type": "公園" },
			"geometry": {
				"type": "Point",
				"coordinates": [121.6202698,25.04137039]
			}
		},
		{
			"type": "Feature",
			"properties": { "pm_name": "九如綠地", "pm_type": "綠地" },
			"geometry": {
				"type": "Point",
				"coordinates": [121.6163101,25.03856087]
			}
		},
		{
			"type": "Feature",
			"properties": { "pm_name": "四分綠地", "pm_type": "綠地" },
			"geometry": {
				"type": "Point",
				"coordinates": [121.615002,25.03588189]
			}
		},
		{
			"type": "Feature",
			"properties": { "pm_name": "成福綠地", "pm_type": "綠地" },
			"geometry": {
				"type": "Point",
				"coordinates": [121.5929489,25.0453701]
			}
		},
		{
			"type": "Feature",
			"properties": { "pm_name": "成德綠地", "pm_type": "綠地" },
			"geometry": {
				"type": "Point",
				"coordinates": [121.5874634,25.04644966]
			}
		},
		{
			"type": "Feature",
			"properties": { "pm_name": "東明綠地", "pm_type": "綠地" },
			"geometry": {
				"type": "Point",
				"coordinates": [121.6006928,25.05426979]
			}
		},
		{
			"type": "Feature",
			"properties": { "pm_name": "東新綠地", "pm_type": "綠地" },
			"geometry": {
				"type": "Point",
				"coordinates": [121.6024475,25.05359078]
			}
		},
		{
			"type": "Feature",
			"properties": { "pm_name": "南深綠地", "pm_type": "綠地" },
			"geometry": {
				"type": "Point",
				"coordinates": [121.6231613,25.03792954]
			}
		},
		{
			"type": "Feature",
			"properties": { "pm_name": "南港29號綠地", "pm_type": "綠地" },
			"geometry": {
				"type": "Point",
				"coordinates": [121.6172333,25.04239082]
			}
		},
		{
			"type": "Feature",
			"properties": { "pm_name": "南港65號園區綠地", "pm_type": "綠地" },
			"geometry": {
				"type": "Point",
				"coordinates": [121.6142197,25.05903053]
			}
		},
		{
			"type": "Feature",
			"properties": { "pm_name": "新坡綠地", "pm_type": "綠地" },
			"geometry": {
				"type": "Point",
				"coordinates": [121.6177521,25.0356102]
			}
		},
		{
			"type": "Feature",
			"properties": { "pm_name": "新南綠地", "pm_type": "綠地" },
			"geometry": {
				"type": "Point",
				"coordinates": [121.6065521,25.05184937]
			}
		},
		{
			"type": "Feature",
			"properties": { "pm_name": "新陽綠地", "pm_type": "綠地" },
			"geometry": {
				"type": "Point",
				"coordinates": [121.6034164,25.05693054]
			}
		},
		{
			"type": "Feature",
			"properties": { "pm_name": "合心廣場", "pm_type": "廣場" },
			"geometry": {
				"type": "Point",
				"coordinates": [121.583458,25.04660988]
			}
		},
		{
			"type": "Feature",
			"properties": { "pm_name": "南港五號廣場", "pm_type": "廣場" },
			"geometry": {
				"type": "Point",
				"coordinates": [121.5998001,25.05406952]
			}
		},
		{
			"type": "Feature",
			"properties": { "pm_name": "140高地", "pm_type": "公園" },
			"geometry": {
				"type": "Point",
				"coordinates": [121.569603,25.00358009]
			}
		},
		{
			"type": "Feature",
			"properties": { "pm_name": "久康公園", "pm_type": "公園" },
			"geometry": {
				"type": "Point",
				"coordinates": [121.5645828,24.98934937]
			}
		},
		{
			"type": "Feature",
			"properties": { "pm_name": "小坑1號公園", "pm_type": "公園" },
			"geometry": {
				"type": "Point",
				"coordinates": [121.585228,24.98337936]
			}
		},
		{
			"type": "Feature",
			"properties": {
				"pm_name": "文山(景美)49號公園",
				"pm_type": "公園"
			},
			"geometry": {
				"type": "Point",
				"coordinates": [121.5478516,24.99588966]
			}
		},
		{
			"type": "Feature",
			"properties": { "pm_name": "文山木柵59號公園", "pm_type": "公園" },
			"geometry": {
				"type": "Point",
				"coordinates": [121.5825806,24.98526001]
			}
		},
		{
			"type": "Feature",
			"properties": { "pm_name": "文山森林公園", "pm_type": "公園" },
			"geometry": {
				"type": "Point",
				"coordinates": [121.548322,25.00435]
			}
		},
		{
			"type": "Feature",
			"properties": { "pm_name": "木南公園", "pm_type": "公園" },
			"geometry": {
				"type": "Point",
				"coordinates": [121.5708389,24.9865303]
			}
		},
		{
			"type": "Feature",
			"properties": { "pm_name": "木柵公園", "pm_type": "公園" },
			"geometry": {
				"type": "Point",
				"coordinates": [121.560463,24.98694992]
			}
		},
		{
			"type": "Feature",
			"properties": { "pm_name": "木新公園", "pm_type": "公園" },
			"geometry": {
				"type": "Point",
				"coordinates": [121.5580368,24.9822197]
			}
		},
		{
			"type": "Feature",
			"properties": { "pm_name": "木榮公園", "pm_type": "公園" },
			"geometry": {
				"type": "Point",
				"coordinates": [121.5686569,24.98464012]
			}
		},
		{
			"type": "Feature",
			"properties": { "pm_name": "水景公園", "pm_type": "公園" },
			"geometry": {
				"type": "Point",
				"coordinates": [121.5868378,24.98698044]
			}
		},
		{
			"type": "Feature",
			"properties": { "pm_name": "仙岩公園", "pm_type": "公園" },
			"geometry": {
				"type": "Point",
				"coordinates": [121.5493622,24.99797058]
			}
		},
		{
			"type": "Feature",
			"properties": { "pm_name": "光明公園", "pm_type": "公園" },
			"geometry": {
				"type": "Point",
				"coordinates": [121.5547104,24.98646927]
			}
		},
		{
			"type": "Feature",
			"properties": { "pm_name": "光輝公園", "pm_type": "公園" },
			"geometry": {
				"type": "Point",
				"coordinates": [121.5558395,24.98612022]
			}
		},
		{
			"type": "Feature",
			"properties": { "pm_name": "辛亥生態公園", "pm_type": "公園" },
			"geometry": {
				"type": "Point",
				"coordinates": [121.556764,25.003685]
			}
		},
		{
			"type": "Feature",
			"properties": { "pm_name": "坡內坑公園", "pm_type": "公園" },
			"geometry": {
				"type": "Point",
				"coordinates": [121.5765533,25.00497055]
			}
		},
		{
			"type": "Feature",
			"properties": { "pm_name": "忠順公園", "pm_type": "公園" },
			"geometry": {
				"type": "Point",
				"coordinates": [121.561142,24.98314095]
			}
		},
		{
			"type": "Feature",
			"properties": { "pm_name": "忠順萊茵公園", "pm_type": "公園" },
			"geometry": {
				"type": "Point",
				"coordinates": [121.5653687,24.98678017]
			}
		},
		{
			"type": "Feature",
			"properties": { "pm_name": "明義公園", "pm_type": "公園" },
			"geometry": {
				"type": "Point",
				"coordinates": [121.5609818,24.98806953]
			}
		},
		{
			"type": "Feature",
			"properties": { "pm_name": "芳寧公園", "pm_type": "公園" },
			"geometry": {
				"type": "Point",
				"coordinates": [121.5632782,25.00452995]
			}
		},
		{
			"type": "Feature",
			"properties": { "pm_name": "保儀公園", "pm_type": "公園" },
			"geometry": {
				"type": "Point",
				"coordinates": [121.5634689,24.98353958]
			}
		},
		{
			"type": "Feature",
			"properties": { "pm_name": "恆光公園", "pm_type": "公園" },
			"geometry": {
				"type": "Point",
				"coordinates": [121.5675888,24.98241043]
			}
		},
		{
			"type": "Feature",
			"properties": { "pm_name": "原野運動公園", "pm_type": "公園" },
			"geometry": {
				"type": "Point",
				"coordinates": [121.571373,24.99712944]
			}
		},
		{
			"type": "Feature",
			"properties": { "pm_name": "博嘉公園", "pm_type": "公園" },
			"geometry": {
				"type": "Point",
				"coordinates": [121.5735397,25.00045013]
			}
		},
		{
			"type": "Feature",
			"properties": { "pm_name": "景仁公園", "pm_type": "公園" },
			"geometry": {
				"type": "Point",
				"coordinates": [121.5401001,24.99666977]
			}
		},
		{
			"type": "Feature",
			"properties": { "pm_name": "景行公園", "pm_type": "公園" },
			"geometry": {
				"type": "Point",
				"coordinates": [121.542778,24.99251938]
			}
		},
		{
			"type": "Feature",
			"properties": {
				"pm_name": "景美公園(原萬慶公園)",
				"pm_type": "公園"
			},
			"geometry": {
				"type": "Point",
				"coordinates": [121.5375977,24.99402046]
			}
		},
		{
			"type": "Feature",
			"properties": { "pm_name": "景美運動公園", "pm_type": "公園" },
			"geometry": {
				"type": "Point",
				"coordinates": [121.5445175,25.00254059]
			}
		},
		{
			"type": "Feature",
			"properties": { "pm_name": "景華公園", "pm_type": "公園" },
			"geometry": {
				"type": "Point",
				"coordinates": [121.5437927,24.99518967]
			}
		},
		{
			"type": "Feature",
			"properties": { "pm_name": "景福公園", "pm_type": "公園" },
			"geometry": {
				"type": "Point",
				"coordinates": [121.5403214,24.99567986]
			}
		},
		{
			"type": "Feature",
			"properties": { "pm_name": "景豐公園", "pm_type": "公園" },
			"geometry": {
				"type": "Point",
				"coordinates": [121.5450516,25.0001297]
			}
		},
		{
			"type": "Feature",
			"properties": { "pm_name": "華興公園", "pm_type": "公園" },
			"geometry": {
				"type": "Point",
				"coordinates": [121.5504684,24.98917007]
			}
		},
		{
			"type": "Feature",
			"properties": { "pm_name": "順興公園綠地", "pm_type": "公園" },
			"geometry": {
				"type": "Point",
				"coordinates": [121.5643768,24.98608971]
			}
		},
		{
			"type": "Feature",
			"properties": { "pm_name": "新榮公園", "pm_type": "公園" },
			"geometry": {
				"type": "Point",
				"coordinates": [121.570221,24.98332977]
			}
		},
		{
			"type": "Feature",
			"properties": { "pm_name": "椰城公園", "pm_type": "公園" },
			"geometry": {
				"type": "Point",
				"coordinates": [121.5687027,25.0063591]
			}
		},
		{
			"type": "Feature",
			"properties": { "pm_name": "萬年1號公園", "pm_type": "公園" },
			"geometry": {
				"type": "Point",
				"coordinates": [121.5362015,25.00569916]
			}
		},
		{
			"type": "Feature",
			"properties": { "pm_name": "萬年2號公園", "pm_type": "公園" },
			"geometry": {
				"type": "Point",
				"coordinates": [121.5362015,25.00569916]
			}
		},
		{
			"type": "Feature",
			"properties": { "pm_name": "萬年3號公園", "pm_type": "公園" },
			"geometry": {
				"type": "Point",
				"coordinates": [121.5369263,25.00704002]
			}
		},
		{
			"type": "Feature",
			"properties": { "pm_name": "萬有1號公園", "pm_type": "公園" },
			"geometry": {
				"type": "Point",
				"coordinates": [121.5429535,24.99983025]
			}
		},
		{
			"type": "Feature",
			"properties": { "pm_name": "萬有2號公園", "pm_type": "公園" },
			"geometry": {
				"type": "Point",
				"coordinates": [121.5419006,25.00070953]
			}
		},
		{
			"type": "Feature",
			"properties": { "pm_name": "萬有3號公園", "pm_type": "公園" },
			"geometry": {
				"type": "Point",
				"coordinates": [121.5430985,24.99872017]
			}
		},
		{
			"type": "Feature",
			"properties": { "pm_name": "萬和1號公園", "pm_type": "公園" },
			"geometry": {
				"type": "Point",
				"coordinates": [121.5363236,25.00049019]
			}
		},
		{
			"type": "Feature",
			"properties": { "pm_name": "萬和2號公園", "pm_type": "公園" },
			"geometry": {
				"type": "Point",
				"coordinates": [121.5365372,25.00148964]
			}
		},
		{
			"type": "Feature",
			"properties": { "pm_name": "萬和3號公園", "pm_type": "公園" },
			"geometry": {
				"type": "Point",
				"coordinates": [121.5363388,25.00381088]
			}
		},
		{
			"type": "Feature",
			"properties": { "pm_name": "萬芳10號公園", "pm_type": "公園" },
			"geometry": {
				"type": "Point",
				"coordinates": [121.5624924,25.00164986]
			}
		},
		{
			"type": "Feature",
			"properties": { "pm_name": "萬芳11號公園", "pm_type": "公園" },
			"geometry": {
				"type": "Point",
				"coordinates": [121.5630798,25.00304985]
			}
		},
		{
			"type": "Feature",
			"properties": { "pm_name": "萬芳12號公園", "pm_type": "公園" },
			"geometry": {
				"type": "Point",
				"coordinates": [121.5635834,25.00147057]
			}
		},
		{
			"type": "Feature",
			"properties": { "pm_name": "萬芳13號公園", "pm_type": "公園" },
			"geometry": {
				"type": "Point",
				"coordinates": [121.5653992,25.00172997]
			}
		},
		{
			"type": "Feature",
			"properties": { "pm_name": "萬芳14號公園", "pm_type": "公園" },
			"geometry": {
				"type": "Point",
				"coordinates": [121.5653305,25.00032044]
			}
		},
		{
			"type": "Feature",
			"properties": { "pm_name": "萬芳1號公園", "pm_type": "公園" },
			"geometry": {
				"type": "Point",
				"coordinates": [121.5667267,24.99986076]
			}
		},
		{
			"type": "Feature",
			"properties": { "pm_name": "萬芳2號公園", "pm_type": "公園" },
			"geometry": {
				"type": "Point",
				"coordinates": [121.5667725,24.99920082]
			}
		},
		{
			"type": "Feature",
			"properties": { "pm_name": "萬芳3號公園", "pm_type": "公園" },
			"geometry": {
				"type": "Point",
				"coordinates": [121.5671005,24.99925041]
			}
		},
		{
			"type": "Feature",
			"properties": { "pm_name": "萬芳4號公園", "pm_type": "公園" },
			"geometry": {
				"type": "Point",
				"coordinates": [121.5675278,25.00153923]
			}
		},
		{
			"type": "Feature",
			"properties": { "pm_name": "萬芳6號公園", "pm_type": "公園" },
			"geometry": {
				"type": "Point",
				"coordinates": [121.5691834,24.99950028]
			}
		},
		{
			"type": "Feature",
			"properties": { "pm_name": "萬芳7號公園", "pm_type": "公園" },
			"geometry": {
				"type": "Point",
				"coordinates": [121.5661621,25.00157929]
			}
		},
		{
			"type": "Feature",
			"properties": { "pm_name": "萬芳8號公園", "pm_type": "公園" },
			"geometry": {
				"type": "Point",
				"coordinates": [121.560463,25.0030098]
			}
		},
		{
			"type": "Feature",
			"properties": { "pm_name": "萬芳9號公園", "pm_type": "公園" },
			"geometry": {
				"type": "Point",
				"coordinates": [121.5614777,25.00177956]
			}
		},
		{
			"type": "Feature",
			"properties": { "pm_name": "萬盛公園", "pm_type": "公園" },
			"geometry": {
				"type": "Point",
				"coordinates": [121.5410614,25.00514984]
			}
		},
		{
			"type": "Feature",
			"properties": { "pm_name": "萬壽1號公園", "pm_type": "公園" },
			"geometry": {
				"type": "Point",
				"coordinates": [121.5892181,24.98747063]
			}
		},
		{
			"type": "Feature",
			"properties": { "pm_name": "萬壽2號公園", "pm_type": "公園" },
			"geometry": {
				"type": "Point",
				"coordinates": [121.5895615,24.98736954]
			}
		},
		{
			"type": "Feature",
			"properties": { "pm_name": "萬壽3號公園", "pm_type": "公園" },
			"geometry": {
				"type": "Point",
				"coordinates": [121.5860825,24.98542023]
			}
		},
		{
			"type": "Feature",
			"properties": {
				"pm_name": "萬興櫻花生態景觀公園",
				"pm_type": "公園"
			},
			"geometry": {
				"type": "Point",
				"coordinates": [121.5731031,24.9915411]
			}
		},
		{
			"type": "Feature",
			"properties": { "pm_name": "試院公園", "pm_type": "公園" },
			"geometry": {
				"type": "Point",
				"coordinates": [121.5473175,24.98778915]
			}
		},
		{
			"type": "Feature",
			"properties": { "pm_name": "福興公園", "pm_type": "公園" },
			"geometry": {
				"type": "Point",
				"coordinates": [121.5481567,25.00399971]
			}
		},
		{
			"type": "Feature",
			"properties": { "pm_name": "樟林公園", "pm_type": "公園" },
			"geometry": {
				"type": "Point",
				"coordinates": [121.5592117,24.98464012]
			}
		},
		{
			"type": "Feature",
			"properties": { "pm_name": "樟新公園", "pm_type": "公園" },
			"geometry": {
				"type": "Point",
				"coordinates": [121.5569534,24.97919083]
			}
		},
		{
			"type": "Feature",
			"properties": { "pm_name": "樟樹公園", "pm_type": "公園" },
			"geometry": {
				"type": "Point",
				"coordinates": [121.559372,24.98271942]
			}
		},
		{
			"type": "Feature",
			"properties": { "pm_name": "樟興公園", "pm_type": "公園" },
			"geometry": {
				"type": "Point",
				"coordinates": [121.5541229,24.98067093]
			}
		},
		{
			"type": "Feature",
			"properties": { "pm_name": "興旺公園", "pm_type": "公園" },
			"geometry": {
				"type": "Point",
				"coordinates": [121.5504608,25.0058403]
			}
		},
		{
			"type": "Feature",
			"properties": { "pm_name": "興家公園", "pm_type": "公園" },
			"geometry": {
				"type": "Point",
				"coordinates": [121.5608215,24.99473]
			}
		},
		{
			"type": "Feature",
			"properties": { "pm_name": "興泰公園", "pm_type": "公園" },
			"geometry": {
				"type": "Point",
				"coordinates": [121.555481,25.00481033]
			}
		},
		{
			"type": "Feature",
			"properties": { "pm_name": "興隆公園", "pm_type": "公園" },
			"geometry": {
				"type": "Point",
				"coordinates": [121.5510864,25.00013924]
			}
		},
		{
			"type": "Feature",
			"properties": { "pm_name": "興福公園", "pm_type": "公園" },
			"geometry": {
				"type": "Point",
				"coordinates": [121.5459671,24.9971199]
			}
		},
		{
			"type": "Feature",
			"properties": { "pm_name": "興德綠色步道", "pm_type": "公園" },
			"geometry": {
				"type": "Point",
				"coordinates": [121.5595398,24.99477005]
			}
		},
		{
			"type": "Feature",
			"properties": { "pm_name": "興豐公園", "pm_type": "公園" },
			"geometry": {
				"type": "Point",
				"coordinates": [121.5512695,25.00019074]
			}
		},
		{
			"type": "Feature",
			"properties": { "pm_name": "文山50號綠地", "pm_type": "綠地" },
			"geometry": {
				"type": "Point",
				"coordinates": [121.5750885,24.99078941]
			}
		},
		{
			"type": "Feature",
			"properties": { "pm_name": "文山木柵60號綠地", "pm_type": "綠地" },
			"geometry": {
				"type": "Point",
				"coordinates": [121.583252,25.00042915]
			}
		},
		{
			"type": "Feature",
			"properties": { "pm_name": "木柵14號綠地", "pm_type": "綠地" },
			"geometry": {
				"type": "Point",
				"coordinates": [121.5515289,24.99163055]
			}
		},
		{
			"type": "Feature",
			"properties": {
				"pm_name": "木柵17號(秀明綠地)",
				"pm_type": "綠地"
			},
			"geometry": {
				"type": "Point",
				"coordinates": [121.5648117,24.98903084]
			}
		},
		{
			"type": "Feature",
			"properties": { "pm_name": "木柵49號綠地", "pm_type": "綠地" },
			"geometry": {
				"type": "Point",
				"coordinates": [121.5736694,24.99308014]
			}
		},
		{
			"type": "Feature",
			"properties": { "pm_name": "指南綠地", "pm_type": "綠地" },
			"geometry": {
				"type": "Point",
				"coordinates": [121.5796738,24.98300934]
			}
		},
		{
			"type": "Feature",
			"properties": { "pm_name": "軍功綠地", "pm_type": "綠地" },
			"geometry": {
				"type": "Point",
				"coordinates": [121.5726776,25.00127983]
			}
		},
		{
			"type": "Feature",
			"properties": { "pm_name": "清溪綠地", "pm_type": "綠地" },
			"geometry": {
				"type": "Point",
				"coordinates": [121.5805512,24.98506928]
			}
		},
		{
			"type": "Feature",
			"properties": { "pm_name": "景美29號綠地", "pm_type": "綠地" },
			"geometry": {
				"type": "Point",
				"coordinates": [121.5518189,24.99637032]
			}
		},
		{
			"type": "Feature",
			"properties": { "pm_name": "景美30號綠地", "pm_type": "綠地" },
			"geometry": {
				"type": "Point",
				"coordinates": [121.5551987,25.00074959]
			}
		},
		{
			"type": "Feature",
			"properties": { "pm_name": "景美32號綠地", "pm_type": "綠地" },
			"geometry": {
				"type": "Point",
				"coordinates": [121.5579605,25.00922012]
			}
		},
		{
			"type": "Feature",
			"properties": { "pm_name": "萬利綠地", "pm_type": "綠地" },
			"geometry": {
				"type": "Point",
				"coordinates": [121.5647507,25.00028992]
			}
		},
		{
			"type": "Feature",
			"properties": { "pm_name": "萬利綠地", "pm_type": "綠地" },
			"geometry": {
				"type": "Point",
				"coordinates": [121.5647507,25.00028992]
			}
		},
		{
			"type": "Feature",
			"properties": { "pm_name": "七虎公園", "pm_type": "公園" },
			"geometry": {
				"type": "Point",
				"coordinates": [121.5020599,25.13649941]
			}
		},
		{
			"type": "Feature",
			"properties": { "pm_name": "七星公園", "pm_type": "公園" },
			"geometry": {
				"type": "Point",
				"coordinates": [121.5030212,25.13661957]
			}
		},
		{
			"type": "Feature",
			"properties": { "pm_name": "八仙公園", "pm_type": "公園" },
			"geometry": {
				"type": "Point",
				"coordinates": [121.502916,25.120286]
			}
		},
		{
			"type": "Feature",
			"properties": { "pm_name": "大豐公園", "pm_type": "公園" },
			"geometry": {
				"type": "Point",
				"coordinates": [121.5037308,25.13194084]
			}
		},
		{
			"type": "Feature",
			"properties": { "pm_name": "中央簡易公園", "pm_type": "公園" },
			"geometry": {
				"type": "Point",
				"coordinates": [121.4999237,25.12809944]
			}
		},
		{
			"type": "Feature",
			"properties": { "pm_name": "中庸1號公園", "pm_type": "公園" },
			"geometry": {
				"type": "Point",
				"coordinates": [121.5012436,25.13804054]
			}
		},
		{
			"type": "Feature",
			"properties": { "pm_name": "丹鳳公園", "pm_type": "公園" },
			"geometry": {
				"type": "Point",
				"coordinates": [121.5109787,25.1264801]
			}
		},
		{
			"type": "Feature",
			"properties": { "pm_name": "公館公園", "pm_type": "公園" },
			"geometry": {
				"type": "Point",
				"coordinates": [121.5064316,25.12799072]
			}
		},
		{
			"type": "Feature",
			"properties": { "pm_name": "天狗庵遺址", "pm_type": "公園" },
			"geometry": {
				"type": "Point",
				"coordinates": [121.5066681,25.13592911]
			}
		},
		{
			"type": "Feature",
			"properties": { "pm_name": "文化1號公園", "pm_type": "公園" },
			"geometry": {
				"type": "Point",
				"coordinates": [121.496462,25.136535]
			}
		},
		{
			"type": "Feature",
			"properties": { "pm_name": "文化2號公園", "pm_type": "公園" },
			"geometry": {
				"type": "Point",
				"coordinates": [121.4968414,25.13643074]
			}
		},
		{
			"type": "Feature",
			"properties": { "pm_name": "文化3號公園", "pm_type": "公園" },
			"geometry": {
				"type": "Point",
				"coordinates": [121.4947128,25.13769913]
			}
		},
		{
			"type": "Feature",
			"properties": {
				"pm_name": "北投258號綠地(承德4號)",
				"pm_type": "公園"
			},
			"geometry": { "type": "Point", "coordinates": [121.51245,25.1019] }
		},
		{
			"type": "Feature",
			"properties": { "pm_name": "北投2號公園", "pm_type": "公園" },
			"geometry": {
				"type": "Point",
				"coordinates": [121.508221,25.13705]
			}
		},
		{
			"type": "Feature",
			"properties": { "pm_name": "北投公園", "pm_type": "公園" },
			"geometry": {
				"type": "Point",
				"coordinates": [121.5047302,25.13656044]
			}
		},
		{
			"type": "Feature",
			"properties": { "pm_name": "北投社三層崎公園", "pm_type": "公園" },
			"geometry": {
				"type": "Point",
				"coordinates": [121.491156,25.14574]
			}
		},
		{
			"type": "Feature",
			"properties": { "pm_name": "石牌公園", "pm_type": "公園" },
			"geometry": {
				"type": "Point",
				"coordinates": [121.5103607,25.11635971]
			}
		},
		{
			"type": "Feature",
			"properties": { "pm_name": "立農公園", "pm_type": "公園" },
			"geometry": {
				"type": "Point",
				"coordinates": [121.5035095,25.11878967]
			}
		},
		{
			"type": "Feature",
			"properties": { "pm_name": "吉利公園", "pm_type": "公園" },
			"geometry": {
				"type": "Point",
				"coordinates": [121.5083695,25.11901093]
			}
		},
		{
			"type": "Feature",
			"properties": { "pm_name": "同德公園", "pm_type": "公園" },
			"geometry": {
				"type": "Point",
				"coordinates": [121.5294495,25.12507057]
			}
		},
		{
			"type": "Feature",
			"properties": { "pm_name": "地熱谷公園", "pm_type": "公園" },
			"geometry": {
				"type": "Point",
				"coordinates": [121.5109787,25.13755989]
			}
		},
		{
			"type": "Feature",
			"properties": { "pm_name": "行義公園", "pm_type": "公園" },
			"geometry": {
				"type": "Point",
				"coordinates": [121.5252304,25.1253891]
			}
		},
		{
			"type": "Feature",
			"properties": { "pm_name": "奇岩1號公園", "pm_type": "公園" },
			"geometry": {
				"type": "Point",
				"coordinates": [121.503698,25.128339]
			}
		},
		{
			"type": "Feature",
			"properties": { "pm_name": "奇岩二號公園", "pm_type": "公園" },
			"geometry": {
				"type": "Point",
				"coordinates": [121.5036926,25.12649918]
			}
		},
		{
			"type": "Feature",
			"properties": { "pm_name": "奇岩三號公園", "pm_type": "公園" },
			"geometry": {
				"type": "Point",
				"coordinates": [121.5052185,25.12598038]
			}
		},
		{
			"type": "Feature",
			"properties": { "pm_name": "東華公園", "pm_type": "公園" },
			"geometry": {
				"type": "Point",
				"coordinates": [121.5070725,25.12183952]
			}
		},
		{
			"type": "Feature",
			"properties": { "pm_name": "林泉公園", "pm_type": "公園" },
			"geometry": {
				"type": "Point",
				"coordinates": [121.51482,25.14133]
			}
		},
		{
			"type": "Feature",
			"properties": { "pm_name": "知行公園", "pm_type": "公園" },
			"geometry": {
				"type": "Point",
				"coordinates": [121.4666519,25.11973]
			}
		},
		{
			"type": "Feature",
			"properties": { "pm_name": "長安公園", "pm_type": "公園" },
			"geometry": {
				"type": "Point",
				"coordinates": [121.5001602,25.13555908]
			}
		},
		{
			"type": "Feature",
			"properties": { "pm_name": "前山公園", "pm_type": "公園" },
			"geometry": {
				"type": "Point",
				"coordinates": [121.5484437,25.15057652]
			}
		},
		{
			"type": "Feature",
			"properties": { "pm_name": "建民公園", "pm_type": "公園" },
			"geometry": {
				"type": "Point",
				"coordinates": [121.519809,25.104744]
			}
		},
		{
			"type": "Feature",
			"properties": { "pm_name": "泉源47號公園", "pm_type": "公園" },
			"geometry": {
				"type": "Point",
				"coordinates": [121.5124588,25.14209938]
			}
		},
		{
			"type": "Feature",
			"properties": { "pm_name": "泉源48號公園", "pm_type": "公園" },
			"geometry": {
				"type": "Point",
				"coordinates": [121.5071564,25.14193916]
			}
		},
		{
			"type": "Feature",
			"properties": { "pm_name": "洲美(公4)公園", "pm_type": "公園" },
			"geometry": {
				"type": "Point",
				"coordinates": [121.506347,25.100089]
			}
		},
		{
			"type": "Feature",
			"properties": { "pm_name": "洲美蜆仔港公園", "pm_type": "公園" },
			"geometry": {
				"type": "Point",
				"coordinates": [121.5111864,25.10099711]
			}
		},
		{
			"type": "Feature",
			"properties": { "pm_name": "致遠公園", "pm_type": "公園" },
			"geometry": {
				"type": "Point",
				"coordinates": [121.5150528,25.11127091]
			}
		},
		{
			"type": "Feature",
			"properties": { "pm_name": "重三公園", "pm_type": "公園" },
			"geometry": {
				"type": "Point",
				"coordinates": [121.4892883,25.14015961]
			}
		},
		{
			"type": "Feature",
			"properties": { "pm_name": "振華公園", "pm_type": "公園" },
			"geometry": {
				"type": "Point",
				"coordinates": [121.5188522,25.11516953]
			}
		},
		{
			"type": "Feature",
			"properties": { "pm_name": "振興公園", "pm_type": "公園" },
			"geometry": {
				"type": "Point",
				"coordinates": [121.5230408,25.11821938]
			}
		},
		{
			"type": "Feature",
			"properties": { "pm_name": "桂花公園", "pm_type": "公園" },
			"geometry": {
				"type": "Point",
				"coordinates": [121.5102234,25.13791084]
			}
		},
		{
			"type": "Feature",
			"properties": { "pm_name": "桃源公園", "pm_type": "公園" },
			"geometry": {
				"type": "Point",
				"coordinates": [121.4827576,25.13806915]
			}
		},
		{
			"type": "Feature",
			"properties": { "pm_name": "健行公園", "pm_type": "公園" },
			"geometry": {
				"type": "Point",
				"coordinates": [121.5088272,25.1212101]
			}
		},
		{
			"type": "Feature",
			"properties": { "pm_name": "崇仰公園", "pm_type": "公園" },
			"geometry": {
				"type": "Point",
				"coordinates": [121.51106,25.12609]
			}
		},
		{
			"type": "Feature",
			"properties": { "pm_name": "清江1公園", "pm_type": "公園" },
			"geometry": {
				"type": "Point",
				"coordinates": [121.5024796,25.1239109]
			}
		},
		{
			"type": "Feature",
			"properties": { "pm_name": "清江二公園", "pm_type": "公園" },
			"geometry": {
				"type": "Point",
				"coordinates": [121.5018921,25.12368012]
			}
		},
		{
			"type": "Feature",
			"properties": { "pm_name": "軟橋公園", "pm_type": "公園" },
			"geometry": {
				"type": "Point",
				"coordinates": [121.517613,25.103102]
			}
		},
		{
			"type": "Feature",
			"properties": { "pm_name": "復興公園", "pm_type": "公園" },
			"geometry": {
				"type": "Point",
				"coordinates": [121.5032272,25.1396904]
			}
		},
		{
			"type": "Feature",
			"properties": { "pm_name": "開明公園", "pm_type": "公園" },
			"geometry": {
				"type": "Point",
				"coordinates": [121.5053177,25.14113045]
			}
		},
		{
			"type": "Feature",
			"properties": { "pm_name": "陽明公園", "pm_type": "公園" },
			"geometry": {
				"type": "Point",
				"coordinates": [121.5390112,25.15901675]
			}
		},
		{
			"type": "Feature",
			"properties": { "pm_name": "新興公園", "pm_type": "公園" },
			"geometry": {
				"type": "Point",
				"coordinates": [121.48703,25.13934]
			}
		},
		{
			"type": "Feature",
			"properties": { "pm_name": "溫泉綠地", "pm_type": "公園" },
			"geometry": {
				"type": "Point",
				"coordinates": [121.512342,25.138933]
			}
		},
		{
			"type": "Feature",
			"properties": { "pm_name": "聖景一公園", "pm_type": "公園" },
			"geometry": {
				"type": "Point",
				"coordinates": [121.46351,25.12045]
			}
		},
		{
			"type": "Feature",
			"properties": { "pm_name": "聖景二公園", "pm_type": "公園" },
			"geometry": {
				"type": "Point",
				"coordinates": [121.46381,25.12038]
			}
		},
		{
			"type": "Feature",
			"properties": { "pm_name": "聖景三公園", "pm_type": "公園" },
			"geometry": {
				"type": "Point",
				"coordinates": [121.46382,25.12046]
			}
		},
		{
			"type": "Feature",
			"properties": { "pm_name": "榮光公園", "pm_type": "公園" },
			"geometry": {
				"type": "Point",
				"coordinates": [121.51429,25.11472]
			}
		},
		{
			"type": "Feature",
			"properties": { "pm_name": "榮富公園", "pm_type": "公園" },
			"geometry": {
				"type": "Point",
				"coordinates": [121.5247269,25.1142292]
			}
		},
		{
			"type": "Feature",
			"properties": { "pm_name": "榮華公園", "pm_type": "公園" },
			"geometry": {
				"type": "Point",
				"coordinates": [121.5219879,25.11054993]
			}
		},
		{
			"type": "Feature",
			"properties": { "pm_name": "福星(公1)公園", "pm_type": "公園" },
			"geometry": {
				"type": "Point",
				"coordinates": [121.512326,25.108828]
			}
		},
		{
			"type": "Feature",
			"properties": { "pm_name": "稻中公園", "pm_type": "公園" },
			"geometry": {
				"type": "Point",
				"coordinates": [121.4892807,25.13862991]
			}
		},
		{
			"type": "Feature",
			"properties": { "pm_name": "稻香公園", "pm_type": "公園" },
			"geometry": {
				"type": "Point",
				"coordinates": [121.4885788,25.14094925]
			}
		},
		{
			"type": "Feature",
			"properties": { "pm_name": "線形公園(一德里)", "pm_type": "公園" },
			"geometry": {
				"type": "Point",
				"coordinates": [121.471619,25.129796]
			}
		},
		{
			"type": "Feature",
			"properties": {
				"pm_name": "線形公園(中央北路3段)",
				"pm_type": "公園"
			},
			"geometry": {
				"type": "Point",
				"coordinates": [121.48244,25.13687]
			}
		},
		{
			"type": "Feature",
			"properties": {
				"pm_name": "線形公園-芝山明德段",
				"pm_type": "公園"
			},
			"geometry": {
				"type": "Point",
				"coordinates": [121.51714,25.1123725]
			}
		},
		{
			"type": "Feature",
			"properties": { "pm_name": "學園公園", "pm_type": "公園" },
			"geometry": {
				"type": "Point",
				"coordinates": [121.4663467,25.1282692]
			}
		},
		{
			"type": "Feature",
			"properties": { "pm_name": "磺港公園", "pm_type": "公園" },
			"geometry": {
				"type": "Point",
				"coordinates": [121.50446,25.130512]
			}
		},
		{
			"type": "Feature",
			"properties": { "pm_name": "豐年公園", "pm_type": "公園" },
			"geometry": {
				"type": "Point",
				"coordinates": [121.4966583,25.13600922]
			}
		},
		{
			"type": "Feature",
			"properties": { "pm_name": "關渡公園", "pm_type": "公園" },
			"geometry": {
				"type": "Point",
				"coordinates": [121.46369,25.11973]
			}
		},
		{
			"type": "Feature",
			"properties": { "pm_name": "觀海公園", "pm_type": "公園" },
			"geometry": {
				"type": "Point",
				"coordinates": [121.4634476,25.12358093]
			}
		},
		{
			"type": "Feature",
			"properties": { "pm_name": "嗄嘮別公園", "pm_type": "公園" },
			"geometry": {
				"type": "Point",
				"coordinates": [121.4844208,25.14035034]
			}
		},
		{
			"type": "Feature",
			"properties": {
				"pm_name": "大業綠地(北投163號)",
				"pm_type": "綠地"
			},
			"geometry": {
				"type": "Point",
				"coordinates": [121.4905396,25.13624001]
			}
		},
		{
			"type": "Feature",
			"properties": { "pm_name": "中和綠地", "pm_type": "綠地" },
			"geometry": {
				"type": "Point",
				"coordinates": [121.4988022,25.14188004]
			}
		},
		{
			"type": "Feature",
			"properties": { "pm_name": "天溪綠地", "pm_type": "綠地" },
			"geometry": { "type": "Point", "coordinates": [121.5301,25.13519] }
		},
		{
			"type": "Feature",
			"properties": { "pm_name": "文化綠地", "pm_type": "綠地" },
			"geometry": {
				"type": "Point",
				"coordinates": [121.498406,25.137449]
			}
		},
		{
			"type": "Feature",
			"properties": { "pm_name": "北投106號綠地", "pm_type": "綠地" },
			"geometry": {
				"type": "Point",
				"coordinates": [121.5209045,25.11108208]
			}
		},
		{
			"type": "Feature",
			"properties": { "pm_name": "北投120號綠地", "pm_type": "綠地" },
			"geometry": {
				"type": "Point",
				"coordinates": [121.501115,25.120132]
			}
		},
		{
			"type": "Feature",
			"properties": { "pm_name": "北投121號綠地", "pm_type": "綠地" },
			"geometry": {
				"type": "Point",
				"coordinates": [121.5049896,25.11664009]
			}
		},
		{
			"type": "Feature",
			"properties": { "pm_name": "北投122號綠地", "pm_type": "綠地" },
			"geometry": {
				"type": "Point",
				"coordinates": [121.5089264,25.11306953]
			}
		},
		{
			"type": "Feature",
			"properties": { "pm_name": "北投123號綠地", "pm_type": "綠地" },
			"geometry": {
				"type": "Point",
				"coordinates": [121.503849,25.117135]
			}
		},
		{
			"type": "Feature",
			"properties": { "pm_name": "北投124號綠地", "pm_type": "綠地" },
			"geometry": {
				"type": "Point",
				"coordinates": [121.506329,25.114865]
			}
		},
		{
			"type": "Feature",
			"properties": { "pm_name": "北投135號綠地", "pm_type": "綠地" },
			"geometry": {
				"type": "Point",
				"coordinates": [121.5103073,25.11183929]
			}
		},
		{
			"type": "Feature",
			"properties": { "pm_name": "北投138號綠地", "pm_type": "綠地" },
			"geometry": {
				"type": "Point",
				"coordinates": [121.502739,25.11441994]
			}
		},
		{
			"type": "Feature",
			"properties": { "pm_name": "北投139號綠地", "pm_type": "綠地" },
			"geometry": {
				"type": "Point",
				"coordinates": [121.5031281,25.11502075]
			}
		},
		{
			"type": "Feature",
			"properties": { "pm_name": "北投160號綠地", "pm_type": "綠地" },
			"geometry": {
				"type": "Point",
				"coordinates": [121.496586,25.135316]
			}
		},
		{
			"type": "Feature",
			"properties": {
				"pm_name": "北投161號綠地 (田心仔綠地)",
				"pm_type": "綠地"
			},
			"geometry": {
				"type": "Point",
				"coordinates": [121.4949265,25.13513947]
			}
		},
		{
			"type": "Feature",
			"properties": { "pm_name": "北投164號綠地", "pm_type": "綠地" },
			"geometry": {
				"type": "Point",
				"coordinates": [121.4959793,25.13344955]
			}
		},
		{
			"type": "Feature",
			"properties": { "pm_name": "北投165號綠地", "pm_type": "綠地" },
			"geometry": {
				"type": "Point",
				"coordinates": [121.4962387,25.13175964]
			}
		},
		{
			"type": "Feature",
			"properties": { "pm_name": "北投166號綠地", "pm_type": "綠地" },
			"geometry": {
				"type": "Point",
				"coordinates": [121.496872,25.13051033]
			}
		},
		{
			"type": "Feature",
			"properties": { "pm_name": "北投167號綠地", "pm_type": "綠地" },
			"geometry": {
				"type": "Point",
				"coordinates": [121.497707,25.128405]
			}
		},
		{
			"type": "Feature",
			"properties": { "pm_name": "北投168號綠地", "pm_type": "綠地" },
			"geometry": {
				"type": "Point",
				"coordinates": [121.4991913,25.12437058]
			}
		},
		{
			"type": "Feature",
			"properties": { "pm_name": "北投169號綠地", "pm_type": "綠地" },
			"geometry": {
				"type": "Point",
				"coordinates": [121.499533,25.12072]
			}
		},
		{
			"type": "Feature",
			"properties": { "pm_name": "北投181號一德綠地", "pm_type": "綠地" },
			"geometry": {
				"type": "Point",
				"coordinates": [121.4647675,25.12393951]
			}
		},
		{
			"type": "Feature",
			"properties": { "pm_name": "北投182號綠地", "pm_type": "綠地" },
			"geometry": {
				"type": "Point",
				"coordinates": [121.4677277,25.12339973]
			}
		},
		{
			"type": "Feature",
			"properties": { "pm_name": "北投183號綠地", "pm_type": "綠地" },
			"geometry": {
				"type": "Point",
				"coordinates": [121.4718628,25.12301064]
			}
		},
		{
			"type": "Feature",
			"properties": { "pm_name": "北投185號綠地", "pm_type": "綠地" },
			"geometry": {
				"type": "Point",
				"coordinates": [121.464987,25.123425]
			}
		},
		{
			"type": "Feature",
			"properties": { "pm_name": "北投186號綠地", "pm_type": "綠地" },
			"geometry": {
				"type": "Point",
				"coordinates": [121.4665299,25.12302971]
			}
		},
		{
			"type": "Feature",
			"properties": { "pm_name": "北投187號綠地", "pm_type": "綠地" },
			"geometry": {
				"type": "Point",
				"coordinates": [121.4682922,25.12290955]
			}
		},
		{
			"type": "Feature",
			"properties": { "pm_name": "北投188號綠地", "pm_type": "綠地" },
			"geometry": {
				"type": "Point",
				"coordinates": [121.4705582,25.12274933]
			}
		},
		{
			"type": "Feature",
			"properties": { "pm_name": "北投191號綠地", "pm_type": "綠地" },
			"geometry": {
				"type": "Point",
				"coordinates": [121.4808426,25.12248993]
			}
		},
		{
			"type": "Feature",
			"properties": { "pm_name": "北投192號綠地", "pm_type": "綠地" },
			"geometry": {
				"type": "Point",
				"coordinates": [121.4809113,25.12208939]
			}
		},
		{
			"type": "Feature",
			"properties": { "pm_name": "北投203號綠地", "pm_type": "綠地" },
			"geometry": { "type": "Point", "coordinates": [121.5031,25.12065] }
		},
		{
			"type": "Feature",
			"properties": {
				"pm_name": "北投257號綠地(承德3號)",
				"pm_type": "綠地"
			},
			"geometry": {
				"type": "Point",
				"coordinates": [121.512199,25.10442]
			}
		},
		{
			"type": "Feature",
			"properties": { "pm_name": "北投39號綠地", "pm_type": "綠地" },
			"geometry": {
				"type": "Point",
				"coordinates": [121.462777,25.121984]
			}
		},
		{
			"type": "Feature",
			"properties": { "pm_name": "北投62號綠地", "pm_type": "綠地" },
			"geometry": {
				"type": "Point",
				"coordinates": [121.503215,25.129382]
			}
		},
		{
			"type": "Feature",
			"properties": { "pm_name": "北投63號綠地", "pm_type": "綠地" },
			"geometry": {
				"type": "Point",
				"coordinates": [121.5033417,25.12759018]
			}
		},
		{
			"type": "Feature",
			"properties": { "pm_name": "北投64號綠地", "pm_type": "綠地" },
			"geometry": {
				"type": "Point",
				"coordinates": [121.503285,25.126383]
			}
		},
		{
			"type": "Feature",
			"properties": { "pm_name": "北投65號綠地", "pm_type": "綠地" },
			"geometry": {
				"type": "Point",
				"coordinates": [121.5030518,25.1246891]
			}
		},
		{
			"type": "Feature",
			"properties": { "pm_name": "北投66號綠地", "pm_type": "綠地" },
			"geometry": {
				"type": "Point",
				"coordinates": [121.5029602,25.12373924]
			}
		},
		{
			"type": "Feature",
			"properties": { "pm_name": "北投69號綠地", "pm_type": "綠地" },
			"geometry": {
				"type": "Point",
				"coordinates": [121.5120392,25.12602043]
			}
		},
		{
			"type": "Feature",
			"properties": { "pm_name": "北投90號綠地", "pm_type": "綠地" },
			"geometry": {
				"type": "Point",
				"coordinates": [121.5203323,25.11861992]
			}
		},
		{
			"type": "Feature",
			"properties": { "pm_name": "北投91號綠地", "pm_type": "綠地" },
			"geometry": {
				"type": "Point",
				"coordinates": [121.521637,25.11903]
			}
		},
		{
			"type": "Feature",
			"properties": { "pm_name": "北投92號綠地", "pm_type": "綠地" },
			"geometry": {
				"type": "Point",
				"coordinates": [121.5222778,25.11926079]
			}
		},
		{
			"type": "Feature",
			"properties": { "pm_name": "北投98號綠地", "pm_type": "綠地" },
			"geometry": {
				"type": "Point",
				"coordinates": [121.5155029,25.11565971]
			}
		},
		{
			"type": "Feature",
			"properties": { "pm_name": "永和綠地", "pm_type": "綠地" },
			"geometry": {
				"type": "Point",
				"coordinates": [121.5279312,25.12791061]
			}
		},
		{
			"type": "Feature",
			"properties": { "pm_name": "永欣綠地", "pm_type": "綠地" },
			"geometry": {
				"type": "Point",
				"coordinates": [121.52695,25.12384]
			}
		},
		{
			"type": "Feature",
			"properties": { "pm_name": "安明綠地", "pm_type": "綠地" },
			"geometry": {
				"type": "Point",
				"coordinates": [121.502133,25.135616]
			}
		},
		{
			"type": "Feature",
			"properties": { "pm_name": "奇岩4號綠地", "pm_type": "綠地" },
			"geometry": {
				"type": "Point",
				"coordinates": [121.5055466,25.12603951]
			}
		},
		{
			"type": "Feature",
			"properties": { "pm_name": "忠義公園", "pm_type": "綠地" },
			"geometry": {
				"type": "Point",
				"coordinates": [121.4779205,25.1350193]
			}
		},
		{
			"type": "Feature",
			"properties": { "pm_name": "承仙綠地", "pm_type": "綠地" },
			"geometry": {
				"type": "Point",
				"coordinates": [121.5026321,25.11968041]
			}
		},
		{
			"type": "Feature",
			"properties": { "pm_name": "明德公園", "pm_type": "綠地" },
			"geometry": {
				"type": "Point",
				"coordinates": [121.5209808,25.10725975]
			}
		},
		{
			"type": "Feature",
			"properties": { "pm_name": "林投坑(一)綠地", "pm_type": "綠地" },
			"geometry": {
				"type": "Point",
				"coordinates": [121.4893723,25.13674927]
			}
		},
		{
			"type": "Feature",
			"properties": { "pm_name": "林投坑(二)綠地", "pm_type": "綠地" },
			"geometry": {
				"type": "Point",
				"coordinates": [121.4890976,25.13651085]
			}
		},
		{
			"type": "Feature",
			"properties": { "pm_name": "湖山綠地", "pm_type": "綠地" },
			"geometry": {
				"type": "Point",
				"coordinates": [121.5438304,25.1517873]
			}
		},
		{
			"type": "Feature",
			"properties": { "pm_name": "番仔厝綠地", "pm_type": "綠地" },
			"geometry": {
				"type": "Point",
				"coordinates": [121.495903,25.13413048]
			}
		},
		{
			"type": "Feature",
			"properties": { "pm_name": "磅空頂綠地", "pm_type": "綠地" },
			"geometry": {
				"type": "Point",
				"coordinates": [121.4650726,25.12298012]
			}
		},
		{
			"type": "Feature",
			"properties": { "pm_name": "櫻花崗公園", "pm_type": "綠地" },
			"geometry": {
				"type": "Point",
				"coordinates": [121.52616,25.12349]
			}
		},
		{
			"type": "Feature",
			"properties": { "pm_name": "北投3號廣場", "pm_type": "廣場" },
			"geometry": {
				"type": "Point",
				"coordinates": [121.4978409,25.13195992]
			}
		},
		{
			"type": "Feature",
			"properties": { "pm_name": "41號公園", "pm_type": "公園" },
			"geometry": { "type": "Point", "coordinates": [121.5644,25.10709] }
		},
		{
			"type": "Feature",
			"properties": { "pm_name": "士林官邸公園", "pm_type": "公園" },
			"geometry": {
				"type": "Point",
				"coordinates": [121.5301514,25.09490013]
			}
		},
		{
			"type": "Feature",
			"properties": { "pm_name": "山仔后公園", "pm_type": "公園" },
			"geometry": {
				"type": "Point",
				"coordinates": [121.5456355,25.13729103]
			}
		},
		{
			"type": "Feature",
			"properties": { "pm_name": "天母公園", "pm_type": "公園" },
			"geometry": {
				"type": "Point",
				"coordinates": [121.530518,25.1259089]
			}
		},
		{
			"type": "Feature",
			"properties": { "pm_name": "天和一號公園", "pm_type": "公園" },
			"geometry": {
				"type": "Point",
				"coordinates": [121.53471,25.11844]
			}
		},
		{
			"type": "Feature",
			"properties": { "pm_name": "天和公園", "pm_type": "公園" },
			"geometry": {
				"type": "Point",
				"coordinates": [121.533989,25.11981964]
			}
		},
		{
			"type": "Feature",
			"properties": { "pm_name": "天壽公園", "pm_type": "公園" },
			"geometry": {
				"type": "Point",
				"coordinates": [121.5256861,25.1140282]
			}
		},
		{
			"type": "Feature",
			"properties": { "pm_name": "天壽綠地", "pm_type": "公園" },
			"geometry": {
				"type": "Point",
				"coordinates": [121.5256861,25.1140282]
			}
		},
		{
			"type": "Feature",
			"properties": { "pm_name": "天壽綠地", "pm_type": "公園" },
			"geometry": {
				"type": "Point",
				"coordinates": [121.5256861,25.1140282]
			}
		},
		{
			"type": "Feature",
			"properties": { "pm_name": "天福2號公園", "pm_type": "公園" },
			"geometry": {
				"type": "Point",
				"coordinates": [121.5316086,25.11709023]
			}
		},
		{
			"type": "Feature",
			"properties": { "pm_name": "外雙溪公園", "pm_type": "公園" },
			"geometry": {
				"type": "Point",
				"coordinates": [121.5523911,25.10127068]
			}
		},
		{
			"type": "Feature",
			"properties": { "pm_name": "仰德一號公園", "pm_type": "公園" },
			"geometry": {
				"type": "Point",
				"coordinates": [121.5377808,25.10007095]
			}
		},
		{
			"type": "Feature",
			"properties": { "pm_name": "仰德二號公園", "pm_type": "公園" },
			"geometry": {
				"type": "Point",
				"coordinates": [121.5382767,25.09999085]
			}
		},
		{
			"type": "Feature",
			"properties": { "pm_name": "名山公園", "pm_type": "公園" },
			"geometry": {
				"type": "Point",
				"coordinates": [121.5323715,25.10154915]
			}
		},
		{
			"type": "Feature",
			"properties": { "pm_name": "至善公園", "pm_type": "公園" },
			"geometry": {
				"type": "Point",
				"coordinates": [121.5382919,25.09819031]
			}
		},
		{
			"type": "Feature",
			"properties": { "pm_name": "至誠公園", "pm_type": "公園" },
			"geometry": {
				"type": "Point",
				"coordinates": [121.5366821,25.10108948]
			}
		},
		{
			"type": "Feature",
			"properties": { "pm_name": "至德園公園", "pm_type": "公園" },
			"geometry": {
				"type": "Point",
				"coordinates": [121.546402,25.09840012]
			}
		},
		{
			"type": "Feature",
			"properties": { "pm_name": "住六(公一)公園", "pm_type": "公園" },
			"geometry": {
				"type": "Point",
				"coordinates": [121.5594925,25.13691396]
			}
		},
		{
			"type": "Feature",
			"properties": { "pm_name": "住六(公二)公園", "pm_type": "公園" },
			"geometry": {
				"type": "Point",
				"coordinates": [121.5576499,25.13760535]
			}
		},
		{
			"type": "Feature",
			"properties": { "pm_name": "克強公園", "pm_type": "公園" },
			"geometry": {
				"type": "Point",
				"coordinates": [121.521967,25.10798596]
			}
		},
		{
			"type": "Feature",
			"properties": { "pm_name": "志成公園", "pm_type": "公園" },
			"geometry": {
				"type": "Point",
				"coordinates": [121.53086,25.09669]
			}
		},
		{
			"type": "Feature",
			"properties": { "pm_name": "忠誠公園", "pm_type": "公園" },
			"geometry": {
				"type": "Point",
				"coordinates": [121.5257416,25.10342026]
			}
		},
		{
			"type": "Feature",
			"properties": { "pm_name": "承德公園", "pm_type": "公園" },
			"geometry": {
				"type": "Point",
				"coordinates": [121.5219803,25.08966065]
			}
		},
		{
			"type": "Feature",
			"properties": { "pm_name": "明勝公園", "pm_type": "公園" },
			"geometry": {
				"type": "Point",
				"coordinates": [121.519187,25.079968]
			}
		},
		{
			"type": "Feature",
			"properties": { "pm_name": "東和公園", "pm_type": "公園" },
			"geometry": {
				"type": "Point",
				"coordinates": [121.5336861,25.1226002]
			}
		},
		{
			"type": "Feature",
			"properties": { "pm_name": "社子公園", "pm_type": "公園" },
			"geometry": {
				"type": "Point",
				"coordinates": [121.5060272,25.09037018]
			}
		},
		{
			"type": "Feature",
			"properties": {
				"pm_name": "社子島福安里堤防綠地",
				"pm_type": "公園"
			},
			"geometry": {
				"type": "Point",
				"coordinates": [121.4964373,25.09814157]
			}
		},
		{
			"type": "Feature",
			"properties": { "pm_name": "社正公園", "pm_type": "公園" },
			"geometry": {
				"type": "Point",
				"coordinates": [121.5104218,25.08749962]
			}
		},
		{
			"type": "Feature",
			"properties": { "pm_name": "芝山公園", "pm_type": "公園" },
			"geometry": {
				"type": "Point",
				"coordinates": [121.5317764,25.10236931]
			}
		},
		{
			"type": "Feature",
			"properties": { "pm_name": "花卉試驗中心", "pm_type": "公園" },
			"geometry": {
				"type": "Point",
				"coordinates": [121.5444106,25.13501543]
			}
		},
		{
			"type": "Feature",
			"properties": { "pm_name": "前港公園", "pm_type": "公園" },
			"geometry": {
				"type": "Point",
				"coordinates": [121.5201556,25.0860629]
			}
		},
		{
			"type": "Feature",
			"properties": { "pm_name": "後港公園", "pm_type": "公園" },
			"geometry": {
				"type": "Point",
				"coordinates": [121.514454,25.093237]
			}
		},
		{
			"type": "Feature",
			"properties": { "pm_name": "美崙公園", "pm_type": "公園" },
			"geometry": {
				"type": "Point",
				"coordinates": [121.5172195,25.09737968]
			}
		},
		{
			"type": "Feature",
			"properties": {
				"pm_name": "原住民文化主題公園",
				"pm_type": "公園"
			},
			"geometry": {
				"type": "Point",
				"coordinates": [121.5507507,25.10157013]
			}
		},
		{
			"type": "Feature",
			"properties": { "pm_name": "海光公園", "pm_type": "公園" },
			"geometry": {
				"type": "Point",
				"coordinates": [121.5078812,25.08185005]
			}
		},
		{
			"type": "Feature",
			"properties": { "pm_name": "基河公園", "pm_type": "公園" },
			"geometry": {
				"type": "Point",
				"coordinates": [121.5240173,25.08003998]
			}
		},
		{
			"type": "Feature",
			"properties": {
				"pm_name": "基隆河沖洗溝加蓋綠地",
				"pm_type": "公園"
			},
			"geometry": {
				"type": "Point",
				"coordinates": [121.5231628,25.08404923]
			}
		},
		{
			"type": "Feature",
			"properties": { "pm_name": "華聲公園", "pm_type": "公園" },
			"geometry": {
				"type": "Point",
				"coordinates": [121.5224915,25.09597969]
			}
		},
		{
			"type": "Feature",
			"properties": { "pm_name": "華齡公園", "pm_type": "公園" },
			"geometry": {
				"type": "Point",
				"coordinates": [121.5231628,25.08404923]
			}
		},
		{
			"type": "Feature",
			"properties": { "pm_name": "新佳公園", "pm_type": "公園" },
			"geometry": {
				"type": "Point",
				"coordinates": [121.5194931,25.09863091]
			}
		},
		{
			"type": "Feature",
			"properties": { "pm_name": "福中公園", "pm_type": "公園" },
			"geometry": {
				"type": "Point",
				"coordinates": [121.518837,25.08791924]
			}
		},
		{
			"type": "Feature",
			"properties": { "pm_name": "福志公園", "pm_type": "公園" },
			"geometry": {
				"type": "Point",
				"coordinates": [121.5340576,25.09905052]
			}
		},
		{
			"type": "Feature",
			"properties": { "pm_name": "福林公園", "pm_type": "公園" },
			"geometry": {
				"type": "Point",
				"coordinates": [121.5294724,25.0958004]
			}
		},
		{
			"type": "Feature",
			"properties": { "pm_name": "福華公園", "pm_type": "公園" },
			"geometry": {
				"type": "Point",
				"coordinates": [121.5189218,25.0821799]
			}
		},
		{
			"type": "Feature",
			"properties": { "pm_name": "福順公園", "pm_type": "公園" },
			"geometry": {
				"type": "Point",
				"coordinates": [121.5111313,25.08234978]
			}
		},
		{
			"type": "Feature",
			"properties": { "pm_name": "翠山公園", "pm_type": "公園" },
			"geometry": {
				"type": "Point",
				"coordinates": [121.56995,25.10845]
			}
		},
		{
			"type": "Feature",
			"properties": { "pm_name": "德仁公園", "pm_type": "公園" },
			"geometry": {
				"type": "Point",
				"coordinates": [121.5214615,25.10265923]
			}
		},
		{
			"type": "Feature",
			"properties": { "pm_name": "德行公園", "pm_type": "公園" },
			"geometry": {
				"type": "Point",
				"coordinates": [121.5236511,25.10511017]
			}
		},
		{
			"type": "Feature",
			"properties": { "pm_name": "線形公園-前街", "pm_type": "公園" },
			"geometry": {
				"type": "Point",
				"coordinates": [121.524831,25.097214]
			}
		},
		{
			"type": "Feature",
			"properties": { "pm_name": "線形公園-後街", "pm_type": "公園" },
			"geometry": {
				"type": "Point",
				"coordinates": [121.524831,25.097214]
			}
		},
		{
			"type": "Feature",
			"properties": { "pm_name": "線形公園-劍潭", "pm_type": "公園" },
			"geometry": {
				"type": "Point",
				"coordinates": [121.523387,25.079087]
			}
		},
		{
			"type": "Feature",
			"properties": { "pm_name": "衛理兒童遊戲場", "pm_type": "公園" },
			"geometry": {
				"type": "Point",
				"coordinates": [121.5533066,25.10232925]
			}
		},
		{
			"type": "Feature",
			"properties": { "pm_name": "磺溪公園", "pm_type": "公園" },
			"geometry": {
				"type": "Point",
				"coordinates": [121.5206299,25.10487938]
			}
		},
		{
			"type": "Feature",
			"properties": { "pm_name": "雙溪公園", "pm_type": "公園" },
			"geometry": {
				"type": "Point",
				"coordinates": [121.5359192,25.09803963]
			}
		},
		{
			"type": "Feature",
			"properties": { "pm_name": "雙溪濕地公園", "pm_type": "公園" },
			"geometry": {
				"type": "Point",
				"coordinates": [121.511988,25.096977]
			}
		},
		{
			"type": "Feature",
			"properties": { "pm_name": "蘭雅1號公園", "pm_type": "公園" },
			"geometry": {
				"type": "Point",
				"coordinates": [121.5291121,25.1099324]
			}
		},
		{
			"type": "Feature",
			"properties": { "pm_name": "蘭雅公園", "pm_type": "公園" },
			"geometry": {
				"type": "Point",
				"coordinates": [121.529919,25.109744]
			}
		},
		{
			"type": "Feature",
			"properties": { "pm_name": "蘭興公園", "pm_type": "公園" },
			"geometry": {
				"type": "Point",
				"coordinates": [121.525193,25.111029]
			}
		},
		{
			"type": "Feature",
			"properties": { "pm_name": "209號綠地", "pm_type": "綠地" },
			"geometry": {
				"type": "Point",
				"coordinates": [121.5280685,25.09259987]
			}
		},
		{
			"type": "Feature",
			"properties": { "pm_name": "士林116號綠地", "pm_type": "綠地" },
			"geometry": {
				"type": "Point",
				"coordinates": [121.5136032,25.09646034]
			}
		},
		{
			"type": "Feature",
			"properties": { "pm_name": "士林117號綠地", "pm_type": "綠地" },
			"geometry": {
				"type": "Point",
				"coordinates": [121.5139008,25.09703064]
			}
		},
		{
			"type": "Feature",
			"properties": { "pm_name": "士林118號綠地", "pm_type": "綠地" },
			"geometry": {
				"type": "Point",
				"coordinates": [121.5194626,25.0931797]
			}
		},
		{
			"type": "Feature",
			"properties": { "pm_name": "士林120號綠地", "pm_type": "綠地" },
			"geometry": {
				"type": "Point",
				"coordinates": [121.5204468,25.09305954]
			}
		},
		{
			"type": "Feature",
			"properties": { "pm_name": "士林121號綠地", "pm_type": "綠地" },
			"geometry": {
				"type": "Point",
				"coordinates": [121.5158081,25.0922699]
			}
		},
		{
			"type": "Feature",
			"properties": { "pm_name": "士林128號綠地", "pm_type": "綠地" },
			"geometry": {
				"type": "Point",
				"coordinates": [121.5223465,25.08466911]
			}
		},
		{
			"type": "Feature",
			"properties": { "pm_name": "士林130號綠地", "pm_type": "綠地" },
			"geometry": {
				"type": "Point",
				"coordinates": [121.5025864,25.08959961]
			}
		},
		{
			"type": "Feature",
			"properties": { "pm_name": "士林131號綠地", "pm_type": "綠地" },
			"geometry": {
				"type": "Point",
				"coordinates": [121.5055924,25.0907898]
			}
		},
		{
			"type": "Feature",
			"properties": { "pm_name": "士林132號綠地", "pm_type": "綠地" },
			"geometry": {
				"type": "Point",
				"coordinates": [121.5068207,25.0906601]
			}
		},
		{
			"type": "Feature",
			"properties": { "pm_name": "士林136號綠地", "pm_type": "綠地" },
			"geometry": {
				"type": "Point",
				"coordinates": [121.51091,25.08691025]
			}
		},
		{
			"type": "Feature",
			"properties": { "pm_name": "士林139號綠地", "pm_type": "綠地" },
			"geometry": {
				"type": "Point",
				"coordinates": [121.509407,25.08486939]
			}
		},
		{
			"type": "Feature",
			"properties": { "pm_name": "士林151號綠地", "pm_type": "綠地" },
			"geometry": {
				"type": "Point",
				"coordinates": [121.548439,25.09576035]
			}
		},
		{
			"type": "Feature",
			"properties": { "pm_name": "士林156號綠地", "pm_type": "綠地" },
			"geometry": {
				"type": "Point",
				"coordinates": [121.554827,25.103392]
			}
		},
		{
			"type": "Feature",
			"properties": {
				"pm_name": "士林173號綠地 (蘭興1號綠地)",
				"pm_type": "綠地"
			},
			"geometry": {
				"type": "Point",
				"coordinates": [121.5261993,25.1128006]
			}
		},
		{
			"type": "Feature",
			"properties": { "pm_name": "士林179號綠地", "pm_type": "綠地" },
			"geometry": {
				"type": "Point",
				"coordinates": [121.5294266,25.10433006]
			}
		},
		{
			"type": "Feature",
			"properties": { "pm_name": "士林197號綠地", "pm_type": "綠地" },
			"geometry": {
				"type": "Point",
				"coordinates": [121.558964,25.136188]
			}
		},
		{
			"type": "Feature",
			"properties": { "pm_name": "士林199號綠地", "pm_type": "綠地" },
			"geometry": {
				"type": "Point",
				"coordinates": [121.5584564,25.1405201]
			}
		},
		{
			"type": "Feature",
			"properties": { "pm_name": "士林200號綠地", "pm_type": "綠地" },
			"geometry": {
				"type": "Point",
				"coordinates": [121.5616684,25.13698006]
			}
		},
		{
			"type": "Feature",
			"properties": { "pm_name": "士林201號綠地", "pm_type": "綠地" },
			"geometry": {
				"type": "Point",
				"coordinates": [121.560669,25.13364029]
			}
		},
		{
			"type": "Feature",
			"properties": {
				"pm_name": "士林206綠地(番仔田綠地)",
				"pm_type": "綠地"
			},
			"geometry": {
				"type": "Point",
				"coordinates": [121.548027,25.09795952]
			}
		},
		{
			"type": "Feature",
			"properties": {
				"pm_name": "士林207綠地(番仔田小綠地)",
				"pm_type": "綠地"
			},
			"geometry": {
				"type": "Point",
				"coordinates": [121.5483933,25.0967598]
			}
		},
		{
			"type": "Feature",
			"properties": { "pm_name": "士林208號綠地", "pm_type": "綠地" },
			"geometry": {
				"type": "Point",
				"coordinates": [121.5337677,25.09733009]
			}
		},
		{
			"type": "Feature",
			"properties": { "pm_name": "士林4號綠地", "pm_type": "綠地" },
			"geometry": {
				"type": "Point",
				"coordinates": [121.5462723,25.13688088]
			}
		},
		{
			"type": "Feature",
			"properties": { "pm_name": "士林68號綠地", "pm_type": "綠地" },
			"geometry": {
				"type": "Point",
				"coordinates": [121.5364304,25.0990696]
			}
		},
		{
			"type": "Feature",
			"properties": {
				"pm_name": "士林73號綠地 (天美綠地)",
				"pm_type": "綠地"
			},
			"geometry": {
				"type": "Point",
				"coordinates": [121.5259705,25.1215992]
			}
		},
		{
			"type": "Feature",
			"properties": { "pm_name": "士林75號綠地", "pm_type": "綠地" },
			"geometry": {
				"type": "Point",
				"coordinates": [121.529441,25.123203]
			}
		},
		{
			"type": "Feature",
			"properties": { "pm_name": "士林76號綠地", "pm_type": "綠地" },
			"geometry": {
				"type": "Point",
				"coordinates": [121.532776,25.124725]
			}
		},
		{
			"type": "Feature",
			"properties": { "pm_name": "士林79號綠地", "pm_type": "綠地" },
			"geometry": {
				"type": "Point",
				"coordinates": [121.5267792,25.11557961]
			}
		},
		{
			"type": "Feature",
			"properties": { "pm_name": "士林80天壽二號", "pm_type": "綠地" },
			"geometry": {
				"type": "Point",
				"coordinates": [121.5264206,25.11326027]
			}
		},
		{
			"type": "Feature",
			"properties": { "pm_name": "士林89號綠地", "pm_type": "綠地" },
			"geometry": {
				"type": "Point",
				"coordinates": [121.5289307,25.10577011]
			}
		},
		{
			"type": "Feature",
			"properties": { "pm_name": "天福綠地", "pm_type": "綠地" },
			"geometry": {
				"type": "Point",
				"coordinates": [121.532547,25.11675072]
			}
		},
		{
			"type": "Feature",
			"properties": { "pm_name": "永倫綠地", "pm_type": "綠地" },
			"geometry": {
				"type": "Point",
				"coordinates": [121.5005264,25.09152031]
			}
		},
		{
			"type": "Feature",
			"properties": { "pm_name": "至臨綠地", "pm_type": "綠地" },
			"geometry": {
				"type": "Point",
				"coordinates": [121.555603,25.10429001]
			}
		},
		{
			"type": "Feature",
			"properties": { "pm_name": "東吳綠地", "pm_type": "綠地" },
			"geometry": {
				"type": "Point",
				"coordinates": [121.5427475,25.09658051]
			}
		},
		{
			"type": "Feature",
			"properties": { "pm_name": "添壽一號綠地", "pm_type": "綠地" },
			"geometry": {
				"type": "Point",
				"coordinates": [121.5269013,25.11673927]
			}
		},
		{
			"type": "Feature",
			"properties": { "pm_name": "聖山綠地", "pm_type": "綠地" },
			"geometry": {
				"type": "Point",
				"coordinates": [121.5323486,25.1068306]
			}
		},
		{
			"type": "Feature",
			"properties": { "pm_name": "福文公園", "pm_type": "綠地" },
			"geometry": {
				"type": "Point",
				"coordinates": [121.5272293,25.09065056]
			}
		},
		{
			"type": "Feature",
			"properties": { "pm_name": "士林3號廣場", "pm_type": "廣場" },
			"geometry": {
				"type": "Point",
				"coordinates": [121.5246124,25.10453033]
			}
		},
		{
			"type": "Feature",
			"properties": { "pm_name": "士林4號廣場", "pm_type": "廣場" },
			"geometry": {
				"type": "Point",
				"coordinates": [121.5319901,25.09605026]
			}
		},
		{
			"type": "Feature",
			"properties": { "pm_name": "天母廣場", "pm_type": "廣場" },
			"geometry": {
				"type": "Point",
				"coordinates": [121.5300827,25.11874962]
			}
		},
		{
			"type": "Feature",
			"properties": { "pm_name": "天生廣場", "pm_type": "廣場" },
			"geometry": {
				"type": "Point",
				"coordinates": [121.53125,25.12619019]
			}
		},
		{
			"type": "Feature",
			"properties": { "pm_name": "一江公園", "pm_type": "公園" },
			"geometry": {
				"type": "Point",
				"coordinates": [121.5312576,25.05327988]
			}
		},
		{
			"type": "Feature",
			"properties": {
				"pm_name": "八二三砲戰紀念公園",
				"pm_type": "公園"
			},
			"geometry": {
				"type": "Point",
				"coordinates": [121.5267716,25.07679939]
			}
		},
		{
			"type": "Feature",
			"properties": { "pm_name": "力行三號公園", "pm_type": "公園" },
			"geometry": {
				"type": "Point",
				"coordinates": [121.5366898,25.08543015]
			}
		},
		{
			"type": "Feature",
			"properties": { "pm_name": "下埤公園", "pm_type": "公園" },
			"geometry": {
				"type": "Point",
				"coordinates": [121.5422821,25.06701088]
			}
		},
		{
			"type": "Feature",
			"properties": { "pm_name": "下塔悠公園", "pm_type": "公園" },
			"geometry": {
				"type": "Point",
				"coordinates": [121.5595627,25.07692909]
			}
		},
		{
			"type": "Feature",
			"properties": { "pm_name": "上塔悠公園", "pm_type": "公園" },
			"geometry": {
				"type": "Point",
				"coordinates": [121.552002,25.07751083]
			}
		},
		{
			"type": "Feature",
			"properties": { "pm_name": "大佳社區公園", "pm_type": "公園" },
			"geometry": {
				"type": "Point",
				"coordinates": [121.5376587,25.07275009]
			}
		},
		{
			"type": "Feature",
			"properties": { "pm_name": "大直公園", "pm_type": "公園" },
			"geometry": {
				"type": "Point",
				"coordinates": [121.5472794,25.08271027]
			}
		},
		{
			"type": "Feature",
			"properties": { "pm_name": "中427公園", "pm_type": "公園" },
			"geometry": {
				"type": "Point",
				"coordinates": [121.5559921,25.0803299]
			}
		},
		{
			"type": "Feature",
			"properties": { "pm_name": "中428公園", "pm_type": "公園" },
			"geometry": {
				"type": "Point",
				"coordinates": [121.553485,25.078447]
			}
		},
		{
			"type": "Feature",
			"properties": { "pm_name": "中429公園", "pm_type": "公園" },
			"geometry": {
				"type": "Point",
				"coordinates": [121.555858,25.078469]
			}
		},
		{
			"type": "Feature",
			"properties": { "pm_name": "中430公園", "pm_type": "公園" },
			"geometry": {
				"type": "Point",
				"coordinates": [121.5620804,25.07829094]
			}
		},
		{
			"type": "Feature",
			"properties": { "pm_name": "中431公園", "pm_type": "公園" },
			"geometry": {
				"type": "Point",
				"coordinates": [121.5652084,25.07740021]
			}
		},
		{
			"type": "Feature",
			"properties": { "pm_name": "中山21號廣場", "pm_type": "公園" },
			"geometry": {
				"type": "Point",
				"coordinates": [121.556282,25.0807991]
			}
		},
		{
			"type": "Feature",
			"properties": { "pm_name": "中吉公園", "pm_type": "公園" },
			"geometry": {
				"type": "Point",
				"coordinates": [121.5318375,25.05636025]
			}
		},
		{
			"type": "Feature",
			"properties": { "pm_name": "中安公園 ", "pm_type": "公園" },
			"geometry": {
				"type": "Point",
				"coordinates": [121.5239868,25.05648994]
			}
		},
		{
			"type": "Feature",
			"properties": { "pm_name": "中原公園", "pm_type": "公園" },
			"geometry": {
				"type": "Point",
				"coordinates": [121.5285873,25.05581093]
			}
		},
		{
			"type": "Feature",
			"properties": { "pm_name": "仁德公園", "pm_type": "公園" },
			"geometry": {
				"type": "Point",
				"coordinates": [121.5290833,25.0531807]
			}
		},
		{
			"type": "Feature",
			"properties": { "pm_name": "四平公園", "pm_type": "公園" },
			"geometry": {
				"type": "Point",
				"coordinates": [121.5345078,25.05323029]
			}
		},
		{
			"type": "Feature",
			"properties": { "pm_name": "正守公園", "pm_type": "公園" },
			"geometry": {
				"type": "Point",
				"coordinates": [121.528745,25.048051]
			}
		},
		{
			"type": "Feature",
			"properties": { "pm_name": "民享公園", "pm_type": "公園" },
			"geometry": {
				"type": "Point",
				"coordinates": [121.5211105,25.0592308]
			}
		},
		{
			"type": "Feature",
			"properties": { "pm_name": "永安公園", "pm_type": "公園" },
			"geometry": {
				"type": "Point",
				"coordinates": [121.5452118,25.07912064]
			}
		},
		{
			"type": "Feature",
			"properties": { "pm_name": "永直公園", "pm_type": "公園" },
			"geometry": {
				"type": "Point",
				"coordinates": [121.5505295,25.08147049]
			}
		},
		{
			"type": "Feature",
			"properties": { "pm_name": "永靜公園", "pm_type": "公園" },
			"geometry": {
				"type": "Point",
				"coordinates": [121.5217819,25.06155968]
			}
		},
		{
			"type": "Feature",
			"properties": { "pm_name": "伊通公園", "pm_type": "公園" },
			"geometry": {
				"type": "Point",
				"coordinates": [121.5347672,25.05015945]
			}
		},
		{
			"type": "Feature",
			"properties": { "pm_name": "吉林公園", "pm_type": "公園" },
			"geometry": {
				"type": "Point",
				"coordinates": [121.5289307,25.05082512]
			}
		},
		{
			"type": "Feature",
			"properties": { "pm_name": "合江公園", "pm_type": "公園" },
			"geometry": {
				"type": "Point",
				"coordinates": [121.5394821,25.05866051]
			}
		},
		{
			"type": "Feature",
			"properties": { "pm_name": "朱昌公園", "pm_type": "公園" },
			"geometry": {
				"type": "Point",
				"coordinates": [121.5388184,25.05545998]
			}
		},
		{
			"type": "Feature",
			"properties": { "pm_name": "朱厝崙公園", "pm_type": "公園" },
			"geometry": {
				"type": "Point",
				"coordinates": [121.5410614,25.0475502]
			}
		},
		{
			"type": "Feature",
			"properties": { "pm_name": "朱崙公園", "pm_type": "公園" },
			"geometry": {
				"type": "Point",
				"coordinates": [121.541687,25.04933929]
			}
		},
		{
			"type": "Feature",
			"properties": { "pm_name": "江寧公園", "pm_type": "公園" },
			"geometry": {
				"type": "Point",
				"coordinates": [121.5394135,25.06122971]
			}
		},
		{
			"type": "Feature",
			"properties": { "pm_name": "自強公園", "pm_type": "公園" },
			"geometry": {
				"type": "Point",
				"coordinates": [121.548603,25.086019]
			}
		},
		{
			"type": "Feature",
			"properties": { "pm_name": "明水公園", "pm_type": "公園" },
			"geometry": {
				"type": "Point",
				"coordinates": [121.5480576,25.07881928]
			}
		},
		{
			"type": "Feature",
			"properties": { "pm_name": "林森公園", "pm_type": "公園" },
			"geometry": {
				"type": "Point",
				"coordinates": [121.5258713,25.05233955]
			}
		},
		{
			"type": "Feature",
			"properties": { "pm_name": "松江公園", "pm_type": "公園" },
			"geometry": {
				"type": "Point",
				"coordinates": [121.5324631,25.05036926]
			}
		},
		{
			"type": "Feature",
			"properties": { "pm_name": "松錦1號公園", "pm_type": "公園" },
			"geometry": {
				"type": "Point",
				"coordinates": [121.532404,25.060117]
			}
		},
		{
			"type": "Feature",
			"properties": { "pm_name": "松錦2號公園", "pm_type": "公園" },
			"geometry": {
				"type": "Point",
				"coordinates": [121.532089,25.059608]
			}
		},
		{
			"type": "Feature",
			"properties": { "pm_name": "直安公園", "pm_type": "公園" },
			"geometry": {
				"type": "Point",
				"coordinates": [121.5478516,25.08119965]
			}
		},
		{
			"type": "Feature",
			"properties": { "pm_name": "花博公園美術園區", "pm_type": "公園" },
			"geometry": {
				"type": "Point",
				"coordinates": [121.5239563,25.07060051]
			}
		},
		{
			"type": "Feature",
			"properties": { "pm_name": "花博公園圓山園區", "pm_type": "公園" },
			"geometry": {
				"type": "Point",
				"coordinates": [121.5206223,25.07156944]
			}
		},
		{
			"type": "Feature",
			"properties": { "pm_name": "花博公園新生園區", "pm_type": "公園" },
			"geometry": {
				"type": "Point",
				"coordinates": [121.5305023,25.06856918]
			}
		},
		{
			"type": "Feature",
			"properties": { "pm_name": "金泰公園", "pm_type": "公園" },
			"geometry": {
				"type": "Point",
				"coordinates": [121.565167,25.076495]
			}
		},
		{
			"type": "Feature",
			"properties": { "pm_name": "建興公園", "pm_type": "公園" },
			"geometry": {
				"type": "Point",
				"coordinates": [121.5381775,25.04714966]
			}
		},
		{
			"type": "Feature",
			"properties": { "pm_name": "培英公園", "pm_type": "公園" },
			"geometry": {
				"type": "Point",
				"coordinates": [121.5449829,25.08226967]
			}
		},
		{
			"type": "Feature",
			"properties": { "pm_name": "康樂公園", "pm_type": "公園" },
			"geometry": {
				"type": "Point",
				"coordinates": [121.5251465,25.05340958]
			}
		},
		{
			"type": "Feature",
			"properties": { "pm_name": "復華公園", "pm_type": "公園" },
			"geometry": {
				"type": "Point",
				"coordinates": [121.5396805,25.0531292]
			}
		},
		{
			"type": "Feature",
			"properties": { "pm_name": "晴光公園", "pm_type": "公園" },
			"geometry": {
				"type": "Point",
				"coordinates": [121.5245667,25.06389999]
			}
		},
		{
			"type": "Feature",
			"properties": { "pm_name": "華山公園", "pm_type": "公園" },
			"geometry": {
				"type": "Point",
				"coordinates": [121.525861,25.047745]
			}
		},
		{
			"type": "Feature",
			"properties": { "pm_name": "進安公園", "pm_type": "公園" },
			"geometry": {
				"type": "Point",
				"coordinates": [121.537468,25.04586983]
			}
		},
		{
			"type": "Feature",
			"properties": { "pm_name": "集英公園", "pm_type": "公園" },
			"geometry": {
				"type": "Point",
				"coordinates": [121.521344,25.065402]
			}
		},
		{
			"type": "Feature",
			"properties": { "pm_name": "圓山自然景觀公園", "pm_type": "公園" },
			"geometry": {
				"type": "Point",
				"coordinates": [121.52233,25.075055]
			}
		},
		{
			"type": "Feature",
			"properties": { "pm_name": "敬業公園", "pm_type": "公園" },
			"geometry": {
				"type": "Point",
				"coordinates": [121.556045,25.085728]
			}
		},
		{
			"type": "Feature",
			"properties": { "pm_name": "新喜公園", "pm_type": "公園" },
			"geometry": {
				"type": "Point",
				"coordinates": [121.5321884,25.06542969]
			}
		},
		{
			"type": "Feature",
			"properties": { "pm_name": "新祿公園", "pm_type": "公園" },
			"geometry": {
				"type": "Point",
				"coordinates": [121.5296478,25.06715965]
			}
		},
		{
			"type": "Feature",
			"properties": { "pm_name": "新壽公園", "pm_type": "公園" },
			"geometry": {
				"type": "Point",
				"coordinates": [121.5299225,25.06331062]
			}
		},
		{
			"type": "Feature",
			"properties": { "pm_name": "新興公園", "pm_type": "公園" },
			"geometry": {
				"type": "Point",
				"coordinates": [121.5246506,25.06151962]
			}
		},
		{
			"type": "Feature",
			"properties": { "pm_name": "農安公園", "pm_type": "公園" },
			"geometry": {
				"type": "Point",
				"coordinates": [121.5352631,25.06528091]
			}
		},
		{
			"type": "Feature",
			"properties": { "pm_name": "榮星花園公園", "pm_type": "公園" },
			"geometry": {
				"type": "Point",
				"coordinates": [121.5404968,25.06265068]
			}
		},
		{
			"type": "Feature",
			"properties": { "pm_name": "聚葉公園", "pm_type": "公園" },
			"geometry": {
				"type": "Point",
				"coordinates": [121.527236,25.060496]
			}
		},
		{
			"type": "Feature",
			"properties": { "pm_name": "劍潭公園", "pm_type": "公園" },
			"geometry": {
				"type": "Point",
				"coordinates": [121.524598,25.080108]
			}
		},
		{
			"type": "Feature",
			"properties": { "pm_name": "德惠公園", "pm_type": "公園" },
			"geometry": {
				"type": "Point",
				"coordinates": [121.5315628,25.06748962]
			}
		},
		{
			"type": "Feature",
			"properties": { "pm_name": "撫順公園", "pm_type": "公園" },
			"geometry": {
				"type": "Point",
				"coordinates": [121.52199,25.064579]
			}
		},
		{
			"type": "Feature",
			"properties": { "pm_name": "興安公園", "pm_type": "公園" },
			"geometry": {
				"type": "Point",
				"coordinates": [121.5417786,25.05567932]
			}
		},
		{
			"type": "Feature",
			"properties": { "pm_name": "興亞公園", "pm_type": "公園" },
			"geometry": {
				"type": "Point",
				"coordinates": [121.531601,25.04738045]
			}
		},
		{
			"type": "Feature",
			"properties": { "pm_name": "興國公園", "pm_type": "公園" },
			"geometry": {
				"type": "Point",
				"coordinates": [121.541941,25.0531]
			}
		},
		{
			"type": "Feature",
			"properties": { "pm_name": "遼寧公園", "pm_type": "公園" },
			"geometry": {
				"type": "Point",
				"coordinates": [121.5423126,25.05360031]
			}
		},
		{
			"type": "Feature",
			"properties": { "pm_name": "錦北公園", "pm_type": "公園" },
			"geometry": {
				"type": "Point",
				"coordinates": [121.5358276,25.06048966]
			}
		},
		{
			"type": "Feature",
			"properties": { "pm_name": "錦州公園", "pm_type": "公園" },
			"geometry": {
				"type": "Point",
				"coordinates": [121.5293198,25.06061935]
			}
		},
		{
			"type": "Feature",
			"properties": { "pm_name": "龍江公園", "pm_type": "公園" },
			"geometry": {
				"type": "Point",
				"coordinates": [121.54216,25.05982018]
			}
		},
		{
			"type": "Feature",
			"properties": { "pm_name": "雙城公園", "pm_type": "公園" },
			"geometry": {
				"type": "Point",
				"coordinates": [121.5240173,25.06731033]
			}
		},
		{
			"type": "Feature",
			"properties": { "pm_name": "力行1號綠地", "pm_type": "綠地" },
			"geometry": {
				"type": "Point",
				"coordinates": [121.5388718,25.08410072]
			}
		},
		{
			"type": "Feature",
			"properties": { "pm_name": "力行2號綠地", "pm_type": "綠地" },
			"geometry": {
				"type": "Point",
				"coordinates": [121.5379334,25.08334923]
			}
		},
		{
			"type": "Feature",
			"properties": { "pm_name": "中山129號綠地", "pm_type": "綠地" },
			"geometry": {
				"type": "Point",
				"coordinates": [121.5396729,25.05372047]
			}
		},
		{
			"type": "Feature",
			"properties": { "pm_name": "中山161號綠地", "pm_type": "綠地" },
			"geometry": {
				"type": "Point",
				"coordinates": [121.5331574,25.07806969]
			}
		},
		{
			"type": "Feature",
			"properties": { "pm_name": "中山240號綠地", "pm_type": "綠地" },
			"geometry": {
				"type": "Point",
				"coordinates": [121.5495987,25.08696938]
			}
		},
		{
			"type": "Feature",
			"properties": { "pm_name": "中山381號綠地", "pm_type": "綠地" },
			"geometry": {
				"type": "Point",
				"coordinates": [121.5472031,25.07959938]
			}
		},
		{
			"type": "Feature",
			"properties": { "pm_name": "中山411號綠地", "pm_type": "綠地" },
			"geometry": {
				"type": "Point",
				"coordinates": [121.5564499,25.0832901]
			}
		},
		{
			"type": "Feature",
			"properties": { "pm_name": "中山412號綠地", "pm_type": "綠地" },
			"geometry": {
				"type": "Point",
				"coordinates": [121.5564575,25.08230019]
			}
		},
		{
			"type": "Feature",
			"properties": { "pm_name": "中山413號綠地", "pm_type": "綠地" },
			"geometry": {
				"type": "Point",
				"coordinates": [121.5561981,25.08332062]
			}
		},
		{
			"type": "Feature",
			"properties": { "pm_name": "中山414號綠地", "pm_type": "綠地" },
			"geometry": {
				"type": "Point",
				"coordinates": [121.5561676,25.08126068]
			}
		},
		{
			"type": "Feature",
			"properties": { "pm_name": "中山415號綠地", "pm_type": "綠地" },
			"geometry": {
				"type": "Point",
				"coordinates": [121.5526276,25.08012009]
			}
		},
		{
			"type": "Feature",
			"properties": { "pm_name": "中山416號綠地", "pm_type": "綠地" },
			"geometry": {
				"type": "Point",
				"coordinates": [121.553772,25.0800705]
			}
		},
		{
			"type": "Feature",
			"properties": { "pm_name": "中山417號綠地", "pm_type": "綠地" },
			"geometry": {
				"type": "Point",
				"coordinates": [121.5552597,25.0800705]
			}
		},
		{
			"type": "Feature",
			"properties": { "pm_name": "中山418號綠地", "pm_type": "綠地" },
			"geometry": {
				"type": "Point",
				"coordinates": [121.5573731,25.08005905]
			}
		},
		{
			"type": "Feature",
			"properties": { "pm_name": "中山419號綠地", "pm_type": "綠地" },
			"geometry": {
				"type": "Point",
				"coordinates": [121.5593414,25.08003998]
			}
		},
		{
			"type": "Feature",
			"properties": { "pm_name": "中山420號綠地", "pm_type": "綠地" },
			"geometry": {
				"type": "Point",
				"coordinates": [121.560997,25.08004952]
			}
		},
		{
			"type": "Feature",
			"properties": { "pm_name": "中山421號綠地", "pm_type": "綠地" },
			"geometry": {
				"type": "Point",
				"coordinates": [121.5621719,25.08037949]
			}
		},
		{
			"type": "Feature",
			"properties": { "pm_name": "中山422號綠地", "pm_type": "綠地" },
			"geometry": {
				"type": "Point",
				"coordinates": [121.552742,25.07986069]
			}
		},
		{
			"type": "Feature",
			"properties": { "pm_name": "中山423號綠地", "pm_type": "綠地" },
			"geometry": {
				"type": "Point",
				"coordinates": [121.5538025,25.07983971]
			}
		},
		{
			"type": "Feature",
			"properties": { "pm_name": "中山424號綠地", "pm_type": "綠地" },
			"geometry": {
				"type": "Point",
				"coordinates": [121.5549164,25.07983971]
			}
		},
		{
			"type": "Feature",
			"properties": { "pm_name": "中山425號綠地", "pm_type": "綠地" },
			"geometry": {
				"type": "Point",
				"coordinates": [121.5558167,25.07983971]
			}
		},
		{
			"type": "Feature",
			"properties": { "pm_name": "中山426號綠地", "pm_type": "綠地" },
			"geometry": {
				"type": "Point",
				"coordinates": [121.5622177,25.08011055]
			}
		},
		{
			"type": "Feature",
			"properties": { "pm_name": "長春綠地", "pm_type": "綠地" },
			"geometry": {
				"type": "Point",
				"coordinates": [121.5380096,25.05290031]
			}
		},
		{
			"type": "Feature",
			"properties": { "pm_name": "中山4號廣場", "pm_type": "廣場" },
			"geometry": {
				"type": "Point",
				"coordinates": [121.5205231,25.0526104]
			}
		},
		{
			"type": "Feature",
			"properties": { "pm_name": "九華公園", "pm_type": "公園" },
			"geometry": {
				"type": "Point",
				"coordinates": [121.5613785,25.08859062]
			}
		},
		{
			"type": "Feature",
			"properties": { "pm_name": "下灣公園", "pm_type": "公園" },
			"geometry": {
				"type": "Point",
				"coordinates": [121.5906982,25.06681061]
			}
		},
		{
			"type": "Feature",
			"properties": { "pm_name": "上灣公園", "pm_type": "公園" },
			"geometry": {
				"type": "Point",
				"coordinates": [121.5958405,25.06546021]
			}
		},
		{
			"type": "Feature",
			"properties": { "pm_name": "口湖公園", "pm_type": "公園" },
			"geometry": {
				"type": "Point",
				"coordinates": [121.598514,25.067328]
			}
		},
		{
			"type": "Feature",
			"properties": { "pm_name": "大坑公園", "pm_type": "公園" },
			"geometry": {
				"type": "Point",
				"coordinates": [121.598706,25.069037]
			}
		},
		{
			"type": "Feature",
			"properties": { "pm_name": "大港墘公園", "pm_type": "公園" },
			"geometry": {
				"type": "Point",
				"coordinates": [121.5729968,25.0774149]
			}
		},
		{
			"type": "Feature",
			"properties": { "pm_name": "大湖公園", "pm_type": "公園" },
			"geometry": {
				"type": "Point",
				"coordinates": [121.602695,25.082976]
			}
		},
		{
			"type": "Feature",
			"properties": { "pm_name": "山腳公園", "pm_type": "公園" },
			"geometry": {
				"type": "Point",
				"coordinates": [121.5799027,25.08408928]
			}
		},
		{
			"type": "Feature",
			"properties": { "pm_name": "五分公園", "pm_type": "公園" },
			"geometry": {
				"type": "Point",
				"coordinates": [121.6147919,25.0671196]
			}
		},
		{
			"type": "Feature",
			"properties": { "pm_name": "內湖125號公園", "pm_type": "公園" },
			"geometry": {
				"type": "Point",
				"coordinates": [121.6112595,25.06469917]
			}
		},
		{
			"type": "Feature",
			"properties": { "pm_name": "文心公園", "pm_type": "公園" },
			"geometry": {
				"type": "Point",
				"coordinates": [121.5841827,25.06545067]
			}
		},
		{
			"type": "Feature",
			"properties": { "pm_name": "文湖公園", "pm_type": "公園" },
			"geometry": {
				"type": "Point",
				"coordinates": [121.560993,25.087427]
			}
		},
		{
			"type": "Feature",
			"properties": { "pm_name": "文德3號公園", "pm_type": "公園" },
			"geometry": {
				"type": "Point",
				"coordinates": [121.5771179,25.07509041]
			}
		},
		{
			"type": "Feature",
			"properties": { "pm_name": "文德二號公園", "pm_type": "公園" },
			"geometry": {
				"type": "Point",
				"coordinates": [121.5837402,25.07785988]
			}
		},
		{
			"type": "Feature",
			"properties": { "pm_name": "仙樹公園", "pm_type": "公園" },
			"geometry": {
				"type": "Point",
				"coordinates": [121.5690002,25.08560944]
			}
		},
		{
			"type": "Feature",
			"properties": { "pm_name": "北勢湖公園", "pm_type": "公園" },
			"geometry": {
				"type": "Point",
				"coordinates": [121.5616837,25.08374977]
			}
		},
		{
			"type": "Feature",
			"properties": { "pm_name": "安泰公園", "pm_type": "公園" },
			"geometry": {
				"type": "Point",
				"coordinates": [121.6186371,25.07408905]
			}
		},
		{
			"type": "Feature",
			"properties": { "pm_name": "安康公園(下)", "pm_type": "公園" },
			"geometry": {
				"type": "Point",
				"coordinates": [121.6106186,25.06720924]
			}
		},
		{
			"type": "Feature",
			"properties": { "pm_name": "安康公園(上)", "pm_type": "公園" },
			"geometry": {
				"type": "Point",
				"coordinates": [121.612381,25.06712914]
			}
		},
		{
			"type": "Feature",
			"properties": { "pm_name": "安湖三號公園", "pm_type": "公園" },
			"geometry": {
				"type": "Point",
				"coordinates": [121.6156921,25.07041931]
			}
		},
		{
			"type": "Feature",
			"properties": { "pm_name": "安湖公園", "pm_type": "公園" },
			"geometry": {
				"type": "Point",
				"coordinates": [121.6154175,25.07402039]
			}
		},
		{
			"type": "Feature",
			"properties": { "pm_name": "成功公園", "pm_type": "公園" },
			"geometry": {
				"type": "Point",
				"coordinates": [121.5966263,25.08429909]
			}
		},
		{
			"type": "Feature",
			"properties": { "pm_name": "行善公園", "pm_type": "公園" },
			"geometry": {
				"type": "Point",
				"coordinates": [121.5755768,25.0532608]
			}
		},
		{
			"type": "Feature",
			"properties": { "pm_name": "西安公園", "pm_type": "公園" },
			"geometry": {
				"type": "Point",
				"coordinates": [121.567482,25.08745003]
			}
		},
		{
			"type": "Feature",
			"properties": { "pm_name": "西安廣場", "pm_type": "公園" },
			"geometry": {
				"type": "Point",
				"coordinates": [121.5608521,25.08675957]
			}
		},
		{
			"type": "Feature",
			"properties": { "pm_name": "西康二號公園", "pm_type": "公園" },
			"geometry": {
				"type": "Point",
				"coordinates": [121.5639267,25.08498001]
			}
		},
		{
			"type": "Feature",
			"properties": { "pm_name": "西康公園", "pm_type": "公園" },
			"geometry": {
				"type": "Point",
				"coordinates": [121.5643921,25.08312035]
			}
		},
		{
			"type": "Feature",
			"properties": { "pm_name": "西湖公園", "pm_type": "公園" },
			"geometry": {
				"type": "Point",
				"coordinates": [121.5703888,25.08361054]
			}
		},
		{
			"type": "Feature",
			"properties": { "pm_name": "扶輪親恩公園", "pm_type": "公園" },
			"geometry": {
				"type": "Point",
				"coordinates": [121.5797501,25.06670952]
			}
		},
		{
			"type": "Feature",
			"properties": { "pm_name": "明美公園", "pm_type": "公園" },
			"geometry": {
				"type": "Point",
				"coordinates": [121.5861969,25.06221962]
			}
		},
		{
			"type": "Feature",
			"properties": { "pm_name": "東湖一號公園", "pm_type": "公園" },
			"geometry": {
				"type": "Point",
				"coordinates": [121.6121368,25.07559967]
			}
		},
		{
			"type": "Feature",
			"properties": { "pm_name": "東湖二號公園", "pm_type": "公園" },
			"geometry": {
				"type": "Point",
				"coordinates": [121.6109238,25.07389069]
			}
		},
		{
			"type": "Feature",
			"properties": { "pm_name": "東湖四號公園", "pm_type": "公園" },
			"geometry": {
				"type": "Point",
				"coordinates": [121.6180801,25.07044983]
			}
		},
		{
			"type": "Feature",
			"properties": { "pm_name": "金瑞公園", "pm_type": "公園" },
			"geometry": {
				"type": "Point",
				"coordinates": [121.5879517,25.08795929]
			}
		},
		{
			"type": "Feature",
			"properties": { "pm_name": "金龍公園", "pm_type": "公園" },
			"geometry": {
				"type": "Point",
				"coordinates": [121.590799,25.08543218]
			}
		},
		{
			"type": "Feature",
			"properties": { "pm_name": "長青公園", "pm_type": "公園" },
			"geometry": {
				"type": "Point",
				"coordinates": [121.5817413,25.0809803]
			}
		},
		{
			"type": "Feature",
			"properties": { "pm_name": "南湖一號公園", "pm_type": "公園" },
			"geometry": {
				"type": "Point",
				"coordinates": [121.6110916,25.06913948]
			}
		},
		{
			"type": "Feature",
			"properties": { "pm_name": "洲子1號公園", "pm_type": "公園" },
			"geometry": {
				"type": "Point",
				"coordinates": [121.5643387,25.07957077]
			}
		},
		{
			"type": "Feature",
			"properties": { "pm_name": "洲子2號公園", "pm_type": "公園" },
			"geometry": {
				"type": "Point",
				"coordinates": [121.5686264,25.07959938]
			}
		},
		{
			"type": "Feature",
			"properties": { "pm_name": "美善公園", "pm_type": "公園" },
			"geometry": {
				"type": "Point",
				"coordinates": [121.5785828,25.05699921]
			}
		},
		{
			"type": "Feature",
			"properties": { "pm_name": "畚箕湖公園", "pm_type": "公園" },
			"geometry": {
				"type": "Point",
				"coordinates": [121.560064,25.089436]
			}
		},
		{
			"type": "Feature",
			"properties": { "pm_name": "康湖二號公園", "pm_type": "公園" },
			"geometry": {
				"type": "Point",
				"coordinates": [121.6088,25.074042]
			}
		},
		{
			"type": "Feature",
			"properties": { "pm_name": "康湖公園", "pm_type": "公園" },
			"geometry": {
				"type": "Point",
				"coordinates": [121.6087265,25.07468033]
			}
		},
		{
			"type": "Feature",
			"properties": { "pm_name": "康寧公園", "pm_type": "公園" },
			"geometry": {
				"type": "Point",
				"coordinates": [121.6095886,25.0689106]
			}
		},
		{
			"type": "Feature",
			"properties": { "pm_name": "清白公園", "pm_type": "公園" },
			"geometry": {
				"type": "Point",
				"coordinates": [121.5952835,25.08169937]
			}
		},
		{
			"type": "Feature",
			"properties": { "pm_name": "港都公園", "pm_type": "公園" },
			"geometry": {
				"type": "Point",
				"coordinates": [121.5752335,25.0827198]
			}
		},
		{
			"type": "Feature",
			"properties": { "pm_name": "港華一號公園", "pm_type": "公園" },
			"geometry": {
				"type": "Point",
				"coordinates": [121.573586,25.087734]
			}
		},
		{
			"type": "Feature",
			"properties": { "pm_name": "港華二號公園", "pm_type": "公園" },
			"geometry": {
				"type": "Point",
				"coordinates": [121.5738373,25.08778954]
			}
		},
		{
			"type": "Feature",
			"properties": { "pm_name": "港華三號公園", "pm_type": "公園" },
			"geometry": {
				"type": "Point",
				"coordinates": [121.575058,25.0866909]
			}
		},
		{
			"type": "Feature",
			"properties": { "pm_name": "港華六號公園", "pm_type": "公園" },
			"geometry": {
				"type": "Point",
				"coordinates": [121.5746231,25.08426094]
			}
		},
		{
			"type": "Feature",
			"properties": { "pm_name": "港華四號公園", "pm_type": "公園" },
			"geometry": {
				"type": "Point",
				"coordinates": [121.5752792,25.08653069]
			}
		},
		{
			"type": "Feature",
			"properties": { "pm_name": "港墘公園", "pm_type": "公園" },
			"geometry": {
				"type": "Point",
				"coordinates": [121.576437,25.080978]
			}
		},
		{
			"type": "Feature",
			"properties": { "pm_name": "游美公園", "pm_type": "公園" },
			"geometry": {
				"type": "Point",
				"coordinates": [121.5971985,25.06459999]
			}
		},
		{
			"type": "Feature",
			"properties": { "pm_name": "湖山9號公園", "pm_type": "公園" },
			"geometry": {
				"type": "Point",
				"coordinates": [121.6035004,25.08522034]
			}
		},
		{
			"type": "Feature",
			"properties": { "pm_name": "湖山八號公園", "pm_type": "公園" },
			"geometry": {
				"type": "Point",
				"coordinates": [121.6032715,25.08391953]
			}
		},
		{
			"type": "Feature",
			"properties": { "pm_name": "湖山三號公園", "pm_type": "公園" },
			"geometry": {
				"type": "Point",
				"coordinates": [121.6044693,25.08716011]
			}
		},
		{
			"type": "Feature",
			"properties": { "pm_name": "湖山五號公園", "pm_type": "公園" },
			"geometry": {
				"type": "Point",
				"coordinates": [121.6008377,25.08157921]
			}
		},
		{
			"type": "Feature",
			"properties": { "pm_name": "湖山六號公園", "pm_type": "公園" },
			"geometry": {
				"type": "Point",
				"coordinates": [121.6018601,25.08309937]
			}
		},
		{
			"type": "Feature",
			"properties": { "pm_name": "湖山四號公園", "pm_type": "公園" },
			"geometry": {
				"type": "Point",
				"coordinates": [121.6007538,25.08270073]
			}
		},
		{
			"type": "Feature",
			"properties": { "pm_name": "湖元公園", "pm_type": "公園" },
			"geometry": {
				"type": "Point",
				"coordinates": [121.5870209,25.06822968]
			}
		},
		{
			"type": "Feature",
			"properties": { "pm_name": "湖畔公園", "pm_type": "公園" },
			"geometry": {
				"type": "Point",
				"coordinates": [121.601473,25.088247]
			}
		},
		{
			"type": "Feature",
			"properties": { "pm_name": "湖聖公園", "pm_type": "公園" },
			"geometry": {
				"type": "Point",
				"coordinates": [121.5917664,25.06977081]
			}
		},
		{
			"type": "Feature",
			"properties": { "pm_name": "湖興公園", "pm_type": "公園" },
			"geometry": {
				"type": "Point",
				"coordinates": [121.589592,25.06693077]
			}
		},
		{
			"type": "Feature",
			"properties": { "pm_name": "湖濱公園", "pm_type": "公園" },
			"geometry": {
				"type": "Point",
				"coordinates": [121.5876265,25.08154729]
			}
		},
		{
			"type": "Feature",
			"properties": { "pm_name": "湖寶公園", "pm_type": "公園" },
			"geometry": {
				"type": "Point",
				"coordinates": [121.5995636,25.0666008]
			}
		},
		{
			"type": "Feature",
			"properties": { "pm_name": "週美綠地", "pm_type": "公園" },
			"geometry": {
				"type": "Point",
				"coordinates": [121.5819016,25.0564003]
			}
		},
		{
			"type": "Feature",
			"properties": { "pm_name": "陽光公園", "pm_type": "公園" },
			"geometry": {
				"type": "Point",
				"coordinates": [121.586719,25.076736]
			}
		},
		{
			"type": "Feature",
			"properties": { "pm_name": "新明公園", "pm_type": "公園" },
			"geometry": {
				"type": "Point",
				"coordinates": [121.5788117,25.05413055]
			}
		},
		{
			"type": "Feature",
			"properties": { "pm_name": "煙波庭公園", "pm_type": "公園" },
			"geometry": {
				"type": "Point",
				"coordinates": [121.5992508,25.08633995]
			}
		},
		{
			"type": "Feature",
			"properties": { "pm_name": "瑞光公園", "pm_type": "公園" },
			"geometry": {
				"type": "Point",
				"coordinates": [121.5776825,25.07118034]
			}
		},
		{
			"type": "Feature",
			"properties": { "pm_name": "瑞湖公園", "pm_type": "公園" },
			"geometry": {
				"type": "Point",
				"coordinates": [121.576889,25.06930924]
			}
		},
		{
			"type": "Feature",
			"properties": { "pm_name": "瑞陽公園", "pm_type": "公園" },
			"geometry": {
				"type": "Point",
				"coordinates": [121.579352,25.07751]
			}
		},
		{
			"type": "Feature",
			"properties": { "pm_name": "碧山公園", "pm_type": "公園" },
			"geometry": {
				"type": "Point",
				"coordinates": [121.5919571,25.08708]
			}
		},
		{
			"type": "Feature",
			"properties": { "pm_name": "碧湖公園", "pm_type": "公園" },
			"geometry": {
				"type": "Point",
				"coordinates": [121.5842896,25.08218956]
			}
		},
		{
			"type": "Feature",
			"properties": { "pm_name": "福壽公園", "pm_type": "公園" },
			"geometry": {
				"type": "Point",
				"coordinates": [121.5965576,25.07980919]
			}
		},
		{
			"type": "Feature",
			"properties": { "pm_name": "翠湖公園", "pm_type": "公園" },
			"geometry": {
				"type": "Point",
				"coordinates": [121.602107,25.08626]
			}
		},
		{
			"type": "Feature",
			"properties": { "pm_name": "樂活公園", "pm_type": "公園" },
			"geometry": {
				"type": "Point",
				"coordinates": [121.618814,25.068244]
			}
		},
		{
			"type": "Feature",
			"properties": { "pm_name": "樂康公園", "pm_type": "公園" },
			"geometry": {
				"type": "Point",
				"coordinates": [121.620697,25.07007027]
			}
		},
		{
			"type": "Feature",
			"properties": { "pm_name": "環東公園", "pm_type": "公園" },
			"geometry": {
				"type": "Point",
				"coordinates": [121.5429306,25.04372978]
			}
		},
		{
			"type": "Feature",
			"properties": { "pm_name": "麗湖公園", "pm_type": "公園" },
			"geometry": {
				"type": "Point",
				"coordinates": [121.599282,25.073539]
			}
		},
		{
			"type": "Feature",
			"properties": { "pm_name": "內湖110號綠地", "pm_type": "綠地" },
			"geometry": {
				"type": "Point",
				"coordinates": [121.5800705,25.07122994]
			}
		},
		{
			"type": "Feature",
			"properties": { "pm_name": "內湖117號綠地", "pm_type": "綠地" },
			"geometry": {
				"type": "Point",
				"coordinates": [121.6018524,25.08326912]
			}
		},
		{
			"type": "Feature",
			"properties": { "pm_name": "內湖119號安興綠地", "pm_type": "綠地" },
			"geometry": {
				"type": "Point",
				"coordinates": [121.5836716,25.0576992]
			}
		},
		{
			"type": "Feature",
			"properties": { "pm_name": "文德1號綠地", "pm_type": "綠地" },
			"geometry": {
				"type": "Point",
				"coordinates": [121.5842133,25.07859039]
			}
		},
		{
			"type": "Feature",
			"properties": { "pm_name": "石潭公園", "pm_type": "綠地" },
			"geometry": {
				"type": "Point",
				"coordinates": [121.5932083,25.06311989]
			}
		},
		{
			"type": "Feature",
			"properties": { "pm_name": "康樂綠地", "pm_type": "綠地" },
			"geometry": {
				"type": "Point",
				"coordinates": [121.6206131,25.07490921]
			}
		},
		{
			"type": "Feature",
			"properties": { "pm_name": "港華5號綠地", "pm_type": "綠地" },
			"geometry": {
				"type": "Point",
				"coordinates": [121.5742874,25.08544922]
			}
		},
		{
			"type": "Feature",
			"properties": { "pm_name": "湖興綠地", "pm_type": "綠地" },
			"geometry": {
				"type": "Point",
				"coordinates": [121.5908966,25.06893921]
			}
		},
		{
			"type": "Feature",
			"properties": { "pm_name": "紫陽綠地", "pm_type": "綠地" },
			"geometry": {
				"type": "Point",
				"coordinates": [121.5867996,25.07641029]
			}
		},
		{
			"type": "Feature",
			"properties": { "pm_name": "潭美公園", "pm_type": "綠地" },
			"geometry": {
				"type": "Point",
				"coordinates": [121.5816803,25.05701065]
			}
		},
		{
			"type": "Feature",
			"properties": { "pm_name": "麗湖綠地", "pm_type": "綠地" },
			"geometry": {
				"type": "Point",
				"coordinates": [121.600509,25.073374]
			}
		},
		{
			"type": "Feature",
			"properties": { "pm_name": "治磐廣場", "pm_type": "廣場" },
			"geometry": {
				"type": "Point",
				"coordinates": [121.5663071,25.08272934]
			}
		},
		{
			"type": "Feature",
			"properties": { "pm_name": "港富廣場", "pm_type": "廣場" },
			"geometry": {
				"type": "Point",
				"coordinates": [121.5781174,25.08029938]
			}
		},
		{
			"type": "Feature",
			"properties": { "pm_name": "灣仔廣場", "pm_type": "廣場" },
			"geometry": {
				"type": "Point",
				"coordinates": [121.5908966,25.06893921]
			}
		},
		{
			"type": "Feature",
			"properties": { "pm_name": "大同公園", "pm_type": "公園" },
			"geometry": {
				"type": "Point",
				"coordinates": [121.512001,25.06797981]
			}
		},
		{
			"type": "Feature",
			"properties": { "pm_name": "大稻埕公園", "pm_type": "公園" },
			"geometry": {
				"type": "Point",
				"coordinates": [121.5103684,25.05866051]
			}
		},
		{
			"type": "Feature",
			"properties": { "pm_name": "大龍公園", "pm_type": "公園" },
			"geometry": {
				"type": "Point",
				"coordinates": [121.5155792,25.07024002]
			}
		},
		{
			"type": "Feature",
			"properties": { "pm_name": "玉泉公園", "pm_type": "公園" },
			"geometry": {
				"type": "Point",
				"coordinates": [121.5076523,25.04993057]
			}
		},
		{
			"type": "Feature",
			"properties": { "pm_name": "至聖公園", "pm_type": "公園" },
			"geometry": {
				"type": "Point",
				"coordinates": [121.5176926,25.07118988]
			}
		},
		{
			"type": "Feature",
			"properties": { "pm_name": "忠和公園", "pm_type": "公園" },
			"geometry": {
				"type": "Point",
				"coordinates": [121.5086136,25.0578804]
			}
		},
		{
			"type": "Feature",
			"properties": { "pm_name": "哈密公園", "pm_type": "公園" },
			"geometry": {
				"type": "Point",
				"coordinates": [121.515594,25.074846]
			}
		},
		{
			"type": "Feature",
			"properties": { "pm_name": "建成公園", "pm_type": "公園" },
			"geometry": {
				"type": "Point",
				"coordinates": [121.5182266,25.0540905]
			}
		},
		{
			"type": "Feature",
			"properties": { "pm_name": "迪化公園", "pm_type": "公園" },
			"geometry": {
				"type": "Point",
				"coordinates": [121.5120087,25.07110977]
			}
		},
		{
			"type": "Feature",
			"properties": { "pm_name": "國順公園", "pm_type": "公園" },
			"geometry": {
				"type": "Point",
				"coordinates": [121.510025,25.066222]
			}
		},
		{
			"type": "Feature",
			"properties": { "pm_name": "景化公園", "pm_type": "公園" },
			"geometry": {
				"type": "Point",
				"coordinates": [121.5127411,25.06535912]
			}
		},
		{
			"type": "Feature",
			"properties": { "pm_name": "朝陽公園", "pm_type": "公園" },
			"geometry": {
				"type": "Point",
				"coordinates": [121.51313,25.05595]
			}
		},
		{
			"type": "Feature",
			"properties": { "pm_name": "塔城公園", "pm_type": "公園" },
			"geometry": {
				"type": "Point",
				"coordinates": [121.5108032,25.05072022]
			}
		},
		{
			"type": "Feature",
			"properties": { "pm_name": "德鄰公園", "pm_type": "公園" },
			"geometry": {
				"type": "Point",
				"coordinates": [121.514928,25.062169]
			}
		},
		{
			"type": "Feature",
			"properties": { "pm_name": "蔣渭水紀念公園", "pm_type": "公園" },
			"geometry": {
				"type": "Point",
				"coordinates": [121.516777,25.05970955]
			}
		},
		{
			"type": "Feature",
			"properties": { "pm_name": "樹德公園", "pm_type": "公園" },
			"geometry": {
				"type": "Point",
				"coordinates": [121.5162811,25.06679916]
			}
		},
		{
			"type": "Feature",
			"properties": { "pm_name": "歸綏戲曲公園", "pm_type": "公園" },
			"geometry": {
				"type": "Point",
				"coordinates": [121.513092,25.05797005]
			}
		},
		{
			"type": "Feature",
			"properties": { "pm_name": "蘭州公園", "pm_type": "公園" },
			"geometry": {
				"type": "Point",
				"coordinates": [121.5153809,25.06395912]
			}
		},
		{
			"type": "Feature",
			"properties": { "pm_name": "大同249綠地", "pm_type": "綠地" },
			"geometry": {
				"type": "Point",
				"coordinates": [121.5114594,25.07743073]
			}
		},
		{
			"type": "Feature",
			"properties": { "pm_name": "大同250綠地", "pm_type": "綠地" },
			"geometry": {
				"type": "Point",
				"coordinates": [121.5098572,25.07722092]
			}
		},
		{
			"type": "Feature",
			"properties": { "pm_name": "大同251綠地", "pm_type": "綠地" },
			"geometry": {
				"type": "Point",
				"coordinates": [121.5118485,25.07838059]
			}
		},
		{
			"type": "Feature",
			"properties": { "pm_name": "敦煌1號綠地", "pm_type": "綠地" },
			"geometry": {
				"type": "Point",
				"coordinates": [121.5162888,25.0747509]
			}
		},
		{
			"type": "Feature",
			"properties": { "pm_name": "敦煌2號綠地", "pm_type": "綠地" },
			"geometry": {
				"type": "Point",
				"coordinates": [121.5164414,25.07696915]
			}
		},
		{
			"type": "Feature",
			"properties": { "pm_name": "大同16號廣場", "pm_type": "廣場" },
			"geometry": {
				"type": "Point",
				"coordinates": [121.5086136,25.05637932]
			}
		},
		{
			"type": "Feature",
			"properties": { "pm_name": "大稻埕廣場", "pm_type": "廣場" },
			"geometry": {
				"type": "Point",
				"coordinates": [121.5095367,25.05500031]
			}
		},
		{
			"type": "Feature",
			"properties": { "pm_name": "六藝廣場", "pm_type": "廣場" },
			"geometry": {
				"type": "Point",
				"coordinates": [121.5150528,25.07468987]
			}
		},
		{
			"type": "Feature",
			"properties": { "pm_name": "太原廣場", "pm_type": "廣場" },
			"geometry": {
				"type": "Point",
				"coordinates": [121.5166397,25.04747963]
			}
		},
		{
			"type": "Feature",
			"properties": { "pm_name": "永樂廣場", "pm_type": "廣場" },
			"geometry": {
				"type": "Point",
				"coordinates": [121.5096588,25.0546608]
			}
		},
		{
			"type": "Feature",
			"properties": { "pm_name": "保安廣場", "pm_type": "廣場" },
			"geometry": {
				"type": "Point",
				"coordinates": [121.5189285,25.07055092]
			}
		},
		{
			"type": "Feature",
			"properties": { "pm_name": "建成圓環", "pm_type": "廣場" },
			"geometry": {
				"type": "Point",
				"coordinates": [121.5142952,25.0527604]
			}
		},
		{
			"type": "Feature",
			"properties": { "pm_name": "八德公園", "pm_type": "公園" },
			"geometry": {
				"type": "Point",
				"coordinates": [121.5457077,25.04693031]
			}
		},
		{
			"type": "Feature",
			"properties": { "pm_name": "三民公園", "pm_type": "公園" },
			"geometry": {
				"type": "Point",
				"coordinates": [121.5669632,25.06138039]
			}
		},
		{
			"type": "Feature",
			"properties": { "pm_name": "三民公園A", "pm_type": "公園" },
			"geometry": {
				"type": "Point",
				"coordinates": [121.5669632,25.06138039]
			}
		},
		{
			"type": "Feature",
			"properties": { "pm_name": "中華公園", "pm_type": "公園" },
			"geometry": {
				"type": "Point",
				"coordinates": [121.552484,25.053527]
			}
		},
		{
			"type": "Feature",
			"properties": { "pm_name": "民生公園", "pm_type": "公園" },
			"geometry": {
				"type": "Point",
				"coordinates": [121.5580978,25.05747986]
			}
		},
		{
			"type": "Feature",
			"properties": { "pm_name": "民有一號公園", "pm_type": "公園" },
			"geometry": {
				"type": "Point",
				"coordinates": [121.5474014,25.06077004]
			}
		},
		{
			"type": "Feature",
			"properties": { "pm_name": "民有二號公園", "pm_type": "公園" },
			"geometry": {
				"type": "Point",
				"coordinates": [121.5463181,25.05964088]
			}
		},
		{
			"type": "Feature",
			"properties": { "pm_name": "民有三號公園", "pm_type": "公園" },
			"geometry": {
				"type": "Point",
				"coordinates": [121.5476227,25.05862045]
			}
		},
		{
			"type": "Feature",
			"properties": { "pm_name": "民福綠地", "pm_type": "公園" },
			"geometry": {
				"type": "Point",
				"coordinates": [121.54879,25.06276]
			}
		},
		{
			"type": "Feature",
			"properties": { "pm_name": "民權公園", "pm_type": "公園" },
			"geometry": {
				"type": "Point",
				"coordinates": [121.5591736,25.06191063]
			}
		},
		{
			"type": "Feature",
			"properties": { "pm_name": "吉仁公園", "pm_type": "公園" },
			"geometry": {
				"type": "Point",
				"coordinates": [121.5534821,25.0478096]
			}
		},
		{
			"type": "Feature",
			"properties": { "pm_name": "吉祥公園", "pm_type": "公園" },
			"geometry": {
				"type": "Point",
				"coordinates": [121.5640488,25.0505333]
			}
		},
		{
			"type": "Feature",
			"properties": { "pm_name": "安平公園", "pm_type": "公園" },
			"geometry": {
				"type": "Point",
				"coordinates": [121.5644913,25.05302048]
			}
		},
		{
			"type": "Feature",
			"properties": { "pm_name": "西松公園", "pm_type": "公園" },
			"geometry": {
				"type": "Point",
				"coordinates": [121.5641327,25.05368996]
			}
		},
		{
			"type": "Feature",
			"properties": { "pm_name": "延壽一號公園", "pm_type": "公園" },
			"geometry": {
				"type": "Point",
				"coordinates": [121.5563507,25.05763054]
			}
		},
		{
			"type": "Feature",
			"properties": { "pm_name": "延壽二號公園", "pm_type": "公園" },
			"geometry": {
				"type": "Point",
				"coordinates": [121.5527573,25.05735016]
			}
		},
		{
			"type": "Feature",
			"properties": { "pm_name": "延壽三號公園", "pm_type": "公園" },
			"geometry": {
				"type": "Point",
				"coordinates": [121.5518036,25.05686951]
			}
		},
		{
			"type": "Feature",
			"properties": { "pm_name": "松基公園", "pm_type": "公園" },
			"geometry": {
				"type": "Point",
				"coordinates": [121.545445,25.055369]
			}
		},
		{
			"type": "Feature",
			"properties": { "pm_name": "松榮公園", "pm_type": "公園" },
			"geometry": {
				"type": "Point",
				"coordinates": [121.555107,25.060208]
			}
		},
		{
			"type": "Feature",
			"properties": { "pm_name": "長壽公園", "pm_type": "公園" },
			"geometry": {
				"type": "Point",
				"coordinates": [121.5589218,25.05336952]
			}
		},
		{
			"type": "Feature",
			"properties": { "pm_name": "美仁一號公園", "pm_type": "公園" },
			"geometry": {
				"type": "Point",
				"coordinates": [121.5534592,25.05014992]
			}
		},
		{
			"type": "Feature",
			"properties": { "pm_name": "美仁二號公園", "pm_type": "公園" },
			"geometry": {
				"type": "Point",
				"coordinates": [121.553421,25.04949951]
			}
		},
		{
			"type": "Feature",
			"properties": { "pm_name": "健康公園", "pm_type": "公園" },
			"geometry": {
				"type": "Point",
				"coordinates": [121.5688705,25.05411911]
			}
		},
		{
			"type": "Feature",
			"properties": { "pm_name": "婦聯公園", "pm_type": "公園" },
			"geometry": {
				"type": "Point",
				"coordinates": [121.5597305,25.05468941]
			}
		},
		{
			"type": "Feature",
			"properties": { "pm_name": "富民生態公園", "pm_type": "公園" },
			"geometry": {
				"type": "Point",
				"coordinates": [121.5643387,25.06015015]
			}
		},
		{
			"type": "Feature",
			"properties": { "pm_name": "富錦一號公園", "pm_type": "公園" },
			"geometry": {
				"type": "Point",
				"coordinates": [121.5590286,25.05888939]
			}
		},
		{
			"type": "Feature",
			"properties": { "pm_name": "富錦二號公園", "pm_type": "公園" },
			"geometry": {
				"type": "Point",
				"coordinates": [121.5596237,25.05961037]
			}
		},
		{
			"type": "Feature",
			"properties": { "pm_name": "富錦三號公園", "pm_type": "公園" },
			"geometry": {
				"type": "Point",
				"coordinates": [121.5588989,25.06023979]
			}
		},
		{
			"type": "Feature",
			"properties": { "pm_name": "富錦五號公園", "pm_type": "公園" },
			"geometry": {
				"type": "Point",
				"coordinates": [121.5535431,25.05884934]
			}
		},
		{
			"type": "Feature",
			"properties": { "pm_name": "富錦六號公園", "pm_type": "公園" },
			"geometry": {
				"type": "Point",
				"coordinates": [121.5529022,25.05821037]
			}
		},
		{
			"type": "Feature",
			"properties": { "pm_name": "復盛公園", "pm_type": "公園" },
			"geometry": {
				"type": "Point",
				"coordinates": [121.56147,25.04747963]
			}
		},
		{
			"type": "Feature",
			"properties": { "pm_name": "復源公園", "pm_type": "公園" },
			"geometry": {
				"type": "Point",
				"coordinates": [121.5544815,25.04648972]
			}
		},
		{
			"type": "Feature",
			"properties": { "pm_name": "敦中公園", "pm_type": "公園" },
			"geometry": {
				"type": "Point",
				"coordinates": [121.5458908,25.04990006]
			}
		},
		{
			"type": "Feature",
			"properties": { "pm_name": "敦化公園", "pm_type": "公園" },
			"geometry": {
				"type": "Point",
				"coordinates": [121.5504837,25.04640961]
			}
		},
		{
			"type": "Feature",
			"properties": { "pm_name": "敦北公園", "pm_type": "公園" },
			"geometry": {
				"type": "Point",
				"coordinates": [121.5515671,25.06122971]
			}
		},
		{
			"type": "Feature",
			"properties": { "pm_name": "新中公園", "pm_type": "公園" },
			"geometry": {
				"type": "Point",
				"coordinates": [121.5608673,25.06052017]
			}
		},
		{
			"type": "Feature",
			"properties": { "pm_name": "新東公園", "pm_type": "公園" },
			"geometry": {
				"type": "Point",
				"coordinates": [121.568367,25.05879974]
			}
		},
		{
			"type": "Feature",
			"properties": { "pm_name": "寧安公園", "pm_type": "公園" },
			"geometry": {
				"type": "Point",
				"coordinates": [121.5548706,25.05035019]
			}
		},
		{
			"type": "Feature",
			"properties": { "pm_name": "精忠2號公園", "pm_type": "公園" },
			"geometry": {
				"type": "Point",
				"coordinates": [121.5528488,25.05639076]
			}
		},
		{
			"type": "Feature",
			"properties": { "pm_name": "精忠公園", "pm_type": "公園" },
			"geometry": {
				"type": "Point",
				"coordinates": [121.5521698,25.05933952]
			}
		},
		{
			"type": "Feature",
			"properties": { "pm_name": "慶城公園 A", "pm_type": "公園" },
			"geometry": {
				"type": "Point",
				"coordinates": [121.5463867,25.05327034]
			}
		},
		{
			"type": "Feature",
			"properties": { "pm_name": "撫遠公園", "pm_type": "公園" },
			"geometry": {
				"type": "Point",
				"coordinates": [121.5669479,25.06444931]
			}
		},
		{
			"type": "Feature",
			"properties": {
				"pm_name": "舊宗1號公園 ( 新東農園 )",
				"pm_type": "公園"
			},
			"geometry": {
				"type": "Point",
				"coordinates": [121.5688629,25.06195068]
			}
		},
		{
			"type": "Feature",
			"properties": { "pm_name": "舊宗2號公園", "pm_type": "公園" },
			"geometry": {
				"type": "Point",
				"coordinates": [121.5699997,25.05491066]
			}
		},
		{
			"type": "Feature",
			"properties": { "pm_name": "鵬程公園", "pm_type": "公園" },
			"geometry": {
				"type": "Point",
				"coordinates": [121.5686722,25.0555191]
			}
		},
		{
			"type": "Feature",
			"properties": { "pm_name": "寶清公園", "pm_type": "公園" },
			"geometry": {
				"type": "Point",
				"coordinates": [121.5676422,25.05212021]
			}
		},
		{
			"type": "Feature",
			"properties": {
				"pm_name": "松山121號綠地三民圓環",
				"pm_type": "綠地"
			},
			"geometry": {
				"type": "Point",
				"coordinates": [121.5625687,25.05916023]
			}
		},
		{
			"type": "Feature",
			"properties": { "pm_name": "大理公園", "pm_type": "公園" },
			"geometry": {
				"type": "Point",
				"coordinates": [121.49366,25.03413963]
			}
		},
		{
			"type": "Feature",
			"properties": { "pm_name": "日善公園", "pm_type": "公園" },
			"geometry": {
				"type": "Point",
				"coordinates": [121.496312,25.026383]
			}
		},
		{
			"type": "Feature",
			"properties": { "pm_name": "寺前公園", "pm_type": "公園" },
			"geometry": {
				"type": "Point",
				"coordinates": [121.4992065,25.03354073]
			}
		},
		{
			"type": "Feature",
			"properties": { "pm_name": "老松公園", "pm_type": "公園" },
			"geometry": {
				"type": "Point",
				"coordinates": [121.502739,25.03852081]
			}
		},
		{
			"type": "Feature",
			"properties": { "pm_name": "西園公園", "pm_type": "公園" },
			"geometry": {
				"type": "Point",
				"coordinates": [121.497882,25.026955]
			}
		},
		{
			"type": "Feature",
			"properties": { "pm_name": "孝德公園", "pm_type": "公園" },
			"geometry": {
				"type": "Point",
				"coordinates": [121.49425,25.024124]
			}
		},
		{
			"type": "Feature",
			"properties": {
				"pm_name": "和平青草園(原萬華402號公園)",
				"pm_type": "公園"
			},
			"geometry": {
				"type": "Point",
				"coordinates": [121.4972076,25.03265953]
			}
		},
		{
			"type": "Feature",
			"properties": { "pm_name": "東園公園", "pm_type": "公園" },
			"geometry": {
				"type": "Point",
				"coordinates": [121.4952469,25.02095032]
			}
		},
		{
			"type": "Feature",
			"properties": { "pm_name": "長沙公園", "pm_type": "公園" },
			"geometry": {
				"type": "Point",
				"coordinates": [121.4999237,25.04150009]
			}
		},
		{
			"type": "Feature",
			"properties": { "pm_name": "長順公園", "pm_type": "公園" },
			"geometry": {
				"type": "Point",
				"coordinates": [121.4890289,25.03185082]
			}
		},
		{
			"type": "Feature",
			"properties": { "pm_name": "青山公園", "pm_type": "公園" },
			"geometry": {
				"type": "Point",
				"coordinates": [121.4983063,25.03936958]
			}
		},
		{
			"type": "Feature",
			"properties": { "pm_name": "青年公園", "pm_type": "公園" },
			"geometry": {
				"type": "Point",
				"coordinates": [121.505861,25.02511024]
			}
		},
		{
			"type": "Feature",
			"properties": { "pm_name": "保德公園", "pm_type": "公園" },
			"geometry": {
				"type": "Point",
				"coordinates": [121.497467,25.02279091]
			}
		},
		{
			"type": "Feature",
			"properties": { "pm_name": "柳鄉公園", "pm_type": "公園" },
			"geometry": {
				"type": "Point",
				"coordinates": [121.4954376,25.03726006]
			}
		},
		{
			"type": "Feature",
			"properties": { "pm_name": "桂林公園", "pm_type": "公園" },
			"geometry": {
				"type": "Point",
				"coordinates": [121.4968185,25.03890991]
			}
		},
		{
			"type": "Feature",
			"properties": { "pm_name": "華江一號公園", "pm_type": "公園" },
			"geometry": {
				"type": "Point",
				"coordinates": [121.4941101,25.03589058]
			}
		},
		{
			"type": "Feature",
			"properties": { "pm_name": "華江七號公園", "pm_type": "公園" },
			"geometry": {
				"type": "Point",
				"coordinates": [121.493461,25.035028]
			}
		},
		{
			"type": "Feature",
			"properties": { "pm_name": "華江二號公園", "pm_type": "公園" },
			"geometry": {
				"type": "Point",
				"coordinates": [25.03580093, 121.4915085]
			}
		},
		{
			"type": "Feature",
			"properties": { "pm_name": "華江八號公園", "pm_type": "公園" },
			"geometry": {
				"type": "Point",
				"coordinates": [121.4926834,25.03405953]
			}
		},
		{
			"type": "Feature",
			"properties": { "pm_name": "華西公園", "pm_type": "公園" },
			"geometry": {
				"type": "Point",
				"coordinates": [121.4986572,25.03866959]
			}
		},
		{
			"type": "Feature",
			"properties": {
				"pm_name": "新糖廍公園(糖廍文化園區)",
				"pm_type": "公園"
			},
			"geometry": {
				"type": "Point",
				"coordinates": [121.4946463,25.03354906]
			}
		},
		{
			"type": "Feature",
			"properties": { "pm_name": "萬華51號公園", "pm_type": "公園" },
			"geometry": {
				"type": "Point",
				"coordinates": [121.5029221,25.03594017]
			}
		},
		{
			"type": "Feature",
			"properties": { "pm_name": "壽德公園", "pm_type": "公園" },
			"geometry": {
				"type": "Point",
				"coordinates": [121.5011368,25.02442932]
			}
		},
		{
			"type": "Feature",
			"properties": { "pm_name": "福星公園", "pm_type": "公園" },
			"geometry": {
				"type": "Point",
				"coordinates": [121.5059128,25.0460701]
			}
		},
		{
			"type": "Feature",
			"properties": { "pm_name": "綠堤公園", "pm_type": "公園" },
			"geometry": {
				"type": "Point",
				"coordinates": [121.492897,25.03321075]
			}
		},
		{
			"type": "Feature",
			"properties": { "pm_name": "聚德公園", "pm_type": "公園" },
			"geometry": {
				"type": "Point",
				"coordinates": [121.4947205,25.03488922]
			}
		},
		{
			"type": "Feature",
			"properties": { "pm_name": "艋舺公園", "pm_type": "公園" },
			"geometry": {
				"type": "Point",
				"coordinates": [121.4999117,25.03603785]
			}
		},
		{
			"type": "Feature",
			"properties": { "pm_name": "糖廍公園", "pm_type": "公園" },
			"geometry": {
				"type": "Point",
				"coordinates": [121.4946526,25.03439311]
			}
		},
		{
			"type": "Feature",
			"properties": { "pm_name": "錦德公園", "pm_type": "公園" },
			"geometry": {
				"type": "Point",
				"coordinates": [121.492363,25.02330017]
			}
		},
		{
			"type": "Feature",
			"properties": { "pm_name": "萬華266號綠地", "pm_type": "綠地" },
			"geometry": {
				"type": "Point",
				"coordinates": [121.5030975,25.03915978]
			}
		},
		{
			"type": "Feature",
			"properties": {
				"pm_name": "西本願寺（萬華406號）廣場",
				"pm_type": "廣場"
			},
			"geometry": {
				"type": "Point",
				"coordinates": [121.5070801,25.04030037]
			}
		},
		{
			"type": "Feature",
			"properties": { "pm_name": "二二八和平公園", "pm_type": "公園" },
			"geometry": {
				"type": "Point",
				"coordinates": [121.514297,25.042286]
			}
		},
		{
			"type": "Feature",
			"properties": { "pm_name": "中央藝文公園", "pm_type": "公園" },
			"geometry": {
				"type": "Point",
				"coordinates": [121.526856,25.046272]
			}
		},
		{
			"type": "Feature",
			"properties": { "pm_name": "中正403號公園", "pm_type": "公園" },
			"geometry": {
				"type": "Point",
				"coordinates": [121.52049,25.02559]
			}
		},
		{
			"type": "Feature",
			"properties": { "pm_name": "介壽公園", "pm_type": "公園" },
			"geometry": {
				"type": "Point",
				"coordinates": [121.5146332,25.03926086]
			}
		},
		{
			"type": "Feature",
			"properties": { "pm_name": "文光公園", "pm_type": "公園" },
			"geometry": {
				"type": "Point",
				"coordinates": [121.5308533,25.03903961]
			}
		},
		{
			"type": "Feature",
			"properties": { "pm_name": "文盛公園", "pm_type": "公園" },
			"geometry": {
				"type": "Point",
				"coordinates": [121.5321198,25.0161705]
			}
		},
		{
			"type": "Feature",
			"properties": { "pm_name": "水源町公園", "pm_type": "公園" },
			"geometry": {
				"type": "Point",
				"coordinates": [121.5346044,25.01187015]
			}
		},
		{
			"type": "Feature",
			"properties": { "pm_name": "永昌公園", "pm_type": "公園" },
			"geometry": {
				"type": "Point",
				"coordinates": [121.5099564,25.02622986]
			}
		},
		{
			"type": "Feature",
			"properties": { "pm_name": "永福公園", "pm_type": "公園" },
			"geometry": {
				"type": "Point",
				"coordinates": [121.532098,25.009801]
			}
		},
		{
			"type": "Feature",
			"properties": { "pm_name": "忠孝公園", "pm_type": "公園" },
			"geometry": {
				"type": "Point",
				"coordinates": [121.5320206,25.04183006]
			}
		},
		{
			"type": "Feature",
			"properties": { "pm_name": "信愛公園", "pm_type": "公園" },
			"geometry": {
				"type": "Point",
				"coordinates": [121.5287628,25.0349102]
			}
		},
		{
			"type": "Feature",
			"properties": { "pm_name": "南昌公園", "pm_type": "公園" },
			"geometry": {
				"type": "Point",
				"coordinates": [121.5202026,25.02681923]
			}
		},
		{
			"type": "Feature",
			"properties": { "pm_name": "牯嶺公園", "pm_type": "公園" },
			"geometry": {
				"type": "Point",
				"coordinates": [121.5186768,25.02312088]
			}
		},
		{
			"type": "Feature",
			"properties": { "pm_name": "連雲公園", "pm_type": "公園" },
			"geometry": {
				"type": "Point",
				"coordinates": [121.5318222,25.03520966]
			}
		},
		{
			"type": "Feature",
			"properties": { "pm_name": "逸仙公園", "pm_type": "公園" },
			"geometry": {
				"type": "Point",
				"coordinates": [121.5200272,25.04770088]
			}
		},
		{
			"type": "Feature",
			"properties": { "pm_name": "齊東公園", "pm_type": "公園" },
			"geometry": {
				"type": "Point",
				"coordinates": [121.5282974,25.04174995]
			}
		},
		{
			"type": "Feature",
			"properties": { "pm_name": "黎明公園", "pm_type": "公園" },
			"geometry": {
				"type": "Point",
				"coordinates": [121.5155563,25.04413986]
			}
		},
		{
			"type": "Feature",
			"properties": { "pm_name": "螢橋公園", "pm_type": "公園" },
			"geometry": {
				"type": "Point",
				"coordinates": [121.5172501,25.02672005]
			}
		},
		{
			"type": "Feature",
			"properties": { "pm_name": "中正138號綠地", "pm_type": "綠地" },
			"geometry": {
				"type": "Point",
				"coordinates": [121.5145111,25.03783989]
			}
		},
		{
			"type": "Feature",
			"properties": { "pm_name": "北門廣場", "pm_type": "廣場" },
			"geometry": {
				"type": "Point",
				"coordinates": [121.5116831,25.0480021]
			}
		},
		{
			"type": "Feature",
			"properties": { "pm_name": "交通4號廣場", "pm_type": "廣場" },
			"geometry": {
				"type": "Point",
				"coordinates": [121.5188065,25.04738045]
			}
		},
		{
			"type": "Feature",
			"properties": { "pm_name": "交通8號廣場", "pm_type": "廣場" },
			"geometry": {
				"type": "Point",
				"coordinates": [121.51651,25.05031967]
			}
		},
		{
			"type": "Feature",
			"properties": { "pm_name": "行旅廣場", "pm_type": "廣場" },
			"geometry": {
				"type": "Point",
				"coordinates": [121.5132041,25.0477977]
			}
		},
		{
			"type": "Feature",
			"properties": { "pm_name": "瑠公公園", "pm_type": "公園" },
			"geometry": {
				"type": "Point",
				"coordinates": [121.545723,25.0424099]
			}
		},
		{
			"type": "Feature",
			"properties": { "pm_name": "瑠公圳公園 ", "pm_type": "公園" },
			"geometry": {
				"type": "Point",
				"coordinates": [121.5431213,25.04360962]
			}
		},
		{
			"type": "Feature",
			"properties": { "pm_name": "大安公園", "pm_type": "公園" },
			"geometry": {
				"type": "Point",
				"coordinates": [121.5428085,25.04276085]
			}
		},
		{
			"type": "Feature",
			"properties": { "pm_name": "大安森林公園", "pm_type": "公園" },
			"geometry": {
				"type": "Point",
				"coordinates": [121.5358429,25.0333004]
			}
		},
		{
			"type": "Feature",
			"properties": { "pm_name": "大學公園", "pm_type": "公園" },
			"geometry": {
				"type": "Point",
				"coordinates": [121.532898,25.02190971]
			}
		},
		{
			"type": "Feature",
			"properties": { "pm_name": "仁慈公園", "pm_type": "公園" },
			"geometry": {
				"type": "Point",
				"coordinates": [121.5457077,25.0341301]
			}
		},
		{
			"type": "Feature",
			"properties": { "pm_name": "仁愛公園", "pm_type": "公園" },
			"geometry": {
				"type": "Point",
				"coordinates": [121.5462418,25.03661919]
			}
		},
		{
			"type": "Feature",
			"properties": { "pm_name": "仁愛圓環", "pm_type": "公園" },
			"geometry": {
				"type": "Point",
				"coordinates": [121.5496826,25.03763008]
			}
		},
		{
			"type": "Feature",
			"properties": { "pm_name": "公館公園", "pm_type": "公園" },
			"geometry": {
				"type": "Point",
				"coordinates": [121.5407911,25.01142672]
			}
		},
		{
			"type": "Feature",
			"properties": { "pm_name": "古風公園", "pm_type": "公園" },
			"geometry": {
				"type": "Point",
				"coordinates": [121.5290527,25.02197075]
			}
		},
		{
			"type": "Feature",
			"properties": { "pm_name": "古莊公園", "pm_type": "公園" },
			"geometry": {
				"type": "Point",
				"coordinates": [121.5282135,25.02272987]
			}
		},
		{
			"type": "Feature",
			"properties": { "pm_name": "四維公園", "pm_type": "公園" },
			"geometry": {
				"type": "Point",
				"coordinates": [121.5453262,25.03063011]
			}
		},
		{
			"type": "Feature",
			"properties": { "pm_name": "平安公園", "pm_type": "公園" },
			"geometry": {
				"type": "Point",
				"coordinates": [121.5493164,25.03195953]
			}
		},
		{
			"type": "Feature",
			"properties": { "pm_name": "民榮公園", "pm_type": "公園" },
			"geometry": {
				"type": "Point",
				"coordinates": [121.5356979,25.03540039]
			}
		},
		{
			"type": "Feature",
			"properties": { "pm_name": "民輝公園", "pm_type": "公園" },
			"geometry": {
				"type": "Point",
				"coordinates": [121.5350571,25.03951073]
			}
		},
		{
			"type": "Feature",
			"properties": { "pm_name": "永康公園", "pm_type": "公園" },
			"geometry": {
				"type": "Point",
				"coordinates": [121.5297165,25.03162003]
			}
		},
		{
			"type": "Feature",
			"properties": { "pm_name": "光信公園", "pm_type": "公園" },
			"geometry": {
				"type": "Point",
				"coordinates": [121.5558014,25.03556061]
			}
		},
		{
			"type": "Feature",
			"properties": { "pm_name": "全安公園", "pm_type": "公園" },
			"geometry": {
				"type": "Point",
				"coordinates": [121.5512085,25.02545929]
			}
		},
		{
			"type": "Feature",
			"properties": { "pm_name": "安東公園", "pm_type": "公園" },
			"geometry": {
				"type": "Point",
				"coordinates": [121.5448227,25.02893066]
			}
		},
		{
			"type": "Feature",
			"properties": { "pm_name": "安祥公園", "pm_type": "公園" },
			"geometry": {
				"type": "Point",
				"coordinates": [121.5427322,25.03454018]
			}
		},
		{
			"type": "Feature",
			"properties": { "pm_name": "辛亥一號公園", "pm_type": "公園" },
			"geometry": {
				"type": "Point",
				"coordinates": [121.5326614,25.0227108]
			}
		},
		{
			"type": "Feature",
			"properties": { "pm_name": "和平公園", "pm_type": "公園" },
			"geometry": {
				"type": "Point",
				"coordinates": [121.5425186,25.02349091]
			}
		},
		{
			"type": "Feature",
			"properties": { "pm_name": "和安公園", "pm_type": "公園" },
			"geometry": {
				"type": "Point",
				"coordinates": [121.5444794,25.03450966]
			}
		},
		{
			"type": "Feature",
			"properties": { "pm_name": "居安公園", "pm_type": "公園" },
			"geometry": {
				"type": "Point",
				"coordinates": [121.5493317,25.02968025]
			}
		},
		{
			"type": "Feature",
			"properties": { "pm_name": "延吉公園", "pm_type": "公園" },
			"geometry": {
				"type": "Point",
				"coordinates": [121.5557709,25.04257011]
			}
		},
		{
			"type": "Feature",
			"properties": { "pm_name": "昌隆198公園", "pm_type": "公園" },
			"geometry": {
				"type": "Point",
				"coordinates": [121.5357132,25.0437603]
			}
		},
		{
			"type": "Feature",
			"properties": { "pm_name": "東豐公園", "pm_type": "公園" },
			"geometry": {
				"type": "Point",
				"coordinates": [121.5448608,25.03577995]
			}
		},
		{
			"type": "Feature",
			"properties": { "pm_name": "法治公園", "pm_type": "公園" },
			"geometry": {
				"type": "Point",
				"coordinates": [121.5529175,25.02691078]
			}
		},
		{
			"type": "Feature",
			"properties": { "pm_name": "臥龍公園", "pm_type": "公園" },
			"geometry": {
				"type": "Point",
				"coordinates": [121.5498886,25.01670075]
			}
		},
		{
			"type": "Feature",
			"properties": { "pm_name": "虎嘯公園", "pm_type": "公園" },
			"geometry": {
				"type": "Point",
				"coordinates": [121.5492783,25.0225296]
			}
		},
		{
			"type": "Feature",
			"properties": { "pm_name": "金山公園", "pm_type": "公園" },
			"geometry": {
				"type": "Point",
				"coordinates": [121.5247561,25.0309598]
			}
		},
		{
			"type": "Feature",
			"properties": { "pm_name": "金杭公園", "pm_type": "公園" },
			"geometry": {
				"type": "Point",
				"coordinates": [121.5268771,25.03290038]
			}
		},
		{
			"type": "Feature",
			"properties": { "pm_name": "金華公園", "pm_type": "公園" },
			"geometry": {
				"type": "Point",
				"coordinates": [121.5311737,25.02959061]
			}
		},
		{
			"type": "Feature",
			"properties": { "pm_name": "附中公園", "pm_type": "公園" },
			"geometry": {
				"type": "Point",
				"coordinates": [121.5422592,25.03634071]
			}
		},
		{
			"type": "Feature",
			"properties": { "pm_name": "青峰公園", "pm_type": "公園" },
			"geometry": {
				"type": "Point",
				"coordinates": [121.5514069,25.01569939]
			}
		},
		{
			"type": "Feature",
			"properties": { "pm_name": "師大公園", "pm_type": "公園" },
			"geometry": {
				"type": "Point",
				"coordinates": [121.5283737,25.02459908]
			}
		},
		{
			"type": "Feature",
			"properties": { "pm_name": "泰順公園", "pm_type": "公園" },
			"geometry": {
				"type": "Point",
				"coordinates": [121.5316391,25.02462006]
			}
		},
		{
			"type": "Feature",
			"properties": { "pm_name": "通化公園", "pm_type": "公園" },
			"geometry": {
				"type": "Point",
				"coordinates": [121.5545578,25.03215981]
			}
		},
		{
			"type": "Feature",
			"properties": { "pm_name": "富陽自然生態公園", "pm_type": "公園" },
			"geometry": {
				"type": "Point",
				"coordinates": [121.557488,25.016674]
			}
		},
		{
			"type": "Feature",
			"properties": { "pm_name": "敦仁公園", "pm_type": "公園" },
			"geometry": {
				"type": "Point",
				"coordinates": [121.5469087,25.04040191]
			}
		},
		{
			"type": "Feature",
			"properties": { "pm_name": "敦安公園", "pm_type": "公園" },
			"geometry": {
				"type": "Point",
				"coordinates": [121.5537033,25.03446007]
			}
		},
		{
			"type": "Feature",
			"properties": { "pm_name": "敦親公園", "pm_type": "公園" },
			"geometry": {
				"type": "Point",
				"coordinates": [121.5409088,25.0226593]
			}
		},
		{
			"type": "Feature",
			"properties": { "pm_name": "新龍公園", "pm_type": "公園" },
			"geometry": {
				"type": "Point",
				"coordinates": [121.5401611,25.02765083]
			}
		},
		{
			"type": "Feature",
			"properties": { "pm_name": "溫州公園", "pm_type": "公園" },
			"geometry": {
				"type": "Point",
				"coordinates": [121.5313416,25.01880074]
			}
		},
		{
			"type": "Feature",
			"properties": { "pm_name": "瑞安公園", "pm_type": "公園" },
			"geometry": {
				"type": "Point",
				"coordinates": [121.5393524,25.02613068]
			}
		},
		{
			"type": "Feature",
			"properties": { "pm_name": "群賢公園", "pm_type": "公園" },
			"geometry": {
				"type": "Point",
				"coordinates": [121.5465698,25.02540016]
			}
		},
		{
			"type": "Feature",
			"properties": { "pm_name": "誠安公園", "pm_type": "公園" },
			"geometry": {
				"type": "Point",
				"coordinates": [121.5409088,25.04249001]
			}
		},
		{
			"type": "Feature",
			"properties": { "pm_name": "嘉興公園", "pm_type": "公園" },
			"geometry": {
				"type": "Point",
				"coordinates": [121.5519486,25.02136993]
			}
		},
		{
			"type": "Feature",
			"properties": { "pm_name": "寧馨公園A", "pm_type": "公園" },
			"geometry": {
				"type": "Point",
				"coordinates": [121.533493,25.04434967]
			}
		},
		{
			"type": "Feature",
			"properties": { "pm_name": "福州山公園", "pm_type": "公園" },
			"geometry": {
				"type": "Point",
				"coordinates": [121.5516129,25.01589012]
			}
		},
		{
			"type": "Feature",
			"properties": { "pm_name": "德安公園", "pm_type": "公園" },
			"geometry": {
				"type": "Point",
				"coordinates": [121.5477753,25.03487968]
			}
		},
		{
			"type": "Feature",
			"properties": { "pm_name": "黎孝公園", "pm_type": "公園" },
			"geometry": {
				"type": "Point",
				"coordinates": [121.5559921,25.01976013]
			}
		},
		{
			"type": "Feature",
			"properties": { "pm_name": "黎和生態公園", "pm_type": "公園" },
			"geometry": {
				"type": "Point",
				"coordinates": [121.560002,25.015128]
			}
		},
		{
			"type": "Feature",
			"properties": { "pm_name": "錦安公園", "pm_type": "公園" },
			"geometry": {
				"type": "Point",
				"coordinates": [121.5279465,25.0279808]
			}
		},
		{
			"type": "Feature",
			"properties": { "pm_name": "龍生公園", "pm_type": "公園" },
			"geometry": {
				"type": "Point",
				"coordinates": [121.5413971,25.02601051]
			}
		},
		{
			"type": "Feature",
			"properties": { "pm_name": "龍門公園", "pm_type": "公園" },
			"geometry": {
				"type": "Point",
				"coordinates": [121.5366821,25.02425957]
			}
		},
		{
			"type": "Feature",
			"properties": { "pm_name": "龍陣一號公園", "pm_type": "公園" },
			"geometry": {
				"type": "Point",
				"coordinates": [121.5425415,25.0275898]
			}
		},
		{
			"type": "Feature",
			"properties": { "pm_name": "龍陣二號公園 A", "pm_type": "公園" },
			"geometry": {
				"type": "Point",
				"coordinates": [121.5424881,25.02923966]
			}
		},
		{
			"type": "Feature",
			"properties": { "pm_name": "龍陣二號公園 B", "pm_type": "公園" },
			"geometry": {
				"type": "Point",
				"coordinates": [121.5424881,25.02923966]
			}
		},
		{
			"type": "Feature",
			"properties": { "pm_name": "龍圖公園", "pm_type": "公園" },
			"geometry": {
				"type": "Point",
				"coordinates": [121.5416031,25.03049088]
			}
		},
		{
			"type": "Feature",
			"properties": { "pm_name": "龍鳳公園", "pm_type": "公園" },
			"geometry": {
				"type": "Point",
				"coordinates": [121.5432735,25.02561092]
			}
		},
		{
			"type": "Feature",
			"properties": { "pm_name": "臨江公園", "pm_type": "公園" },
			"geometry": {
				"type": "Point",
				"coordinates": [121.5557404,25.0281601]
			}
		},
		{
			"type": "Feature",
			"properties": { "pm_name": "麗水公園", "pm_type": "公園" },
			"geometry": {
				"type": "Point",
				"coordinates": [121.5280876,25.03191447]
			}
		},
		{
			"type": "Feature",
			"properties": { "pm_name": "大安125號綠地", "pm_type": "綠地" },
			"geometry": {
				"type": "Point",
				"coordinates": [121.5336838,25.04442024]
			}
		},
		{
			"type": "Feature",
			"properties": { "pm_name": "大安195號綠地", "pm_type": "綠地" },
			"geometry": {
				"type": "Point",
				"coordinates": [121.5314331,25.02001953]
			}
		},
		{
			"type": "Feature",
			"properties": { "pm_name": "黎和綠地", "pm_type": "綠地" },
			"geometry": {
				"type": "Point",
				"coordinates": [121.5605698,25.01593018]
			}
		},
		{
			"type": "Feature",
			"properties": { "pm_name": "錦華綠地", "pm_type": "綠地" },
			"geometry": {
				"type": "Point",
				"coordinates": [121.5295792,25.02957916]
			}
		},
		{
			"type": "Feature",
			"properties": { "pm_name": "三張里公園", "pm_type": "公園" },
			"geometry": {
				"type": "Point",
				"coordinates": [121.5667267,25.03092957]
			}
		},
		{
			"type": "Feature",
			"properties": { "pm_name": "三犁公園", "pm_type": "公園" },
			"geometry": {
				"type": "Point",
				"coordinates": [121.5700226,25.02977943]
			}
		},
		{
			"type": "Feature",
			"properties": { "pm_name": "三興公園", "pm_type": "公園" },
			"geometry": {
				"type": "Point",
				"coordinates": [121.5595474,25.02857971]
			}
		},
		{
			"type": "Feature",
			"properties": { "pm_name": "中全公園", "pm_type": "公園" },
			"geometry": {
				"type": "Point",
				"coordinates": [121.5748901,25.03858948]
			}
		},
		{
			"type": "Feature",
			"properties": { "pm_name": "中興公園", "pm_type": "公園" },
			"geometry": {
				"type": "Point",
				"coordinates": [121.5592499,25.03426933]
			}
		},
		{
			"type": "Feature",
			"properties": { "pm_name": "五分埔公園", "pm_type": "公園" },
			"geometry": {
				"type": "Point",
				"coordinates": [121.580101,25.04693985]
			}
		},
		{
			"type": "Feature",
			"properties": { "pm_name": "五常公園", "pm_type": "公園" },
			"geometry": {
				"type": "Point",
				"coordinates": [121.5743408,25.04768944]
			}
		},
		{
			"type": "Feature",
			"properties": { "pm_name": "四育公園", "pm_type": "公園" },
			"geometry": {
				"type": "Point",
				"coordinates": [121.5751419,25.04676056]
			}
		},
		{
			"type": "Feature",
			"properties": { "pm_name": "永吉公園", "pm_type": "公園" },
			"geometry": {
				"type": "Point",
				"coordinates": [121.5750427,25.04359055]
			}
		},
		{
			"type": "Feature",
			"properties": { "pm_name": "永春公園", "pm_type": "公園" },
			"geometry": {
				"type": "Point",
				"coordinates": [121.5791168,25.04229927]
			}
		},
		{
			"type": "Feature",
			"properties": { "pm_name": "永春陂濕地公園", "pm_type": "公園" },
			"geometry": {
				"type": "Point",
				"coordinates": [121.580069,25.032812]
			}
		},
		{
			"type": "Feature",
			"properties": { "pm_name": "永春崗公園", "pm_type": "公園" },
			"geometry": {
				"type": "Point",
				"coordinates": [121.5775909,25.03170967]
			}
		},
		{
			"type": "Feature",
			"properties": { "pm_name": "交五", "pm_type": "公園" },
			"geometry": {
				"type": "Point",
				"coordinates": [121.5741501,25.0492096]
			}
		},
		{
			"type": "Feature",
			"properties": { "pm_name": "安強公園", "pm_type": "公園" },
			"geometry": {
				"type": "Point",
				"coordinates": [121.5753403,25.03668976]
			}
		},
		{
			"type": "Feature",
			"properties": { "pm_name": "吳興公園", "pm_type": "公園" },
			"geometry": {
				"type": "Point",
				"coordinates": [121.5679398,25.02329063]
			}
		},
		{
			"type": "Feature",
			"properties": { "pm_name": "念儒公園", "pm_type": "公園" },
			"geometry": {
				"type": "Point",
				"coordinates": [121.573761,25.03771973]
			}
		},
		{
			"type": "Feature",
			"properties": { "pm_name": "林口2號綠地(松光)", "pm_type": "公園" },
			"geometry": { "type": "Point", "coordinates": [121.57882,25.0399] }
		},
		{
			"type": "Feature",
			"properties": { "pm_name": "林口公園", "pm_type": "公園" },
			"geometry": {
				"type": "Point",
				"coordinates": [121.578949,25.03906059]
			}
		},
		{
			"type": "Feature",
			"properties": { "pm_name": "松友公園", "pm_type": "公園" },
			"geometry": {
				"type": "Point",
				"coordinates": [121.576149,25.03391075]
			}
		},
		{
			"type": "Feature",
			"properties": { "pm_name": "松壽廣場", "pm_type": "公園" },
			"geometry": {
				"type": "Point",
				"coordinates": [121.5660782,25.03738976]
			}
		},
		{
			"type": "Feature",
			"properties": { "pm_name": "松德公園", "pm_type": "公園" },
			"geometry": {
				"type": "Point",
				"coordinates": [121.573288,25.03602028]
			}
		},
		{
			"type": "Feature",
			"properties": { "pm_name": "虎林公園", "pm_type": "公園" },
			"geometry": {
				"type": "Point",
				"coordinates": [121.5772934,25.03148079]
			}
		},
		{
			"type": "Feature",
			"properties": {
				"pm_name": "信義352號公園 (松智公園)",
				"pm_type": "公園"
			},
			"geometry": {
				"type": "Point",
				"coordinates": [121.5655136,25.03582001]
			}
		},
		{
			"type": "Feature",
			"properties": { "pm_name": "信義安康公園", "pm_type": "公園" },
			"geometry": {
				"type": "Point",
				"coordinates": [121.5700684,25.03572083]
			}
		},
		{
			"type": "Feature",
			"properties": { "pm_name": "春光公園", "pm_type": "公園" },
			"geometry": {
				"type": "Point",
				"coordinates": [121.5807419,25.04223061]
			}
		},
		{
			"type": "Feature",
			"properties": { "pm_name": "革新公園", "pm_type": "公園" },
			"geometry": {
				"type": "Point",
				"coordinates": [121.5673676,25.04383087]
			}
		},
		{
			"type": "Feature",
			"properties": { "pm_name": "泰和公園", "pm_type": "公園" },
			"geometry": {
				"type": "Point",
				"coordinates": [121.5681992,25.02313995]
			}
		},
		{
			"type": "Feature",
			"properties": { "pm_name": "眷村文化公園", "pm_type": "公園" },
			"geometry": {
				"type": "Point",
				"coordinates": [121.5617523,25.0316391]
			}
		},
		{
			"type": "Feature",
			"properties": { "pm_name": "富台公園", "pm_type": "公園" },
			"geometry": {
				"type": "Point",
				"coordinates": [121.5722427,25.04207039]
			}
		},
		{
			"type": "Feature",
			"properties": { "pm_name": "富生1號公園", "pm_type": "公園" },
			"geometry": {
				"type": "Point",
				"coordinates": [121.5698486,25.04222919]
			}
		},
		{
			"type": "Feature",
			"properties": { "pm_name": "富生2號公園", "pm_type": "公園" },
			"geometry": {
				"type": "Point",
				"coordinates": [121.5696237,25.04238053]
			}
		},
		{
			"type": "Feature",
			"properties": { "pm_name": "富生公園", "pm_type": "公園" },
			"geometry": {
				"type": "Point",
				"coordinates": [121.5698471,25.04208946]
			}
		},
		{
			"type": "Feature",
			"properties": { "pm_name": "惠安公園", "pm_type": "公園" },
			"geometry": {
				"type": "Point",
				"coordinates": [121.564621,25.02454948]
			}
		},
		{
			"type": "Feature",
			"properties": { "pm_name": "景平公園", "pm_type": "公園" },
			"geometry": {
				"type": "Point",
				"coordinates": [121.563942,25.02989006]
			}
		},
		{
			"type": "Feature",
			"properties": { "pm_name": "景勤1號公園", "pm_type": "公園" },
			"geometry": {
				"type": "Point",
				"coordinates": [121.560257,25.02633095]
			}
		},
		{
			"type": "Feature",
			"properties": { "pm_name": "景勤2號公園", "pm_type": "公園" },
			"geometry": {
				"type": "Point",
				"coordinates": [121.5574875,25.02603912]
			}
		},
		{
			"type": "Feature",
			"properties": { "pm_name": "象山公園", "pm_type": "公園" },
			"geometry": {
				"type": "Point",
				"coordinates": [121.5700913,25.03041077]
			}
		},
		{
			"type": "Feature",
			"properties": { "pm_name": "雅祥公園", "pm_type": "公園" },
			"geometry": {
				"type": "Point",
				"coordinates": [121.5718308,25.04756928]
			}
		},
		{
			"type": "Feature",
			"properties": { "pm_name": "福祥公園", "pm_type": "公園" },
			"geometry": {
				"type": "Point",
				"coordinates": [121.5705032,25.04603958]
			}
		},
		{
			"type": "Feature",
			"properties": { "pm_name": "福德公園", "pm_type": "公園" },
			"geometry": {
				"type": "Point",
				"coordinates": [121.5818481,25.03824043]
			}
		},
		{
			"type": "Feature",
			"properties": { "pm_name": "黎忠公園", "pm_type": "公園" },
			"geometry": {
				"type": "Point",
				"coordinates": [121.559372,25.01907921]
			}
		},
		{
			"type": "Feature",
			"properties": { "pm_name": "黎富公園", "pm_type": "公園" },
			"geometry": {
				"type": "Point",
				"coordinates": [121.5567017,25.02100945]
			}
		},
		{
			"type": "Feature",
			"properties": { "pm_name": "黎雙公園", "pm_type": "公園" },
			"geometry": {
				"type": "Point",
				"coordinates": [121.5634689,25.02498055]
			}
		},
		{
			"type": "Feature",
			"properties": { "pm_name": "糶米公園", "pm_type": "公園" },
			"geometry": {
				"type": "Point",
				"coordinates": [121.572468,25.018614]
			}
		},
		{
			"type": "Feature",
			"properties": { "pm_name": "太子綠地", "pm_type": "綠地" },
			"geometry": {
				"type": "Point",
				"coordinates": [121.5770721,25.04519081]
			}
		},
		{
			"type": "Feature",
			"properties": { "pm_name": "交六", "pm_type": "綠地" },
			"geometry": {
				"type": "Point",
				"coordinates": [121.5708695,25.04932976]
			}
		},
		{
			"type": "Feature",
			"properties": { "pm_name": "松光綠地", "pm_type": "綠地" },
			"geometry": {
				"type": "Point",
				"coordinates": [121.5785294,25.03949928]
			}
		},
		{
			"type": "Feature",
			"properties": { "pm_name": "松隆綠地", "pm_type": "綠地" },
			"geometry": {
				"type": "Point",
				"coordinates": [121.5801086,25.03495979]
			}
		},
		{
			"type": "Feature",
			"properties": { "pm_name": "信義350綠地", "pm_type": "綠地" },
			"geometry": {
				"type": "Point",
				"coordinates": [121.5625687,25.03923035]
			}
		},
		{
			"type": "Feature",
			"properties": { "pm_name": "信義351號綠地", "pm_type": "綠地" },
			"geometry": {
				"type": "Point",
				"coordinates": [121.5654373,25.03918076]
			}
		},
		{
			"type": "Feature",
			"properties": {
				"pm_name": "信義353號綠地 (松仁綠地)",
				"pm_type": "綠地"
			},
			"geometry": {
				"type": "Point",
				"coordinates": [121.5677185,25.03274918]
			}
		},
		{
			"type": "Feature",
			"properties": { "pm_name": "信義354號綠地", "pm_type": "綠地" },
			"geometry": {
				"type": "Point",
				"coordinates": [121.5684204,25.02946091]
			}
		},
		{
			"type": "Feature",
			"properties": { "pm_name": "信義355號綠地", "pm_type": "綠地" },
			"geometry": {
				"type": "Point",
				"coordinates": [121.5683365,25.03089905]
			}
		},
		{
			"type": "Feature",
			"properties": { "pm_name": "信義356號綠地", "pm_type": "綠地" },
			"geometry": {
				"type": "Point",
				"coordinates": [121.5737076,25.03338051]
			}
		},
		{
			"type": "Feature",
			"properties": {
				"pm_name": "信義382號綠地 (惠安水與綠生活綠地)",
				"pm_type": "綠地"
			},
			"geometry": {
				"type": "Point",
				"coordinates": [121.5682373,25.0233593]
			}
		},
		{
			"type": "Feature",
			"properties": { "pm_name": "崇德綠地", "pm_type": "綠地" },
			"geometry": {
				"type": "Point",
				"coordinates": [121.5554504,25.02421951]
			}
		},
		{
			"type": "Feature",
			"properties": { "pm_name": "黎平綠地", "pm_type": "綠地" },
			"geometry": {
				"type": "Point",
				"coordinates": [121.5571213,25.02318955]
			}
		},
		{
			"type": "Feature",
			"properties": { "pm_name": "市民廣場", "pm_type": "廣場" },
			"geometry": {
				"type": "Point",
				"coordinates": [121.5627518,25.03664017]
			}
		},
		{
			"type": "Feature",
			"properties": { "pm_name": "忠信廣場", "pm_type": "廣場" },
			"geometry": {
				"type": "Point",
				"coordinates": [121.5679092,25.0405407]
			}
		},
		{
			"type": "Feature",
			"properties": { "pm_name": "信義20號廣場", "pm_type": "廣場" },
			"geometry": {
				"type": "Point",
				"coordinates": [121.5775833,25.04874992]
			}
		},
		{
			"type": "Feature",
			"properties": { "pm_name": "信義21號廣場", "pm_type": "廣場" },
			"geometry": {
				"type": "Point",
				"coordinates": [121.5644684,25.03473091]
			}
		},
		{
			"type": "Feature",
			"properties": { "pm_name": "信義21號廣場", "pm_type": "廣場" },
			"geometry": {
				"type": "Point",
				"coordinates": [121.5644684,25.03473091]
			}
		},
		{
			"type": "Feature",
			"properties": { "pm_name": "信義廣場", "pm_type": "廣場" },
			"geometry": {
				"type": "Point",
				"coordinates": [121.56604,25.03347969]
			}
		},
		{
			"type": "Feature",
			"properties": { "pm_name": "厚生廣場", "pm_type": "廣場" },
			"geometry": {
				"type": "Point",
				"coordinates": [121.5681,25.04340935]
			}
		},
		{
			"type": "Feature",
			"properties": { "pm_name": "景聯廣場", "pm_type": "廣場" },
			"geometry": {
				"type": "Point",
				"coordinates": [121.5614014,25.03252029]
			}
		},
		{
			"type": "Feature",
			"properties": { "pm_name": "三重世貿公園", "pm_type": "公園" },
			"geometry": {
				"type": "Point",
				"coordinates": [121.615387,25.05792999]
			}
		},
		{
			"type": "Feature",
			"properties": { "pm_name": "中南公園", "pm_type": "公園" },
			"geometry": {
				"type": "Point",
				"coordinates": [121.6154709,25.05121994]
			}
		},
		{
			"type": "Feature",
			"properties": { "pm_name": "中研公園", "pm_type": "公園" },
			"geometry": {
				"type": "Point",
				"coordinates": [121.6130524,25.04689026]
			}
		},
		{
			"type": "Feature",
			"properties": { "pm_name": "中興公園", "pm_type": "公園" },
			"geometry": {
				"type": "Point",
				"coordinates": [121.6148529,25.0442009]
			}
		},
		{
			"type": "Feature",
			"properties": { "pm_name": "六福公園", "pm_type": "公園" },
			"geometry": {
				"type": "Point",
				"coordinates": [121.6165085,25.04726028]
			}
		},
		{
			"type": "Feature",
			"properties": { "pm_name": "四分河濱公園", "pm_type": "公園" },
			"geometry": {
				"type": "Point",
				"coordinates": [121.6156921,25.04862976]
			}
		},
		{
			"type": "Feature",
			"properties": { "pm_name": "市民公園", "pm_type": "公園" },
			"geometry": {
				"type": "Point",
				"coordinates": [121.5817337,25.0492897]
			}
		},
		{
			"type": "Feature",
			"properties": { "pm_name": "玉成公園", "pm_type": "公園" },
			"geometry": {
				"type": "Point",
				"coordinates": [121.5855026,25.04254913]
			}
		},
		{
			"type": "Feature",
			"properties": { "pm_name": "玉東公園", "pm_type": "公園" },
			"geometry": {
				"type": "Point",
				"coordinates": [121.584156,25.050188]
			}
		},
		{
			"type": "Feature",
			"properties": { "pm_name": "合成18號綠園", "pm_type": "公園" },
			"geometry": {
				"type": "Point",
				"coordinates": [121.5829163,25.04626083]
			}
		},
		{
			"type": "Feature",
			"properties": { "pm_name": "合成8號綠園", "pm_type": "公園" },
			"geometry": {
				"type": "Point",
				"coordinates": [121.5937882,25.05083084]
			}
		},
		{
			"type": "Feature",
			"properties": { "pm_name": "合成公園", "pm_type": "公園" },
			"geometry": {
				"type": "Point",
				"coordinates": [121.5811386,25.04509926]
			}
		},
		{
			"type": "Feature",
			"properties": { "pm_name": "合樂公園", "pm_type": "公園" },
			"geometry": {
				"type": "Point",
				"coordinates": [121.5818863,25.04850006]
			}
		},
		{
			"type": "Feature",
			"properties": { "pm_name": "百福公園", "pm_type": "公園" },
			"geometry": {
				"type": "Point",
				"coordinates": [121.5885391,25.03793907]
			}
		},
		{
			"type": "Feature",
			"properties": { "pm_name": "幸福公園", "pm_type": "公園" },
			"geometry": {
				"type": "Point",
				"coordinates": [121.6160507,25.04602051]
			}
		},
		{
			"type": "Feature",
			"properties": { "pm_name": "昆陽公園", "pm_type": "公園" },
			"geometry": {
				"type": "Point",
				"coordinates": [121.5942001,25.04871941]
			}
		},
		{
			"type": "Feature",
			"properties": { "pm_name": "東坡公園", "pm_type": "公園" },
			"geometry": {
				"type": "Point",
				"coordinates": [121.5933075,25.04523087]
			}
		},
		{
			"type": "Feature",
			"properties": { "pm_name": "東明公園", "pm_type": "公園" },
			"geometry": {
				"type": "Point",
				"coordinates": [121.6036377,25.05480003]
			}
		},
		{
			"type": "Feature",
			"properties": { "pm_name": "東陽公園", "pm_type": "公園" },
			"geometry": {
				"type": "Point",
				"coordinates": [121.6037369,25.0574398]
			}
		},
		{
			"type": "Feature",
			"properties": { "pm_name": "南汐公園", "pm_type": "公園" },
			"geometry": {
				"type": "Point",
				"coordinates": [121.617691,25.05467987]
			}
		},
		{
			"type": "Feature",
			"properties": { "pm_name": "南港公園", "pm_type": "公園" },
			"geometry": {
				"type": "Point",
				"coordinates": [121.5919113,25.04306984]
			}
		},
		{
			"type": "Feature",
			"properties": { "pm_name": "南興公園", "pm_type": "公園" },
			"geometry": {
				"type": "Point",
				"coordinates": [121.6069031,25.05401993]
			}
		},
		{
			"type": "Feature",
			"properties": { "pm_name": "後山埤公園", "pm_type": "公園" },
			"geometry": {
				"type": "Point",
				"coordinates": [121.5899506,25.04371071]
			}
		},
		{
			"type": "Feature",
			"properties": { "pm_name": "胡適公園", "pm_type": "公園" },
			"geometry": {
				"type": "Point",
				"coordinates": [121.6179123,25.03992081]
			}
		},
		{
			"type": "Feature",
			"properties": { "pm_name": "重陽公園", "pm_type": "公園" },
			"geometry": {
				"type": "Point",
				"coordinates": [121.5991516,25.05620003]
			}
		},
		{
			"type": "Feature",
			"properties": { "pm_name": "理想公園", "pm_type": "公園" },
			"geometry": {
				"type": "Point",
				"coordinates": [121.6215897,25.03986931]
			}
		},
		{
			"type": "Feature",
			"properties": { "pm_name": "瓶蓋印象公園", "pm_type": "公園" },
			"geometry": {
				"type": "Point",
				"coordinates": [121.606226,25.053719]
			}
		},
		{
			"type": "Feature",
			"properties": { "pm_name": "港後公園", "pm_type": "公園" },
			"geometry": {
				"type": "Point",
				"coordinates": [121.6153793,25.06274986]
			}
		},
		{
			"type": "Feature",
			"properties": { "pm_name": "湧聲公園", "pm_type": "公園" },
			"geometry": {
				"type": "Point",
				"coordinates": [121.5927582,25.04327965]
			}
		},
		{
			"type": "Feature",
			"properties": { "pm_name": "新勝公園", "pm_type": "公園" },
			"geometry": {
				"type": "Point",
				"coordinates": [121.5931625,25.04884911]
			}
		},
		{
			"type": "Feature",
			"properties": { "pm_name": "新富公園", "pm_type": "公園" },
			"geometry": {
				"type": "Point",
				"coordinates": [121.6169586,25.05303001]
			}
		},
		{
			"type": "Feature",
			"properties": { "pm_name": "新新公園", "pm_type": "公園" },
			"geometry": {
				"type": "Point",
				"coordinates": [121.588752,25.051391]
			}
		},
		{
			"type": "Feature",
			"properties": { "pm_name": "萬福公園", "pm_type": "公園" },
			"geometry": {
				"type": "Point",
				"coordinates": [121.5844498,25.04624939]
			}
		},
		{
			"type": "Feature",
			"properties": { "pm_name": "經貿公園", "pm_type": "公園" },
			"geometry": {
				"type": "Point",
				"coordinates": [121.6163635,25.06258011]
			}
		},
		{
			"type": "Feature",
			"properties": { "pm_name": "福山公園", "pm_type": "公園" },
			"geometry": {
				"type": "Point",
				"coordinates": [121.6178513,25.04470062]
			}
		},
		{
			"type": "Feature",
			"properties": { "pm_name": "興南公園", "pm_type": "公園" },
			"geometry": {
				"type": "Point",
				"coordinates": [121.5973969,25.05512047]
			}
		},
		{
			"type": "Feature",
			"properties": { "pm_name": "興華公園", "pm_type": "公園" },
			"geometry": {
				"type": "Point",
				"coordinates": [121.6047897,25.05677033]
			}
		},
		{
			"type": "Feature",
			"properties": { "pm_name": "錫口廊道", "pm_type": "公園" },
			"geometry": {
				"type": "Point",
				"coordinates": [121.5799314,25.05100657]
			}
		},
		{
			"type": "Feature",
			"properties": { "pm_name": "聯成公園", "pm_type": "公園" },
			"geometry": {
				"type": "Point",
				"coordinates": [121.5872192,25.04659081]
			}
		},
		{
			"type": "Feature",
			"properties": { "pm_name": "舊莊公園", "pm_type": "公園" },
			"geometry": {
				"type": "Point",
				"coordinates": [121.6202698,25.04137039]
			}
		},
		{
			"type": "Feature",
			"properties": { "pm_name": "九如綠地", "pm_type": "綠地" },
			"geometry": {
				"type": "Point",
				"coordinates": [121.6163101,25.03856087]
			}
		},
		{
			"type": "Feature",
			"properties": { "pm_name": "四分綠地", "pm_type": "綠地" },
			"geometry": {
				"type": "Point",
				"coordinates": [121.615002,25.03588189]
			}
		},
		{
			"type": "Feature",
			"properties": { "pm_name": "成福綠地", "pm_type": "綠地" },
			"geometry": {
				"type": "Point",
				"coordinates": [121.5929489,25.0453701]
			}
		},
		{
			"type": "Feature",
			"properties": { "pm_name": "成德綠地", "pm_type": "綠地" },
			"geometry": {
				"type": "Point",
				"coordinates": [121.5874634,25.04644966]
			}
		},
		{
			"type": "Feature",
			"properties": { "pm_name": "東明綠地", "pm_type": "綠地" },
			"geometry": {
				"type": "Point",
				"coordinates": [121.6006928,25.05426979]
			}
		},
		{
			"type": "Feature",
			"properties": { "pm_name": "東新綠地", "pm_type": "綠地" },
			"geometry": {
				"type": "Point",
				"coordinates": [121.6024475,25.05359078]
			}
		},
		{
			"type": "Feature",
			"properties": { "pm_name": "南深綠地", "pm_type": "綠地" },
			"geometry": {
				"type": "Point",
				"coordinates": [121.6231613,25.03792954]
			}
		},
		{
			"type": "Feature",
			"properties": { "pm_name": "南港29號綠地", "pm_type": "綠地" },
			"geometry": {
				"type": "Point",
				"coordinates": [121.6172333,25.04239082]
			}
		},
		{
			"type": "Feature",
			"properties": { "pm_name": "南港65號園區綠地", "pm_type": "綠地" },
			"geometry": {
				"type": "Point",
				"coordinates": [121.6142197,25.05903053]
			}
		},
		{
			"type": "Feature",
			"properties": { "pm_name": "新坡綠地", "pm_type": "綠地" },
			"geometry": {
				"type": "Point",
				"coordinates": [121.6177521,25.0356102]
			}
		},
		{
			"type": "Feature",
			"properties": { "pm_name": "新南綠地", "pm_type": "綠地" },
			"geometry": {
				"type": "Point",
				"coordinates": [121.6065521,25.05184937]
			}
		},
		{
			"type": "Feature",
			"properties": { "pm_name": "新陽綠地", "pm_type": "綠地" },
			"geometry": {
				"type": "Point",
				"coordinates": [121.6034164,25.05693054]
			}
		},
		{
			"type": "Feature",
			"properties": { "pm_name": "合心廣場", "pm_type": "廣場" },
			"geometry": {
				"type": "Point",
				"coordinates": [121.583458,25.04660988]
			}
		},
		{
			"type": "Feature",
			"properties": { "pm_name": "南港五號廣場", "pm_type": "廣場" },
			"geometry": {
				"type": "Point",
				"coordinates": [121.5998001,25.05406952]
			}
		},
		{
			"type": "Feature",
			"properties": { "pm_name": "140高地", "pm_type": "公園" },
			"geometry": {
				"type": "Point",
				"coordinates": [121.569603,25.00358009]
			}
		},
		{
			"type": "Feature",
			"properties": { "pm_name": "久康公園", "pm_type": "公園" },
			"geometry": {
				"type": "Point",
				"coordinates": [121.5645828,24.98934937]
			}
		},
		{
			"type": "Feature",
			"properties": { "pm_name": "小坑1號公園", "pm_type": "公園" },
			"geometry": {
				"type": "Point",
				"coordinates": [121.585228,24.98337936]
			}
		},
		{
			"type": "Feature",
			"properties": {
				"pm_name": "文山(景美)49號公園",
				"pm_type": "公園"
			},
			"geometry": {
				"type": "Point",
				"coordinates": [121.5478516,24.99588966]
			}
		},
		{
			"type": "Feature",
			"properties": { "pm_name": "文山木柵59號公園", "pm_type": "公園" },
			"geometry": {
				"type": "Point",
				"coordinates": [121.5825806,24.98526001]
			}
		},
		{
			"type": "Feature",
			"properties": { "pm_name": "文山森林公園", "pm_type": "公園" },
			"geometry": {
				"type": "Point",
				"coordinates": [121.548322,25.00435]
			}
		},
		{
			"type": "Feature",
			"properties": { "pm_name": "木南公園", "pm_type": "公園" },
			"geometry": {
				"type": "Point",
				"coordinates": [121.5708389,24.9865303]
			}
		},
		{
			"type": "Feature",
			"properties": { "pm_name": "木柵公園", "pm_type": "公園" },
			"geometry": {
				"type": "Point",
				"coordinates": [121.560463,24.98694992]
			}
		},
		{
			"type": "Feature",
			"properties": { "pm_name": "木新公園", "pm_type": "公園" },
			"geometry": {
				"type": "Point",
				"coordinates": [121.5580368,24.9822197]
			}
		},
		{
			"type": "Feature",
			"properties": { "pm_name": "木榮公園", "pm_type": "公園" },
			"geometry": {
				"type": "Point",
				"coordinates": [121.5686569,24.98464012]
			}
		},
		{
			"type": "Feature",
			"properties": { "pm_name": "水景公園", "pm_type": "公園" },
			"geometry": {
				"type": "Point",
				"coordinates": [121.5868378,24.98698044]
			}
		},
		{
			"type": "Feature",
			"properties": { "pm_name": "仙岩公園", "pm_type": "公園" },
			"geometry": {
				"type": "Point",
				"coordinates": [121.5493622,24.99797058]
			}
		},
		{
			"type": "Feature",
			"properties": { "pm_name": "光明公園", "pm_type": "公園" },
			"geometry": {
				"type": "Point",
				"coordinates": [121.5547104,24.98646927]
			}
		},
		{
			"type": "Feature",
			"properties": { "pm_name": "光輝公園", "pm_type": "公園" },
			"geometry": {
				"type": "Point",
				"coordinates": [121.5558395,24.98612022]
			}
		},
		{
			"type": "Feature",
			"properties": { "pm_name": "辛亥生態公園", "pm_type": "公園" },
			"geometry": {
				"type": "Point",
				"coordinates": [121.556764,25.003685]
			}
		},
		{
			"type": "Feature",
			"properties": { "pm_name": "坡內坑公園", "pm_type": "公園" },
			"geometry": {
				"type": "Point",
				"coordinates": [121.5765533,25.00497055]
			}
		},
		{
			"type": "Feature",
			"properties": { "pm_name": "忠順公園", "pm_type": "公園" },
			"geometry": {
				"type": "Point",
				"coordinates": [121.561142,24.98314095]
			}
		},
		{
			"type": "Feature",
			"properties": { "pm_name": "忠順萊茵公園", "pm_type": "公園" },
			"geometry": {
				"type": "Point",
				"coordinates": [121.5653687,24.98678017]
			}
		},
		{
			"type": "Feature",
			"properties": { "pm_name": "明義公園", "pm_type": "公園" },
			"geometry": {
				"type": "Point",
				"coordinates": [121.5609818,24.98806953]
			}
		},
		{
			"type": "Feature",
			"properties": { "pm_name": "芳寧公園", "pm_type": "公園" },
			"geometry": {
				"type": "Point",
				"coordinates": [121.5632782,25.00452995]
			}
		},
		{
			"type": "Feature",
			"properties": { "pm_name": "保儀公園", "pm_type": "公園" },
			"geometry": {
				"type": "Point",
				"coordinates": [121.5634689,24.98353958]
			}
		},
		{
			"type": "Feature",
			"properties": { "pm_name": "恆光公園", "pm_type": "公園" },
			"geometry": {
				"type": "Point",
				"coordinates": [121.5675888,24.98241043]
			}
		},
		{
			"type": "Feature",
			"properties": { "pm_name": "原野運動公園", "pm_type": "公園" },
			"geometry": {
				"type": "Point",
				"coordinates": [121.571373,24.99712944]
			}
		},
		{
			"type": "Feature",
			"properties": { "pm_name": "博嘉公園", "pm_type": "公園" },
			"geometry": {
				"type": "Point",
				"coordinates": [121.5735397,25.00045013]
			}
		},
		{
			"type": "Feature",
			"properties": { "pm_name": "景仁公園", "pm_type": "公園" },
			"geometry": {
				"type": "Point",
				"coordinates": [121.5401001,24.99666977]
			}
		},
		{
			"type": "Feature",
			"properties": { "pm_name": "景行公園", "pm_type": "公園" },
			"geometry": {
				"type": "Point",
				"coordinates": [121.542778,24.99251938]
			}
		},
		{
			"type": "Feature",
			"properties": {
				"pm_name": "景美公園(原萬慶公園)",
				"pm_type": "公園"
			},
			"geometry": {
				"type": "Point",
				"coordinates": [121.5375977,24.99402046]
			}
		},
		{
			"type": "Feature",
			"properties": { "pm_name": "景美運動公園", "pm_type": "公園" },
			"geometry": {
				"type": "Point",
				"coordinates": [121.5445175,25.00254059]
			}
		},
		{
			"type": "Feature",
			"properties": { "pm_name": "景華公園", "pm_type": "公園" },
			"geometry": {
				"type": "Point",
				"coordinates": [121.5437927,24.99518967]
			}
		},
		{
			"type": "Feature",
			"properties": { "pm_name": "景福公園", "pm_type": "公園" },
			"geometry": {
				"type": "Point",
				"coordinates": [121.5403214,24.99567986]
			}
		},
		{
			"type": "Feature",
			"properties": { "pm_name": "景豐公園", "pm_type": "公園" },
			"geometry": {
				"type": "Point",
				"coordinates": [121.5450516,25.0001297]
			}
		},
		{
			"type": "Feature",
			"properties": { "pm_name": "華興公園", "pm_type": "公園" },
			"geometry": {
				"type": "Point",
				"coordinates": [121.5504684,24.98917007]
			}
		},
		{
			"type": "Feature",
			"properties": { "pm_name": "順興公園綠地", "pm_type": "公園" },
			"geometry": {
				"type": "Point",
				"coordinates": [121.5643768,24.98608971]
			}
		},
		{
			"type": "Feature",
			"properties": { "pm_name": "新榮公園", "pm_type": "公園" },
			"geometry": {
				"type": "Point",
				"coordinates": [121.570221,24.98332977]
			}
		},
		{
			"type": "Feature",
			"properties": { "pm_name": "椰城公園", "pm_type": "公園" },
			"geometry": {
				"type": "Point",
				"coordinates": [121.5687027,25.0063591]
			}
		},
		{
			"type": "Feature",
			"properties": { "pm_name": "萬年1號公園", "pm_type": "公園" },
			"geometry": {
				"type": "Point",
				"coordinates": [121.5362015,25.00569916]
			}
		},
		{
			"type": "Feature",
			"properties": { "pm_name": "萬年2號公園", "pm_type": "公園" },
			"geometry": {
				"type": "Point",
				"coordinates": [121.5362015,25.00569916]
			}
		},
		{
			"type": "Feature",
			"properties": { "pm_name": "萬年3號公園", "pm_type": "公園" },
			"geometry": {
				"type": "Point",
				"coordinates": [121.5369263,25.00704002]
			}
		},
		{
			"type": "Feature",
			"properties": { "pm_name": "萬有1號公園", "pm_type": "公園" },
			"geometry": {
				"type": "Point",
				"coordinates": [121.5429535,24.99983025]
			}
		},
		{
			"type": "Feature",
			"properties": { "pm_name": "萬有2號公園", "pm_type": "公園" },
			"geometry": {
				"type": "Point",
				"coordinates": [121.5419006,25.00070953]
			}
		},
		{
			"type": "Feature",
			"properties": { "pm_name": "萬有3號公園", "pm_type": "公園" },
			"geometry": {
				"type": "Point",
				"coordinates": [121.5430985,24.99872017]
			}
		},
		{
			"type": "Feature",
			"properties": { "pm_name": "萬和1號公園", "pm_type": "公園" },
			"geometry": {
				"type": "Point",
				"coordinates": [121.5363236,25.00049019]
			}
		},
		{
			"type": "Feature",
			"properties": { "pm_name": "萬和2號公園", "pm_type": "公園" },
			"geometry": {
				"type": "Point",
				"coordinates": [121.5365372,25.00148964]
			}
		},
		{
			"type": "Feature",
			"properties": { "pm_name": "萬和3號公園", "pm_type": "公園" },
			"geometry": {
				"type": "Point",
				"coordinates": [121.5363388,25.00381088]
			}
		},
		{
			"type": "Feature",
			"properties": { "pm_name": "萬芳10號公園", "pm_type": "公園" },
			"geometry": {
				"type": "Point",
				"coordinates": [121.5624924,25.00164986]
			}
		},
		{
			"type": "Feature",
			"properties": { "pm_name": "萬芳11號公園", "pm_type": "公園" },
			"geometry": {
				"type": "Point",
				"coordinates": [121.5630798,25.00304985]
			}
		},
		{
			"type": "Feature",
			"properties": { "pm_name": "萬芳12號公園", "pm_type": "公園" },
			"geometry": {
				"type": "Point",
				"coordinates": [121.5635834,25.00147057]
			}
		},
		{
			"type": "Feature",
			"properties": { "pm_name": "萬芳13號公園", "pm_type": "公園" },
			"geometry": {
				"type": "Point",
				"coordinates": [121.5653992,25.00172997]
			}
		},
		{
			"type": "Feature",
			"properties": { "pm_name": "萬芳14號公園", "pm_type": "公園" },
			"geometry": {
				"type": "Point",
				"coordinates": [121.5653305,25.00032044]
			}
		},
		{
			"type": "Feature",
			"properties": { "pm_name": "萬芳1號公園", "pm_type": "公園" },
			"geometry": {
				"type": "Point",
				"coordinates": [121.5667267,24.99986076]
			}
		},
		{
			"type": "Feature",
			"properties": { "pm_name": "萬芳2號公園", "pm_type": "公園" },
			"geometry": {
				"type": "Point",
				"coordinates": [121.5667725,24.99920082]
			}
		},
		{
			"type": "Feature",
			"properties": { "pm_name": "萬芳3號公園", "pm_type": "公園" },
			"geometry": {
				"type": "Point",
				"coordinates": [121.5671005,24.99925041]
			}
		},
		{
			"type": "Feature",
			"properties": { "pm_name": "萬芳4號公園", "pm_type": "公園" },
			"geometry": {
				"type": "Point",
				"coordinates": [121.5675278,25.00153923]
			}
		},
		{
			"type": "Feature",
			"properties": { "pm_name": "萬芳6號公園", "pm_type": "公園" },
			"geometry": {
				"type": "Point",
				"coordinates": [121.5691834,24.99950028]
			}
		},
		{
			"type": "Feature",
			"properties": { "pm_name": "萬芳7號公園", "pm_type": "公園" },
			"geometry": {
				"type": "Point",
				"coordinates": [121.5661621,25.00157929]
			}
		},
		{
			"type": "Feature",
			"properties": { "pm_name": "萬芳8號公園", "pm_type": "公園" },
			"geometry": {
				"type": "Point",
				"coordinates": [121.560463,25.0030098]
			}
		},
		{
			"type": "Feature",
			"properties": { "pm_name": "萬芳9號公園", "pm_type": "公園" },
			"geometry": {
				"type": "Point",
				"coordinates": [121.5614777,25.00177956]
			}
		},
		{
			"type": "Feature",
			"properties": { "pm_name": "萬盛公園", "pm_type": "公園" },
			"geometry": {
				"type": "Point",
				"coordinates": [121.5410614,25.00514984]
			}
		},
		{
			"type": "Feature",
			"properties": { "pm_name": "萬壽1號公園", "pm_type": "公園" },
			"geometry": {
				"type": "Point",
				"coordinates": [121.5892181,24.98747063]
			}
		},
		{
			"type": "Feature",
			"properties": { "pm_name": "萬壽2號公園", "pm_type": "公園" },
			"geometry": {
				"type": "Point",
				"coordinates": [121.5895615,24.98736954]
			}
		},
		{
			"type": "Feature",
			"properties": { "pm_name": "萬壽3號公園", "pm_type": "公園" },
			"geometry": {
				"type": "Point",
				"coordinates": [121.5860825,24.98542023]
			}
		},
		{
			"type": "Feature",
			"properties": {
				"pm_name": "萬興櫻花生態景觀公園",
				"pm_type": "公園"
			},
			"geometry": {
				"type": "Point",
				"coordinates": [121.5731031,24.9915411]
			}
		},
		{
			"type": "Feature",
			"properties": { "pm_name": "試院公園", "pm_type": "公園" },
			"geometry": {
				"type": "Point",
				"coordinates": [121.5473175,24.98778915]
			}
		},
		{
			"type": "Feature",
			"properties": { "pm_name": "福興公園", "pm_type": "公園" },
			"geometry": {
				"type": "Point",
				"coordinates": [121.5481567,25.00399971]
			}
		},
		{
			"type": "Feature",
			"properties": { "pm_name": "樟林公園", "pm_type": "公園" },
			"geometry": {
				"type": "Point",
				"coordinates": [121.5592117,24.98464012]
			}
		},
		{
			"type": "Feature",
			"properties": { "pm_name": "樟新公園", "pm_type": "公園" },
			"geometry": {
				"type": "Point",
				"coordinates": [121.5569534,24.97919083]
			}
		},
		{
			"type": "Feature",
			"properties": { "pm_name": "樟樹公園", "pm_type": "公園" },
			"geometry": {
				"type": "Point",
				"coordinates": [121.559372,24.98271942]
			}
		},
		{
			"type": "Feature",
			"properties": { "pm_name": "樟興公園", "pm_type": "公園" },
			"geometry": {
				"type": "Point",
				"coordinates": [121.5541229,24.98067093]
			}
		},
		{
			"type": "Feature",
			"properties": { "pm_name": "興旺公園", "pm_type": "公園" },
			"geometry": {
				"type": "Point",
				"coordinates": [121.5504608,25.0058403]
			}
		},
		{
			"type": "Feature",
			"properties": { "pm_name": "興家公園", "pm_type": "公園" },
			"geometry": {
				"type": "Point",
				"coordinates": [121.5608215,24.99473]
			}
		},
		{
			"type": "Feature",
			"properties": { "pm_name": "興泰公園", "pm_type": "公園" },
			"geometry": {
				"type": "Point",
				"coordinates": [121.555481,25.00481033]
			}
		},
		{
			"type": "Feature",
			"properties": { "pm_name": "興隆公園", "pm_type": "公園" },
			"geometry": {
				"type": "Point",
				"coordinates": [121.5510864,25.00013924]
			}
		},
		{
			"type": "Feature",
			"properties": { "pm_name": "興福公園", "pm_type": "公園" },
			"geometry": {
				"type": "Point",
				"coordinates": [121.5459671,24.9971199]
			}
		},
		{
			"type": "Feature",
			"properties": { "pm_name": "興德綠色步道", "pm_type": "公園" },
			"geometry": {
				"type": "Point",
				"coordinates": [121.5595398,24.99477005]
			}
		},
		{
			"type": "Feature",
			"properties": { "pm_name": "興豐公園", "pm_type": "公園" },
			"geometry": {
				"type": "Point",
				"coordinates": [121.5512695,25.00019074]
			}
		},
		{
			"type": "Feature",
			"properties": { "pm_name": "文山50號綠地", "pm_type": "綠地" },
			"geometry": {
				"type": "Point",
				"coordinates": [121.5750885,24.99078941]
			}
		},
		{
			"type": "Feature",
			"properties": { "pm_name": "文山木柵60號綠地", "pm_type": "綠地" },
			"geometry": {
				"type": "Point",
				"coordinates": [121.583252,25.00042915]
			}
		},
		{
			"type": "Feature",
			"properties": { "pm_name": "木柵14號綠地", "pm_type": "綠地" },
			"geometry": {
				"type": "Point",
				"coordinates": [121.5515289,24.99163055]
			}
		},
		{
			"type": "Feature",
			"properties": {
				"pm_name": "木柵17號(秀明綠地)",
				"pm_type": "綠地"
			},
			"geometry": {
				"type": "Point",
				"coordinates": [121.5648117,24.98903084]
			}
		},
		{
			"type": "Feature",
			"properties": { "pm_name": "木柵49號綠地", "pm_type": "綠地" },
			"geometry": {
				"type": "Point",
				"coordinates": [121.5736694,24.99308014]
			}
		},
		{
			"type": "Feature",
			"properties": { "pm_name": "指南綠地", "pm_type": "綠地" },
			"geometry": {
				"type": "Point",
				"coordinates": [121.5796738,24.98300934]
			}
		},
		{
			"type": "Feature",
			"properties": { "pm_name": "軍功綠地", "pm_type": "綠地" },
			"geometry": {
				"type": "Point",
				"coordinates": [121.5726776,25.00127983]
			}
		},
		{
			"type": "Feature",
			"properties": { "pm_name": "清溪綠地", "pm_type": "綠地" },
			"geometry": {
				"type": "Point",
				"coordinates": [121.5805512,24.98506928]
			}
		},
		{
			"type": "Feature",
			"properties": { "pm_name": "景美29號綠地", "pm_type": "綠地" },
			"geometry": {
				"type": "Point",
				"coordinates": [121.5518189,24.99637032]
			}
		},
		{
			"type": "Feature",
			"properties": { "pm_name": "景美30號綠地", "pm_type": "綠地" },
			"geometry": {
				"type": "Point",
				"coordinates": [121.5551987,25.00074959]
			}
		},
		{
			"type": "Feature",
			"properties": { "pm_name": "景美32號綠地", "pm_type": "綠地" },
			"geometry": {
				"type": "Point",
				"coordinates": [121.5579605,25.00922012]
			}
		},
		{
			"type": "Feature",
			"properties": { "pm_name": "萬利綠地", "pm_type": "綠地" },
			"geometry": {
				"type": "Point",
				"coordinates": [121.5647507,25.00028992]
			}
		},
		{"type":"Feature","properties":{"pm_name":"訊塘社區公園(公兒十)","pm_type":"公園"},"geometry":{"type":"Point","coordinates":[121.3958997,25.14521265]}},{"type":"Feature","properties":{"pm_name":"南山公園 (公兒三)","pm_type":"公園"},"geometry":{"type":"Point","coordinates":[121.418603,25.15867556]}},{"type":"Feature","properties":{"pm_name":"北河公園(公兒二)","pm_type":"公園"},"geometry":{"type":"Point","coordinates":[121.4193859,25.16124835]}},{"type":"Feature","properties":{"pm_name":"舊城公園(公兒七)","pm_type":"公園"},"geometry":{"type":"Point","coordinates":[121.4015753,25.14792749]}},{"type":"Feature","properties":{"pm_name":"左岸公園","pm_type":"公園"},"geometry":{"type":"Point","coordinates":[121.4292648,25.16174758]}},{"type":"Feature","properties":{"pm_name":"龍源公園","pm_type":"公園"},"geometry":{"type":"Point","coordinates":[121.4505362,25.13068331]}},{"type":"Feature","properties":{"pm_name":"文昌公園(兒四)","pm_type":"公園"},"geometry":{"type":"Point","coordinates":[121.4105455,25.157195]}},{"type":"Feature","properties":{"pm_name":"狀元公園(兒五)","pm_type":"公園"},"geometry":{"type":"Point","coordinates":[121.4103232,25.15465446]}},{"type":"Feature","properties":{"pm_name":"片仔溝公園(兒六)","pm_type":"公園"},"geometry":{"type":"Point","coordinates":[121.4059531,25.15057272]}},{"type":"Feature","properties":{"pm_name":"商港路旁綠地(兒九)","pm_type":"公園"},"geometry":{"type":"Point","coordinates":[121.3964999,25.15003525]}},{"type":"Feature","properties":{"pm_name":"水仙公園(公六)","pm_type":"公園"},"geometry":{"type":"Point","coordinates":[121.3921539,25.14831099]}},{"type":"Feature","properties":{"pm_name":"商港公園(公七)","pm_type":"公園"},"geometry":{"type":"Point","coordinates":[121.3989666,25.15023875]}},{"type":"Feature","properties":{"pm_name":"訊庄埔公園(公八)","pm_type":"公園"},"geometry":{"type":"Point","coordinates":[121.3920646,25.14280794]}},{"type":"Feature","properties":{"pm_name":"八里區行政大樓(公博二)","pm_type":"公園"},"geometry":{"type":"Point","coordinates":[121.4065043,25.15381887]}},{"type":"Feature","properties":{"pm_name":"頂罟活動中心綠地(公博三)","pm_type":"公園"},"geometry":{"type":"Point","coordinates":[121.407045,25.15342418]}},{"type":"Feature","properties":{"pm_name":"訊塘廣場(廣場用地)","pm_type":"公園"},"geometry":{"type":"Point","coordinates":[121.3956633,25.14369129]}},{"type":"Feature","properties":{"pm_name":"商港一路綠地(兒九)","pm_type":"公園"},"geometry":{"type":"Point","coordinates":[121.3971428,25.14790606]}},{"type":"Feature","properties":{"pm_name":"渡船頭公園","pm_type":"公園"},"geometry":{"type":"Point","coordinates":[121.4340054,25.15773421]}},{"type":"Feature","properties":{"pm_name":"公博一公園","pm_type":"公園"},"geometry":{"type":"Point","coordinates":[121.4039772,25.15555885]}},{"type":"Feature","properties":{"pm_name":"新北考古公園(公五)","pm_type":"公園"},"geometry":{"type":"Point","coordinates":[121.4039133,25.15675543]}},{"type":"Feature","properties":{"pm_name":"兒三公園","pm_type":"公園"},"geometry":{"type":"Point","coordinates":[121.5047697,25.25991504]}},{"type":"Feature","properties":{"pm_name":"永康公園","pm_type":"公園"},"geometry":{"type":"Point","coordinates":[121.4583611,25.08478521]}},{"type":"Feature","properties":{"pm_name":"兒一公園","pm_type":"公園"},"geometry":{"type":"Point","coordinates":[121.4995634,25.25753097]}},{"type":"Feature","properties":{"pm_name":"慈生公園(遊五)","pm_type":"公園"},"geometry":{"type":"Point","coordinates":[121.4844134,25.07989133]}},{"type":"Feature","properties":{"pm_name":"慈祐公園(遊四)","pm_type":"公園"},"geometry":{"type":"Point","coordinates":[121.4912413,25.08168165]}},{"type":"Feature","properties":{"pm_name":"慈化公園(遊三)","pm_type":"公園"},"geometry":{"type":"Point","coordinates":[121.4885196,25.08477743]}},{"type":"Feature","properties":{"pm_name":"永盛公園(公十八)","pm_type":"公園"},"geometry":{"type":"Point","coordinates":[121.4844268,25.07601943]}},{"type":"Feature","properties":{"pm_name":"永豐公園(遊八)","pm_type":"公園"},"geometry":{"type":"Point","coordinates":[121.4790095,25.07478712]}},{"type":"Feature","properties":{"pm_name":"五華公園(遊一)","pm_type":"公園"},"geometry":{"type":"Point","coordinates":[121.4935299,25.08420633]}},{"type":"Feature","properties":{"pm_name":"五常公園(遊二)","pm_type":"公園"},"geometry":{"type":"Point","coordinates":[121.4960464,25.08116491]}}
	]
}
