{
  "type": "FeatureCollection",
  "features": [
    {
      "type": "Feature",
      "geometry": {
        "type": "Polygon",
        "coordinates": [
          [
            [
              121.57142823302664,
              25.074308241567724
            ],
            [
              121.56911961269205,
              25.076186024780466
            ],
            [
              121.56322526290161,
              25.0725614664861
            ],
            [
              121.5526645528604,
              25.075618322878938
            ],
            [
              121.54878410591503,
              25.071076707666723
            ],
            [
              121.5387145916897,
              25.071295054551925
            ],
            [
              121.54431422399063,
              25.06697178622491
            ],
            [
              121.54382302817476,
              25.044918750819434
            ],
            [
              121.54406862608269,
              25.044918750819434
            ],
            [
              121.54490365896966,
              25.045049758950558
            ],
            [
              121.54726139888584,
              25.045137097704636
            ],
            [
              121.55015945419947,
              25.044787742688314
            ],
            [
              121.55114184583121,
              25.044700403934232
            ],
            [
              121.55236983537088,
              25.044569395803112
            ],
            [
              121.55300838993152,
              25.04448205704903
            ],
            [
              121.5541872598896,
              25.04443838767199
            ],
            [
              121.55472757528706,
              25.04452572642607
            ],
            [
              121.55551348859245,
              25.04474407331127
            ],
            [
              121.55738003269276,
              25.045137097704636
            ],
            [
              121.55767475018229,
              25.045224436458717
            ],
            [
              121.56926697143682,
              25.049242019146448
            ],
            [
              121.58007327938596,
              25.049460366031653
            ],
            [
              121.5799259206412,
              25.052910246817856
            ],
            [
              121.57300005963742,
              25.05173117363776
            ],
            [
              121.56956168892634,
              25.063216219799425
            ],
            [
              121.57216502675045,
              25.071469732060088
            ],
            [
              121.57142823302664,
              25.074308241567724
            ]
          ]
        ]
      },
      "properties": {
        "id": "63000010",
        "name": "松山區",
        "city": "臺北市",
        "quarter": "1131",
        "age_under_1y": 274,
        "age_1_5y": 726,
        "age_5_10y": 1342,
        "age_10_15y": 1992,
        "age_15_20y": 2854,
        "age_20_25y": 2371,
        "age_25_30y": 2691,
        "age_30_40y": 15855,
        "age_40_50y": 25235,
        "age_over_50y": 12589,
        "total": 65929,
        "old_building_count": 53679
      }
    },
    {
      "type": "Feature",
      "geometry": {
        "type": "Polygon",
        "coordinates": [
          [
            [
              121.58007327938596,
              25.049460366031653
            ],
            [
              121.56926697143682,
              25.049242019146448
            ],
            [
              121.55767475018229,
              25.045224436458717
            ],
            [
              121.55767475018229,
              25.044962420196477
            ],
            [
              121.55767475018229,
              25.04373967763934
            ],
            [
              121.5576256306007,
              25.042560604459247
            ],
            [
              121.5575765110191,
              25.04059548249242
            ],
            [
              121.5575765110191,
              25.039416409312327
            ],
            [
              121.55752739143752,
              25.037538626099582
            ],
            [
              121.55747827185594,
              25.036272214165407
            ],
            [
              121.55747827185594,
              25.036053867280202
            ],
            [
              121.55747827185594,
              25.03504947160827
            ],
            [
              121.55742915227435,
              25.034263422821542
            ],
            [
              121.55742915227435,
              25.033695720920015
            ],
            [
              121.55742915227435,
              25.033084349641445
            ],
            [
              121.55738003269276,
              25.031337574559824
            ],
            [
              121.55738003269276,
              25.03028950951085
            ],
            [
              121.55738003269276,
              25.029372452593
            ],
            [
              121.55723267394801,
              25.029154105707796
            ],
            [
              121.55698707604007,
              25.028717411937393
            ],
            [
              121.55659411938737,
              25.028106040658823
            ],
            [
              121.55639764106103,
              25.027844024396583
            ],
            [
              121.55595556482675,
              25.027407330626176
            ],
            [
              121.55575908650039,
              25.027276322495055
            ],
            [
              121.55477669486865,
              25.026359265577202
            ],
            [
              121.55369606407373,
              25.02539853928231
            ],
            [
              121.55295927034993,
              25.024699829249663
            ],
            [
              121.55389254240009,
              25.023215070430282
            ],
            [
              121.55639764106103,
              25.02085692407009
            ],
            [
              121.55674147813212,
              25.02055123843081
            ],
            [
              121.5575765110191,
              25.01976518964408
            ],
            [
              121.55821506557974,
              25.019153818365513
            ],
            [
              121.55846066348768,
              25.018935471480308
            ],
            [
              121.55900097888514,
              25.018411438955823
            ],
            [
              121.55934481595624,
              25.01810575331654
            ],
            [
              121.55993425093529,
              25.01745071266093
            ],
            [
              121.5602780880064,
              25.016970349513485
            ],
            [
              121.56052368591433,
              25.016315308857877
            ],
            [
              121.56150607754607,
              25.015267243808903
            ],
            [
              121.56204639294353,
              25.014743211284415
            ],
            [
              121.56224287126987,
              25.014481195022174
            ],
            [
              121.56283230624892,
              25.013607807481364
            ],
            [
              121.56342174122797,
              25.013171113710957
            ],
            [
              121.56342174122797,
              25.012166718039026
            ],
            [
              121.56342174122797,
              25.0118173630227
            ],
            [
              121.56347086080955,
              25.011555346760456
            ],
            [
              121.56356909997272,
              25.011336999875255
            ],
            [
              121.56504268742033,
              25.01015792669516
            ],
            [
              121.56528828532826,
              25.009983249186998
            ],
            [
              121.56568124198097,
              25.008847845383944
            ],
            [
              121.5659268398889,
              25.008105465974253
            ],
            [
              121.56597595947049,
              25.008149135351292
            ],
            [
              121.5666636336127,
              25.008323812859455
            ],
            [
              121.56715482942857,
              25.008498490367618
            ],
            [
              121.56759690566285,
              25.0088041760069
            ],
            [
              121.56774426440762,
              25.008847845383944
            ],
            [
              121.56828457980508,
              25.009066192269145
            ],
            [
              121.56853017771301,
              25.009240869777308
            ],
            [
              121.56902137352888,
              25.009590224793634
            ],
            [
              121.56936521059998,
              25.009764902301793
            ],
            [
              121.56990552599744,
              25.010594620465564
            ],
            [
              121.57000376516062,
              25.010681959219646
            ],
            [
              121.57098615679236,
              25.011118652990053
            ],
            [
              121.57123175470029,
              25.011293330498212
            ],
            [
              121.5715755917714,
              25.011555346760456
            ],
            [
              121.57187030926093,
              25.011904701776782
            ],
            [
              121.5719685484241,
              25.012341395547185
            ],
            [
              121.5719685484241,
              25.01255974243239
            ],
            [
              121.57201766800569,
              25.012778089317592
            ],
            [
              121.5723615050768,
              25.01356413810432
            ],
            [
              121.57304917921901,
              25.01325845246504
            ],
            [
              121.57324565754536,
              25.013214783087996
            ],
            [
              121.57452276666662,
              25.013171113710957
            ],
            [
              121.5753577995536,
              25.01338946059616
            ],
            [
              121.5757507562063,
              25.013826154366566
            ],
            [
              121.576143712859,
              25.01421917875993
            ],
            [
              121.57634019118534,
              25.01421917875993
            ],
            [
              121.5768805065828,
              25.01408817062881
            ],
            [
              121.5772734632355,
              25.013957162497686
            ],
            [
              121.5780102569593,
              25.013869823743605
            ],
            [
              121.58360988926022,
              25.018848132726227
            ],
            [
              121.58523083545259,
              25.024306804856298
            ],
            [
              121.59205845729318,
              25.031293905182785
            ],
            [
              121.5867044229002,
              25.041512539410274
            ],
            [
              121.58076095352817,
              25.04526810583576
            ],
            [
              121.58007327938596,
              25.049460366031653
            ]
          ]
        ]
      },
      "properties": {
        "id": "63000020",
        "name": "信義區",
        "city": "臺北市",
        "quarter": "1131",
        "age_under_1y": 931,
        "age_1_5y": 849,
        "age_5_10y": 1037,
        "age_10_15y": 1955,
        "age_15_20y": 3696,
        "age_20_25y": 2416,
        "age_25_30y": 4574,
        "age_30_40y": 20478,
        "age_40_50y": 27085,
        "age_over_50y": 13594,
        "total": 76615,
        "old_building_count": 61157
      }
    },
    {
      "type": "Feature",
      "geometry": {
        "type": "Polygon",
        "coordinates": [
          [
            [
              121.54406862608269,
              25.044918750819434
            ],
            [
              121.54298799528777,
              25.044787742688314
            ],
            [
              121.5421038428192,
              25.044700403934232
            ],
            [
              121.54102321202429,
              25.04465673455719
            ],
            [
              121.54053201620842,
              25.04465673455719
            ],
            [
              121.53812515671066,
              25.044700403934232
            ],
            [
              121.53655333009988,
              25.04474407331127
            ],
            [
              121.53517798181544,
              25.044962420196477
            ],
            [
              121.53468678599957,
              25.045049758950558
            ],
            [
              121.53321319855196,
              25.04539911396688
            ],
            [
              121.53291848106244,
              25.044132702032705
            ],
            [
              121.53282024189926,
              25.04129419252507
            ],
            [
              121.5326728831545,
              25.033695720920015
            ],
            [
              121.5326728831545,
              25.033652051542973
            ],
            [
              121.53247640482816,
              25.033652051542973
            ],
            [
              121.52967658867769,
              25.033826729051135
            ],
            [
              121.52491198926376,
              25.035267818493473
            ],
            [
              121.52427343470312,
              25.035355157247555
            ],
            [
              121.52279984725551,
              25.032822333379205
            ],
            [
              121.52235777102123,
              25.031555921445026
            ],
            [
              121.52206305353171,
              25.029852815740448
            ],
            [
              121.5224560101844,
              25.02705797560985
            ],
            [
              121.52250512976599,
              25.02701430623281
            ],
            [
              121.52564878298756,
              25.022909384791
            ],
            [
              121.5262873375482,
              25.022341682889472
            ],
            [
              121.5266311746193,
              25.02203599725019
            ],
            [
              121.5284977187196,
              25.020376560922646
            ],
            [
              121.52923451244341,
              25.019677850889998
            ],
            [
              121.52987306700405,
              25.019066479611432
            ],
            [
              121.53021690407515,
              25.018717124595106
            ],
            [
              121.53164137194118,
              25.01736337390685
            ],
            [
              121.53223080692023,
              25.01675200262828
            ],
            [
              121.53311495938878,
              25.015922284464512
            ],
            [
              121.53390087269418,
              25.015179905054822
            ],
            [
              121.53429382934688,
              25.014786880661458
            ],
            [
              121.53586565595765,
              25.01325845246504
            ],
            [
              121.53689716717098,
              25.011555346760456
            ],
            [
              121.53704452591575,
              25.011249661121173
            ],
            [
              121.53783043922114,
              25.00854215974466
            ],
            [
              121.54495277855125,
              25.008018127220172
            ],
            [
              121.55349958574739,
              25.009240869777308
            ],
            [
              121.55850978306927,
              25.011904701776782
            ],
            [
              121.56307790415686,
              25.008018127220172
            ],
            [
              121.5659268398889,
              25.008105465974253
            ],
            [
              121.56568124198097,
              25.008847845383944
            ],
            [
              121.56528828532826,
              25.009983249186998
            ],
            [
              121.56504268742033,
              25.01015792669516
            ],
            [
              121.56356909997272,
              25.011336999875255
            ],
            [
              121.56347086080955,
              25.011555346760456
            ],
            [
              121.56342174122797,
              25.0118173630227
            ],
            [
              121.56342174122797,
              25.012166718039026
            ],
            [
              121.56342174122797,
              25.013171113710957
            ],
            [
              121.56283230624892,
              25.013607807481364
            ],
            [
              121.56224287126987,
              25.014481195022174
            ],
            [
              121.56204639294353,
              25.014743211284415
            ],
            [
              121.56150607754607,
              25.015267243808903
            ],
            [
              121.56052368591433,
              25.016315308857877
            ],
            [
              121.5602780880064,
              25.016970349513485
            ],
            [
              121.55993425093529,
              25.01745071266093
            ],
            [
              121.55934481595624,
              25.01810575331654
            ],
            [
              121.55900097888514,
              25.018411438955823
            ],
            [
              121.55846066348768,
              25.018935471480308
            ],
            [
              121.55821506557974,
              25.019153818365513
            ],
            [
              121.5575765110191,
              25.01976518964408
            ],
            [
              121.55674147813212,
              25.02055123843081
            ],
            [
              121.55639764106103,
              25.02085692407009
            ],
            [
              121.55389254240009,
              25.023215070430282
            ],
            [
              121.55295927034993,
              25.024699829249663
            ],
            [
              121.55369606407373,
              25.02539853928231
            ],
            [
              121.55477669486865,
              25.026359265577202
            ],
            [
              121.55575908650039,
              25.027276322495055
            ],
            [
              121.55595556482675,
              25.027407330626176
            ],
            [
              121.55639764106103,
              25.027844024396583
            ],
            [
              121.55659411938737,
              25.028106040658823
            ],
            [
              121.55698707604007,
              25.028717411937393
            ],
            [
              121.55723267394801,
              25.029154105707796
            ],
            [
              121.55738003269276,
              25.029372452593
            ],
            [
              121.55738003269276,
              25.03028950951085
            ],
            [
              121.55738003269276,
              25.031337574559824
            ],
            [
              121.55742915227435,
              25.033084349641445
            ],
            [
              121.55742915227435,
              25.033695720920015
            ],
            [
              121.55742915227435,
              25.034263422821542
            ],
            [
              121.55747827185594,
              25.03504947160827
            ],
            [
              121.55747827185594,
              25.036053867280202
            ],
            [
              121.55747827185594,
              25.036272214165407
            ],
            [
              121.55752739143752,
              25.037538626099582
            ],
            [
              121.5575765110191,
              25.039416409312327
            ],
            [
              121.5575765110191,
              25.04059548249242
            ],
            [
              121.5576256306007,
              25.042560604459247
            ],
            [
              121.55767475018229,
              25.04373967763934
            ],
            [
              121.55767475018229,
              25.044962420196477
            ],
            [
              121.55767475018229,
              25.045224436458717
            ],
            [
              121.55738003269276,
              25.045137097704636
            ],
            [
              121.55551348859245,
              25.04474407331127
            ],
            [
              121.55472757528706,
              25.04452572642607
            ],
            [
              121.5541872598896,
              25.04443838767199
            ],
            [
              121.55300838993152,
              25.04448205704903
            ],
            [
              121.55236983537088,
              25.044569395803112
            ],
            [
              121.55114184583121,
              25.044700403934232
            ],
            [
              121.55015945419947,
              25.044787742688314
            ],
            [
              121.54726139888584,
              25.045137097704636
            ],
            [
              121.54490365896966,
              25.045049758950558
            ],
            [
              121.54406862608269,
              25.044918750819434
            ]
          ]
        ]
      },
      "properties": {
        "id": "63000030",
        "name": "大安區",
        "city": "臺北市",
        "quarter": "1131",
        "age_under_1y": 549,
        "age_1_5y": 1455,
        "age_5_10y": 1405,
        "age_10_15y": 3243,
        "age_15_20y": 3737,
        "age_20_25y": 2602,
        "age_25_30y": 3188,
        "age_30_40y": 26768,
        "age_40_50y": 37975,
        "age_over_50y": 16807,
        "total": 97729,
        "old_building_count": 81550
      }
    },
    {
      "type": "Feature",
      "geometry": {
        "type": "Polygon",
        "coordinates": [
          [
            [
              121.55217335704454,
              25.09238736366251
            ],
            [
              121.54500189813284,
              25.090378572318645
            ],
            [
              121.53832163503701,
              25.09164498425282
            ],
            [
              121.52427343470312,
              25.080858648123804
            ],
            [
              121.52250512976599,
              25.07710308169832
            ],
            [
              121.52044210733933,
              25.073129168387627
            ],
            [
              121.51896851989173,
              25.064657309241763
            ],
            [
              121.52049122692092,
              25.060028355275463
            ],
            [
              121.5201965094314,
              25.051119802359192
            ],
            [
              121.5186738024022,
              25.048368631605637
            ],
            [
              121.53291848106244,
              25.04548645272096
            ],
            [
              121.53321319855196,
              25.04539911396688
            ],
            [
              121.53468678599957,
              25.045049758950558
            ],
            [
              121.53517798181544,
              25.044962420196477
            ],
            [
              121.53655333009988,
              25.04474407331127
            ],
            [
              121.53812515671066,
              25.044700403934232
            ],
            [
              121.54053201620842,
              25.04465673455719
            ],
            [
              121.54102321202429,
              25.04465673455719
            ],
            [
              121.5421038428192,
              25.044700403934232
            ],
            [
              121.54298799528777,
              25.044787742688314
            ],
            [
              121.54382302817476,
              25.044918750819434
            ],
            [
              121.54431422399063,
              25.06697178622491
            ],
            [
              121.5387145916897,
              25.071295054551925
            ],
            [
              121.54878410591503,
              25.071076707666723
            ],
            [
              121.5526645528604,
              25.075618322878938
            ],
            [
              121.56322526290161,
              25.0725614664861
            ],
            [
              121.56911961269205,
              25.076186024780466
            ],
            [
              121.57142823302664,
              25.074308241567724
            ],
            [
              121.57039672181331,
              25.077059412321276
            ],
            [
              121.56499356783874,
              25.078500501763617
            ],
            [
              121.56111312089337,
              25.084308528910007
            ],
            [
              121.5534504661658,
              25.089810870417118
            ],
            [
              121.55217335704454,
              25.09238736366251
            ]
          ]
        ]
      },
      "properties": {
        "id": "63000040",
        "name": "中山區",
        "city": "臺北市",
        "quarter": "1131",
        "age_under_1y": 664,
        "age_1_5y": 1789,
        "age_5_10y": 3159,
        "age_10_15y": 5716,
        "age_15_20y": 7175,
        "age_20_25y": 6235,
        "age_25_30y": 6309,
        "age_30_40y": 18734,
        "age_40_50y": 30893,
        "age_over_50y": 15835,
        "total": 96509,
        "old_building_count": 65462
      }
    },
    {
      "type": "Feature",
      "geometry": {
        "type": "Polygon",
        "coordinates": [
          [
            [
              121.5186738024022,
              25.048368631605637
            ],
            [
              121.51066731060352,
              25.048324962228598
            ],
            [
              121.5096357993902,
              25.047320566556664
            ],
            [
              121.50418352583404,
              25.029896485117487
            ],
            [
              121.51238649595906,
              25.021730311610906
            ],
            [
              121.52112978148156,
              25.01810575331654
            ],
            [
              121.52574702215074,
              25.01186103239974
            ],
            [
              121.53183785026752,
              25.00867316787578
            ],
            [
              121.5319360894307,
              25.00871683725282
            ],
            [
              121.53218168733864,
              25.008891514760982
            ],
            [
              121.53252552440973,
              25.009066192269145
            ],
            [
              121.5334587964599,
              25.009590224793634
            ],
            [
              121.53390087269418,
              25.009852241055874
            ],
            [
              121.5341955901837,
              25.010026918564037
            ],
            [
              121.5349323839075,
              25.010507281711483
            ],
            [
              121.53527622097862,
              25.010725628596685
            ],
            [
              121.53586565595765,
              25.01103131423597
            ],
            [
              121.53625861261035,
              25.011118652990053
            ],
            [
              121.53665156926304,
              25.01120599174413
            ],
            [
              121.53689716717098,
              25.011555346760456
            ],
            [
              121.53586565595765,
              25.01325845246504
            ],
            [
              121.53429382934688,
              25.014786880661458
            ],
            [
              121.53390087269418,
              25.015179905054822
            ],
            [
              121.53311495938878,
              25.015922284464512
            ],
            [
              121.53223080692023,
              25.01675200262828
            ],
            [
              121.53164137194118,
              25.01736337390685
            ],
            [
              121.53021690407515,
              25.018717124595106
            ],
            [
              121.52987306700405,
              25.019066479611432
            ],
            [
              121.52923451244341,
              25.019677850889998
            ],
            [
              121.5284977187196,
              25.020376560922646
            ],
            [
              121.5266311746193,
              25.02203599725019
            ],
            [
              121.5262873375482,
              25.022341682889472
            ],
            [
              121.52564878298756,
              25.022909384791
            ],
            [
              121.52250512976599,
              25.02701430623281
            ],
            [
              121.5224560101844,
              25.02705797560985
            ],
            [
              121.52206305353171,
              25.029852815740448
            ],
            [
              121.52235777102123,
              25.031555921445026
            ],
            [
              121.52279984725551,
              25.032822333379205
            ],
            [
              121.52427343470312,
              25.035355157247555
            ],
            [
              121.52491198926376,
              25.035267818493473
            ],
            [
              121.52967658867769,
              25.033826729051135
            ],
            [
              121.53247640482816,
              25.033652051542973
            ],
            [
              121.5326728831545,
              25.033652051542973
            ],
            [
              121.5326728831545,
              25.033695720920015
            ],
            [
              121.53282024189926,
              25.04129419252507
            ],
            [
              121.53291848106244,
              25.044132702032705
            ],
            [
              121.53291848106244,
              25.04548645272096
            ],
            [
              121.5186738024022,
              25.048368631605637
            ]
          ]
        ]
      },
      "properties": {
        "id": "63000050",
        "name": "中正區",
        "city": "臺北市",
        "quarter": "1131",
        "age_under_1y": 443,
        "age_1_5y": 1776,
        "age_5_10y": 1751,
        "age_10_15y": 2511,
        "age_15_20y": 3946,
        "age_20_25y": 2179,
        "age_25_30y": 2155,
        "age_30_40y": 9472,
        "age_40_50y": 16321,
        "age_over_50y": 11970,
        "total": 52524,
        "old_building_count": 37763
      }
    },
    {
      "type": "Feature",
      "geometry": {
        "type": "Polygon",
        "coordinates": [
          [
            [
              121.52250512976599,
              25.07710308169832
            ],
            [
              121.51621782332286,
              25.08024727684524
            ],
            [
              121.5046747216499,
              25.07810747737025
            ],
            [
              121.50703246156608,
              25.06989763448663
            ],
            [
              121.50560799370007,
              25.060770734685153
            ],
            [
              121.5061974286791,
              25.053652626227546
            ],
            [
              121.50462560206833,
              25.049766051670936
            ],
            [
              121.51066731060352,
              25.048324962228598
            ],
            [
              121.5186738024022,
              25.048368631605637
            ],
            [
              121.5201965094314,
              25.051119802359192
            ],
            [
              121.52049122692092,
              25.060028355275463
            ],
            [
              121.51896851989173,
              25.064657309241763
            ],
            [
              121.52044210733933,
              25.073129168387627
            ],
            [
              121.52250512976599,
              25.07710308169832
            ]
          ]
        ]
      },
      "properties": {
        "id": "63000060",
        "name": "大同區",
        "city": "臺北市",
        "quarter": "1131",
        "age_under_1y": 773,
        "age_1_5y": 2613,
        "age_5_10y": 1283,
        "age_10_15y": 3517,
        "age_15_20y": 1978,
        "age_20_25y": 1406,
        "age_25_30y": 2415,
        "age_30_40y": 6406,
        "age_40_50y": 13207,
        "age_over_50y": 12552,
        "total": 46150,
        "old_building_count": 32165
      }
    },
    {
      "type": "Feature",
      "geometry": {
        "type": "Polygon",
        "coordinates": [
          [
            [
              121.51066731060352,
              25.048324962228598
            ],
            [
              121.50462560206833,
              25.049766051670936
            ],
            [
              121.50133459010199,
              25.045966815868407
            ],
            [
              121.4956367186379,
              25.04295362885261
            ],
            [
              121.48880909679731,
              25.042560604459247
            ],
            [
              121.48365154073068,
              25.035311487870516
            ],
            [
              121.48880909679731,
              25.023346078561403
            ],
            [
              121.48875997721572,
              25.015310913185942
            ],
            [
              121.4926404241611,
              25.00954655541659
            ],
            [
              121.50025395930709,
              25.01194837115382
            ],
            [
              121.50614830909753,
              25.018804463349188
            ],
            [
              121.51238649595906,
              25.021730311610906
            ],
            [
              121.50418352583404,
              25.029896485117487
            ],
            [
              121.5096357993902,
              25.047320566556664
            ],
            [
              121.51066731060352,
              25.048324962228598
            ]
          ]
        ]
      },
      "properties": {
        "id": "63000070",
        "name": "萬華區",
        "city": "臺北市",
        "quarter": "1131",
        "age_under_1y": 1004,
        "age_1_5y": 1382,
        "age_5_10y": 2702,
        "age_10_15y": 2256,
        "age_15_20y": 2377,
        "age_20_25y": 1974,
        "age_25_30y": 2416,
        "age_30_40y": 11300,
        "age_40_50y": 26308,
        "age_over_50y": 18359,
        "total": 70078,
        "old_building_count": 55967
      }
    },
    {
      "type": "Feature",
      "geometry": {
        "type": "Polygon",
        "coordinates": [
          [
            [
              121.5972651329414,
              25.014393856268093
            ],
            [
              121.59613538256491,
              25.01496155816962
            ],
            [
              121.59588978465698,
              25.01509256630074
            ],
            [
              121.5957915454938,
              25.015223574431865
            ],
            [
              121.59544770842268,
              25.015485590694105
            ],
            [
              121.59525123009634,
              25.015529260071148
            ],
            [
              121.59407236013826,
              25.015136235677783
            ],
            [
              121.59367940348555,
              25.014699541907376
            ],
            [
              121.59318820766968,
              25.014524864399213
            ],
            [
              121.59220581603795,
              25.014743211284415
            ],
            [
              121.59151814189573,
              25.014699541907376
            ],
            [
              121.59141990273255,
              25.014481195022174
            ],
            [
              121.5912725439878,
              25.01426284813697
            ],
            [
              121.58989719570336,
              25.013869823743605
            ],
            [
              121.58965159779542,
              25.013826154366566
            ],
            [
              121.58866920616369,
              25.013695146235445
            ],
            [
              121.58793241243987,
              25.0134331299732
            ],
            [
              121.5878341732767,
              25.01338946059616
            ],
            [
              121.58655706415544,
              25.01338946059616
            ],
            [
              121.5855746725237,
              25.01334579121912
            ],
            [
              121.58508347670784,
              25.013127444333918
            ],
            [
              121.58395372633133,
              25.013083774956876
            ],
            [
              121.58208718223102,
              25.01247240367831
            ],
            [
              121.58174334515991,
              25.01247240367831
            ],
            [
              121.58110479059928,
              25.01247240367831
            ],
            [
              121.58090831227294,
              25.012428734301267
            ],
            [
              121.58076095352817,
              25.012297726170146
            ],
            [
              121.58046623603865,
              25.012210387416065
            ],
            [
              121.58036799687548,
              25.012254056793104
            ],
            [
              121.5802697577123,
              25.012341395547185
            ],
            [
              121.57997504022278,
              25.01247240367831
            ],
            [
              121.57923824649897,
              25.013040105579837
            ],
            [
              121.5787961702647,
              25.01334579121912
            ],
            [
              121.57864881151993,
              25.01347679935024
            ],
            [
              121.5780102569593,
              25.013869823743605
            ],
            [
              121.5772734632355,
              25.013957162497686
            ],
            [
              121.5768805065828,
              25.01408817062881
            ],
            [
              121.57634019118534,
              25.01421917875993
            ],
            [
              121.576143712859,
              25.01421917875993
            ],
            [
              121.5757507562063,
              25.013826154366566
            ],
            [
              121.5753577995536,
              25.01338946059616
            ],
            [
              121.57452276666662,
              25.013171113710957
            ],
            [
              121.57324565754536,
              25.013214783087996
            ],
            [
              121.57304917921901,
              25.01325845246504
            ],
            [
              121.5723615050768,
              25.01356413810432
            ],
            [
              121.57201766800569,
              25.012778089317592
            ],
            [
              121.5719685484241,
              25.01255974243239
            ],
            [
              121.5719685484241,
              25.012341395547185
            ],
            [
              121.57187030926093,
              25.011904701776782
            ],
            [
              121.5715755917714,
              25.011555346760456
            ],
            [
              121.57123175470029,
              25.011293330498212
            ],
            [
              121.57098615679236,
              25.011118652990053
            ],
            [
              121.57000376516062,
              25.010681959219646
            ],
            [
              121.56990552599744,
              25.010594620465564
            ],
            [
              121.56936521059998,
              25.009764902301793
            ],
            [
              121.56902137352888,
              25.009590224793634
            ],
            [
              121.56853017771301,
              25.009240869777308
            ],
            [
              121.56828457980508,
              25.009066192269145
            ],
            [
              121.56774426440762,
              25.008847845383944
            ],
            [
              121.56759690566285,
              25.0088041760069
            ],
            [
              121.56715482942857,
              25.008498490367618
            ],
            [
              121.5666636336127,
              25.008323812859455
            ],
            [
              121.56597595947049,
              25.008149135351292
            ],
            [
              121.5659268398889,
              25.008105465974253
            ],
            [
              121.56307790415686,
              25.008018127220172
            ],
            [
              121.55850978306927,
              25.011904701776782
            ],
            [
              121.55349958574739,
              25.009240869777308
            ],
            [
              121.54495277855125,
              25.008018127220172
            ],
            [
              121.53783043922114,
              25.00854215974466
            ],
            [
              121.53704452591575,
              25.011249661121173
            ],
            [
              121.53665156926304,
              25.01120599174413
            ],
            [
              121.53625861261035,
              25.011118652990053
            ],
            [
              121.53586565595765,
              25.01103131423597
            ],
            [
              121.53527622097862,
              25.010725628596685
            ],
            [
              121.5349323839075,
              25.010507281711483
            ],
            [
              121.5341955901837,
              25.010026918564037
            ],
            [
              121.53390087269418,
              25.009852241055874
            ],
            [
              121.5334587964599,
              25.009590224793634
            ],
            [
              121.53252552440973,
              25.009066192269145
            ],
            [
              121.53218168733864,
              25.008891514760982
            ],
            [
              121.5319360894307,
              25.00871683725282
            ],
            [
              121.53183785026752,
              25.00867316787578
            ],
            [
              121.53385175311259,
              25.003607520139077
            ],
            [
              121.53051162156467,
              24.998017839877885
            ],
            [
              121.53164137194118,
              24.994742636599845
            ],
            [
              121.53625861261035,
              24.994087595944237
            ],
            [
              121.5368480475894,
              24.98871626256825
            ],
            [
              121.54387214775633,
              24.988279568797847
            ],
            [
              121.54485453938808,
              24.98378162296267
            ],
            [
              121.55389254240009,
              24.984349324864194
            ],
            [
              121.55305750951311,
              24.98076843594687
            ],
            [
              121.56121136005655,
              24.96469810519595
            ],
            [
              121.57295094005585,
              24.964130403294423
            ],
            [
              121.57864881151993,
              24.966575888408695
            ],
            [
              121.58572203126846,
              24.96321334637657
            ],
            [
              121.59338468599603,
              24.964217742048504
            ],
            [
              121.59706865461506,
              24.960505845000057
            ],
            [
              121.60846439754324,
              24.96321334637657
            ],
            [
              121.61367107319147,
              24.96644488027757
            ],
            [
              121.6196145425635,
              24.96714359031022
            ],
            [
              121.6191724663292,
              24.970593471096425
            ],
            [
              121.6112642136937,
              24.974611053784155
            ],
            [
              121.60512426599533,
              24.974436376275992
            ],
            [
              121.60016318825504,
              24.976925530767303
            ],
            [
              121.59986847076551,
              24.986489124339183
            ],
            [
              121.60188237361058,
              24.99046303764987
            ],
            [
              121.59814928540997,
              24.9944806203376
            ],
            [
              121.60055614490774,
              25.0007253412544
            ],
            [
              121.59564418674904,
              25.00714473967936
            ],
            [
              121.5972651329414,
              25.014393856268093
            ]
          ]
        ]
      },
      "properties": {
        "id": "63000080",
        "name": "文山區",
        "city": "臺北市",
        "quarter": "1131",
        "age_under_1y": 1116,
        "age_1_5y": 1877,
        "age_5_10y": 4300,
        "age_10_15y": 5510,
        "age_15_20y": 5142,
        "age_20_25y": 5945,
        "age_25_30y": 14927,
        "age_30_40y": 15608,
        "age_40_50y": 30367,
        "age_over_50y": 8954,
        "total": 93746,
        "old_building_count": 54929
      }
    },
    {
      "type": "Feature",
      "geometry": {
        "type": "Polygon",
        "coordinates": [
          [
            [
              121.61612705227081,
              25.063914929832073
            ],
            [
              121.61268868155972,
              25.064307954225438
            ],
            [
              121.60802232130897,
              25.059941016521382
            ],
            [
              121.59623362172808,
              25.058499927079044
            ],
            [
              121.59250053352747,
              25.0596353308821
            ],
            [
              121.58798153202146,
              25.055486740063248
            ],
            [
              121.5799259206412,
              25.052910246817856
            ],
            [
              121.58007327938596,
              25.049460366031653
            ],
            [
              121.58076095352817,
              25.04526810583576
            ],
            [
              121.5867044229002,
              25.041512539410274
            ],
            [
              121.59205845729318,
              25.031293905182785
            ],
            [
              121.58523083545259,
              25.024306804856298
            ],
            [
              121.58360988926022,
              25.018848132726227
            ],
            [
              121.5780102569593,
              25.013869823743605
            ],
            [
              121.57864881151993,
              25.01347679935024
            ],
            [
              121.5787961702647,
              25.01334579121912
            ],
            [
              121.57923824649897,
              25.013040105579837
            ],
            [
              121.57997504022278,
              25.01247240367831
            ],
            [
              121.5802697577123,
              25.012341395547185
            ],
            [
              121.58036799687548,
              25.012254056793104
            ],
            [
              121.58046623603865,
              25.012210387416065
            ],
            [
              121.58076095352817,
              25.012297726170146
            ],
            [
              121.58090831227294,
              25.012428734301267
            ],
            [
              121.58110479059928,
              25.01247240367831
            ],
            [
              121.58174334515991,
              25.01247240367831
            ],
            [
              121.58208718223102,
              25.01247240367831
            ],
            [
              121.58395372633133,
              25.013083774956876
            ],
            [
              121.58508347670784,
              25.013127444333918
            ],
            [
              121.5855746725237,
              25.01334579121912
            ],
            [
              121.58655706415544,
              25.01338946059616
            ],
            [
              121.5878341732767,
              25.01338946059616
            ],
            [
              121.58793241243987,
              25.0134331299732
            ],
            [
              121.58866920616369,
              25.013695146235445
            ],
            [
              121.58965159779542,
              25.013826154366566
            ],
            [
              121.58989719570336,
              25.013869823743605
            ],
            [
              121.5912725439878,
              25.01426284813697
            ],
            [
              121.59141990273255,
              25.014481195022174
            ],
            [
              121.59151814189573,
              25.014699541907376
            ],
            [
              121.59220581603795,
              25.014743211284415
            ],
            [
              121.59318820766968,
              25.014524864399213
            ],
            [
              121.59367940348555,
              25.014699541907376
            ],
            [
              121.59407236013826,
              25.015136235677783
            ],
            [
              121.59525123009634,
              25.015529260071148
            ],
            [
              121.59544770842268,
              25.015485590694105
            ],
            [
              121.5957915454938,
              25.015223574431865
            ],
            [
              121.59588978465698,
              25.01509256630074
            ],
            [
              121.59613538256491,
              25.01496155816962
            ],
            [
              121.5972651329414,
              25.014393856268093
            ],
            [
              121.60271740649756,
              25.015136235677783
            ],
            [
              121.60414187436359,
              25.01911014898847
            ],
            [
              121.60870999545118,
              25.02050756905377
            ],
            [
              121.62246347829554,
              25.01736337390685
            ],
            [
              121.6289963826466,
              25.01998353652928
            ],
            [
              121.6309120463285,
              25.0247434986267
            ],
            [
              121.63567664574244,
              25.023215070430282
            ],
            [
              121.6429954633989,
              25.02456882111854
            ],
            [
              121.64702326908903,
              25.021861319742026
            ],
            [
              121.64992132440267,
              25.023957449839973
            ],
            [
              121.66406776389972,
              25.023171401053244
            ],
            [
              121.66593430800003,
              25.029896485117487
            ],
            [
              121.6607767519334,
              25.030464187019014
            ],
            [
              121.65679806582484,
              25.02793136315066
            ],
            [
              121.6502160418922,
              25.027625677511377
            ],
            [
              121.64402697461223,
              25.029896485117487
            ],
            [
              121.63287682959198,
              25.035835520395
            ],
            [
              121.62531241402759,
              25.037669634230703
            ],
            [
              121.62192316289809,
              25.040071449967932
            ],
            [
              121.61647088934193,
              25.048150284720435
            ],
            [
              121.62103901042951,
              25.053696295604585
            ],
            [
              121.62162844540856,
              25.060334040914746
            ],
            [
              121.61612705227081,
              25.063914929832073
            ]
          ]
        ]
      },
      "properties": {
        "id": "63000090",
        "name": "南港區",
        "city": "臺北市",
        "quarter": "1131",
        "age_under_1y": 546,
        "age_1_5y": 1576,
        "age_5_10y": 1446,
        "age_10_15y": 3925,
        "age_15_20y": 3595,
        "age_20_25y": 2933,
        "age_25_30y": 2058,
        "age_30_40y": 6254,
        "age_40_50y": 14609,
        "age_over_50y": 3120,
        "total": 40062,
        "old_building_count": 23983
      }
    },
    {
      "type": "Feature",
      "geometry": {
        "type": "Polygon",
        "coordinates": [
          [
            [
              121.59569330633062,
              25.114178382805743
            ],
            [
              121.58798153202146,
              25.11378535841238
            ],
            [
              121.58527995503418,
              25.108807049429757
            ],
            [
              121.57977856189643,
              25.106448903069566
            ],
            [
              121.57034760223173,
              25.105444507397632
            ],
            [
              121.56681099235746,
              25.099068778349714
            ],
            [
              121.55880450055878,
              25.09871942333339
            ],
            [
              121.55448197737913,
              25.092736718678836
            ],
            [
              121.55217335704454,
              25.09238736366251
            ],
            [
              121.5534504661658,
              25.089810870417118
            ],
            [
              121.56111312089337,
              25.084308528910007
            ],
            [
              121.56499356783874,
              25.078500501763617
            ],
            [
              121.57039672181331,
              25.077059412321276
            ],
            [
              121.57142823302664,
              25.074308241567724
            ],
            [
              121.57216502675045,
              25.071469732060088
            ],
            [
              121.56956168892634,
              25.063216219799425
            ],
            [
              121.57300005963742,
              25.05173117363776
            ],
            [
              121.5799259206412,
              25.052910246817856
            ],
            [
              121.58798153202146,
              25.055486740063248
            ],
            [
              121.59250053352747,
              25.0596353308821
            ],
            [
              121.59623362172808,
              25.058499927079044
            ],
            [
              121.60802232130897,
              25.059941016521382
            ],
            [
              121.61268868155972,
              25.064307954225438
            ],
            [
              121.61612705227081,
              25.063914929832073
            ],
            [
              121.62148108666379,
              25.069548279470304
            ],
            [
              121.62433002239584,
              25.0804219543534
            ],
            [
              121.62860342599392,
              25.086491997762035
            ],
            [
              121.62329851118251,
              25.096928978874725
            ],
            [
              121.6154393781286,
              25.103828740447135
            ],
            [
              121.60797320172738,
              25.10675458870885
            ],
            [
              121.59746161126776,
              25.109505759462404
            ],
            [
              121.59569330633062,
              25.114178382805743
            ]
          ]
        ]
      },
      "properties": {
        "id": "63000100",
        "name": "內湖區",
        "city": "臺北市",
        "quarter": "1131",
        "age_under_1y": 1007,
        "age_1_5y": 2926,
        "age_5_10y": 2969,
        "age_10_15y": 5933,
        "age_15_20y": 6453,
        "age_20_25y": 7017,
        "age_25_30y": 13238,
        "age_30_40y": 26875,
        "age_40_50y": 24889,
        "age_over_50y": 1311,
        "total": 92618,
        "old_building_count": 53075
      }
    },
    {
      "type": "Feature",
      "geometry": {
        "type": "Polygon",
        "coordinates": [
          [
            [
              121.59569330633062,
              25.114178382805743
            ],
            [
              121.60453483101628,
              25.126012783983732
            ],
            [
              121.60404363520041,
              25.13618774883418
            ],
            [
              121.5957424259122,
              25.14356787355403
            ],
            [
              121.59372852306714,
              25.150030941356032
            ],
            [
              121.58965159779542,
              25.152170740831018
            ],
            [
              121.59176373980367,
              25.157585743584047
            ],
            [
              121.58984807612177,
              25.163699456369724
            ],
            [
              121.5863605858291,
              25.16352477886156
            ],
            [
              121.57707698490916,
              25.167018329024806
            ],
            [
              121.5772734632355,
              25.16994417728652
            ],
            [
              121.58169422557833,
              25.17378708246609
            ],
            [
              121.58326605218912,
              25.177542648891578
            ],
            [
              121.58090831227294,
              25.182084264103793
            ],
            [
              121.58400284591292,
              25.18880934816804
            ],
            [
              121.58306957386276,
              25.195010399707797
            ],
            [
              121.5760945932774,
              25.19531608534708
            ],
            [
              121.56700747068382,
              25.188722009413958
            ],
            [
              121.56789162315238,
              25.183656361677254
            ],
            [
              121.56504268742033,
              25.178416036432388
            ],
            [
              121.56086752298543,
              25.17457313125282
            ],
            [
              121.56307790415686,
              25.169987846663563
            ],
            [
              121.56067104465909,
              25.162345705681467
            ],
            [
              121.55644676064261,
              25.160555261222804
            ],
            [
              121.54947178005726,
              25.149681586339707
            ],
            [
              121.54888234507821,
              25.144790616111166
            ],
            [
              121.54573869185664,
              25.141602751587207
            ],
            [
              121.54112145118746,
              25.14125339657088
            ],
            [
              121.5334587964599,
              25.137585168899477
            ],
            [
              121.53036426281992,
              25.134222626867356
            ],
            [
              121.53139577403324,
              25.12832726096688
            ],
            [
              121.52653293545613,
              25.12356729886946
            ],
            [
              121.52353664097932,
              25.117497255460826
            ],
            [
              121.52574702215074,
              25.11304297900269
            ],
            [
              121.52112978148156,
              25.108938057560877
            ],
            [
              121.51710197579142,
              25.099505472120118
            ],
            [
              121.50821133152418,
              25.095837244448713
            ],
            [
              121.49730678441186,
              25.098239060185943
            ],
            [
              121.49588231654583,
              25.11160188956035
            ],
            [
              121.48905469470525,
              25.115357455985837
            ],
            [
              121.47353290692375,
              25.110815840773622
            ],
            [
              121.46690176340951,
              25.111689228314432
            ],
            [
              121.46090917445589,
              25.11618717414961
            ],
            [
              121.45732344500004,
              25.107103943725175
            ],
            [
              121.46636144801205,
              25.101645271595107
            ],
            [
              121.48104820290656,
              25.100859222808374
            ],
            [
              121.48910381428684,
              25.096841640120644
            ],
            [
              121.4997627634912,
              25.087234377171725
            ],
            [
              121.5046747216499,
              25.07810747737025
            ],
            [
              121.51621782332286,
              25.08024727684524
            ],
            [
              121.52250512976599,
              25.07710308169832
            ],
            [
              121.52427343470312,
              25.080858648123804
            ],
            [
              121.53832163503701,
              25.09164498425282
            ],
            [
              121.54500189813284,
              25.090378572318645
            ],
            [
              121.55217335704454,
              25.09238736366251
            ],
            [
              121.55448197737913,
              25.092736718678836
            ],
            [
              121.55880450055878,
              25.09871942333339
            ],
            [
              121.56681099235746,
              25.099068778349714
            ],
            [
              121.57034760223173,
              25.105444507397632
            ],
            [
              121.57977856189643,
              25.106448903069566
            ],
            [
              121.58527995503418,
              25.108807049429757
            ],
            [
              121.58798153202146,
              25.11378535841238
            ],
            [
              121.59569330633062,
              25.114178382805743
            ]
          ]
        ]
      },
      "properties": {
        "id": "63000110",
        "name": "士林區",
        "city": "臺北市",
        "quarter": "1131",
        "age_under_1y": 329,
        "age_1_5y": 1089,
        "age_5_10y": 1815,
        "age_10_15y": 3313,
        "age_15_20y": 3252,
        "age_20_25y": 3333,
        "age_25_30y": 4784,
        "age_30_40y": 19829,
        "age_40_50y": 36704,
        "age_over_50y": 17809,
        "total": 92257,
        "old_building_count": 74342
      }
    },
    {
      "type": "Feature",
      "geometry": {
        "type": "Polygon",
        "coordinates": [
          [
            [
              121.5760945932774,
              25.19531608534708
            ],
            [
              121.57319653796378,
              25.194966730330755
            ],
            [
              121.56489532867558,
              25.20094943498531
            ],
            [
              121.56273406708574,
              25.209290286000055
            ],
            [
              121.55502229277658,
              25.208416898459244
            ],
            [
              121.55148568290232,
              25.202128508165405
            ],
            [
              121.55256631369724,
              25.198809635510322
            ],
            [
              121.54632812683569,
              25.19697552167462
            ],
            [
              121.54323359319571,
              25.19356931026546
            ],
            [
              121.542840636543,
              25.18894035629916
            ],
            [
              121.53581653637607,
              25.18666954869305
            ],
            [
              121.53336055729672,
              25.183569022923173
            ],
            [
              121.52569790256915,
              25.182782974136444
            ],
            [
              121.5217192164606,
              25.178983738333915
            ],
            [
              121.52255424934758,
              25.17470413938394
            ],
            [
              121.52004915068665,
              25.169420144762036
            ],
            [
              121.5130250505197,
              25.170948572958455
            ],
            [
              121.51042171269559,
              25.169420144762036
            ],
            [
              121.50270993838643,
              25.172782686794157
            ],
            [
              121.49740502357504,
              25.163743125746763
            ],
            [
              121.49273866332427,
              25.160773608108006
            ],
            [
              121.48645135688113,
              25.150773320765722
            ],
            [
              121.48286562742528,
              25.150205618864195
            ],
            [
              121.47196108031297,
              25.137716177030597
            ],
            [
              121.46562465428825,
              25.131558794867882
            ],
            [
              121.46454402349333,
              25.124702702672515
            ],
            [
              121.4593373478451,
              25.12190786254192
            ],
            [
              121.46090917445589,
              25.11618717414961
            ],
            [
              121.46690176340951,
              25.111689228314432
            ],
            [
              121.47353290692375,
              25.110815840773622
            ],
            [
              121.48905469470525,
              25.115357455985837
            ],
            [
              121.49588231654583,
              25.11160188956035
            ],
            [
              121.49730678441186,
              25.098239060185943
            ],
            [
              121.50821133152418,
              25.095837244448713
            ],
            [
              121.51710197579142,
              25.099505472120118
            ],
            [
              121.52112978148156,
              25.108938057560877
            ],
            [
              121.52574702215074,
              25.11304297900269
            ],
            [
              121.52353664097932,
              25.117497255460826
            ],
            [
              121.52653293545613,
              25.12356729886946
            ],
            [
              121.53139577403324,
              25.12832726096688
            ],
            [
              121.53036426281992,
              25.134222626867356
            ],
            [
              121.5334587964599,
              25.137585168899477
            ],
            [
              121.54112145118746,
              25.14125339657088
            ],
            [
              121.54573869185664,
              25.141602751587207
            ],
            [
              121.54888234507821,
              25.144790616111166
            ],
            [
              121.54947178005726,
              25.149681586339707
            ],
            [
              121.55644676064261,
              25.160555261222804
            ],
            [
              121.56067104465909,
              25.162345705681467
            ],
            [
              121.56307790415686,
              25.169987846663563
            ],
            [
              121.56086752298543,
              25.17457313125282
            ],
            [
              121.56504268742033,
              25.178416036432388
            ],
            [
              121.56789162315238,
              25.183656361677254
            ],
            [
              121.56700747068382,
              25.188722009413958
            ],
            [
              121.5760945932774,
              25.19531608534708
            ]
          ]
        ]
      },
      "properties": {
        "id": "63000120",
        "name": "北投區",
        "city": "臺北市",
        "quarter": "1131",
        "age_under_1y": 692,
        "age_1_5y": 1762,
        "age_5_10y": 4105,
        "age_10_15y": 3891,
        "age_15_20y": 4069,
        "age_20_25y": 3897,
        "age_25_30y": 6223,
        "age_30_40y": 14964,
        "age_40_50y": 32060,
        "age_over_50y": 12371,
        "total": 84034,
        "old_building_count": 59395
      }
    },
    {
      "type": "Feature",
      "geometry": {
        "type": "Polygon",
        "coordinates": [
          [
            [
              121.57142823302664,
              25.074308241567724
            ],
            [
              121.56911961269205,
              25.076186024780466
            ],
            [
              121.56322526290161,
              25.0725614664861
            ],
            [
              121.5526645528604,
              25.075618322878938
            ],
            [
              121.54878410591503,
              25.071076707666723
            ],
            [
              121.5387145916897,
              25.071295054551925
            ],
            [
              121.54431422399063,
              25.06697178622491
            ],
            [
              121.54382302817476,
              25.044918750819434
            ],
            [
              121.54406862608269,
              25.044918750819434
            ],
            [
              121.54490365896966,
              25.045049758950558
            ],
            [
              121.54726139888584,
              25.045137097704636
            ],
            [
              121.55015945419947,
              25.044787742688314
            ],
            [
              121.55114184583121,
              25.044700403934232
            ],
            [
              121.55236983537088,
              25.044569395803112
            ],
            [
              121.55300838993152,
              25.04448205704903
            ],
            [
              121.5541872598896,
              25.04443838767199
            ],
            [
              121.55472757528706,
              25.04452572642607
            ],
            [
              121.55551348859245,
              25.04474407331127
            ],
            [
              121.55738003269276,
              25.045137097704636
            ],
            [
              121.55767475018229,
              25.045224436458717
            ],
            [
              121.56926697143682,
              25.049242019146448
            ],
            [
              121.58007327938596,
              25.049460366031653
            ],
            [
              121.5799259206412,
              25.052910246817856
            ],
            [
              121.57300005963742,
              25.05173117363776
            ],
            [
              121.56956168892634,
              25.063216219799425
            ],
            [
              121.57216502675045,
              25.071469732060088
            ],
            [
              121.57142823302664,
              25.074308241567724
            ]
          ]
        ]
      },
      "properties": {
        "id": "63000010",
        "name": "松山區",
        "city": "臺北市",
        "quarter": "1132",
        "age_under_1y": 110,
        "age_1_5y": 703,
        "age_5_10y": 1368,
        "age_10_15y": 1067,
        "age_15_20y": 3675,
        "age_20_25y": 2367,
        "age_25_30y": 2737,
        "age_30_40y": 13835,
        "age_40_50y": 24248,
        "age_over_50y": 15771,
        "total": 65881,
        "old_building_count": 53854
      }
    },
    {
      "type": "Feature",
      "geometry": {
        "type": "Polygon",
        "coordinates": [
          [
            [
              121.58007327938596,
              25.049460366031653
            ],
            [
              121.56926697143682,
              25.049242019146448
            ],
            [
              121.55767475018229,
              25.045224436458717
            ],
            [
              121.55767475018229,
              25.044962420196477
            ],
            [
              121.55767475018229,
              25.04373967763934
            ],
            [
              121.5576256306007,
              25.042560604459247
            ],
            [
              121.5575765110191,
              25.04059548249242
            ],
            [
              121.5575765110191,
              25.039416409312327
            ],
            [
              121.55752739143752,
              25.037538626099582
            ],
            [
              121.55747827185594,
              25.036272214165407
            ],
            [
              121.55747827185594,
              25.036053867280202
            ],
            [
              121.55747827185594,
              25.03504947160827
            ],
            [
              121.55742915227435,
              25.034263422821542
            ],
            [
              121.55742915227435,
              25.033695720920015
            ],
            [
              121.55742915227435,
              25.033084349641445
            ],
            [
              121.55738003269276,
              25.031337574559824
            ],
            [
              121.55738003269276,
              25.03028950951085
            ],
            [
              121.55738003269276,
              25.029372452593
            ],
            [
              121.55723267394801,
              25.029154105707796
            ],
            [
              121.55698707604007,
              25.028717411937393
            ],
            [
              121.55659411938737,
              25.028106040658823
            ],
            [
              121.55639764106103,
              25.027844024396583
            ],
            [
              121.55595556482675,
              25.027407330626176
            ],
            [
              121.55575908650039,
              25.027276322495055
            ],
            [
              121.55477669486865,
              25.026359265577202
            ],
            [
              121.55369606407373,
              25.02539853928231
            ],
            [
              121.55295927034993,
              25.024699829249663
            ],
            [
              121.55389254240009,
              25.023215070430282
            ],
            [
              121.55639764106103,
              25.02085692407009
            ],
            [
              121.55674147813212,
              25.02055123843081
            ],
            [
              121.5575765110191,
              25.01976518964408
            ],
            [
              121.55821506557974,
              25.019153818365513
            ],
            [
              121.55846066348768,
              25.018935471480308
            ],
            [
              121.55900097888514,
              25.018411438955823
            ],
            [
              121.55934481595624,
              25.01810575331654
            ],
            [
              121.55993425093529,
              25.01745071266093
            ],
            [
              121.5602780880064,
              25.016970349513485
            ],
            [
              121.56052368591433,
              25.016315308857877
            ],
            [
              121.56150607754607,
              25.015267243808903
            ],
            [
              121.56204639294353,
              25.014743211284415
            ],
            [
              121.56224287126987,
              25.014481195022174
            ],
            [
              121.56283230624892,
              25.013607807481364
            ],
            [
              121.56342174122797,
              25.013171113710957
            ],
            [
              121.56342174122797,
              25.012166718039026
            ],
            [
              121.56342174122797,
              25.0118173630227
            ],
            [
              121.56347086080955,
              25.011555346760456
            ],
            [
              121.56356909997272,
              25.011336999875255
            ],
            [
              121.56504268742033,
              25.01015792669516
            ],
            [
              121.56528828532826,
              25.009983249186998
            ],
            [
              121.56568124198097,
              25.008847845383944
            ],
            [
              121.5659268398889,
              25.008105465974253
            ],
            [
              121.56597595947049,
              25.008149135351292
            ],
            [
              121.5666636336127,
              25.008323812859455
            ],
            [
              121.56715482942857,
              25.008498490367618
            ],
            [
              121.56759690566285,
              25.0088041760069
            ],
            [
              121.56774426440762,
              25.008847845383944
            ],
            [
              121.56828457980508,
              25.009066192269145
            ],
            [
              121.56853017771301,
              25.009240869777308
            ],
            [
              121.56902137352888,
              25.009590224793634
            ],
            [
              121.56936521059998,
              25.009764902301793
            ],
            [
              121.56990552599744,
              25.010594620465564
            ],
            [
              121.57000376516062,
              25.010681959219646
            ],
            [
              121.57098615679236,
              25.011118652990053
            ],
            [
              121.57123175470029,
              25.011293330498212
            ],
            [
              121.5715755917714,
              25.011555346760456
            ],
            [
              121.57187030926093,
              25.011904701776782
            ],
            [
              121.5719685484241,
              25.012341395547185
            ],
            [
              121.5719685484241,
              25.01255974243239
            ],
            [
              121.57201766800569,
              25.012778089317592
            ],
            [
              121.5723615050768,
              25.01356413810432
            ],
            [
              121.57304917921901,
              25.01325845246504
            ],
            [
              121.57324565754536,
              25.013214783087996
            ],
            [
              121.57452276666662,
              25.013171113710957
            ],
            [
              121.5753577995536,
              25.01338946059616
            ],
            [
              121.5757507562063,
              25.013826154366566
            ],
            [
              121.576143712859,
              25.01421917875993
            ],
            [
              121.57634019118534,
              25.01421917875993
            ],
            [
              121.5768805065828,
              25.01408817062881
            ],
            [
              121.5772734632355,
              25.013957162497686
            ],
            [
              121.5780102569593,
              25.013869823743605
            ],
            [
              121.58360988926022,
              25.018848132726227
            ],
            [
              121.58523083545259,
              25.024306804856298
            ],
            [
              121.59205845729318,
              25.031293905182785
            ],
            [
              121.5867044229002,
              25.041512539410274
            ],
            [
              121.58076095352817,
              25.04526810583576
            ],
            [
              121.58007327938596,
              25.049460366031653
            ]
          ]
        ]
      },
      "properties": {
        "id": "63000020",
        "name": "信義區",
        "city": "臺北市",
        "quarter": "1132",
        "age_under_1y": 203,
        "age_1_5y": 1271,
        "age_5_10y": 1076,
        "age_10_15y": 1687,
        "age_15_20y": 4069,
        "age_20_25y": 2181,
        "age_25_30y": 4327,
        "age_30_40y": 17832,
        "age_40_50y": 28340,
        "age_over_50y": 15547,
        "total": 76533,
        "old_building_count": 61719
      }
    },
    {
      "type": "Feature",
      "geometry": {
        "type": "Polygon",
        "coordinates": [
          [
            [
              121.54406862608269,
              25.044918750819434
            ],
            [
              121.54298799528777,
              25.044787742688314
            ],
            [
              121.5421038428192,
              25.044700403934232
            ],
            [
              121.54102321202429,
              25.04465673455719
            ],
            [
              121.54053201620842,
              25.04465673455719
            ],
            [
              121.53812515671066,
              25.044700403934232
            ],
            [
              121.53655333009988,
              25.04474407331127
            ],
            [
              121.53517798181544,
              25.044962420196477
            ],
            [
              121.53468678599957,
              25.045049758950558
            ],
            [
              121.53321319855196,
              25.04539911396688
            ],
            [
              121.53291848106244,
              25.044132702032705
            ],
            [
              121.53282024189926,
              25.04129419252507
            ],
            [
              121.5326728831545,
              25.033695720920015
            ],
            [
              121.5326728831545,
              25.033652051542973
            ],
            [
              121.53247640482816,
              25.033652051542973
            ],
            [
              121.52967658867769,
              25.033826729051135
            ],
            [
              121.52491198926376,
              25.035267818493473
            ],
            [
              121.52427343470312,
              25.035355157247555
            ],
            [
              121.52279984725551,
              25.032822333379205
            ],
            [
              121.52235777102123,
              25.031555921445026
            ],
            [
              121.52206305353171,
              25.029852815740448
            ],
            [
              121.5224560101844,
              25.02705797560985
            ],
            [
              121.52250512976599,
              25.02701430623281
            ],
            [
              121.52564878298756,
              25.022909384791
            ],
            [
              121.5262873375482,
              25.022341682889472
            ],
            [
              121.5266311746193,
              25.02203599725019
            ],
            [
              121.5284977187196,
              25.020376560922646
            ],
            [
              121.52923451244341,
              25.019677850889998
            ],
            [
              121.52987306700405,
              25.019066479611432
            ],
            [
              121.53021690407515,
              25.018717124595106
            ],
            [
              121.53164137194118,
              25.01736337390685
            ],
            [
              121.53223080692023,
              25.01675200262828
            ],
            [
              121.53311495938878,
              25.015922284464512
            ],
            [
              121.53390087269418,
              25.015179905054822
            ],
            [
              121.53429382934688,
              25.014786880661458
            ],
            [
              121.53586565595765,
              25.01325845246504
            ],
            [
              121.53689716717098,
              25.011555346760456
            ],
            [
              121.53704452591575,
              25.011249661121173
            ],
            [
              121.53783043922114,
              25.00854215974466
            ],
            [
              121.54495277855125,
              25.008018127220172
            ],
            [
              121.55349958574739,
              25.009240869777308
            ],
            [
              121.55850978306927,
              25.011904701776782
            ],
            [
              121.56307790415686,
              25.008018127220172
            ],
            [
              121.5659268398889,
              25.008105465974253
            ],
            [
              121.56568124198097,
              25.008847845383944
            ],
            [
              121.56528828532826,
              25.009983249186998
            ],
            [
              121.56504268742033,
              25.01015792669516
            ],
            [
              121.56356909997272,
              25.011336999875255
            ],
            [
              121.56347086080955,
              25.011555346760456
            ],
            [
              121.56342174122797,
              25.0118173630227
            ],
            [
              121.56342174122797,
              25.012166718039026
            ],
            [
              121.56342174122797,
              25.013171113710957
            ],
            [
              121.56283230624892,
              25.013607807481364
            ],
            [
              121.56224287126987,
              25.014481195022174
            ],
            [
              121.56204639294353,
              25.014743211284415
            ],
            [
              121.56150607754607,
              25.015267243808903
            ],
            [
              121.56052368591433,
              25.016315308857877
            ],
            [
              121.5602780880064,
              25.016970349513485
            ],
            [
              121.55993425093529,
              25.01745071266093
            ],
            [
              121.55934481595624,
              25.01810575331654
            ],
            [
              121.55900097888514,
              25.018411438955823
            ],
            [
              121.55846066348768,
              25.018935471480308
            ],
            [
              121.55821506557974,
              25.019153818365513
            ],
            [
              121.5575765110191,
              25.01976518964408
            ],
            [
              121.55674147813212,
              25.02055123843081
            ],
            [
              121.55639764106103,
              25.02085692407009
            ],
            [
              121.55389254240009,
              25.023215070430282
            ],
            [
              121.55295927034993,
              25.024699829249663
            ],
            [
              121.55369606407373,
              25.02539853928231
            ],
            [
              121.55477669486865,
              25.026359265577202
            ],
            [
              121.55575908650039,
              25.027276322495055
            ],
            [
              121.55595556482675,
              25.027407330626176
            ],
            [
              121.55639764106103,
              25.027844024396583
            ],
            [
              121.55659411938737,
              25.028106040658823
            ],
            [
              121.55698707604007,
              25.028717411937393
            ],
            [
              121.55723267394801,
              25.029154105707796
            ],
            [
              121.55738003269276,
              25.029372452593
            ],
            [
              121.55738003269276,
              25.03028950951085
            ],
            [
              121.55738003269276,
              25.031337574559824
            ],
            [
              121.55742915227435,
              25.033084349641445
            ],
            [
              121.55742915227435,
              25.033695720920015
            ],
            [
              121.55742915227435,
              25.034263422821542
            ],
            [
              121.55747827185594,
              25.03504947160827
            ],
            [
              121.55747827185594,
              25.036053867280202
            ],
            [
              121.55747827185594,
              25.036272214165407
            ],
            [
              121.55752739143752,
              25.037538626099582
            ],
            [
              121.5575765110191,
              25.039416409312327
            ],
            [
              121.5575765110191,
              25.04059548249242
            ],
            [
              121.5576256306007,
              25.042560604459247
            ],
            [
              121.55767475018229,
              25.04373967763934
            ],
            [
              121.55767475018229,
              25.044962420196477
            ],
            [
              121.55767475018229,
              25.045224436458717
            ],
            [
              121.55738003269276,
              25.045137097704636
            ],
            [
              121.55551348859245,
              25.04474407331127
            ],
            [
              121.55472757528706,
              25.04452572642607
            ],
            [
              121.5541872598896,
              25.04443838767199
            ],
            [
              121.55300838993152,
              25.04448205704903
            ],
            [
              121.55236983537088,
              25.044569395803112
            ],
            [
              121.55114184583121,
              25.044700403934232
            ],
            [
              121.55015945419947,
              25.044787742688314
            ],
            [
              121.54726139888584,
              25.045137097704636
            ],
            [
              121.54490365896966,
              25.045049758950558
            ],
            [
              121.54406862608269,
              25.044918750819434
            ]
          ]
        ]
      },
      "properties": {
        "id": "63000030",
        "name": "大安區",
        "city": "臺北市",
        "quarter": "1132",
        "age_under_1y": 443,
        "age_1_5y": 1643,
        "age_5_10y": 1395,
        "age_10_15y": 1963,
        "age_15_20y": 4740,
        "age_20_25y": 2415,
        "age_25_30y": 3344,
        "age_30_40y": 23861,
        "age_40_50y": 39762,
        "age_over_50y": 18280,
        "total": 97846,
        "old_building_count": 81903
      }
    },
    {
      "type": "Feature",
      "geometry": {
        "type": "Polygon",
        "coordinates": [
          [
            [
              121.55217335704454,
              25.09238736366251
            ],
            [
              121.54500189813284,
              25.090378572318645
            ],
            [
              121.53832163503701,
              25.09164498425282
            ],
            [
              121.52427343470312,
              25.080858648123804
            ],
            [
              121.52250512976599,
              25.07710308169832
            ],
            [
              121.52044210733933,
              25.073129168387627
            ],
            [
              121.51896851989173,
              25.064657309241763
            ],
            [
              121.52049122692092,
              25.060028355275463
            ],
            [
              121.5201965094314,
              25.051119802359192
            ],
            [
              121.5186738024022,
              25.048368631605637
            ],
            [
              121.53291848106244,
              25.04548645272096
            ],
            [
              121.53321319855196,
              25.04539911396688
            ],
            [
              121.53468678599957,
              25.045049758950558
            ],
            [
              121.53517798181544,
              25.044962420196477
            ],
            [
              121.53655333009988,
              25.04474407331127
            ],
            [
              121.53812515671066,
              25.044700403934232
            ],
            [
              121.54053201620842,
              25.04465673455719
            ],
            [
              121.54102321202429,
              25.04465673455719
            ],
            [
              121.5421038428192,
              25.044700403934232
            ],
            [
              121.54298799528777,
              25.044787742688314
            ],
            [
              121.54382302817476,
              25.044918750819434
            ],
            [
              121.54431422399063,
              25.06697178622491
            ],
            [
              121.5387145916897,
              25.071295054551925
            ],
            [
              121.54878410591503,
              25.071076707666723
            ],
            [
              121.5526645528604,
              25.075618322878938
            ],
            [
              121.56322526290161,
              25.0725614664861
            ],
            [
              121.56911961269205,
              25.076186024780466
            ],
            [
              121.57142823302664,
              25.074308241567724
            ],
            [
              121.57039672181331,
              25.077059412321276
            ],
            [
              121.56499356783874,
              25.078500501763617
            ],
            [
              121.56111312089337,
              25.084308528910007
            ],
            [
              121.5534504661658,
              25.089810870417118
            ],
            [
              121.55217335704454,
              25.09238736366251
            ]
          ]
        ]
      },
      "properties": {
        "id": "63000040",
        "name": "中山區",
        "city": "臺北市",
        "quarter": "1132",
        "age_under_1y": 396,
        "age_1_5y": 1761,
        "age_5_10y": 3078,
        "age_10_15y": 4465,
        "age_15_20y": 7839,
        "age_20_25y": 6300,
        "age_25_30y": 6290,
        "age_30_40y": 17054,
        "age_40_50y": 31910,
        "age_over_50y": 17270,
        "total": 96363,
        "old_building_count": 66234
      }
    },
    {
      "type": "Feature",
      "geometry": {
        "type": "Polygon",
        "coordinates": [
          [
            [
              121.5186738024022,
              25.048368631605637
            ],
            [
              121.51066731060352,
              25.048324962228598
            ],
            [
              121.5096357993902,
              25.047320566556664
            ],
            [
              121.50418352583404,
              25.029896485117487
            ],
            [
              121.51238649595906,
              25.021730311610906
            ],
            [
              121.52112978148156,
              25.01810575331654
            ],
            [
              121.52574702215074,
              25.01186103239974
            ],
            [
              121.53183785026752,
              25.00867316787578
            ],
            [
              121.5319360894307,
              25.00871683725282
            ],
            [
              121.53218168733864,
              25.008891514760982
            ],
            [
              121.53252552440973,
              25.009066192269145
            ],
            [
              121.5334587964599,
              25.009590224793634
            ],
            [
              121.53390087269418,
              25.009852241055874
            ],
            [
              121.5341955901837,
              25.010026918564037
            ],
            [
              121.5349323839075,
              25.010507281711483
            ],
            [
              121.53527622097862,
              25.010725628596685
            ],
            [
              121.53586565595765,
              25.01103131423597
            ],
            [
              121.53625861261035,
              25.011118652990053
            ],
            [
              121.53665156926304,
              25.01120599174413
            ],
            [
              121.53689716717098,
              25.011555346760456
            ],
            [
              121.53586565595765,
              25.01325845246504
            ],
            [
              121.53429382934688,
              25.014786880661458
            ],
            [
              121.53390087269418,
              25.015179905054822
            ],
            [
              121.53311495938878,
              25.015922284464512
            ],
            [
              121.53223080692023,
              25.01675200262828
            ],
            [
              121.53164137194118,
              25.01736337390685
            ],
            [
              121.53021690407515,
              25.018717124595106
            ],
            [
              121.52987306700405,
              25.019066479611432
            ],
            [
              121.52923451244341,
              25.019677850889998
            ],
            [
              121.5284977187196,
              25.020376560922646
            ],
            [
              121.5266311746193,
              25.02203599725019
            ],
            [
              121.5262873375482,
              25.022341682889472
            ],
            [
              121.52564878298756,
              25.022909384791
            ],
            [
              121.52250512976599,
              25.02701430623281
            ],
            [
              121.5224560101844,
              25.02705797560985
            ],
            [
              121.52206305353171,
              25.029852815740448
            ],
            [
              121.52235777102123,
              25.031555921445026
            ],
            [
              121.52279984725551,
              25.032822333379205
            ],
            [
              121.52427343470312,
              25.035355157247555
            ],
            [
              121.52491198926376,
              25.035267818493473
            ],
            [
              121.52967658867769,
              25.033826729051135
            ],
            [
              121.53247640482816,
              25.033652051542973
            ],
            [
              121.5326728831545,
              25.033652051542973
            ],
            [
              121.5326728831545,
              25.033695720920015
            ],
            [
              121.53282024189926,
              25.04129419252507
            ],
            [
              121.53291848106244,
              25.044132702032705
            ],
            [
              121.53291848106244,
              25.04548645272096
            ],
            [
              121.5186738024022,
              25.048368631605637
            ]
          ]
        ]
      },
      "properties": {
        "id": "63000050",
        "name": "中正區",
        "city": "臺北市",
        "quarter": "1132",
        "age_under_1y": 339,
        "age_1_5y": 1255,
        "age_5_10y": 2221,
        "age_10_15y": 2182,
        "age_15_20y": 4111,
        "age_20_25y": 2059,
        "age_25_30y": 2338,
        "age_30_40y": 8396,
        "age_40_50y": 16623,
        "age_over_50y": 12979,
        "total": 52503,
        "old_building_count": 37998
      }
    },
    {
      "type": "Feature",
      "geometry": {
        "type": "Polygon",
        "coordinates": [
          [
            [
              121.52250512976599,
              25.07710308169832
            ],
            [
              121.51621782332286,
              25.08024727684524
            ],
            [
              121.5046747216499,
              25.07810747737025
            ],
            [
              121.50703246156608,
              25.06989763448663
            ],
            [
              121.50560799370007,
              25.060770734685153
            ],
            [
              121.5061974286791,
              25.053652626227546
            ],
            [
              121.50462560206833,
              25.049766051670936
            ],
            [
              121.51066731060352,
              25.048324962228598
            ],
            [
              121.5186738024022,
              25.048368631605637
            ],
            [
              121.5201965094314,
              25.051119802359192
            ],
            [
              121.52049122692092,
              25.060028355275463
            ],
            [
              121.51896851989173,
              25.064657309241763
            ],
            [
              121.52044210733933,
              25.073129168387627
            ],
            [
              121.52250512976599,
              25.07710308169832
            ]
          ]
        ]
      },
      "properties": {
        "id": "63000060",
        "name": "大同區",
        "city": "臺北市",
        "quarter": "1132",
        "age_under_1y": 449,
        "age_1_5y": 2865,
        "age_5_10y": 1385,
        "age_10_15y": 3274,
        "age_15_20y": 2378,
        "age_20_25y": 1091,
        "age_25_30y": 2594,
        "age_30_40y": 5888,
        "age_40_50y": 12858,
        "age_over_50y": 13575,
        "total": 46357,
        "old_building_count": 32321
      }
    },
    {
      "type": "Feature",
      "geometry": {
        "type": "Polygon",
        "coordinates": [
          [
            [
              121.51066731060352,
              25.048324962228598
            ],
            [
              121.50462560206833,
              25.049766051670936
            ],
            [
              121.50133459010199,
              25.045966815868407
            ],
            [
              121.4956367186379,
              25.04295362885261
            ],
            [
              121.48880909679731,
              25.042560604459247
            ],
            [
              121.48365154073068,
              25.035311487870516
            ],
            [
              121.48880909679731,
              25.023346078561403
            ],
            [
              121.48875997721572,
              25.015310913185942
            ],
            [
              121.4926404241611,
              25.00954655541659
            ],
            [
              121.50025395930709,
              25.01194837115382
            ],
            [
              121.50614830909753,
              25.018804463349188
            ],
            [
              121.51238649595906,
              25.021730311610906
            ],
            [
              121.50418352583404,
              25.029896485117487
            ],
            [
              121.5096357993902,
              25.047320566556664
            ],
            [
              121.51066731060352,
              25.048324962228598
            ]
          ]
        ]
      },
      "properties": {
        "id": "63000070",
        "name": "萬華區",
        "city": "臺北市",
        "quarter": "1132",
        "age_under_1y": 609,
        "age_1_5y": 1383,
        "age_5_10y": 3052,
        "age_10_15y": 2353,
        "age_15_20y": 2327,
        "age_20_25y": 1596,
        "age_25_30y": 2643,
        "age_30_40y": 9929,
        "age_40_50y": 26016,
        "age_over_50y": 20339,
        "total": 70247,
        "old_building_count": 56284
      }
    },
    {
      "type": "Feature",
      "geometry": {
        "type": "Polygon",
        "coordinates": [
          [
            [
              121.5972651329414,
              25.014393856268093
            ],
            [
              121.59613538256491,
              25.01496155816962
            ],
            [
              121.59588978465698,
              25.01509256630074
            ],
            [
              121.5957915454938,
              25.015223574431865
            ],
            [
              121.59544770842268,
              25.015485590694105
            ],
            [
              121.59525123009634,
              25.015529260071148
            ],
            [
              121.59407236013826,
              25.015136235677783
            ],
            [
              121.59367940348555,
              25.014699541907376
            ],
            [
              121.59318820766968,
              25.014524864399213
            ],
            [
              121.59220581603795,
              25.014743211284415
            ],
            [
              121.59151814189573,
              25.014699541907376
            ],
            [
              121.59141990273255,
              25.014481195022174
            ],
            [
              121.5912725439878,
              25.01426284813697
            ],
            [
              121.58989719570336,
              25.013869823743605
            ],
            [
              121.58965159779542,
              25.013826154366566
            ],
            [
              121.58866920616369,
              25.013695146235445
            ],
            [
              121.58793241243987,
              25.0134331299732
            ],
            [
              121.5878341732767,
              25.01338946059616
            ],
            [
              121.58655706415544,
              25.01338946059616
            ],
            [
              121.5855746725237,
              25.01334579121912
            ],
            [
              121.58508347670784,
              25.013127444333918
            ],
            [
              121.58395372633133,
              25.013083774956876
            ],
            [
              121.58208718223102,
              25.01247240367831
            ],
            [
              121.58174334515991,
              25.01247240367831
            ],
            [
              121.58110479059928,
              25.01247240367831
            ],
            [
              121.58090831227294,
              25.012428734301267
            ],
            [
              121.58076095352817,
              25.012297726170146
            ],
            [
              121.58046623603865,
              25.012210387416065
            ],
            [
              121.58036799687548,
              25.012254056793104
            ],
            [
              121.5802697577123,
              25.012341395547185
            ],
            [
              121.57997504022278,
              25.01247240367831
            ],
            [
              121.57923824649897,
              25.013040105579837
            ],
            [
              121.5787961702647,
              25.01334579121912
            ],
            [
              121.57864881151993,
              25.01347679935024
            ],
            [
              121.5780102569593,
              25.013869823743605
            ],
            [
              121.5772734632355,
              25.013957162497686
            ],
            [
              121.5768805065828,
              25.01408817062881
            ],
            [
              121.57634019118534,
              25.01421917875993
            ],
            [
              121.576143712859,
              25.01421917875993
            ],
            [
              121.5757507562063,
              25.013826154366566
            ],
            [
              121.5753577995536,
              25.01338946059616
            ],
            [
              121.57452276666662,
              25.013171113710957
            ],
            [
              121.57324565754536,
              25.013214783087996
            ],
            [
              121.57304917921901,
              25.01325845246504
            ],
            [
              121.5723615050768,
              25.01356413810432
            ],
            [
              121.57201766800569,
              25.012778089317592
            ],
            [
              121.5719685484241,
              25.01255974243239
            ],
            [
              121.5719685484241,
              25.012341395547185
            ],
            [
              121.57187030926093,
              25.011904701776782
            ],
            [
              121.5715755917714,
              25.011555346760456
            ],
            [
              121.57123175470029,
              25.011293330498212
            ],
            [
              121.57098615679236,
              25.011118652990053
            ],
            [
              121.57000376516062,
              25.010681959219646
            ],
            [
              121.56990552599744,
              25.010594620465564
            ],
            [
              121.56936521059998,
              25.009764902301793
            ],
            [
              121.56902137352888,
              25.009590224793634
            ],
            [
              121.56853017771301,
              25.009240869777308
            ],
            [
              121.56828457980508,
              25.009066192269145
            ],
            [
              121.56774426440762,
              25.008847845383944
            ],
            [
              121.56759690566285,
              25.0088041760069
            ],
            [
              121.56715482942857,
              25.008498490367618
            ],
            [
              121.5666636336127,
              25.008323812859455
            ],
            [
              121.56597595947049,
              25.008149135351292
            ],
            [
              121.5659268398889,
              25.008105465974253
            ],
            [
              121.56307790415686,
              25.008018127220172
            ],
            [
              121.55850978306927,
              25.011904701776782
            ],
            [
              121.55349958574739,
              25.009240869777308
            ],
            [
              121.54495277855125,
              25.008018127220172
            ],
            [
              121.53783043922114,
              25.00854215974466
            ],
            [
              121.53704452591575,
              25.011249661121173
            ],
            [
              121.53665156926304,
              25.01120599174413
            ],
            [
              121.53625861261035,
              25.011118652990053
            ],
            [
              121.53586565595765,
              25.01103131423597
            ],
            [
              121.53527622097862,
              25.010725628596685
            ],
            [
              121.5349323839075,
              25.010507281711483
            ],
            [
              121.5341955901837,
              25.010026918564037
            ],
            [
              121.53390087269418,
              25.009852241055874
            ],
            [
              121.5334587964599,
              25.009590224793634
            ],
            [
              121.53252552440973,
              25.009066192269145
            ],
            [
              121.53218168733864,
              25.008891514760982
            ],
            [
              121.5319360894307,
              25.00871683725282
            ],
            [
              121.53183785026752,
              25.00867316787578
            ],
            [
              121.53385175311259,
              25.003607520139077
            ],
            [
              121.53051162156467,
              24.998017839877885
            ],
            [
              121.53164137194118,
              24.994742636599845
            ],
            [
              121.53625861261035,
              24.994087595944237
            ],
            [
              121.5368480475894,
              24.98871626256825
            ],
            [
              121.54387214775633,
              24.988279568797847
            ],
            [
              121.54485453938808,
              24.98378162296267
            ],
            [
              121.55389254240009,
              24.984349324864194
            ],
            [
              121.55305750951311,
              24.98076843594687
            ],
            [
              121.56121136005655,
              24.96469810519595
            ],
            [
              121.57295094005585,
              24.964130403294423
            ],
            [
              121.57864881151993,
              24.966575888408695
            ],
            [
              121.58572203126846,
              24.96321334637657
            ],
            [
              121.59338468599603,
              24.964217742048504
            ],
            [
              121.59706865461506,
              24.960505845000057
            ],
            [
              121.60846439754324,
              24.96321334637657
            ],
            [
              121.61367107319147,
              24.96644488027757
            ],
            [
              121.6196145425635,
              24.96714359031022
            ],
            [
              121.6191724663292,
              24.970593471096425
            ],
            [
              121.6112642136937,
              24.974611053784155
            ],
            [
              121.60512426599533,
              24.974436376275992
            ],
            [
              121.60016318825504,
              24.976925530767303
            ],
            [
              121.59986847076551,
              24.986489124339183
            ],
            [
              121.60188237361058,
              24.99046303764987
            ],
            [
              121.59814928540997,
              24.9944806203376
            ],
            [
              121.60055614490774,
              25.0007253412544
            ],
            [
              121.59564418674904,
              25.00714473967936
            ],
            [
              121.5972651329414,
              25.014393856268093
            ]
          ]
        ]
      },
      "properties": {
        "id": "63000080",
        "name": "文山區",
        "city": "臺北市",
        "quarter": "1132",
        "age_under_1y": 770,
        "age_1_5y": 1746,
        "age_5_10y": 4165,
        "age_10_15y": 5087,
        "age_15_20y": 5495,
        "age_20_25y": 4369,
        "age_25_30y": 15867,
        "age_30_40y": 12228,
        "age_40_50y": 34375,
        "age_over_50y": 9833,
        "total": 93935,
        "old_building_count": 56436
      }
    },
    {
      "type": "Feature",
      "geometry": {
        "type": "Polygon",
        "coordinates": [
          [
            [
              121.61612705227081,
              25.063914929832073
            ],
            [
              121.61268868155972,
              25.064307954225438
            ],
            [
              121.60802232130897,
              25.059941016521382
            ],
            [
              121.59623362172808,
              25.058499927079044
            ],
            [
              121.59250053352747,
              25.0596353308821
            ],
            [
              121.58798153202146,
              25.055486740063248
            ],
            [
              121.5799259206412,
              25.052910246817856
            ],
            [
              121.58007327938596,
              25.049460366031653
            ],
            [
              121.58076095352817,
              25.04526810583576
            ],
            [
              121.5867044229002,
              25.041512539410274
            ],
            [
              121.59205845729318,
              25.031293905182785
            ],
            [
              121.58523083545259,
              25.024306804856298
            ],
            [
              121.58360988926022,
              25.018848132726227
            ],
            [
              121.5780102569593,
              25.013869823743605
            ],
            [
              121.57864881151993,
              25.01347679935024
            ],
            [
              121.5787961702647,
              25.01334579121912
            ],
            [
              121.57923824649897,
              25.013040105579837
            ],
            [
              121.57997504022278,
              25.01247240367831
            ],
            [
              121.5802697577123,
              25.012341395547185
            ],
            [
              121.58036799687548,
              25.012254056793104
            ],
            [
              121.58046623603865,
              25.012210387416065
            ],
            [
              121.58076095352817,
              25.012297726170146
            ],
            [
              121.58090831227294,
              25.012428734301267
            ],
            [
              121.58110479059928,
              25.01247240367831
            ],
            [
              121.58174334515991,
              25.01247240367831
            ],
            [
              121.58208718223102,
              25.01247240367831
            ],
            [
              121.58395372633133,
              25.013083774956876
            ],
            [
              121.58508347670784,
              25.013127444333918
            ],
            [
              121.5855746725237,
              25.01334579121912
            ],
            [
              121.58655706415544,
              25.01338946059616
            ],
            [
              121.5878341732767,
              25.01338946059616
            ],
            [
              121.58793241243987,
              25.0134331299732
            ],
            [
              121.58866920616369,
              25.013695146235445
            ],
            [
              121.58965159779542,
              25.013826154366566
            ],
            [
              121.58989719570336,
              25.013869823743605
            ],
            [
              121.5912725439878,
              25.01426284813697
            ],
            [
              121.59141990273255,
              25.014481195022174
            ],
            [
              121.59151814189573,
              25.014699541907376
            ],
            [
              121.59220581603795,
              25.014743211284415
            ],
            [
              121.59318820766968,
              25.014524864399213
            ],
            [
              121.59367940348555,
              25.014699541907376
            ],
            [
              121.59407236013826,
              25.015136235677783
            ],
            [
              121.59525123009634,
              25.015529260071148
            ],
            [
              121.59544770842268,
              25.015485590694105
            ],
            [
              121.5957915454938,
              25.015223574431865
            ],
            [
              121.59588978465698,
              25.01509256630074
            ],
            [
              121.59613538256491,
              25.01496155816962
            ],
            [
              121.5972651329414,
              25.014393856268093
            ],
            [
              121.60271740649756,
              25.015136235677783
            ],
            [
              121.60414187436359,
              25.01911014898847
            ],
            [
              121.60870999545118,
              25.02050756905377
            ],
            [
              121.62246347829554,
              25.01736337390685
            ],
            [
              121.6289963826466,
              25.01998353652928
            ],
            [
              121.6309120463285,
              25.0247434986267
            ],
            [
              121.63567664574244,
              25.023215070430282
            ],
            [
              121.6429954633989,
              25.02456882111854
            ],
            [
              121.64702326908903,
              25.021861319742026
            ],
            [
              121.64992132440267,
              25.023957449839973
            ],
            [
              121.66406776389972,
              25.023171401053244
            ],
            [
              121.66593430800003,
              25.029896485117487
            ],
            [
              121.6607767519334,
              25.030464187019014
            ],
            [
              121.65679806582484,
              25.02793136315066
            ],
            [
              121.6502160418922,
              25.027625677511377
            ],
            [
              121.64402697461223,
              25.029896485117487
            ],
            [
              121.63287682959198,
              25.035835520395
            ],
            [
              121.62531241402759,
              25.037669634230703
            ],
            [
              121.62192316289809,
              25.040071449967932
            ],
            [
              121.61647088934193,
              25.048150284720435
            ],
            [
              121.62103901042951,
              25.053696295604585
            ],
            [
              121.62162844540856,
              25.060334040914746
            ],
            [
              121.61612705227081,
              25.063914929832073
            ]
          ]
        ]
      },
      "properties": {
        "id": "63000090",
        "name": "南港區",
        "city": "臺北市",
        "quarter": "1132",
        "age_under_1y": 436,
        "age_1_5y": 1784,
        "age_5_10y": 836,
        "age_10_15y": 3577,
        "age_15_20y": 4081,
        "age_20_25y": 1464,
        "age_25_30y": 3720,
        "age_30_40y": 5116,
        "age_40_50y": 14951,
        "age_over_50y": 4136,
        "total": 40101,
        "old_building_count": 24203
      }
    },
    {
      "type": "Feature",
      "geometry": {
        "type": "Polygon",
        "coordinates": [
          [
            [
              121.59569330633062,
              25.114178382805743
            ],
            [
              121.58798153202146,
              25.11378535841238
            ],
            [
              121.58527995503418,
              25.108807049429757
            ],
            [
              121.57977856189643,
              25.106448903069566
            ],
            [
              121.57034760223173,
              25.105444507397632
            ],
            [
              121.56681099235746,
              25.099068778349714
            ],
            [
              121.55880450055878,
              25.09871942333339
            ],
            [
              121.55448197737913,
              25.092736718678836
            ],
            [
              121.55217335704454,
              25.09238736366251
            ],
            [
              121.5534504661658,
              25.089810870417118
            ],
            [
              121.56111312089337,
              25.084308528910007
            ],
            [
              121.56499356783874,
              25.078500501763617
            ],
            [
              121.57039672181331,
              25.077059412321276
            ],
            [
              121.57142823302664,
              25.074308241567724
            ],
            [
              121.57216502675045,
              25.071469732060088
            ],
            [
              121.56956168892634,
              25.063216219799425
            ],
            [
              121.57300005963742,
              25.05173117363776
            ],
            [
              121.5799259206412,
              25.052910246817856
            ],
            [
              121.58798153202146,
              25.055486740063248
            ],
            [
              121.59250053352747,
              25.0596353308821
            ],
            [
              121.59623362172808,
              25.058499927079044
            ],
            [
              121.60802232130897,
              25.059941016521382
            ],
            [
              121.61268868155972,
              25.064307954225438
            ],
            [
              121.61612705227081,
              25.063914929832073
            ],
            [
              121.62148108666379,
              25.069548279470304
            ],
            [
              121.62433002239584,
              25.0804219543534
            ],
            [
              121.62860342599392,
              25.086491997762035
            ],
            [
              121.62329851118251,
              25.096928978874725
            ],
            [
              121.6154393781286,
              25.103828740447135
            ],
            [
              121.60797320172738,
              25.10675458870885
            ],
            [
              121.59746161126776,
              25.109505759462404
            ],
            [
              121.59569330633062,
              25.114178382805743
            ]
          ]
        ]
      },
      "properties": {
        "id": "63000100",
        "name": "內湖區",
        "city": "臺北市",
        "quarter": "1132",
        "age_under_1y": 109,
        "age_1_5y": 2926,
        "age_5_10y": 3239,
        "age_10_15y": 4636,
        "age_15_20y": 7735,
        "age_20_25y": 5171,
        "age_25_30y": 13442,
        "age_30_40y": 22905,
        "age_40_50y": 30807,
        "age_over_50y": 1632,
        "total": 92602,
        "old_building_count": 55344
      }
    },
    {
      "type": "Feature",
      "geometry": {
        "type": "Polygon",
        "coordinates": [
          [
            [
              121.59569330633062,
              25.114178382805743
            ],
            [
              121.60453483101628,
              25.126012783983732
            ],
            [
              121.60404363520041,
              25.13618774883418
            ],
            [
              121.5957424259122,
              25.14356787355403
            ],
            [
              121.59372852306714,
              25.150030941356032
            ],
            [
              121.58965159779542,
              25.152170740831018
            ],
            [
              121.59176373980367,
              25.157585743584047
            ],
            [
              121.58984807612177,
              25.163699456369724
            ],
            [
              121.5863605858291,
              25.16352477886156
            ],
            [
              121.57707698490916,
              25.167018329024806
            ],
            [
              121.5772734632355,
              25.16994417728652
            ],
            [
              121.58169422557833,
              25.17378708246609
            ],
            [
              121.58326605218912,
              25.177542648891578
            ],
            [
              121.58090831227294,
              25.182084264103793
            ],
            [
              121.58400284591292,
              25.18880934816804
            ],
            [
              121.58306957386276,
              25.195010399707797
            ],
            [
              121.5760945932774,
              25.19531608534708
            ],
            [
              121.56700747068382,
              25.188722009413958
            ],
            [
              121.56789162315238,
              25.183656361677254
            ],
            [
              121.56504268742033,
              25.178416036432388
            ],
            [
              121.56086752298543,
              25.17457313125282
            ],
            [
              121.56307790415686,
              25.169987846663563
            ],
            [
              121.56067104465909,
              25.162345705681467
            ],
            [
              121.55644676064261,
              25.160555261222804
            ],
            [
              121.54947178005726,
              25.149681586339707
            ],
            [
              121.54888234507821,
              25.144790616111166
            ],
            [
              121.54573869185664,
              25.141602751587207
            ],
            [
              121.54112145118746,
              25.14125339657088
            ],
            [
              121.5334587964599,
              25.137585168899477
            ],
            [
              121.53036426281992,
              25.134222626867356
            ],
            [
              121.53139577403324,
              25.12832726096688
            ],
            [
              121.52653293545613,
              25.12356729886946
            ],
            [
              121.52353664097932,
              25.117497255460826
            ],
            [
              121.52574702215074,
              25.11304297900269
            ],
            [
              121.52112978148156,
              25.108938057560877
            ],
            [
              121.51710197579142,
              25.099505472120118
            ],
            [
              121.50821133152418,
              25.095837244448713
            ],
            [
              121.49730678441186,
              25.098239060185943
            ],
            [
              121.49588231654583,
              25.11160188956035
            ],
            [
              121.48905469470525,
              25.115357455985837
            ],
            [
              121.47353290692375,
              25.110815840773622
            ],
            [
              121.46690176340951,
              25.111689228314432
            ],
            [
              121.46090917445589,
              25.11618717414961
            ],
            [
              121.45732344500004,
              25.107103943725175
            ],
            [
              121.46636144801205,
              25.101645271595107
            ],
            [
              121.48104820290656,
              25.100859222808374
            ],
            [
              121.48910381428684,
              25.096841640120644
            ],
            [
              121.4997627634912,
              25.087234377171725
            ],
            [
              121.5046747216499,
              25.07810747737025
            ],
            [
              121.51621782332286,
              25.08024727684524
            ],
            [
              121.52250512976599,
              25.07710308169832
            ],
            [
              121.52427343470312,
              25.080858648123804
            ],
            [
              121.53832163503701,
              25.09164498425282
            ],
            [
              121.54500189813284,
              25.090378572318645
            ],
            [
              121.55217335704454,
              25.09238736366251
            ],
            [
              121.55448197737913,
              25.092736718678836
            ],
            [
              121.55880450055878,
              25.09871942333339
            ],
            [
              121.56681099235746,
              25.099068778349714
            ],
            [
              121.57034760223173,
              25.105444507397632
            ],
            [
              121.57977856189643,
              25.106448903069566
            ],
            [
              121.58527995503418,
              25.108807049429757
            ],
            [
              121.58798153202146,
              25.11378535841238
            ],
            [
              121.59569330633062,
              25.114178382805743
            ]
          ]
        ]
      },
      "properties": {
        "id": "63000110",
        "name": "士林區",
        "city": "臺北市",
        "quarter": "1132",
        "age_under_1y": 351,
        "age_1_5y": 1045,
        "age_5_10y": 1700,
        "age_10_15y": 2218,
        "age_15_20y": 3976,
        "age_20_25y": 3423,
        "age_25_30y": 4663,
        "age_30_40y": 17928,
        "age_40_50y": 36290,
        "age_over_50y": 20759,
        "total": 92353,
        "old_building_count": 74977
      }
    },
    {
      "type": "Feature",
      "geometry": {
        "type": "Polygon",
        "coordinates": [
          [
            [
              121.5760945932774,
              25.19531608534708
            ],
            [
              121.57319653796378,
              25.194966730330755
            ],
            [
              121.56489532867558,
              25.20094943498531
            ],
            [
              121.56273406708574,
              25.209290286000055
            ],
            [
              121.55502229277658,
              25.208416898459244
            ],
            [
              121.55148568290232,
              25.202128508165405
            ],
            [
              121.55256631369724,
              25.198809635510322
            ],
            [
              121.54632812683569,
              25.19697552167462
            ],
            [
              121.54323359319571,
              25.19356931026546
            ],
            [
              121.542840636543,
              25.18894035629916
            ],
            [
              121.53581653637607,
              25.18666954869305
            ],
            [
              121.53336055729672,
              25.183569022923173
            ],
            [
              121.52569790256915,
              25.182782974136444
            ],
            [
              121.5217192164606,
              25.178983738333915
            ],
            [
              121.52255424934758,
              25.17470413938394
            ],
            [
              121.52004915068665,
              25.169420144762036
            ],
            [
              121.5130250505197,
              25.170948572958455
            ],
            [
              121.51042171269559,
              25.169420144762036
            ],
            [
              121.50270993838643,
              25.172782686794157
            ],
            [
              121.49740502357504,
              25.163743125746763
            ],
            [
              121.49273866332427,
              25.160773608108006
            ],
            [
              121.48645135688113,
              25.150773320765722
            ],
            [
              121.48286562742528,
              25.150205618864195
            ],
            [
              121.47196108031297,
              25.137716177030597
            ],
            [
              121.46562465428825,
              25.131558794867882
            ],
            [
              121.46454402349333,
              25.124702702672515
            ],
            [
              121.4593373478451,
              25.12190786254192
            ],
            [
              121.46090917445589,
              25.11618717414961
            ],
            [
              121.46690176340951,
              25.111689228314432
            ],
            [
              121.47353290692375,
              25.110815840773622
            ],
            [
              121.48905469470525,
              25.115357455985837
            ],
            [
              121.49588231654583,
              25.11160188956035
            ],
            [
              121.49730678441186,
              25.098239060185943
            ],
            [
              121.50821133152418,
              25.095837244448713
            ],
            [
              121.51710197579142,
              25.099505472120118
            ],
            [
              121.52112978148156,
              25.108938057560877
            ],
            [
              121.52574702215074,
              25.11304297900269
            ],
            [
              121.52353664097932,
              25.117497255460826
            ],
            [
              121.52653293545613,
              25.12356729886946
            ],
            [
              121.53139577403324,
              25.12832726096688
            ],
            [
              121.53036426281992,
              25.134222626867356
            ],
            [
              121.5334587964599,
              25.137585168899477
            ],
            [
              121.54112145118746,
              25.14125339657088
            ],
            [
              121.54573869185664,
              25.141602751587207
            ],
            [
              121.54888234507821,
              25.144790616111166
            ],
            [
              121.54947178005726,
              25.149681586339707
            ],
            [
              121.55644676064261,
              25.160555261222804
            ],
            [
              121.56067104465909,
              25.162345705681467
            ],
            [
              121.56307790415686,
              25.169987846663563
            ],
            [
              121.56086752298543,
              25.17457313125282
            ],
            [
              121.56504268742033,
              25.178416036432388
            ],
            [
              121.56789162315238,
              25.183656361677254
            ],
            [
              121.56700747068382,
              25.188722009413958
            ],
            [
              121.5760945932774,
              25.19531608534708
            ]
          ]
        ]
      },
      "properties": {
        "id": "63000120",
        "name": "北投區",
        "city": "臺北市",
        "quarter": "1132",
        "age_under_1y": 519,
        "age_1_5y": 1802,
        "age_5_10y": 3699,
        "age_10_15y": 3535,
        "age_15_20y": 4688,
        "age_20_25y": 3299,
        "age_25_30y": 6381,
        "age_30_40y": 14221,
        "age_40_50y": 30994,
        "age_over_50y": 14991,
        "total": 84129,
        "old_building_count": 60206
      }
    },
    {
      "type": "Feature",
      "geometry": {
        "type": "Polygon",
        "coordinates": [
          [
            [
              121.57142823302664,
              25.074308241567724
            ],
            [
              121.56911961269205,
              25.076186024780466
            ],
            [
              121.56322526290161,
              25.0725614664861
            ],
            [
              121.5526645528604,
              25.075618322878938
            ],
            [
              121.54878410591503,
              25.071076707666723
            ],
            [
              121.5387145916897,
              25.071295054551925
            ],
            [
              121.54431422399063,
              25.06697178622491
            ],
            [
              121.54382302817476,
              25.044918750819434
            ],
            [
              121.54406862608269,
              25.044918750819434
            ],
            [
              121.54490365896966,
              25.045049758950558
            ],
            [
              121.54726139888584,
              25.045137097704636
            ],
            [
              121.55015945419947,
              25.044787742688314
            ],
            [
              121.55114184583121,
              25.044700403934232
            ],
            [
              121.55236983537088,
              25.044569395803112
            ],
            [
              121.55300838993152,
              25.04448205704903
            ],
            [
              121.5541872598896,
              25.04443838767199
            ],
            [
              121.55472757528706,
              25.04452572642607
            ],
            [
              121.55551348859245,
              25.04474407331127
            ],
            [
              121.55738003269276,
              25.045137097704636
            ],
            [
              121.55767475018229,
              25.045224436458717
            ],
            [
              121.56926697143682,
              25.049242019146448
            ],
            [
              121.58007327938596,
              25.049460366031653
            ],
            [
              121.5799259206412,
              25.052910246817856
            ],
            [
              121.57300005963742,
              25.05173117363776
            ],
            [
              121.56956168892634,
              25.063216219799425
            ],
            [
              121.57216502675045,
              25.071469732060088
            ],
            [
              121.57142823302664,
              25.074308241567724
            ]
          ]
        ]
      },
      "properties": {
        "id": "63000010",
        "name": "松山區",
        "city": "臺北市",
        "quarter": "1141",
        "age_under_1y": 340,
        "age_1_5y": 699,
        "age_5_10y": 1365,
        "age_10_15y": 1069,
        "age_15_20y": 3676,
        "age_20_25y": 2364,
        "age_25_30y": 2737,
        "age_30_40y": 13843,
        "age_40_50y": 24375,
        "age_over_50y": 15560,
        "total": 66028,
        "old_building_count": 53778
      }
    },
    {
      "type": "Feature",
      "geometry": {
        "type": "Polygon",
        "coordinates": [
          [
            [
              121.58007327938596,
              25.049460366031653
            ],
            [
              121.56926697143682,
              25.049242019146448
            ],
            [
              121.55767475018229,
              25.045224436458717
            ],
            [
              121.55767475018229,
              25.044962420196477
            ],
            [
              121.55767475018229,
              25.04373967763934
            ],
            [
              121.5576256306007,
              25.042560604459247
            ],
            [
              121.5575765110191,
              25.04059548249242
            ],
            [
              121.5575765110191,
              25.039416409312327
            ],
            [
              121.55752739143752,
              25.037538626099582
            ],
            [
              121.55747827185594,
              25.036272214165407
            ],
            [
              121.55747827185594,
              25.036053867280202
            ],
            [
              121.55747827185594,
              25.03504947160827
            ],
            [
              121.55742915227435,
              25.034263422821542
            ],
            [
              121.55742915227435,
              25.033695720920015
            ],
            [
              121.55742915227435,
              25.033084349641445
            ],
            [
              121.55738003269276,
              25.031337574559824
            ],
            [
              121.55738003269276,
              25.03028950951085
            ],
            [
              121.55738003269276,
              25.029372452593
            ],
            [
              121.55723267394801,
              25.029154105707796
            ],
            [
              121.55698707604007,
              25.028717411937393
            ],
            [
              121.55659411938737,
              25.028106040658823
            ],
            [
              121.55639764106103,
              25.027844024396583
            ],
            [
              121.55595556482675,
              25.027407330626176
            ],
            [
              121.55575908650039,
              25.027276322495055
            ],
            [
              121.55477669486865,
              25.026359265577202
            ],
            [
              121.55369606407373,
              25.02539853928231
            ],
            [
              121.55295927034993,
              25.024699829249663
            ],
            [
              121.55389254240009,
              25.023215070430282
            ],
            [
              121.55639764106103,
              25.02085692407009
            ],
            [
              121.55674147813212,
              25.02055123843081
            ],
            [
              121.5575765110191,
              25.01976518964408
            ],
            [
              121.55821506557974,
              25.019153818365513
            ],
            [
              121.55846066348768,
              25.018935471480308
            ],
            [
              121.55900097888514,
              25.018411438955823
            ],
            [
              121.55934481595624,
              25.01810575331654
            ],
            [
              121.55993425093529,
              25.01745071266093
            ],
            [
              121.5602780880064,
              25.016970349513485
            ],
            [
              121.56052368591433,
              25.016315308857877
            ],
            [
              121.56150607754607,
              25.015267243808903
            ],
            [
              121.56204639294353,
              25.014743211284415
            ],
            [
              121.56224287126987,
              25.014481195022174
            ],
            [
              121.56283230624892,
              25.013607807481364
            ],
            [
              121.56342174122797,
              25.013171113710957
            ],
            [
              121.56342174122797,
              25.012166718039026
            ],
            [
              121.56342174122797,
              25.0118173630227
            ],
            [
              121.56347086080955,
              25.011555346760456
            ],
            [
              121.56356909997272,
              25.011336999875255
            ],
            [
              121.56504268742033,
              25.01015792669516
            ],
            [
              121.56528828532826,
              25.009983249186998
            ],
            [
              121.56568124198097,
              25.008847845383944
            ],
            [
              121.5659268398889,
              25.008105465974253
            ],
            [
              121.56597595947049,
              25.008149135351292
            ],
            [
              121.5666636336127,
              25.008323812859455
            ],
            [
              121.56715482942857,
              25.008498490367618
            ],
            [
              121.56759690566285,
              25.0088041760069
            ],
            [
              121.56774426440762,
              25.008847845383944
            ],
            [
              121.56828457980508,
              25.009066192269145
            ],
            [
              121.56853017771301,
              25.009240869777308
            ],
            [
              121.56902137352888,
              25.009590224793634
            ],
            [
              121.56936521059998,
              25.009764902301793
            ],
            [
              121.56990552599744,
              25.010594620465564
            ],
            [
              121.57000376516062,
              25.010681959219646
            ],
            [
              121.57098615679236,
              25.011118652990053
            ],
            [
              121.57123175470029,
              25.011293330498212
            ],
            [
              121.5715755917714,
              25.011555346760456
            ],
            [
              121.57187030926093,
              25.011904701776782
            ],
            [
              121.5719685484241,
              25.012341395547185
            ],
            [
              121.5719685484241,
              25.01255974243239
            ],
            [
              121.57201766800569,
              25.012778089317592
            ],
            [
              121.5723615050768,
              25.01356413810432
            ],
            [
              121.57304917921901,
              25.01325845246504
            ],
            [
              121.57324565754536,
              25.013214783087996
            ],
            [
              121.57452276666662,
              25.013171113710957
            ],
            [
              121.5753577995536,
              25.01338946059616
            ],
            [
              121.5757507562063,
              25.013826154366566
            ],
            [
              121.576143712859,
              25.01421917875993
            ],
            [
              121.57634019118534,
              25.01421917875993
            ],
            [
              121.5768805065828,
              25.01408817062881
            ],
            [
              121.5772734632355,
              25.013957162497686
            ],
            [
              121.5780102569593,
              25.013869823743605
            ],
            [
              121.58360988926022,
              25.018848132726227
            ],
            [
              121.58523083545259,
              25.024306804856298
            ],
            [
              121.59205845729318,
              25.031293905182785
            ],
            [
              121.5867044229002,
              25.041512539410274
            ],
            [
              121.58076095352817,
              25.04526810583576
            ],
            [
              121.58007327938596,
              25.049460366031653
            ]
          ]
        ]
      },
      "properties": {
        "id": "63000020",
        "name": "信義區",
        "city": "臺北市",
        "quarter": "1141",
        "age_under_1y": 459,
        "age_1_5y": 1793,
        "age_5_10y": 1074,
        "age_10_15y": 1689,
        "age_15_20y": 4083,
        "age_20_25y": 2193,
        "age_25_30y": 4337,
        "age_30_40y": 17857,
        "age_40_50y": 28297,
        "age_over_50y": 15486,
        "total": 77268,
        "old_building_count": 61640
      }
    },
    {
      "type": "Feature",
      "geometry": {
        "type": "Polygon",
        "coordinates": [
          [
            [
              121.54406862608269,
              25.044918750819434
            ],
            [
              121.54298799528777,
              25.044787742688314
            ],
            [
              121.5421038428192,
              25.044700403934232
            ],
            [
              121.54102321202429,
              25.04465673455719
            ],
            [
              121.54053201620842,
              25.04465673455719
            ],
            [
              121.53812515671066,
              25.044700403934232
            ],
            [
              121.53655333009988,
              25.04474407331127
            ],
            [
              121.53517798181544,
              25.044962420196477
            ],
            [
              121.53468678599957,
              25.045049758950558
            ],
            [
              121.53321319855196,
              25.04539911396688
            ],
            [
              121.53291848106244,
              25.044132702032705
            ],
            [
              121.53282024189926,
              25.04129419252507
            ],
            [
              121.5326728831545,
              25.033695720920015
            ],
            [
              121.5326728831545,
              25.033652051542973
            ],
            [
              121.53247640482816,
              25.033652051542973
            ],
            [
              121.52967658867769,
              25.033826729051135
            ],
            [
              121.52491198926376,
              25.035267818493473
            ],
            [
              121.52427343470312,
              25.035355157247555
            ],
            [
              121.52279984725551,
              25.032822333379205
            ],
            [
              121.52235777102123,
              25.031555921445026
            ],
            [
              121.52206305353171,
              25.029852815740448
            ],
            [
              121.5224560101844,
              25.02705797560985
            ],
            [
              121.52250512976599,
              25.02701430623281
            ],
            [
              121.52564878298756,
              25.022909384791
            ],
            [
              121.5262873375482,
              25.022341682889472
            ],
            [
              121.5266311746193,
              25.02203599725019
            ],
            [
              121.5284977187196,
              25.020376560922646
            ],
            [
              121.52923451244341,
              25.019677850889998
            ],
            [
              121.52987306700405,
              25.019066479611432
            ],
            [
              121.53021690407515,
              25.018717124595106
            ],
            [
              121.53164137194118,
              25.01736337390685
            ],
            [
              121.53223080692023,
              25.01675200262828
            ],
            [
              121.53311495938878,
              25.015922284464512
            ],
            [
              121.53390087269418,
              25.015179905054822
            ],
            [
              121.53429382934688,
              25.014786880661458
            ],
            [
              121.53586565595765,
              25.01325845246504
            ],
            [
              121.53689716717098,
              25.011555346760456
            ],
            [
              121.53704452591575,
              25.011249661121173
            ],
            [
              121.53783043922114,
              25.00854215974466
            ],
            [
              121.54495277855125,
              25.008018127220172
            ],
            [
              121.55349958574739,
              25.009240869777308
            ],
            [
              121.55850978306927,
              25.011904701776782
            ],
            [
              121.56307790415686,
              25.008018127220172
            ],
            [
              121.5659268398889,
              25.008105465974253
            ],
            [
              121.56568124198097,
              25.008847845383944
            ],
            [
              121.56528828532826,
              25.009983249186998
            ],
            [
              121.56504268742033,
              25.01015792669516
            ],
            [
              121.56356909997272,
              25.011336999875255
            ],
            [
              121.56347086080955,
              25.011555346760456
            ],
            [
              121.56342174122797,
              25.0118173630227
            ],
            [
              121.56342174122797,
              25.012166718039026
            ],
            [
              121.56342174122797,
              25.013171113710957
            ],
            [
              121.56283230624892,
              25.013607807481364
            ],
            [
              121.56224287126987,
              25.014481195022174
            ],
            [
              121.56204639294353,
              25.014743211284415
            ],
            [
              121.56150607754607,
              25.015267243808903
            ],
            [
              121.56052368591433,
              25.016315308857877
            ],
            [
              121.5602780880064,
              25.016970349513485
            ],
            [
              121.55993425093529,
              25.01745071266093
            ],
            [
              121.55934481595624,
              25.01810575331654
            ],
            [
              121.55900097888514,
              25.018411438955823
            ],
            [
              121.55846066348768,
              25.018935471480308
            ],
            [
              121.55821506557974,
              25.019153818365513
            ],
            [
              121.5575765110191,
              25.01976518964408
            ],
            [
              121.55674147813212,
              25.02055123843081
            ],
            [
              121.55639764106103,
              25.02085692407009
            ],
            [
              121.55389254240009,
              25.023215070430282
            ],
            [
              121.55295927034993,
              25.024699829249663
            ],
            [
              121.55369606407373,
              25.02539853928231
            ],
            [
              121.55477669486865,
              25.026359265577202
            ],
            [
              121.55575908650039,
              25.027276322495055
            ],
            [
              121.55595556482675,
              25.027407330626176
            ],
            [
              121.55639764106103,
              25.027844024396583
            ],
            [
              121.55659411938737,
              25.028106040658823
            ],
            [
              121.55698707604007,
              25.028717411937393
            ],
            [
              121.55723267394801,
              25.029154105707796
            ],
            [
              121.55738003269276,
              25.029372452593
            ],
            [
              121.55738003269276,
              25.03028950951085
            ],
            [
              121.55738003269276,
              25.031337574559824
            ],
            [
              121.55742915227435,
              25.033084349641445
            ],
            [
              121.55742915227435,
              25.033695720920015
            ],
            [
              121.55742915227435,
              25.034263422821542
            ],
            [
              121.55747827185594,
              25.03504947160827
            ],
            [
              121.55747827185594,
              25.036053867280202
            ],
            [
              121.55747827185594,
              25.036272214165407
            ],
            [
              121.55752739143752,
              25.037538626099582
            ],
            [
              121.5575765110191,
              25.039416409312327
            ],
            [
              121.5575765110191,
              25.04059548249242
            ],
            [
              121.5576256306007,
              25.042560604459247
            ],
            [
              121.55767475018229,
              25.04373967763934
            ],
            [
              121.55767475018229,
              25.044962420196477
            ],
            [
              121.55767475018229,
              25.045224436458717
            ],
            [
              121.55738003269276,
              25.045137097704636
            ],
            [
              121.55551348859245,
              25.04474407331127
            ],
            [
              121.55472757528706,
              25.04452572642607
            ],
            [
              121.5541872598896,
              25.04443838767199
            ],
            [
              121.55300838993152,
              25.04448205704903
            ],
            [
              121.55236983537088,
              25.044569395803112
            ],
            [
              121.55114184583121,
              25.044700403934232
            ],
            [
              121.55015945419947,
              25.044787742688314
            ],
            [
              121.54726139888584,
              25.045137097704636
            ],
            [
              121.54490365896966,
              25.045049758950558
            ],
            [
              121.54406862608269,
              25.044918750819434
            ]
          ]
        ]
      },
      "properties": {
        "id": "63000030",
        "name": "大安區",
        "city": "臺北市",
        "quarter": "1141",
        "age_under_1y": 1026,
        "age_1_5y": 1639,
        "age_5_10y": 1392,
        "age_10_15y": 1972,
        "age_15_20y": 4739,
        "age_20_25y": 2408,
        "age_25_30y": 3347,
        "age_30_40y": 23865,
        "age_40_50y": 39717,
        "age_over_50y": 18012,
        "total": 98117,
        "old_building_count": 81594
      }
    },
    {
      "type": "Feature",
      "geometry": {
        "type": "Polygon",
        "coordinates": [
          [
            [
              121.55217335704454,
              25.09238736366251
            ],
            [
              121.54500189813284,
              25.090378572318645
            ],
            [
              121.53832163503701,
              25.09164498425282
            ],
            [
              121.52427343470312,
              25.080858648123804
            ],
            [
              121.52250512976599,
              25.07710308169832
            ],
            [
              121.52044210733933,
              25.073129168387627
            ],
            [
              121.51896851989173,
              25.064657309241763
            ],
            [
              121.52049122692092,
              25.060028355275463
            ],
            [
              121.5201965094314,
              25.051119802359192
            ],
            [
              121.5186738024022,
              25.048368631605637
            ],
            [
              121.53291848106244,
              25.04548645272096
            ],
            [
              121.53321319855196,
              25.04539911396688
            ],
            [
              121.53468678599957,
              25.045049758950558
            ],
            [
              121.53517798181544,
              25.044962420196477
            ],
            [
              121.53655333009988,
              25.04474407331127
            ],
            [
              121.53812515671066,
              25.044700403934232
            ],
            [
              121.54053201620842,
              25.04465673455719
            ],
            [
              121.54102321202429,
              25.04465673455719
            ],
            [
              121.5421038428192,
              25.044700403934232
            ],
            [
              121.54298799528777,
              25.044787742688314
            ],
            [
              121.54382302817476,
              25.044918750819434
            ],
            [
              121.54431422399063,
              25.06697178622491
            ],
            [
              121.5387145916897,
              25.071295054551925
            ],
            [
              121.54878410591503,
              25.071076707666723
            ],
            [
              121.5526645528604,
              25.075618322878938
            ],
            [
              121.56322526290161,
              25.0725614664861
            ],
            [
              121.56911961269205,
              25.076186024780466
            ],
            [
              121.57142823302664,
              25.074308241567724
            ],
            [
              121.57039672181331,
              25.077059412321276
            ],
            [
              121.56499356783874,
              25.078500501763617
            ],
            [
              121.56111312089337,
              25.084308528910007
            ],
            [
              121.5534504661658,
              25.089810870417118
            ],
            [
              121.55217335704454,
              25.09238736366251
            ]
          ]
        ]
      },
      "properties": {
        "id": "63000040",
        "name": "中山區",
        "city": "臺北市",
        "quarter": "1141",
        "age_under_1y": 1060,
        "age_1_5y": 1775,
        "age_5_10y": 3083,
        "age_10_15y": 4464,
        "age_15_20y": 7821,
        "age_20_25y": 6313,
        "age_25_30y": 6302,
        "age_30_40y": 17066,
        "age_40_50y": 31980,
        "age_over_50y": 16751,
        "total": 96615,
        "old_building_count": 65797
      }
    },
    {
      "type": "Feature",
      "geometry": {
        "type": "Polygon",
        "coordinates": [
          [
            [
              121.5186738024022,
              25.048368631605637
            ],
            [
              121.51066731060352,
              25.048324962228598
            ],
            [
              121.5096357993902,
              25.047320566556664
            ],
            [
              121.50418352583404,
              25.029896485117487
            ],
            [
              121.51238649595906,
              25.021730311610906
            ],
            [
              121.52112978148156,
              25.01810575331654
            ],
            [
              121.52574702215074,
              25.01186103239974
            ],
            [
              121.53183785026752,
              25.00867316787578
            ],
            [
              121.5319360894307,
              25.00871683725282
            ],
            [
              121.53218168733864,
              25.008891514760982
            ],
            [
              121.53252552440973,
              25.009066192269145
            ],
            [
              121.5334587964599,
              25.009590224793634
            ],
            [
              121.53390087269418,
              25.009852241055874
            ],
            [
              121.5341955901837,
              25.010026918564037
            ],
            [
              121.5349323839075,
              25.010507281711483
            ],
            [
              121.53527622097862,
              25.010725628596685
            ],
            [
              121.53586565595765,
              25.01103131423597
            ],
            [
              121.53625861261035,
              25.011118652990053
            ],
            [
              121.53665156926304,
              25.01120599174413
            ],
            [
              121.53689716717098,
              25.011555346760456
            ],
            [
              121.53586565595765,
              25.01325845246504
            ],
            [
              121.53429382934688,
              25.014786880661458
            ],
            [
              121.53390087269418,
              25.015179905054822
            ],
            [
              121.53311495938878,
              25.015922284464512
            ],
            [
              121.53223080692023,
              25.01675200262828
            ],
            [
              121.53164137194118,
              25.01736337390685
            ],
            [
              121.53021690407515,
              25.018717124595106
            ],
            [
              121.52987306700405,
              25.019066479611432
            ],
            [
              121.52923451244341,
              25.019677850889998
            ],
            [
              121.5284977187196,
              25.020376560922646
            ],
            [
              121.5266311746193,
              25.02203599725019
            ],
            [
              121.5262873375482,
              25.022341682889472
            ],
            [
              121.52564878298756,
              25.022909384791
            ],
            [
              121.52250512976599,
              25.02701430623281
            ],
            [
              121.5224560101844,
              25.02705797560985
            ],
            [
              121.52206305353171,
              25.029852815740448
            ],
            [
              121.52235777102123,
              25.031555921445026
            ],
            [
              121.52279984725551,
              25.032822333379205
            ],
            [
              121.52427343470312,
              25.035355157247555
            ],
            [
              121.52491198926376,
              25.035267818493473
            ],
            [
              121.52967658867769,
              25.033826729051135
            ],
            [
              121.53247640482816,
              25.033652051542973
            ],
            [
              121.5326728831545,
              25.033652051542973
            ],
            [
              121.5326728831545,
              25.033695720920015
            ],
            [
              121.53282024189926,
              25.04129419252507
            ],
            [
              121.53291848106244,
              25.044132702032705
            ],
            [
              121.53291848106244,
              25.04548645272096
            ],
            [
              121.5186738024022,
              25.048368631605637
            ]
          ]
        ]
      },
      "properties": {
        "id": "63000050",
        "name": "中正區",
        "city": "臺北市",
        "quarter": "1141",
        "age_under_1y": 676,
        "age_1_5y": 1255,
        "age_5_10y": 2227,
        "age_10_15y": 2183,
        "age_15_20y": 4120,
        "age_20_25y": 2059,
        "age_25_30y": 2336,
        "age_30_40y": 8386,
        "age_40_50y": 16634,
        "age_over_50y": 12953,
        "total": 52829,
        "old_building_count": 37973
      }
    },
    {
      "type": "Feature",
      "geometry": {
        "type": "Polygon",
        "coordinates": [
          [
            [
              121.52250512976599,
              25.07710308169832
            ],
            [
              121.51621782332286,
              25.08024727684524
            ],
            [
              121.5046747216499,
              25.07810747737025
            ],
            [
              121.50703246156608,
              25.06989763448663
            ],
            [
              121.50560799370007,
              25.060770734685153
            ],
            [
              121.5061974286791,
              25.053652626227546
            ],
            [
              121.50462560206833,
              25.049766051670936
            ],
            [
              121.51066731060352,
              25.048324962228598
            ],
            [
              121.5186738024022,
              25.048368631605637
            ],
            [
              121.5201965094314,
              25.051119802359192
            ],
            [
              121.52049122692092,
              25.060028355275463
            ],
            [
              121.51896851989173,
              25.064657309241763
            ],
            [
              121.52044210733933,
              25.073129168387627
            ],
            [
              121.52250512976599,
              25.07710308169832
            ]
          ]
        ]
      },
      "properties": {
        "id": "63000060",
        "name": "大同區",
        "city": "臺北市",
        "quarter": "1141",
        "age_under_1y": 517,
        "age_1_5y": 2867,
        "age_5_10y": 1384,
        "age_10_15y": 3283,
        "age_15_20y": 2377,
        "age_20_25y": 1094,
        "age_25_30y": 2605,
        "age_30_40y": 5895,
        "age_40_50y": 12863,
        "age_over_50y": 13596,
        "total": 46481,
        "old_building_count": 32354
      }
    },
    {
      "type": "Feature",
      "geometry": {
        "type": "Polygon",
        "coordinates": [
          [
            [
              121.51066731060352,
              25.048324962228598
            ],
            [
              121.50462560206833,
              25.049766051670936
            ],
            [
              121.50133459010199,
              25.045966815868407
            ],
            [
              121.4956367186379,
              25.04295362885261
            ],
            [
              121.48880909679731,
              25.042560604459247
            ],
            [
              121.48365154073068,
              25.035311487870516
            ],
            [
              121.48880909679731,
              25.023346078561403
            ],
            [
              121.48875997721572,
              25.015310913185942
            ],
            [
              121.4926404241611,
              25.00954655541659
            ],
            [
              121.50025395930709,
              25.01194837115382
            ],
            [
              121.50614830909753,
              25.018804463349188
            ],
            [
              121.51238649595906,
              25.021730311610906
            ],
            [
              121.50418352583404,
              25.029896485117487
            ],
            [
              121.5096357993902,
              25.047320566556664
            ],
            [
              121.51066731060352,
              25.048324962228598
            ]
          ]
        ]
      },
      "properties": {
        "id": "63000070",
        "name": "萬華區",
        "city": "臺北市",
        "quarter": "1141",
        "age_under_1y": 792,
        "age_1_5y": 1384,
        "age_5_10y": 3052,
        "age_10_15y": 2354,
        "age_15_20y": 2325,
        "age_20_25y": 1592,
        "age_25_30y": 2646,
        "age_30_40y": 9937,
        "age_40_50y": 26012,
        "age_over_50y": 20244,
        "total": 70338,
        "old_building_count": 56193
      }
    },
    {
      "type": "Feature",
      "geometry": {
        "type": "Polygon",
        "coordinates": [
          [
            [
              121.5972651329414,
              25.014393856268093
            ],
            [
              121.59613538256491,
              25.01496155816962
            ],
            [
              121.59588978465698,
              25.01509256630074
            ],
            [
              121.5957915454938,
              25.015223574431865
            ],
            [
              121.59544770842268,
              25.015485590694105
            ],
            [
              121.59525123009634,
              25.015529260071148
            ],
            [
              121.59407236013826,
              25.015136235677783
            ],
            [
              121.59367940348555,
              25.014699541907376
            ],
            [
              121.59318820766968,
              25.014524864399213
            ],
            [
              121.59220581603795,
              25.014743211284415
            ],
            [
              121.59151814189573,
              25.014699541907376
            ],
            [
              121.59141990273255,
              25.014481195022174
            ],
            [
              121.5912725439878,
              25.01426284813697
            ],
            [
              121.58989719570336,
              25.013869823743605
            ],
            [
              121.58965159779542,
              25.013826154366566
            ],
            [
              121.58866920616369,
              25.013695146235445
            ],
            [
              121.58793241243987,
              25.0134331299732
            ],
            [
              121.5878341732767,
              25.01338946059616
            ],
            [
              121.58655706415544,
              25.01338946059616
            ],
            [
              121.5855746725237,
              25.01334579121912
            ],
            [
              121.58508347670784,
              25.013127444333918
            ],
            [
              121.58395372633133,
              25.013083774956876
            ],
            [
              121.58208718223102,
              25.01247240367831
            ],
            [
              121.58174334515991,
              25.01247240367831
            ],
            [
              121.58110479059928,
              25.01247240367831
            ],
            [
              121.58090831227294,
              25.012428734301267
            ],
            [
              121.58076095352817,
              25.012297726170146
            ],
            [
              121.58046623603865,
              25.012210387416065
            ],
            [
              121.58036799687548,
              25.012254056793104
            ],
            [
              121.5802697577123,
              25.012341395547185
            ],
            [
              121.57997504022278,
              25.01247240367831
            ],
            [
              121.57923824649897,
              25.013040105579837
            ],
            [
              121.5787961702647,
              25.01334579121912
            ],
            [
              121.57864881151993,
              25.01347679935024
            ],
            [
              121.5780102569593,
              25.013869823743605
            ],
            [
              121.5772734632355,
              25.013957162497686
            ],
            [
              121.5768805065828,
              25.01408817062881
            ],
            [
              121.57634019118534,
              25.01421917875993
            ],
            [
              121.576143712859,
              25.01421917875993
            ],
            [
              121.5757507562063,
              25.013826154366566
            ],
            [
              121.5753577995536,
              25.01338946059616
            ],
            [
              121.57452276666662,
              25.013171113710957
            ],
            [
              121.57324565754536,
              25.013214783087996
            ],
            [
              121.57304917921901,
              25.01325845246504
            ],
            [
              121.5723615050768,
              25.01356413810432
            ],
            [
              121.57201766800569,
              25.012778089317592
            ],
            [
              121.5719685484241,
              25.01255974243239
            ],
            [
              121.5719685484241,
              25.012341395547185
            ],
            [
              121.57187030926093,
              25.011904701776782
            ],
            [
              121.5715755917714,
              25.011555346760456
            ],
            [
              121.57123175470029,
              25.011293330498212
            ],
            [
              121.57098615679236,
              25.011118652990053
            ],
            [
              121.57000376516062,
              25.010681959219646
            ],
            [
              121.56990552599744,
              25.010594620465564
            ],
            [
              121.56936521059998,
              25.009764902301793
            ],
            [
              121.56902137352888,
              25.009590224793634
            ],
            [
              121.56853017771301,
              25.009240869777308
            ],
            [
              121.56828457980508,
              25.009066192269145
            ],
            [
              121.56774426440762,
              25.008847845383944
            ],
            [
              121.56759690566285,
              25.0088041760069
            ],
            [
              121.56715482942857,
              25.008498490367618
            ],
            [
              121.5666636336127,
              25.008323812859455
            ],
            [
              121.56597595947049,
              25.008149135351292
            ],
            [
              121.5659268398889,
              25.008105465974253
            ],
            [
              121.56307790415686,
              25.008018127220172
            ],
            [
              121.55850978306927,
              25.011904701776782
            ],
            [
              121.55349958574739,
              25.009240869777308
            ],
            [
              121.54495277855125,
              25.008018127220172
            ],
            [
              121.53783043922114,
              25.00854215974466
            ],
            [
              121.53704452591575,
              25.011249661121173
            ],
            [
              121.53665156926304,
              25.01120599174413
            ],
            [
              121.53625861261035,
              25.011118652990053
            ],
            [
              121.53586565595765,
              25.01103131423597
            ],
            [
              121.53527622097862,
              25.010725628596685
            ],
            [
              121.5349323839075,
              25.010507281711483
            ],
            [
              121.5341955901837,
              25.010026918564037
            ],
            [
              121.53390087269418,
              25.009852241055874
            ],
            [
              121.5334587964599,
              25.009590224793634
            ],
            [
              121.53252552440973,
              25.009066192269145
            ],
            [
              121.53218168733864,
              25.008891514760982
            ],
            [
              121.5319360894307,
              25.00871683725282
            ],
            [
              121.53183785026752,
              25.00867316787578
            ],
            [
              121.53385175311259,
              25.003607520139077
            ],
            [
              121.53051162156467,
              24.998017839877885
            ],
            [
              121.53164137194118,
              24.994742636599845
            ],
            [
              121.53625861261035,
              24.994087595944237
            ],
            [
              121.5368480475894,
              24.98871626256825
            ],
            [
              121.54387214775633,
              24.988279568797847
            ],
            [
              121.54485453938808,
              24.98378162296267
            ],
            [
              121.55389254240009,
              24.984349324864194
            ],
            [
              121.55305750951311,
              24.98076843594687
            ],
            [
              121.56121136005655,
              24.96469810519595
            ],
            [
              121.57295094005585,
              24.964130403294423
            ],
            [
              121.57864881151993,
              24.966575888408695
            ],
            [
              121.58572203126846,
              24.96321334637657
            ],
            [
              121.59338468599603,
              24.964217742048504
            ],
            [
              121.59706865461506,
              24.960505845000057
            ],
            [
              121.60846439754324,
              24.96321334637657
            ],
            [
              121.61367107319147,
              24.96644488027757
            ],
            [
              121.6196145425635,
              24.96714359031022
            ],
            [
              121.6191724663292,
              24.970593471096425
            ],
            [
              121.6112642136937,
              24.974611053784155
            ],
            [
              121.60512426599533,
              24.974436376275992
            ],
            [
              121.60016318825504,
              24.976925530767303
            ],
            [
              121.59986847076551,
              24.986489124339183
            ],
            [
              121.60188237361058,
              24.99046303764987
            ],
            [
              121.59814928540997,
              24.9944806203376
            ],
            [
              121.60055614490774,
              25.0007253412544
            ],
            [
              121.59564418674904,
              25.00714473967936
            ],
            [
              121.5972651329414,
              25.014393856268093
            ]
          ]
        ]
      },
      "properties": {
        "id": "63000080",
        "name": "文山區",
        "city": "臺北市",
        "quarter": "1141",
        "age_under_1y": 1379,
        "age_1_5y": 1750,
        "age_5_10y": 4163,
        "age_10_15y": 5086,
        "age_15_20y": 5490,
        "age_20_25y": 4368,
        "age_25_30y": 15861,
        "age_30_40y": 12227,
        "age_40_50y": 34345,
        "age_over_50y": 9682,
        "total": 94351,
        "old_building_count": 56254
      }
    },
    {
      "type": "Feature",
      "geometry": {
        "type": "Polygon",
        "coordinates": [
          [
            [
              121.61612705227081,
              25.063914929832073
            ],
            [
              121.61268868155972,
              25.064307954225438
            ],
            [
              121.60802232130897,
              25.059941016521382
            ],
            [
              121.59623362172808,
              25.058499927079044
            ],
            [
              121.59250053352747,
              25.0596353308821
            ],
            [
              121.58798153202146,
              25.055486740063248
            ],
            [
              121.5799259206412,
              25.052910246817856
            ],
            [
              121.58007327938596,
              25.049460366031653
            ],
            [
              121.58076095352817,
              25.04526810583576
            ],
            [
              121.5867044229002,
              25.041512539410274
            ],
            [
              121.59205845729318,
              25.031293905182785
            ],
            [
              121.58523083545259,
              25.024306804856298
            ],
            [
              121.58360988926022,
              25.018848132726227
            ],
            [
              121.5780102569593,
              25.013869823743605
            ],
            [
              121.57864881151993,
              25.01347679935024
            ],
            [
              121.5787961702647,
              25.01334579121912
            ],
            [
              121.57923824649897,
              25.013040105579837
            ],
            [
              121.57997504022278,
              25.01247240367831
            ],
            [
              121.5802697577123,
              25.012341395547185
            ],
            [
              121.58036799687548,
              25.012254056793104
            ],
            [
              121.58046623603865,
              25.012210387416065
            ],
            [
              121.58076095352817,
              25.012297726170146
            ],
            [
              121.58090831227294,
              25.012428734301267
            ],
            [
              121.58110479059928,
              25.01247240367831
            ],
            [
              121.58174334515991,
              25.01247240367831
            ],
            [
              121.58208718223102,
              25.01247240367831
            ],
            [
              121.58395372633133,
              25.013083774956876
            ],
            [
              121.58508347670784,
              25.013127444333918
            ],
            [
              121.5855746725237,
              25.01334579121912
            ],
            [
              121.58655706415544,
              25.01338946059616
            ],
            [
              121.5878341732767,
              25.01338946059616
            ],
            [
              121.58793241243987,
              25.0134331299732
            ],
            [
              121.58866920616369,
              25.013695146235445
            ],
            [
              121.58965159779542,
              25.013826154366566
            ],
            [
              121.58989719570336,
              25.013869823743605
            ],
            [
              121.5912725439878,
              25.01426284813697
            ],
            [
              121.59141990273255,
              25.014481195022174
            ],
            [
              121.59151814189573,
              25.014699541907376
            ],
            [
              121.59220581603795,
              25.014743211284415
            ],
            [
              121.59318820766968,
              25.014524864399213
            ],
            [
              121.59367940348555,
              25.014699541907376
            ],
            [
              121.59407236013826,
              25.015136235677783
            ],
            [
              121.59525123009634,
              25.015529260071148
            ],
            [
              121.59544770842268,
              25.015485590694105
            ],
            [
              121.5957915454938,
              25.015223574431865
            ],
            [
              121.59588978465698,
              25.01509256630074
            ],
            [
              121.59613538256491,
              25.01496155816962
            ],
            [
              121.5972651329414,
              25.014393856268093
            ],
            [
              121.60271740649756,
              25.015136235677783
            ],
            [
              121.60414187436359,
              25.01911014898847
            ],
            [
              121.60870999545118,
              25.02050756905377
            ],
            [
              121.62246347829554,
              25.01736337390685
            ],
            [
              121.6289963826466,
              25.01998353652928
            ],
            [
              121.6309120463285,
              25.0247434986267
            ],
            [
              121.63567664574244,
              25.023215070430282
            ],
            [
              121.6429954633989,
              25.02456882111854
            ],
            [
              121.64702326908903,
              25.021861319742026
            ],
            [
              121.64992132440267,
              25.023957449839973
            ],
            [
              121.66406776389972,
              25.023171401053244
            ],
            [
              121.66593430800003,
              25.029896485117487
            ],
            [
              121.6607767519334,
              25.030464187019014
            ],
            [
              121.65679806582484,
              25.02793136315066
            ],
            [
              121.6502160418922,
              25.027625677511377
            ],
            [
              121.64402697461223,
              25.029896485117487
            ],
            [
              121.63287682959198,
              25.035835520395
            ],
            [
              121.62531241402759,
              25.037669634230703
            ],
            [
              121.62192316289809,
              25.040071449967932
            ],
            [
              121.61647088934193,
              25.048150284720435
            ],
            [
              121.62103901042951,
              25.053696295604585
            ],
            [
              121.62162844540856,
              25.060334040914746
            ],
            [
              121.61612705227081,
              25.063914929832073
            ]
          ]
        ]
      },
      "properties": {
        "id": "63000090",
        "name": "南港區",
        "city": "臺北市",
        "quarter": "1141",
        "age_under_1y": 1274,
        "age_1_5y": 1784,
        "age_5_10y": 834,
        "age_10_15y": 3579,
        "age_15_20y": 4083,
        "age_20_25y": 1463,
        "age_25_30y": 3723,
        "age_30_40y": 5117,
        "age_40_50y": 14954,
        "age_over_50y": 4118,
        "total": 40929,
        "old_building_count": 24189
      }
    },
    {
      "type": "Feature",
      "geometry": {
        "type": "Polygon",
        "coordinates": [
          [
            [
              121.59569330633062,
              25.114178382805743
            ],
            [
              121.58798153202146,
              25.11378535841238
            ],
            [
              121.58527995503418,
              25.108807049429757
            ],
            [
              121.57977856189643,
              25.106448903069566
            ],
            [
              121.57034760223173,
              25.105444507397632
            ],
            [
              121.56681099235746,
              25.099068778349714
            ],
            [
              121.55880450055878,
              25.09871942333339
            ],
            [
              121.55448197737913,
              25.092736718678836
            ],
            [
              121.55217335704454,
              25.09238736366251
            ],
            [
              121.5534504661658,
              25.089810870417118
            ],
            [
              121.56111312089337,
              25.084308528910007
            ],
            [
              121.56499356783874,
              25.078500501763617
            ],
            [
              121.57039672181331,
              25.077059412321276
            ],
            [
              121.57142823302664,
              25.074308241567724
            ],
            [
              121.57216502675045,
              25.071469732060088
            ],
            [
              121.56956168892634,
              25.063216219799425
            ],
            [
              121.57300005963742,
              25.05173117363776
            ],
            [
              121.5799259206412,
              25.052910246817856
            ],
            [
              121.58798153202146,
              25.055486740063248
            ],
            [
              121.59250053352747,
              25.0596353308821
            ],
            [
              121.59623362172808,
              25.058499927079044
            ],
            [
              121.60802232130897,
              25.059941016521382
            ],
            [
              121.61268868155972,
              25.064307954225438
            ],
            [
              121.61612705227081,
              25.063914929832073
            ],
            [
              121.62148108666379,
              25.069548279470304
            ],
            [
              121.62433002239584,
              25.0804219543534
            ],
            [
              121.62860342599392,
              25.086491997762035
            ],
            [
              121.62329851118251,
              25.096928978874725
            ],
            [
              121.6154393781286,
              25.103828740447135
            ],
            [
              121.60797320172738,
              25.10675458870885
            ],
            [
              121.59746161126776,
              25.109505759462404
            ],
            [
              121.59569330633062,
              25.114178382805743
            ]
          ]
        ]
      },
      "properties": {
        "id": "63000100",
        "name": "內湖區",
        "city": "臺北市",
        "quarter": "1141",
        "age_under_1y": 411,
        "age_1_5y": 2925,
        "age_5_10y": 3246,
        "age_10_15y": 4635,
        "age_15_20y": 7738,
        "age_20_25y": 5181,
        "age_25_30y": 13448,
        "age_30_40y": 22753,
        "age_40_50y": 30806,
        "age_over_50y": 1627,
        "total": 92770,
        "old_building_count": 55186
      }
    },
    {
      "type": "Feature",
      "geometry": {
        "type": "Polygon",
        "coordinates": [
          [
            [
              121.59569330633062,
              25.114178382805743
            ],
            [
              121.60453483101628,
              25.126012783983732
            ],
            [
              121.60404363520041,
              25.13618774883418
            ],
            [
              121.5957424259122,
              25.14356787355403
            ],
            [
              121.59372852306714,
              25.150030941356032
            ],
            [
              121.58965159779542,
              25.152170740831018
            ],
            [
              121.59176373980367,
              25.157585743584047
            ],
            [
              121.58984807612177,
              25.163699456369724
            ],
            [
              121.5863605858291,
              25.16352477886156
            ],
            [
              121.57707698490916,
              25.167018329024806
            ],
            [
              121.5772734632355,
              25.16994417728652
            ],
            [
              121.58169422557833,
              25.17378708246609
            ],
            [
              121.58326605218912,
              25.177542648891578
            ],
            [
              121.58090831227294,
              25.182084264103793
            ],
            [
              121.58400284591292,
              25.18880934816804
            ],
            [
              121.58306957386276,
              25.195010399707797
            ],
            [
              121.5760945932774,
              25.19531608534708
            ],
            [
              121.56700747068382,
              25.188722009413958
            ],
            [
              121.56789162315238,
              25.183656361677254
            ],
            [
              121.56504268742033,
              25.178416036432388
            ],
            [
              121.56086752298543,
              25.17457313125282
            ],
            [
              121.56307790415686,
              25.169987846663563
            ],
            [
              121.56067104465909,
              25.162345705681467
            ],
            [
              121.55644676064261,
              25.160555261222804
            ],
            [
              121.54947178005726,
              25.149681586339707
            ],
            [
              121.54888234507821,
              25.144790616111166
            ],
            [
              121.54573869185664,
              25.141602751587207
            ],
            [
              121.54112145118746,
              25.14125339657088
            ],
            [
              121.5334587964599,
              25.137585168899477
            ],
            [
              121.53036426281992,
              25.134222626867356
            ],
            [
              121.53139577403324,
              25.12832726096688
            ],
            [
              121.52653293545613,
              25.12356729886946
            ],
            [
              121.52353664097932,
              25.117497255460826
            ],
            [
              121.52574702215074,
              25.11304297900269
            ],
            [
              121.52112978148156,
              25.108938057560877
            ],
            [
              121.51710197579142,
              25.099505472120118
            ],
            [
              121.50821133152418,
              25.095837244448713
            ],
            [
              121.49730678441186,
              25.098239060185943
            ],
            [
              121.49588231654583,
              25.11160188956035
            ],
            [
              121.48905469470525,
              25.115357455985837
            ],
            [
              121.47353290692375,
              25.110815840773622
            ],
            [
              121.46690176340951,
              25.111689228314432
            ],
            [
              121.46090917445589,
              25.11618717414961
            ],
            [
              121.45732344500004,
              25.107103943725175
            ],
            [
              121.46636144801205,
              25.101645271595107
            ],
            [
              121.48104820290656,
              25.100859222808374
            ],
            [
              121.48910381428684,
              25.096841640120644
            ],
            [
              121.4997627634912,
              25.087234377171725
            ],
            [
              121.5046747216499,
              25.07810747737025
            ],
            [
              121.51621782332286,
              25.08024727684524
            ],
            [
              121.52250512976599,
              25.07710308169832
            ],
            [
              121.52427343470312,
              25.080858648123804
            ],
            [
              121.53832163503701,
              25.09164498425282
            ],
            [
              121.54500189813284,
              25.090378572318645
            ],
            [
              121.55217335704454,
              25.09238736366251
            ],
            [
              121.55448197737913,
              25.092736718678836
            ],
            [
              121.55880450055878,
              25.09871942333339
            ],
            [
              121.56681099235746,
              25.099068778349714
            ],
            [
              121.57034760223173,
              25.105444507397632
            ],
            [
              121.57977856189643,
              25.106448903069566
            ],
            [
              121.58527995503418,
              25.108807049429757
            ],
            [
              121.58798153202146,
              25.11378535841238
            ],
            [
              121.59569330633062,
              25.114178382805743
            ]
          ]
        ]
      },
      "properties": {
        "id": "63000110",
        "name": "士林區",
        "city": "臺北市",
        "quarter": "1141",
        "age_under_1y": 925,
        "age_1_5y": 1030,
        "age_5_10y": 1722,
        "age_10_15y": 2216,
        "age_15_20y": 3982,
        "age_20_25y": 3428,
        "age_25_30y": 4659,
        "age_30_40y": 17913,
        "age_40_50y": 36279,
        "age_over_50y": 20638,
        "total": 92792,
        "old_building_count": 74830
      }
    },
    {
      "type": "Feature",
      "geometry": {
        "type": "Polygon",
        "coordinates": [
          [
            [
              121.5760945932774,
              25.19531608534708
            ],
            [
              121.57319653796378,
              25.194966730330755
            ],
            [
              121.56489532867558,
              25.20094943498531
            ],
            [
              121.56273406708574,
              25.209290286000055
            ],
            [
              121.55502229277658,
              25.208416898459244
            ],
            [
              121.55148568290232,
              25.202128508165405
            ],
            [
              121.55256631369724,
              25.198809635510322
            ],
            [
              121.54632812683569,
              25.19697552167462
            ],
            [
              121.54323359319571,
              25.19356931026546
            ],
            [
              121.542840636543,
              25.18894035629916
            ],
            [
              121.53581653637607,
              25.18666954869305
            ],
            [
              121.53336055729672,
              25.183569022923173
            ],
            [
              121.52569790256915,
              25.182782974136444
            ],
            [
              121.5217192164606,
              25.178983738333915
            ],
            [
              121.52255424934758,
              25.17470413938394
            ],
            [
              121.52004915068665,
              25.169420144762036
            ],
            [
              121.5130250505197,
              25.170948572958455
            ],
            [
              121.51042171269559,
              25.169420144762036
            ],
            [
              121.50270993838643,
              25.172782686794157
            ],
            [
              121.49740502357504,
              25.163743125746763
            ],
            [
              121.49273866332427,
              25.160773608108006
            ],
            [
              121.48645135688113,
              25.150773320765722
            ],
            [
              121.48286562742528,
              25.150205618864195
            ],
            [
              121.47196108031297,
              25.137716177030597
            ],
            [
              121.46562465428825,
              25.131558794867882
            ],
            [
              121.46454402349333,
              25.124702702672515
            ],
            [
              121.4593373478451,
              25.12190786254192
            ],
            [
              121.46090917445589,
              25.11618717414961
            ],
            [
              121.46690176340951,
              25.111689228314432
            ],
            [
              121.47353290692375,
              25.110815840773622
            ],
            [
              121.48905469470525,
              25.115357455985837
            ],
            [
              121.49588231654583,
              25.11160188956035
            ],
            [
              121.49730678441186,
              25.098239060185943
            ],
            [
              121.50821133152418,
              25.095837244448713
            ],
            [
              121.51710197579142,
              25.099505472120118
            ],
            [
              121.52112978148156,
              25.108938057560877
            ],
            [
              121.52574702215074,
              25.11304297900269
            ],
            [
              121.52353664097932,
              25.117497255460826
            ],
            [
              121.52653293545613,
              25.12356729886946
            ],
            [
              121.53139577403324,
              25.12832726096688
            ],
            [
              121.53036426281992,
              25.134222626867356
            ],
            [
              121.5334587964599,
              25.137585168899477
            ],
            [
              121.54112145118746,
              25.14125339657088
            ],
            [
              121.54573869185664,
              25.141602751587207
            ],
            [
              121.54888234507821,
              25.144790616111166
            ],
            [
              121.54947178005726,
              25.149681586339707
            ],
            [
              121.55644676064261,
              25.160555261222804
            ],
            [
              121.56067104465909,
              25.162345705681467
            ],
            [
              121.56307790415686,
              25.169987846663563
            ],
            [
              121.56086752298543,
              25.17457313125282
            ],
            [
              121.56504268742033,
              25.178416036432388
            ],
            [
              121.56789162315238,
              25.183656361677254
            ],
            [
              121.56700747068382,
              25.188722009413958
            ],
            [
              121.5760945932774,
              25.19531608534708
            ]
          ]
        ]
      },
      "properties": {
        "id": "63000120",
        "name": "北投區",
        "city": "臺北市",
        "quarter": "1141",
        "age_under_1y": 1011,
        "age_1_5y": 1802,
        "age_5_10y": 3696,
        "age_10_15y": 3536,
        "age_15_20y": 4693,
        "age_20_25y": 3297,
        "age_25_30y": 6376,
        "age_30_40y": 14218,
        "age_40_50y": 30978,
        "age_over_50y": 14953,
        "total": 84560,
        "old_building_count": 60149
      }
    },
    {
      "type": "Feature",
      "geometry": {
        "type": "Polygon",
        "coordinates": [
          [
            [
              121.57142823302664,
              25.074308241567724
            ],
            [
              121.56911961269205,
              25.076186024780466
            ],
            [
              121.56322526290161,
              25.0725614664861
            ],
            [
              121.5526645528604,
              25.075618322878938
            ],
            [
              121.54878410591503,
              25.071076707666723
            ],
            [
              121.5387145916897,
              25.071295054551925
            ],
            [
              121.54431422399063,
              25.06697178622491
            ],
            [
              121.54382302817476,
              25.044918750819434
            ],
            [
              121.54406862608269,
              25.044918750819434
            ],
            [
              121.54490365896966,
              25.045049758950558
            ],
            [
              121.54726139888584,
              25.045137097704636
            ],
            [
              121.55015945419947,
              25.044787742688314
            ],
            [
              121.55114184583121,
              25.044700403934232
            ],
            [
              121.55236983537088,
              25.044569395803112
            ],
            [
              121.55300838993152,
              25.04448205704903
            ],
            [
              121.5541872598896,
              25.04443838767199
            ],
            [
              121.55472757528706,
              25.04452572642607
            ],
            [
              121.55551348859245,
              25.04474407331127
            ],
            [
              121.55738003269276,
              25.045137097704636
            ],
            [
              121.55767475018229,
              25.045224436458717
            ],
            [
              121.56926697143682,
              25.049242019146448
            ],
            [
              121.58007327938596,
              25.049460366031653
            ],
            [
              121.5799259206412,
              25.052910246817856
            ],
            [
              121.57300005963742,
              25.05173117363776
            ],
            [
              121.56956168892634,
              25.063216219799425
            ],
            [
              121.57216502675045,
              25.071469732060088
            ],
            [
              121.57142823302664,
              25.074308241567724
            ]
          ]
        ]
      },
      "properties": {
        "id": "63000010",
        "name": "松山區",
        "city": "臺北市",
        "quarter": "1142",
        "age_under_1y": 230,
        "age_1_5y": 756,
        "age_5_10y": 1262,
        "age_10_15y": 929,
        "age_15_20y": 3252,
        "age_20_25y": 2687,
        "age_25_30y": 2478,
        "age_30_40y": 12365,
        "age_40_50y": 23077,
        "age_over_50y": 18733,
        "total": 65769,
        "old_building_count": 54175
      }
    },
    {
      "type": "Feature",
      "geometry": {
        "type": "Polygon",
        "coordinates": [
          [
            [
              121.58007327938596,
              25.049460366031653
            ],
            [
              121.56926697143682,
              25.049242019146448
            ],
            [
              121.55767475018229,
              25.045224436458717
            ],
            [
              121.55767475018229,
              25.044962420196477
            ],
            [
              121.55767475018229,
              25.04373967763934
            ],
            [
              121.5576256306007,
              25.042560604459247
            ],
            [
              121.5575765110191,
              25.04059548249242
            ],
            [
              121.5575765110191,
              25.039416409312327
            ],
            [
              121.55752739143752,
              25.037538626099582
            ],
            [
              121.55747827185594,
              25.036272214165407
            ],
            [
              121.55747827185594,
              25.036053867280202
            ],
            [
              121.55747827185594,
              25.03504947160827
            ],
            [
              121.55742915227435,
              25.034263422821542
            ],
            [
              121.55742915227435,
              25.033695720920015
            ],
            [
              121.55742915227435,
              25.033084349641445
            ],
            [
              121.55738003269276,
              25.031337574559824
            ],
            [
              121.55738003269276,
              25.03028950951085
            ],
            [
              121.55738003269276,
              25.029372452593
            ],
            [
              121.55723267394801,
              25.029154105707796
            ],
            [
              121.55698707604007,
              25.028717411937393
            ],
            [
              121.55659411938737,
              25.028106040658823
            ],
            [
              121.55639764106103,
              25.027844024396583
            ],
            [
              121.55595556482675,
              25.027407330626176
            ],
            [
              121.55575908650039,
              25.027276322495055
            ],
            [
              121.55477669486865,
              25.026359265577202
            ],
            [
              121.55369606407373,
              25.02539853928231
            ],
            [
              121.55295927034993,
              25.024699829249663
            ],
            [
              121.55389254240009,
              25.023215070430282
            ],
            [
              121.55639764106103,
              25.02085692407009
            ],
            [
              121.55674147813212,
              25.02055123843081
            ],
            [
              121.5575765110191,
              25.01976518964408
            ],
            [
              121.55821506557974,
              25.019153818365513
            ],
            [
              121.55846066348768,
              25.018935471480308
            ],
            [
              121.55900097888514,
              25.018411438955823
            ],
            [
              121.55934481595624,
              25.01810575331654
            ],
            [
              121.55993425093529,
              25.01745071266093
            ],
            [
              121.5602780880064,
              25.016970349513485
            ],
            [
              121.56052368591433,
              25.016315308857877
            ],
            [
              121.56150607754607,
              25.015267243808903
            ],
            [
              121.56204639294353,
              25.014743211284415
            ],
            [
              121.56224287126987,
              25.014481195022174
            ],
            [
              121.56283230624892,
              25.013607807481364
            ],
            [
              121.56342174122797,
              25.013171113710957
            ],
            [
              121.56342174122797,
              25.012166718039026
            ],
            [
              121.56342174122797,
              25.0118173630227
            ],
            [
              121.56347086080955,
              25.011555346760456
            ],
            [
              121.56356909997272,
              25.011336999875255
            ],
            [
              121.56504268742033,
              25.01015792669516
            ],
            [
              121.56528828532826,
              25.009983249186998
            ],
            [
              121.56568124198097,
              25.008847845383944
            ],
            [
              121.5659268398889,
              25.008105465974253
            ],
            [
              121.56597595947049,
              25.008149135351292
            ],
            [
              121.5666636336127,
              25.008323812859455
            ],
            [
              121.56715482942857,
              25.008498490367618
            ],
            [
              121.56759690566285,
              25.0088041760069
            ],
            [
              121.56774426440762,
              25.008847845383944
            ],
            [
              121.56828457980508,
              25.009066192269145
            ],
            [
              121.56853017771301,
              25.009240869777308
            ],
            [
              121.56902137352888,
              25.009590224793634
            ],
            [
              121.56936521059998,
              25.009764902301793
            ],
            [
              121.56990552599744,
              25.010594620465564
            ],
            [
              121.57000376516062,
              25.010681959219646
            ],
            [
              121.57098615679236,
              25.011118652990053
            ],
            [
              121.57123175470029,
              25.011293330498212
            ],
            [
              121.5715755917714,
              25.011555346760456
            ],
            [
              121.57187030926093,
              25.011904701776782
            ],
            [
              121.5719685484241,
              25.012341395547185
            ],
            [
              121.5719685484241,
              25.01255974243239
            ],
            [
              121.57201766800569,
              25.012778089317592
            ],
            [
              121.5723615050768,
              25.01356413810432
            ],
            [
              121.57304917921901,
              25.01325845246504
            ],
            [
              121.57324565754536,
              25.013214783087996
            ],
            [
              121.57452276666662,
              25.013171113710957
            ],
            [
              121.5753577995536,
              25.01338946059616
            ],
            [
              121.5757507562063,
              25.013826154366566
            ],
            [
              121.576143712859,
              25.01421917875993
            ],
            [
              121.57634019118534,
              25.01421917875993
            ],
            [
              121.5768805065828,
              25.01408817062881
            ],
            [
              121.5772734632355,
              25.013957162497686
            ],
            [
              121.5780102569593,
              25.013869823743605
            ],
            [
              121.58360988926022,
              25.018848132726227
            ],
            [
              121.58523083545259,
              25.024306804856298
            ],
            [
              121.59205845729318,
              25.031293905182785
            ],
            [
              121.5867044229002,
              25.041512539410274
            ],
            [
              121.58076095352817,
              25.04526810583576
            ],
            [
              121.58007327938596,
              25.049460366031653
            ]
          ]
        ]
      },
      "properties": {
        "id": "63000020",
        "name": "信義區",
        "city": "臺北市",
        "quarter": "1142",
        "age_under_1y": 333,
        "age_1_5y": 1960,
        "age_5_10y": 881,
        "age_10_15y": 1295,
        "age_15_20y": 4273,
        "age_20_25y": 2088,
        "age_25_30y": 3558,
        "age_30_40y": 16441,
        "age_40_50y": 27962,
        "age_over_50y": 18428,
        "total": 77219,
        "old_building_count": 62831
      }
    },
    {
      "type": "Feature",
      "geometry": {
        "type": "Polygon",
        "coordinates": [
          [
            [
              121.54406862608269,
              25.044918750819434
            ],
            [
              121.54298799528777,
              25.044787742688314
            ],
            [
              121.5421038428192,
              25.044700403934232
            ],
            [
              121.54102321202429,
              25.04465673455719
            ],
            [
              121.54053201620842,
              25.04465673455719
            ],
            [
              121.53812515671066,
              25.044700403934232
            ],
            [
              121.53655333009988,
              25.04474407331127
            ],
            [
              121.53517798181544,
              25.044962420196477
            ],
            [
              121.53468678599957,
              25.045049758950558
            ],
            [
              121.53321319855196,
              25.04539911396688
            ],
            [
              121.53291848106244,
              25.044132702032705
            ],
            [
              121.53282024189926,
              25.04129419252507
            ],
            [
              121.5326728831545,
              25.033695720920015
            ],
            [
              121.5326728831545,
              25.033652051542973
            ],
            [
              121.53247640482816,
              25.033652051542973
            ],
            [
              121.52967658867769,
              25.033826729051135
            ],
            [
              121.52491198926376,
              25.035267818493473
            ],
            [
              121.52427343470312,
              25.035355157247555
            ],
            [
              121.52279984725551,
              25.032822333379205
            ],
            [
              121.52235777102123,
              25.031555921445026
            ],
            [
              121.52206305353171,
              25.029852815740448
            ],
            [
              121.5224560101844,
              25.02705797560985
            ],
            [
              121.52250512976599,
              25.02701430623281
            ],
            [
              121.52564878298756,
              25.022909384791
            ],
            [
              121.5262873375482,
              25.022341682889472
            ],
            [
              121.5266311746193,
              25.02203599725019
            ],
            [
              121.5284977187196,
              25.020376560922646
            ],
            [
              121.52923451244341,
              25.019677850889998
            ],
            [
              121.52987306700405,
              25.019066479611432
            ],
            [
              121.53021690407515,
              25.018717124595106
            ],
            [
              121.53164137194118,
              25.01736337390685
            ],
            [
              121.53223080692023,
              25.01675200262828
            ],
            [
              121.53311495938878,
              25.015922284464512
            ],
            [
              121.53390087269418,
              25.015179905054822
            ],
            [
              121.53429382934688,
              25.014786880661458
            ],
            [
              121.53586565595765,
              25.01325845246504
            ],
            [
              121.53689716717098,
              25.011555346760456
            ],
            [
              121.53704452591575,
              25.011249661121173
            ],
            [
              121.53783043922114,
              25.00854215974466
            ],
            [
              121.54495277855125,
              25.008018127220172
            ],
            [
              121.55349958574739,
              25.009240869777308
            ],
            [
              121.55850978306927,
              25.011904701776782
            ],
            [
              121.56307790415686,
              25.008018127220172
            ],
            [
              121.5659268398889,
              25.008105465974253
            ],
            [
              121.56568124198097,
              25.008847845383944
            ],
            [
              121.56528828532826,
              25.009983249186998
            ],
            [
              121.56504268742033,
              25.01015792669516
            ],
            [
              121.56356909997272,
              25.011336999875255
            ],
            [
              121.56347086080955,
              25.011555346760456
            ],
            [
              121.56342174122797,
              25.0118173630227
            ],
            [
              121.56342174122797,
              25.012166718039026
            ],
            [
              121.56342174122797,
              25.013171113710957
            ],
            [
              121.56283230624892,
              25.013607807481364
            ],
            [
              121.56224287126987,
              25.014481195022174
            ],
            [
              121.56204639294353,
              25.014743211284415
            ],
            [
              121.56150607754607,
              25.015267243808903
            ],
            [
              121.56052368591433,
              25.016315308857877
            ],
            [
              121.5602780880064,
              25.016970349513485
            ],
            [
              121.55993425093529,
              25.01745071266093
            ],
            [
              121.55934481595624,
              25.01810575331654
            ],
            [
              121.55900097888514,
              25.018411438955823
            ],
            [
              121.55846066348768,
              25.018935471480308
            ],
            [
              121.55821506557974,
              25.019153818365513
            ],
            [
              121.5575765110191,
              25.01976518964408
            ],
            [
              121.55674147813212,
              25.02055123843081
            ],
            [
              121.55639764106103,
              25.02085692407009
            ],
            [
              121.55389254240009,
              25.023215070430282
            ],
            [
              121.55295927034993,
              25.024699829249663
            ],
            [
              121.55369606407373,
              25.02539853928231
            ],
            [
              121.55477669486865,
              25.026359265577202
            ],
            [
              121.55575908650039,
              25.027276322495055
            ],
            [
              121.55595556482675,
              25.027407330626176
            ],
            [
              121.55639764106103,
              25.027844024396583
            ],
            [
              121.55659411938737,
              25.028106040658823
            ],
            [
              121.55698707604007,
              25.028717411937393
            ],
            [
              121.55723267394801,
              25.029154105707796
            ],
            [
              121.55738003269276,
              25.029372452593
            ],
            [
              121.55738003269276,
              25.03028950951085
            ],
            [
              121.55738003269276,
              25.031337574559824
            ],
            [
              121.55742915227435,
              25.033084349641445
            ],
            [
              121.55742915227435,
              25.033695720920015
            ],
            [
              121.55742915227435,
              25.034263422821542
            ],
            [
              121.55747827185594,
              25.03504947160827
            ],
            [
              121.55747827185594,
              25.036053867280202
            ],
            [
              121.55747827185594,
              25.036272214165407
            ],
            [
              121.55752739143752,
              25.037538626099582
            ],
            [
              121.5575765110191,
              25.039416409312327
            ],
            [
              121.5575765110191,
              25.04059548249242
            ],
            [
              121.5576256306007,
              25.042560604459247
            ],
            [
              121.55767475018229,
              25.04373967763934
            ],
            [
              121.55767475018229,
              25.044962420196477
            ],
            [
              121.55767475018229,
              25.045224436458717
            ],
            [
              121.55738003269276,
              25.045137097704636
            ],
            [
              121.55551348859245,
              25.04474407331127
            ],
            [
              121.55472757528706,
              25.04452572642607
            ],
            [
              121.5541872598896,
              25.04443838767199
            ],
            [
              121.55300838993152,
              25.04448205704903
            ],
            [
              121.55236983537088,
              25.044569395803112
            ],
            [
              121.55114184583121,
              25.044700403934232
            ],
            [
              121.55015945419947,
              25.044787742688314
            ],
            [
              121.54726139888584,
              25.045137097704636
            ],
            [
              121.54490365896966,
              25.045049758950558
            ],
            [
              121.54406862608269,
              25.044918750819434
            ]
          ]
        ]
      },
      "properties": {
        "id": "63000030",
        "name": "大安區",
        "city": "臺北市",
        "quarter": "1142",
        "age_under_1y": 725,
        "age_1_5y": 1888,
        "age_5_10y": 1450,
        "age_10_15y": 1563,
        "age_15_20y": 5105,
        "age_20_25y": 2061,
        "age_25_30y": 3503,
        "age_30_40y": 20392,
        "age_40_50y": 41166,
        "age_over_50y": 20400,
        "total": 98253,
        "old_building_count": 81958
      }
    },
    {
      "type": "Feature",
      "geometry": {
        "type": "Polygon",
        "coordinates": [
          [
            [
              121.55217335704454,
              25.09238736366251
            ],
            [
              121.54500189813284,
              25.090378572318645
            ],
            [
              121.53832163503701,
              25.09164498425282
            ],
            [
              121.52427343470312,
              25.080858648123804
            ],
            [
              121.52250512976599,
              25.07710308169832
            ],
            [
              121.52044210733933,
              25.073129168387627
            ],
            [
              121.51896851989173,
              25.064657309241763
            ],
            [
              121.52049122692092,
              25.060028355275463
            ],
            [
              121.5201965094314,
              25.051119802359192
            ],
            [
              121.5186738024022,
              25.048368631605637
            ],
            [
              121.53291848106244,
              25.04548645272096
            ],
            [
              121.53321319855196,
              25.04539911396688
            ],
            [
              121.53468678599957,
              25.045049758950558
            ],
            [
              121.53517798181544,
              25.044962420196477
            ],
            [
              121.53655333009988,
              25.04474407331127
            ],
            [
              121.53812515671066,
              25.044700403934232
            ],
            [
              121.54053201620842,
              25.04465673455719
            ],
            [
              121.54102321202429,
              25.04465673455719
            ],
            [
              121.5421038428192,
              25.044700403934232
            ],
            [
              121.54298799528777,
              25.044787742688314
            ],
            [
              121.54382302817476,
              25.044918750819434
            ],
            [
              121.54431422399063,
              25.06697178622491
            ],
            [
              121.5387145916897,
              25.071295054551925
            ],
            [
              121.54878410591503,
              25.071076707666723
            ],
            [
              121.5526645528604,
              25.075618322878938
            ],
            [
              121.56322526290161,
              25.0725614664861
            ],
            [
              121.56911961269205,
              25.076186024780466
            ],
            [
              121.57142823302664,
              25.074308241567724
            ],
            [
              121.57039672181331,
              25.077059412321276
            ],
            [
              121.56499356783874,
              25.078500501763617
            ],
            [
              121.56111312089337,
              25.084308528910007
            ],
            [
              121.5534504661658,
              25.089810870417118
            ],
            [
              121.55217335704454,
              25.09238736366251
            ]
          ]
        ]
      },
      "properties": {
        "id": "63000040",
        "name": "中山區",
        "city": "臺北市",
        "quarter": "1142",
        "age_under_1y": 730,
        "age_1_5y": 1601,
        "age_5_10y": 3051,
        "age_10_15y": 3296,
        "age_15_20y": 8456,
        "age_20_25y": 6714,
        "age_25_30y": 5942,
        "age_30_40y": 14273,
        "age_40_50y": 34109,
        "age_over_50y": 18424,
        "total": 96596,
        "old_building_count": 66806
      }
    },
    {
      "type": "Feature",
      "geometry": {
        "type": "Polygon",
        "coordinates": [
          [
            [
              121.5186738024022,
              25.048368631605637
            ],
            [
              121.51066731060352,
              25.048324962228598
            ],
            [
              121.5096357993902,
              25.047320566556664
            ],
            [
              121.50418352583404,
              25.029896485117487
            ],
            [
              121.51238649595906,
              25.021730311610906
            ],
            [
              121.52112978148156,
              25.01810575331654
            ],
            [
              121.52574702215074,
              25.01186103239974
            ],
            [
              121.53183785026752,
              25.00867316787578
            ],
            [
              121.5319360894307,
              25.00871683725282
            ],
            [
              121.53218168733864,
              25.008891514760982
            ],
            [
              121.53252552440973,
              25.009066192269145
            ],
            [
              121.5334587964599,
              25.009590224793634
            ],
            [
              121.53390087269418,
              25.009852241055874
            ],
            [
              121.5341955901837,
              25.010026918564037
            ],
            [
              121.5349323839075,
              25.010507281711483
            ],
            [
              121.53527622097862,
              25.010725628596685
            ],
            [
              121.53586565595765,
              25.01103131423597
            ],
            [
              121.53625861261035,
              25.011118652990053
            ],
            [
              121.53665156926304,
              25.01120599174413
            ],
            [
              121.53689716717098,
              25.011555346760456
            ],
            [
              121.53586565595765,
              25.01325845246504
            ],
            [
              121.53429382934688,
              25.014786880661458
            ],
            [
              121.53390087269418,
              25.015179905054822
            ],
            [
              121.53311495938878,
              25.015922284464512
            ],
            [
              121.53223080692023,
              25.01675200262828
            ],
            [
              121.53164137194118,
              25.01736337390685
            ],
            [
              121.53021690407515,
              25.018717124595106
            ],
            [
              121.52987306700405,
              25.019066479611432
            ],
            [
              121.52923451244341,
              25.019677850889998
            ],
            [
              121.5284977187196,
              25.020376560922646
            ],
            [
              121.5266311746193,
              25.02203599725019
            ],
            [
              121.5262873375482,
              25.022341682889472
            ],
            [
              121.52564878298756,
              25.022909384791
            ],
            [
              121.52250512976599,
              25.02701430623281
            ],
            [
              121.5224560101844,
              25.02705797560985
            ],
            [
              121.52206305353171,
              25.029852815740448
            ],
            [
              121.52235777102123,
              25.031555921445026
            ],
            [
              121.52279984725551,
              25.032822333379205
            ],
            [
              121.52427343470312,
              25.035355157247555
            ],
            [
              121.52491198926376,
              25.035267818493473
            ],
            [
              121.52967658867769,
              25.033826729051135
            ],
            [
              121.53247640482816,
              25.033652051542973
            ],
            [
              121.5326728831545,
              25.033652051542973
            ],
            [
              121.5326728831545,
              25.033695720920015
            ],
            [
              121.53282024189926,
              25.04129419252507
            ],
            [
              121.53291848106244,
              25.044132702032705
            ],
            [
              121.53291848106244,
              25.04548645272096
            ],
            [
              121.5186738024022,
              25.048368631605637
            ]
          ]
        ]
      },
      "properties": {
        "id": "63000050",
        "name": "中正區",
        "city": "臺北市",
        "quarter": "1142",
        "age_under_1y": 253,
        "age_1_5y": 1377,
        "age_5_10y": 2328,
        "age_10_15y": 1849,
        "age_15_20y": 4372,
        "age_20_25y": 2161,
        "age_25_30y": 2341,
        "age_30_40y": 7702,
        "age_40_50y": 15446,
        "age_over_50y": 14874,
        "total": 52703,
        "old_building_count": 38022
      }
    },
    {
      "type": "Feature",
      "geometry": {
        "type": "Polygon",
        "coordinates": [
          [
            [
              121.52250512976599,
              25.07710308169832
            ],
            [
              121.51621782332286,
              25.08024727684524
            ],
            [
              121.5046747216499,
              25.07810747737025
            ],
            [
              121.50703246156608,
              25.06989763448663
            ],
            [
              121.50560799370007,
              25.060770734685153
            ],
            [
              121.5061974286791,
              25.053652626227546
            ],
            [
              121.50462560206833,
              25.049766051670936
            ],
            [
              121.51066731060352,
              25.048324962228598
            ],
            [
              121.5186738024022,
              25.048368631605637
            ],
            [
              121.5201965094314,
              25.051119802359192
            ],
            [
              121.52049122692092,
              25.060028355275463
            ],
            [
              121.51896851989173,
              25.064657309241763
            ],
            [
              121.52044210733933,
              25.073129168387627
            ],
            [
              121.52250512976599,
              25.07710308169832
            ]
          ]
        ]
      },
      "properties": {
        "id": "63000060",
        "name": "大同區",
        "city": "臺北市",
        "quarter": "1142",
        "age_under_1y": 299,
        "age_1_5y": 2895,
        "age_5_10y": 1569,
        "age_10_15y": 2022,
        "age_15_20y": 3557,
        "age_20_25y": 1253,
        "age_25_30y": 2040,
        "age_30_40y": 5250,
        "age_40_50y": 12863,
        "age_over_50y": 14818,
        "total": 46566,
        "old_building_count": 32931
      }
    },
    {
      "type": "Feature",
      "geometry": {
        "type": "Polygon",
        "coordinates": [
          [
            [
              121.51066731060352,
              25.048324962228598
            ],
            [
              121.50462560206833,
              25.049766051670936
            ],
            [
              121.50133459010199,
              25.045966815868407
            ],
            [
              121.4956367186379,
              25.04295362885261
            ],
            [
              121.48880909679731,
              25.042560604459247
            ],
            [
              121.48365154073068,
              25.035311487870516
            ],
            [
              121.48880909679731,
              25.023346078561403
            ],
            [
              121.48875997721572,
              25.015310913185942
            ],
            [
              121.4926404241611,
              25.00954655541659
            ],
            [
              121.50025395930709,
              25.01194837115382
            ],
            [
              121.50614830909753,
              25.018804463349188
            ],
            [
              121.51238649595906,
              25.021730311610906
            ],
            [
              121.50418352583404,
              25.029896485117487
            ],
            [
              121.5096357993902,
              25.047320566556664
            ],
            [
              121.51066731060352,
              25.048324962228598
            ]
          ]
        ]
      },
      "properties": {
        "id": "63000070",
        "name": "萬華區",
        "city": "臺北市",
        "quarter": "1142",
        "age_under_1y": 754,
        "age_1_5y": 1672,
        "age_5_10y": 2887,
        "age_10_15y": 2472,
        "age_15_20y": 2327,
        "age_20_25y": 1522,
        "age_25_30y": 2579,
        "age_30_40y": 8925,
        "age_40_50y": 25319,
        "age_over_50y": 22419,
        "total": 70876,
        "old_building_count": 56663
      }
    },
    {
      "type": "Feature",
      "geometry": {
        "type": "Polygon",
        "coordinates": [
          [
            [
              121.5972651329414,
              25.014393856268093
            ],
            [
              121.59613538256491,
              25.01496155816962
            ],
            [
              121.59588978465698,
              25.01509256630074
            ],
            [
              121.5957915454938,
              25.015223574431865
            ],
            [
              121.59544770842268,
              25.015485590694105
            ],
            [
              121.59525123009634,
              25.015529260071148
            ],
            [
              121.59407236013826,
              25.015136235677783
            ],
            [
              121.59367940348555,
              25.014699541907376
            ],
            [
              121.59318820766968,
              25.014524864399213
            ],
            [
              121.59220581603795,
              25.014743211284415
            ],
            [
              121.59151814189573,
              25.014699541907376
            ],
            [
              121.59141990273255,
              25.014481195022174
            ],
            [
              121.5912725439878,
              25.01426284813697
            ],
            [
              121.58989719570336,
              25.013869823743605
            ],
            [
              121.58965159779542,
              25.013826154366566
            ],
            [
              121.58866920616369,
              25.013695146235445
            ],
            [
              121.58793241243987,
              25.0134331299732
            ],
            [
              121.5878341732767,
              25.01338946059616
            ],
            [
              121.58655706415544,
              25.01338946059616
            ],
            [
              121.5855746725237,
              25.01334579121912
            ],
            [
              121.58508347670784,
              25.013127444333918
            ],
            [
              121.58395372633133,
              25.013083774956876
            ],
            [
              121.58208718223102,
              25.01247240367831
            ],
            [
              121.58174334515991,
              25.01247240367831
            ],
            [
              121.58110479059928,
              25.01247240367831
            ],
            [
              121.58090831227294,
              25.012428734301267
            ],
            [
              121.58076095352817,
              25.012297726170146
            ],
            [
              121.58046623603865,
              25.012210387416065
            ],
            [
              121.58036799687548,
              25.012254056793104
            ],
            [
              121.5802697577123,
              25.012341395547185
            ],
            [
              121.57997504022278,
              25.01247240367831
            ],
            [
              121.57923824649897,
              25.013040105579837
            ],
            [
              121.5787961702647,
              25.01334579121912
            ],
            [
              121.57864881151993,
              25.01347679935024
            ],
            [
              121.5780102569593,
              25.013869823743605
            ],
            [
              121.5772734632355,
              25.013957162497686
            ],
            [
              121.5768805065828,
              25.01408817062881
            ],
            [
              121.57634019118534,
              25.01421917875993
            ],
            [
              121.576143712859,
              25.01421917875993
            ],
            [
              121.5757507562063,
              25.013826154366566
            ],
            [
              121.5753577995536,
              25.01338946059616
            ],
            [
              121.57452276666662,
              25.013171113710957
            ],
            [
              121.57324565754536,
              25.013214783087996
            ],
            [
              121.57304917921901,
              25.01325845246504
            ],
            [
              121.5723615050768,
              25.01356413810432
            ],
            [
              121.57201766800569,
              25.012778089317592
            ],
            [
              121.5719685484241,
              25.01255974243239
            ],
            [
              121.5719685484241,
              25.012341395547185
            ],
            [
              121.57187030926093,
              25.011904701776782
            ],
            [
              121.5715755917714,
              25.011555346760456
            ],
            [
              121.57123175470029,
              25.011293330498212
            ],
            [
              121.57098615679236,
              25.011118652990053
            ],
            [
              121.57000376516062,
              25.010681959219646
            ],
            [
              121.56990552599744,
              25.010594620465564
            ],
            [
              121.56936521059998,
              25.009764902301793
            ],
            [
              121.56902137352888,
              25.009590224793634
            ],
            [
              121.56853017771301,
              25.009240869777308
            ],
            [
              121.56828457980508,
              25.009066192269145
            ],
            [
              121.56774426440762,
              25.008847845383944
            ],
            [
              121.56759690566285,
              25.0088041760069
            ],
            [
              121.56715482942857,
              25.008498490367618
            ],
            [
              121.5666636336127,
              25.008323812859455
            ],
            [
              121.56597595947049,
              25.008149135351292
            ],
            [
              121.5659268398889,
              25.008105465974253
            ],
            [
              121.56307790415686,
              25.008018127220172
            ],
            [
              121.55850978306927,
              25.011904701776782
            ],
            [
              121.55349958574739,
              25.009240869777308
            ],
            [
              121.54495277855125,
              25.008018127220172
            ],
            [
              121.53783043922114,
              25.00854215974466
            ],
            [
              121.53704452591575,
              25.011249661121173
            ],
            [
              121.53665156926304,
              25.01120599174413
            ],
            [
              121.53625861261035,
              25.011118652990053
            ],
            [
              121.53586565595765,
              25.01103131423597
            ],
            [
              121.53527622097862,
              25.010725628596685
            ],
            [
              121.5349323839075,
              25.010507281711483
            ],
            [
              121.5341955901837,
              25.010026918564037
            ],
            [
              121.53390087269418,
              25.009852241055874
            ],
            [
              121.5334587964599,
              25.009590224793634
            ],
            [
              121.53252552440973,
              25.009066192269145
            ],
            [
              121.53218168733864,
              25.008891514760982
            ],
            [
              121.5319360894307,
              25.00871683725282
            ],
            [
              121.53183785026752,
              25.00867316787578
            ],
            [
              121.53385175311259,
              25.003607520139077
            ],
            [
              121.53051162156467,
              24.998017839877885
            ],
            [
              121.53164137194118,
              24.994742636599845
            ],
            [
              121.53625861261035,
              24.994087595944237
            ],
            [
              121.5368480475894,
              24.98871626256825
            ],
            [
              121.54387214775633,
              24.988279568797847
            ],
            [
              121.54485453938808,
              24.98378162296267
            ],
            [
              121.55389254240009,
              24.984349324864194
            ],
            [
              121.55305750951311,
              24.98076843594687
            ],
            [
              121.56121136005655,
              24.96469810519595
            ],
            [
              121.57295094005585,
              24.964130403294423
            ],
            [
              121.57864881151993,
              24.966575888408695
            ],
            [
              121.58572203126846,
              24.96321334637657
            ],
            [
              121.59338468599603,
              24.964217742048504
            ],
            [
              121.59706865461506,
              24.960505845000057
            ],
            [
              121.60846439754324,
              24.96321334637657
            ],
            [
              121.61367107319147,
              24.96644488027757
            ],
            [
              121.6196145425635,
              24.96714359031022
            ],
            [
              121.6191724663292,
              24.970593471096425
            ],
            [
              121.6112642136937,
              24.974611053784155
            ],
            [
              121.60512426599533,
              24.974436376275992
            ],
            [
              121.60016318825504,
              24.976925530767303
            ],
            [
              121.59986847076551,
              24.986489124339183
            ],
            [
              121.60188237361058,
              24.99046303764987
            ],
            [
              121.59814928540997,
              24.9944806203376
            ],
            [
              121.60055614490774,
              25.0007253412544
            ],
            [
              121.59564418674904,
              25.00714473967936
            ],
            [
              121.5972651329414,
              25.014393856268093
            ]
          ]
        ]
      },
      "properties": {
        "id": "63000080",
        "name": "文山區",
        "city": "臺北市",
        "quarter": "1142",
        "age_under_1y": 544,
        "age_1_5y": 1727,
        "age_5_10y": 4036,
        "age_10_15y": 4882,
        "age_15_20y": 6021,
        "age_20_25y": 3866,
        "age_25_30y": 13530,
        "age_30_40y": 13736,
        "age_40_50y": 33609,
        "age_over_50y": 12328,
        "total": 94279,
        "old_building_count": 59673
      }
    },
    {
      "type": "Feature",
      "geometry": {
        "type": "Polygon",
        "coordinates": [
          [
            [
              121.61612705227081,
              25.063914929832073
            ],
            [
              121.61268868155972,
              25.064307954225438
            ],
            [
              121.60802232130897,
              25.059941016521382
            ],
            [
              121.59623362172808,
              25.058499927079044
            ],
            [
              121.59250053352747,
              25.0596353308821
            ],
            [
              121.58798153202146,
              25.055486740063248
            ],
            [
              121.5799259206412,
              25.052910246817856
            ],
            [
              121.58007327938596,
              25.049460366031653
            ],
            [
              121.58076095352817,
              25.04526810583576
            ],
            [
              121.5867044229002,
              25.041512539410274
            ],
            [
              121.59205845729318,
              25.031293905182785
            ],
            [
              121.58523083545259,
              25.024306804856298
            ],
            [
              121.58360988926022,
              25.018848132726227
            ],
            [
              121.5780102569593,
              25.013869823743605
            ],
            [
              121.57864881151993,
              25.01347679935024
            ],
            [
              121.5787961702647,
              25.01334579121912
            ],
            [
              121.57923824649897,
              25.013040105579837
            ],
            [
              121.57997504022278,
              25.01247240367831
            ],
            [
              121.5802697577123,
              25.012341395547185
            ],
            [
              121.58036799687548,
              25.012254056793104
            ],
            [
              121.58046623603865,
              25.012210387416065
            ],
            [
              121.58076095352817,
              25.012297726170146
            ],
            [
              121.58090831227294,
              25.012428734301267
            ],
            [
              121.58110479059928,
              25.01247240367831
            ],
            [
              121.58174334515991,
              25.01247240367831
            ],
            [
              121.58208718223102,
              25.01247240367831
            ],
            [
              121.58395372633133,
              25.013083774956876
            ],
            [
              121.58508347670784,
              25.013127444333918
            ],
            [
              121.5855746725237,
              25.01334579121912
            ],
            [
              121.58655706415544,
              25.01338946059616
            ],
            [
              121.5878341732767,
              25.01338946059616
            ],
            [
              121.58793241243987,
              25.0134331299732
            ],
            [
              121.58866920616369,
              25.013695146235445
            ],
            [
              121.58965159779542,
              25.013826154366566
            ],
            [
              121.58989719570336,
              25.013869823743605
            ],
            [
              121.5912725439878,
              25.01426284813697
            ],
            [
              121.59141990273255,
              25.014481195022174
            ],
            [
              121.59151814189573,
              25.014699541907376
            ],
            [
              121.59220581603795,
              25.014743211284415
            ],
            [
              121.59318820766968,
              25.014524864399213
            ],
            [
              121.59367940348555,
              25.014699541907376
            ],
            [
              121.59407236013826,
              25.015136235677783
            ],
            [
              121.59525123009634,
              25.015529260071148
            ],
            [
              121.59544770842268,
              25.015485590694105
            ],
            [
              121.5957915454938,
              25.015223574431865
            ],
            [
              121.59588978465698,
              25.01509256630074
            ],
            [
              121.59613538256491,
              25.01496155816962
            ],
            [
              121.5972651329414,
              25.014393856268093
            ],
            [
              121.60271740649756,
              25.015136235677783
            ],
            [
              121.60414187436359,
              25.01911014898847
            ],
            [
              121.60870999545118,
              25.02050756905377
            ],
            [
              121.62246347829554,
              25.01736337390685
            ],
            [
              121.6289963826466,
              25.01998353652928
            ],
            [
              121.6309120463285,
              25.0247434986267
            ],
            [
              121.63567664574244,
              25.023215070430282
            ],
            [
              121.6429954633989,
              25.02456882111854
            ],
            [
              121.64702326908903,
              25.021861319742026
            ],
            [
              121.64992132440267,
              25.023957449839973
            ],
            [
              121.66406776389972,
              25.023171401053244
            ],
            [
              121.66593430800003,
              25.029896485117487
            ],
            [
              121.6607767519334,
              25.030464187019014
            ],
            [
              121.65679806582484,
              25.02793136315066
            ],
            [
              121.6502160418922,
              25.027625677511377
            ],
            [
              121.64402697461223,
              25.029896485117487
            ],
            [
              121.63287682959198,
              25.035835520395
            ],
            [
              121.62531241402759,
              25.037669634230703
            ],
            [
              121.62192316289809,
              25.040071449967932
            ],
            [
              121.61647088934193,
              25.048150284720435
            ],
            [
              121.62103901042951,
              25.053696295604585
            ],
            [
              121.62162844540856,
              25.060334040914746
            ],
            [
              121.61612705227081,
              25.063914929832073
            ]
          ]
        ]
      },
      "properties": {
        "id": "63000090",
        "name": "南港區",
        "city": "臺北市",
        "quarter": "1142",
        "age_under_1y": 604,
        "age_1_5y": 1719,
        "age_5_10y": 1169,
        "age_10_15y": 3127,
        "age_15_20y": 3860,
        "age_20_25y": 2113,
        "age_25_30y": 3608,
        "age_30_40y": 3847,
        "age_40_50y": 14150,
        "age_over_50y": 6666,
        "total": 40863,
        "old_building_count": 24663
      }
    },
    {
      "type": "Feature",
      "geometry": {
        "type": "Polygon",
        "coordinates": [
          [
            [
              121.59569330633062,
              25.114178382805743
            ],
            [
              121.58798153202146,
              25.11378535841238
            ],
            [
              121.58527995503418,
              25.108807049429757
            ],
            [
              121.57977856189643,
              25.106448903069566
            ],
            [
              121.57034760223173,
              25.105444507397632
            ],
            [
              121.56681099235746,
              25.099068778349714
            ],
            [
              121.55880450055878,
              25.09871942333339
            ],
            [
              121.55448197737913,
              25.092736718678836
            ],
            [
              121.55217335704454,
              25.09238736366251
            ],
            [
              121.5534504661658,
              25.089810870417118
            ],
            [
              121.56111312089337,
              25.084308528910007
            ],
            [
              121.56499356783874,
              25.078500501763617
            ],
            [
              121.57039672181331,
              25.077059412321276
            ],
            [
              121.57142823302664,
              25.074308241567724
            ],
            [
              121.57216502675045,
              25.071469732060088
            ],
            [
              121.56956168892634,
              25.063216219799425
            ],
            [
              121.57300005963742,
              25.05173117363776
            ],
            [
              121.5799259206412,
              25.052910246817856
            ],
            [
              121.58798153202146,
              25.055486740063248
            ],
            [
              121.59250053352747,
              25.0596353308821
            ],
            [
              121.59623362172808,
              25.058499927079044
            ],
            [
              121.60802232130897,
              25.059941016521382
            ],
            [
              121.61268868155972,
              25.064307954225438
            ],
            [
              121.61612705227081,
              25.063914929832073
            ],
            [
              121.62148108666379,
              25.069548279470304
            ],
            [
              121.62433002239584,
              25.0804219543534
            ],
            [
              121.62860342599392,
              25.086491997762035
            ],
            [
              121.62329851118251,
              25.096928978874725
            ],
            [
              121.6154393781286,
              25.103828740447135
            ],
            [
              121.60797320172738,
              25.10675458870885
            ],
            [
              121.59746161126776,
              25.109505759462404
            ],
            [
              121.59569330633062,
              25.114178382805743
            ]
          ]
        ]
      },
      "properties": {
        "id": "63000100",
        "name": "內湖區",
        "city": "臺北市",
        "quarter": "1142",
        "age_under_1y": 200,
        "age_1_5y": 2376,
        "age_5_10y": 3357,
        "age_10_15y": 3694,
        "age_15_20y": 8579,
        "age_20_25y": 3839,
        "age_25_30y": 11759,
        "age_30_40y": 21931,
        "age_40_50y": 35243,
        "age_over_50y": 1778,
        "total": 92756,
        "old_building_count": 58952
      }
    },
    {
      "type": "Feature",
      "geometry": {
        "type": "Polygon",
        "coordinates": [
          [
            [
              121.59569330633062,
              25.114178382805743
            ],
            [
              121.60453483101628,
              25.126012783983732
            ],
            [
              121.60404363520041,
              25.13618774883418
            ],
            [
              121.5957424259122,
              25.14356787355403
            ],
            [
              121.59372852306714,
              25.150030941356032
            ],
            [
              121.58965159779542,
              25.152170740831018
            ],
            [
              121.59176373980367,
              25.157585743584047
            ],
            [
              121.58984807612177,
              25.163699456369724
            ],
            [
              121.5863605858291,
              25.16352477886156
            ],
            [
              121.57707698490916,
              25.167018329024806
            ],
            [
              121.5772734632355,
              25.16994417728652
            ],
            [
              121.58169422557833,
              25.17378708246609
            ],
            [
              121.58326605218912,
              25.177542648891578
            ],
            [
              121.58090831227294,
              25.182084264103793
            ],
            [
              121.58400284591292,
              25.18880934816804
            ],
            [
              121.58306957386276,
              25.195010399707797
            ],
            [
              121.5760945932774,
              25.19531608534708
            ],
            [
              121.56700747068382,
              25.188722009413958
            ],
            [
              121.56789162315238,
              25.183656361677254
            ],
            [
              121.56504268742033,
              25.178416036432388
            ],
            [
              121.56086752298543,
              25.17457313125282
            ],
            [
              121.56307790415686,
              25.169987846663563
            ],
            [
              121.56067104465909,
              25.162345705681467
            ],
            [
              121.55644676064261,
              25.160555261222804
            ],
            [
              121.54947178005726,
              25.149681586339707
            ],
            [
              121.54888234507821,
              25.144790616111166
            ],
            [
              121.54573869185664,
              25.141602751587207
            ],
            [
              121.54112145118746,
              25.14125339657088
            ],
            [
              121.5334587964599,
              25.137585168899477
            ],
            [
              121.53036426281992,
              25.134222626867356
            ],
            [
              121.53139577403324,
              25.12832726096688
            ],
            [
              121.52653293545613,
              25.12356729886946
            ],
            [
              121.52353664097932,
              25.117497255460826
            ],
            [
              121.52574702215074,
              25.11304297900269
            ],
            [
              121.52112978148156,
              25.108938057560877
            ],
            [
              121.51710197579142,
              25.099505472120118
            ],
            [
              121.50821133152418,
              25.095837244448713
            ],
            [
              121.49730678441186,
              25.098239060185943
            ],
            [
              121.49588231654583,
              25.11160188956035
            ],
            [
              121.48905469470525,
              25.115357455985837
            ],
            [
              121.47353290692375,
              25.110815840773622
            ],
            [
              121.46690176340951,
              25.111689228314432
            ],
            [
              121.46090917445589,
              25.11618717414961
            ],
            [
              121.45732344500004,
              25.107103943725175
            ],
            [
              121.46636144801205,
              25.101645271595107
            ],
            [
              121.48104820290656,
              25.100859222808374
            ],
            [
              121.48910381428684,
              25.096841640120644
            ],
            [
              121.4997627634912,
              25.087234377171725
            ],
            [
              121.5046747216499,
              25.07810747737025
            ],
            [
              121.51621782332286,
              25.08024727684524
            ],
            [
              121.52250512976599,
              25.07710308169832
            ],
            [
              121.52427343470312,
              25.080858648123804
            ],
            [
              121.53832163503701,
              25.09164498425282
            ],
            [
              121.54500189813284,
              25.090378572318645
            ],
            [
              121.55217335704454,
              25.09238736366251
            ],
            [
              121.55448197737913,
              25.092736718678836
            ],
            [
              121.55880450055878,
              25.09871942333339
            ],
            [
              121.56681099235746,
              25.099068778349714
            ],
            [
              121.57034760223173,
              25.105444507397632
            ],
            [
              121.57977856189643,
              25.106448903069566
            ],
            [
              121.58527995503418,
              25.108807049429757
            ],
            [
              121.58798153202146,
              25.11378535841238
            ],
            [
              121.59569330633062,
              25.114178382805743
            ]
          ]
        ]
      },
      "properties": {
        "id": "63000110",
        "name": "士林區",
        "city": "臺北市",
        "quarter": "1142",
        "age_under_1y": 351,
        "age_1_5y": 1306,
        "age_5_10y": 1667,
        "age_10_15y": 1988,
        "age_15_20y": 3656,
        "age_20_25y": 3434,
        "age_25_30y": 4825,
        "age_30_40y": 13938,
        "age_40_50y": 38617,
        "age_over_50y": 22616,
        "total": 92398,
        "old_building_count": 75171
      }
    },
    {
      "type": "Feature",
      "geometry": {
        "type": "Polygon",
        "coordinates": [
          [
            [
              121.5760945932774,
              25.19531608534708
            ],
            [
              121.57319653796378,
              25.194966730330755
            ],
            [
              121.56489532867558,
              25.20094943498531
            ],
            [
              121.56273406708574,
              25.209290286000055
            ],
            [
              121.55502229277658,
              25.208416898459244
            ],
            [
              121.55148568290232,
              25.202128508165405
            ],
            [
              121.55256631369724,
              25.198809635510322
            ],
            [
              121.54632812683569,
              25.19697552167462
            ],
            [
              121.54323359319571,
              25.19356931026546
            ],
            [
              121.542840636543,
              25.18894035629916
            ],
            [
              121.53581653637607,
              25.18666954869305
            ],
            [
              121.53336055729672,
              25.183569022923173
            ],
            [
              121.52569790256915,
              25.182782974136444
            ],
            [
              121.5217192164606,
              25.178983738333915
            ],
            [
              121.52255424934758,
              25.17470413938394
            ],
            [
              121.52004915068665,
              25.169420144762036
            ],
            [
              121.5130250505197,
              25.170948572958455
            ],
            [
              121.51042171269559,
              25.169420144762036
            ],
            [
              121.50270993838643,
              25.172782686794157
            ],
            [
              121.49740502357504,
              25.163743125746763
            ],
            [
              121.49273866332427,
              25.160773608108006
            ],
            [
              121.48645135688113,
              25.150773320765722
            ],
            [
              121.48286562742528,
              25.150205618864195
            ],
            [
              121.47196108031297,
              25.137716177030597
            ],
            [
              121.46562465428825,
              25.131558794867882
            ],
            [
              121.46454402349333,
              25.124702702672515
            ],
            [
              121.4593373478451,
              25.12190786254192
            ],
            [
              121.46090917445589,
              25.11618717414961
            ],
            [
              121.46690176340951,
              25.111689228314432
            ],
            [
              121.47353290692375,
              25.110815840773622
            ],
            [
              121.48905469470525,
              25.115357455985837
            ],
            [
              121.49588231654583,
              25.11160188956035
            ],
            [
              121.49730678441186,
              25.098239060185943
            ],
            [
              121.50821133152418,
              25.095837244448713
            ],
            [
              121.51710197579142,
              25.099505472120118
            ],
            [
              121.52112978148156,
              25.108938057560877
            ],
            [
              121.52574702215074,
              25.11304297900269
            ],
            [
              121.52353664097932,
              25.117497255460826
            ],
            [
              121.52653293545613,
              25.12356729886946
            ],
            [
              121.53139577403324,
              25.12832726096688
            ],
            [
              121.53036426281992,
              25.134222626867356
            ],
            [
              121.5334587964599,
              25.137585168899477
            ],
            [
              121.54112145118746,
              25.14125339657088
            ],
            [
              121.54573869185664,
              25.141602751587207
            ],
            [
              121.54888234507821,
              25.144790616111166
            ],
            [
              121.54947178005726,
              25.149681586339707
            ],
            [
              121.55644676064261,
              25.160555261222804
            ],
            [
              121.56067104465909,
              25.162345705681467
            ],
            [
              121.56307790415686,
              25.169987846663563
            ],
            [
              121.56086752298543,
              25.17457313125282
            ],
            [
              121.56504268742033,
              25.178416036432388
            ],
            [
              121.56789162315238,
              25.183656361677254
            ],
            [
              121.56700747068382,
              25.188722009413958
            ],
            [
              121.5760945932774,
              25.19531608534708
            ]
          ]
        ]
      },
      "properties": {
        "id": "63000120",
        "name": "北投區",
        "city": "臺北市",
        "quarter": "1142",
        "age_under_1y": 762,
        "age_1_5y": 1990,
        "age_5_10y": 3315,
        "age_10_15y": 3275,
        "age_15_20y": 5093,
        "age_20_25y": 3184,
        "age_25_30y": 5683,
        "age_30_40y": 12189,
        "age_40_50y": 31679,
        "age_over_50y": 17644,
        "total": 84814,
        "old_building_count": 61512
      }
    },
    {
      "type": "Feature",
      "geometry": {
        "type": "Polygon",
        "coordinates": [
          [
            [
              121.48520509373019,
              25.039231961378206
            ],
            [
              121.47834852232295,
              25.039845090695422
            ],
            [
              121.46627276969528,
              25.03853124215853
            ],
            [
              121.45501571216101,
              25.033013078303583
            ],
            [
              121.44611240302028,
              25.02381613854534
            ],
            [
              121.43761844142624,
              25.01067765317642
            ],
            [
              121.43628806189946,
              25.000079274978823
            ],
            [
              121.430761870019,
              24.998064707222255
            ],
            [
              121.43004551181228,
              24.99526183034355
            ],
            [
              121.42451931993182,
              24.98702837951236
            ],
            [
              121.42656605766533,
              24.98405032282874
            ],
            [
              121.426668394552,
              24.972926405216384
            ],
            [
              121.42881746917217,
              24.972050506191792
            ],
            [
              121.43383197661926,
              24.97555410229017
            ],
            [
              121.43475300859933,
              24.98063431663282
            ],
            [
              121.44007452670644,
              24.988167048244335
            ],
            [
              121.44908017273386,
              24.992634133269767
            ],
            [
              121.45706244989452,
              24.991407874635335
            ],
            [
              121.46310032620835,
              24.989042947268928
            ],
            [
              121.46709146478868,
              24.992984492879604
            ],
            [
              121.46422603196177,
              24.99543701014847
            ],
            [
              121.46791015988208,
              25.004458770101795
            ],
            [
              121.47630178458944,
              25.011290782493635
            ],
            [
              121.4810092813765,
              25.01164114210347
            ],
            [
              121.48203265024326,
              25.015670277616607
            ],
            [
              121.48868454787714,
              25.015757867519067
            ],
            [
              121.48878688476381,
              25.023378189033043
            ],
            [
              121.48367004043006,
              25.03529041576753
            ],
            [
              121.48520509373019,
              25.039231961378206
            ]
          ]
        ]
      },
      "properties": {
        "id": "65000010",
        "name": "板橋區",
        "city": "新北市",
        "quarter": "1131",
        "age_under_1y": 5157,
        "age_1_5y": 9456,
        "age_5_10y": 9364,
        "age_10_15y": 10465,
        "age_15_20y": 10518,
        "age_20_25y": 15888,
        "age_25_30y": 25485,
        "age_30_40y": 34202,
        "age_40_50y": 80432,
        "age_over_50y": 20399,
        "total": 221366,
        "old_building_count": 135033
      }
    },
    {
      "type": "Feature",
      "geometry": {
        "type": "Polygon",
        "coordinates": [
          [
            [
              121.48520509373019,
              25.039231961378206
            ],
            [
              121.48878688476381,
              25.042560377671666
            ],
            [
              121.49564345617105,
              25.042998327183962
            ],
            [
              121.50137432182485,
              25.045976383867586
            ],
            [
              121.50618415549859,
              25.05359670538156
            ],
            [
              121.50567247106521,
              25.060779077383238
            ],
            [
              121.50700285059199,
              25.06988842723902
            ],
            [
              121.50260236446496,
              25.082939322705485
            ],
            [
              121.49922524720468,
              25.087844357243213
            ],
            [
              121.49114063315734,
              25.094763959537513
            ],
            [
              121.48459107241013,
              25.089158205780105
            ],
            [
              121.48397705109008,
              25.084515940949753
            ],
            [
              121.47538075260937,
              25.07321684353248
            ],
            [
              121.47098026648234,
              25.07347961323986
            ],
            [
              121.46975222384224,
              25.06857457870213
            ],
            [
              121.46555641148855,
              25.06550893211605
            ],
            [
              121.46872885497548,
              25.052983576064342
            ],
            [
              121.46565874837523,
              25.04369904640364
            ],
            [
              121.46627276969528,
              25.03853124215853
            ],
            [
              121.47834852232295,
              25.039845090695422
            ],
            [
              121.48520509373019,
              25.039231961378206
            ]
          ]
        ]
      },
      "properties": {
        "id": "65000020",
        "name": "三重區",
        "city": "新北市",
        "quarter": "1131",
        "age_under_1y": 4287,
        "age_1_5y": 5701,
        "age_5_10y": 5724,
        "age_10_15y": 9194,
        "age_15_20y": 7179,
        "age_20_25y": 11505,
        "age_25_30y": 24724,
        "age_30_40y": 23987,
        "age_40_50y": 50829,
        "age_over_50y": 22927,
        "total": 166057,
        "old_building_count": 97743
      }
    },
    {
      "type": "Feature",
      "geometry": {
        "type": "Polygon",
        "coordinates": [
          [
            [
              121.49400606598425,
              25.009188624834607
            ],
            [
              121.48868454787714,
              25.015757867519067
            ],
            [
              121.48203265024326,
              25.015670277616607
            ],
            [
              121.4810092813765,
              25.01164114210347
            ],
            [
              121.47630178458944,
              25.011290782493635
            ],
            [
              121.46791015988208,
              25.004458770101795
            ],
            [
              121.46422603196177,
              24.99543701014847
            ],
            [
              121.46709146478868,
              24.992984492879604
            ],
            [
              121.47302700421584,
              24.99412316161158
            ],
            [
              121.4793718911897,
              24.989393306878767
            ],
            [
              121.47415270996926,
              24.983174423804144
            ],
            [
              121.4818279764699,
              24.973189174923764
            ],
            [
              121.47865553298297,
              24.966619932239304
            ],
            [
              121.4797812387364,
              24.96390464526306
            ],
            [
              121.48244199778995,
              24.963379105848304
            ],
            [
              121.49758785701788,
              24.97038629804506
            ],
            [
              121.5019883431449,
              24.969860758630304
            ],
            [
              121.50720752436534,
              24.975992051802468
            ],
            [
              121.51375708511254,
              24.981422625754956
            ],
            [
              121.51498512775265,
              24.986152480487767
            ],
            [
              121.52194403604656,
              24.98834222804925
            ],
            [
              121.52358142623336,
              24.98387514302382
            ],
            [
              121.5316660402807,
              24.99053197561074
            ],
            [
              121.53135902962067,
              24.99543701014847
            ],
            [
              121.5259351746269,
              24.9975391678075
            ],
            [
              121.51846458189961,
              24.995962549563227
            ],
            [
              121.51498512775265,
              24.998152297124715
            ],
            [
              121.51447344331928,
              25.00393323068704
            ],
            [
              121.50894725143881,
              25.0040208205895
            ],
            [
              121.49809954145125,
              25.009013445029687
            ],
            [
              121.49400606598425,
              25.009188624834607
            ]
          ]
        ]
      },
      "properties": {
        "id": "65000030",
        "name": "中和區",
        "city": "新北市",
        "quarter": "1131",
        "age_under_1y": 1351,
        "age_1_5y": 5754,
        "age_5_10y": 6145,
        "age_10_15y": 10410,
        "age_15_20y": 7909,
        "age_20_25y": 17130,
        "age_25_30y": 27260,
        "age_30_40y": 27987,
        "age_40_50y": 61527,
        "age_over_50y": 9909,
        "total": 175382,
        "old_building_count": 99423
      }
    },
    {
      "type": "Feature",
      "geometry": {
        "type": "Polygon",
        "coordinates": [
          [
            [
              121.53135902962067,
              24.99543701014847
            ],
            [
              121.5316660402807,
              25.001217943710795
            ],
            [
              121.53381511490088,
              25.003582871077203
            ],
            [
              121.53217772471407,
              25.008137546005095
            ],
            [
              121.52573050085354,
              25.01190391181085
            ],
            [
              121.51928327699301,
              25.019524233324827
            ],
            [
              121.50915192521217,
              25.021363621276475
            ],
            [
              121.50024861607143,
              25.01199150171331
            ],
            [
              121.49400606598425,
              25.009188624834607
            ],
            [
              121.49809954145125,
              25.009013445029687
            ],
            [
              121.50894725143881,
              25.0040208205895
            ],
            [
              121.51447344331928,
              25.00393323068704
            ],
            [
              121.51498512775265,
              24.998152297124715
            ],
            [
              121.51846458189961,
              24.995962549563227
            ],
            [
              121.5259351746269,
              24.9975391678075
            ],
            [
              121.53135902962067,
              24.99543701014847
            ]
          ]
        ]
      },
      "properties": {
        "id": "65000040",
        "name": "永和區",
        "city": "新北市",
        "quarter": "1131",
        "age_under_1y": 537,
        "age_1_5y": 1844,
        "age_5_10y": 1680,
        "age_10_15y": 2320,
        "age_15_20y": 3905,
        "age_20_25y": 8336,
        "age_25_30y": 11811,
        "age_30_40y": 12334,
        "age_40_50y": 37276,
        "age_over_50y": 11716,
        "total": 91759,
        "old_building_count": 61326
      }
    },
    {
      "type": "Feature",
      "geometry": {
        "type": "Polygon",
        "coordinates": [
          [
            [
              121.46555641148855,
              25.06550893211605
            ],
            [
              121.46136059913488,
              25.06874975850705
            ],
            [
              121.4480568038671,
              25.062618465334886
            ],
            [
              121.44795446698043,
              25.060428717773398
            ],
            [
              121.43864181029299,
              25.055786452943046
            ],
            [
              121.44201892755326,
              25.047728181916774
            ],
            [
              121.4419165906666,
              25.04177206854953
            ],
            [
              121.43731143076621,
              25.043261096891342
            ],
            [
              121.43270627086584,
              25.041158939232314
            ],
            [
              121.42124453955822,
              25.02872117308307
            ],
            [
              121.41817443295795,
              25.03029779132734
            ],
            [
              121.41684405343118,
              25.034764876352774
            ],
            [
              121.4126482410775,
              25.03520282586507
            ],
            [
              121.40906645004387,
              25.044136995915938
            ],
            [
              121.40302857373004,
              25.04545084445283
            ],
            [
              121.3969906974162,
              25.043436276696262
            ],
            [
              121.39873042448968,
              25.03870642196345
            ],
            [
              121.39821874005631,
              25.030210201424882
            ],
            [
              121.40865710249717,
              25.02083808186172
            ],
            [
              121.41213655664413,
              25.019436643422367
            ],
            [
              121.41807209607128,
              25.019436643422367
            ],
            [
              121.42380296172509,
              25.016458586738743
            ],
            [
              121.42410997238511,
              25.013568119957583
            ],
            [
              121.4319899126591,
              25.003582871077203
            ],
            [
              121.43004551181228,
              24.99526183034355
            ],
            [
              121.430761870019,
              24.998064707222255
            ],
            [
              121.43628806189946,
              25.000079274978823
            ],
            [
              121.43761844142624,
              25.01067765317642
            ],
            [
              121.44611240302028,
              25.02381613854534
            ],
            [
              121.45501571216101,
              25.033013078303583
            ],
            [
              121.46627276969528,
              25.03853124215853
            ],
            [
              121.46565874837523,
              25.04369904640364
            ],
            [
              121.46872885497548,
              25.052983576064342
            ],
            [
              121.46555641148855,
              25.06550893211605
            ]
          ]
        ]
      },
      "properties": {
        "id": "65000050",
        "name": "新莊區",
        "city": "新北市",
        "quarter": "1131",
        "age_under_1y": 3102,
        "age_1_5y": 6651,
        "age_5_10y": 11488,
        "age_10_15y": 8830,
        "age_15_20y": 10151,
        "age_20_25y": 11910,
        "age_25_30y": 28051,
        "age_30_40y": 31507,
        "age_40_50y": 41600,
        "age_over_50y": 6859,
        "total": 160149,
        "old_building_count": 79966
      }
    },
    {
      "type": "Feature",
      "geometry": {
        "type": "Polygon",
        "coordinates": [
          [
            [
              121.60923740038047,
              24.96399223516552
            ],
            [
              121.59705931086613,
              24.96048863906714
            ],
            [
              121.59337518294582,
              24.964255004872896
            ],
            [
              121.58569991644518,
              24.963203926043384
            ],
            [
              121.5786386712646,
              24.966619932239304
            ],
            [
              121.57301014249747,
              24.96407982506798
            ],
            [
              121.56124140052982,
              24.964692954385196
            ],
            [
              121.5530544495958,
              24.98072190653528
            ],
            [
              121.5538731446892,
              24.984400682438576
            ],
            [
              121.5448674986618,
              24.98378755312136
            ],
            [
              121.54384412979505,
              24.988254638146792
            ],
            [
              121.53688522150114,
              24.98869258765909
            ],
            [
              121.5316660402807,
              24.99053197561074
            ],
            [
              121.52358142623336,
              24.98387514302382
            ],
            [
              121.52194403604656,
              24.98834222804925
            ],
            [
              121.51498512775265,
              24.986152480487767
            ],
            [
              121.51375708511254,
              24.981422625754956
            ],
            [
              121.50720752436534,
              24.975992051802468
            ],
            [
              121.5019883431449,
              24.969860758630304
            ],
            [
              121.49758785701788,
              24.97038629804506
            ],
            [
              121.48244199778995,
              24.963379105848304
            ],
            [
              121.4797812387364,
              24.96390464526306
            ],
            [
              121.47190129846241,
              24.95899961072533
            ],
            [
              121.47128727714237,
              24.955145655017112
            ],
            [
              121.46176994668157,
              24.94752533350314
            ],
            [
              121.45747179744122,
              24.94612389506379
            ],
            [
              121.45972320894806,
              24.935437926963733
            ],
            [
              121.46842184431546,
              24.93070807223092
            ],
            [
              121.48469340929681,
              24.927905195352217
            ],
            [
              121.48551210439021,
              24.92422641944892
            ],
            [
              121.49206166513741,
              24.91704404744724
            ],
            [
              121.48940090608386,
              24.908197467298837
            ],
            [
              121.49247101268412,
              24.903555202468485
            ],
            [
              121.48653547325696,
              24.9004895558824
            ],
            [
              121.48029292316977,
              24.890591896904482
            ],
            [
              121.47538075260937,
              24.88621240178151
            ],
            [
              121.47179896157574,
              24.877015462023262
            ],
            [
              121.47926955430303,
              24.870095859728966
            ],
            [
              121.47763216411622,
              24.86562877470353
            ],
            [
              121.48039526005645,
              24.861774818995315
            ],
            [
              121.48837753721712,
              24.862212768507614
            ],
            [
              121.49472242419097,
              24.868344061679775
            ],
            [
              121.49922524720468,
              24.870358629436343
            ],
            [
              121.50884491455214,
              24.877541001438022
            ],
            [
              121.5180552343529,
              24.88095700763394
            ],
            [
              121.52071599340645,
              24.883321935000346
            ],
            [
              121.52654919594694,
              24.883672294610182
            ],
            [
              121.5324847353741,
              24.887613840220858
            ],
            [
              121.53504315754098,
              24.891467795929078
            ],
            [
              121.53985299121472,
              24.893832723295482
            ],
            [
              121.54660722573527,
              24.888314559440534
            ],
            [
              121.55029135365558,
              24.890942256514318
            ],
            [
              121.55909232590965,
              24.890591896904482
            ],
            [
              121.56410683335673,
              24.886825531098726
            ],
            [
              121.56451618090342,
              24.877103051925722
            ],
            [
              121.57137275231067,
              24.876927872120802
            ],
            [
              121.57577323843769,
              24.875088484169154
            ],
            [
              121.5778199761712,
              24.880081108609346
            ],
            [
              121.57638725975774,
              24.88603722197659
            ],
            [
              121.57884334503795,
              24.895409341539754
            ],
            [
              121.5761825859844,
              24.898737757833214
            ],
            [
              121.567483950617,
              24.903467612566025
            ],
            [
              121.57311247938414,
              24.90898577642097
            ],
            [
              121.57833166060458,
              24.908810596616053
            ],
            [
              121.59040741323224,
              24.914591530178377
            ],
            [
              121.59705931086613,
              24.911876243202133
            ],
            [
              121.59675230020609,
              24.91748199695954
            ],
            [
              121.59419387803922,
              24.92746724583992
            ],
            [
              121.59777566907285,
              24.93754008462276
            ],
            [
              121.59982240680635,
              24.93911670286703
            ],
            [
              121.59787800595953,
              24.944547276819517
            ],
            [
              121.60115278633313,
              24.94708738399084
            ],
            [
              121.60698598887362,
              24.94743774360068
            ],
            [
              121.60770234708033,
              24.956371913651545
            ],
            [
              121.61056777990724,
              24.959437560237628
            ],
            [
              121.60923740038047,
              24.96399223516552
            ]
          ]
        ]
      },
      "properties": {
        "id": "65000060",
        "name": "新店區",
        "city": "新北市",
        "quarter": "1131",
        "age_under_1y": 2976,
        "age_1_5y": 5246,
        "age_5_10y": 7699,
        "age_10_15y": 8337,
        "age_15_20y": 9668,
        "age_20_25y": 16601,
        "age_25_30y": 21308,
        "age_30_40y": 23569,
        "age_40_50y": 34116,
        "age_over_50y": 9485,
        "total": 139005,
        "old_building_count": 67170
      }
    },
    {
      "type": "Feature",
      "geometry": {
        "type": "Polygon",
        "coordinates": [
          [
            [
              121.43004551181228,
              24.99526183034355
            ],
            [
              121.4319899126591,
              25.003582871077203
            ],
            [
              121.42410997238511,
              25.013568119957583
            ],
            [
              121.42380296172509,
              25.016458586738743
            ],
            [
              121.41807209607128,
              25.019436643422367
            ],
            [
              121.41213655664413,
              25.019436643422367
            ],
            [
              121.40159585731658,
              25.015757867519067
            ],
            [
              121.39750238184958,
              25.016195817031367
            ],
            [
              121.3912598317624,
              25.01225427142069
            ],
            [
              121.39954911958309,
              25.00699887727312
            ],
            [
              121.40323324750338,
              24.999290965856687
            ],
            [
              121.39678602364285,
              24.99727639810012
            ],
            [
              121.39422760147598,
              24.993510032294363
            ],
            [
              121.38798505138878,
              24.996400499075524
            ],
            [
              121.38409624969513,
              24.995612189953388
            ],
            [
              121.38215184884831,
              24.98387514302382
            ],
            [
              121.37242984461416,
              24.979933597413144
            ],
            [
              121.3689503904672,
              24.976780360924604
            ],
            [
              121.37089479131404,
              24.972313275899168
            ],
            [
              121.37427190857431,
              24.9707366576549
            ],
            [
              121.37826304715465,
              24.965393673604872
            ],
            [
              121.37867239470135,
              24.96083899867698
            ],
            [
              121.37232750772749,
              24.956722273261384
            ],
            [
              121.36618729452698,
              24.954795295407276
            ],
            [
              121.3656756100936,
              24.951291699308896
            ],
            [
              121.36137746085325,
              24.945510765746572
            ],
            [
              121.36526626254691,
              24.94735015369822
            ],
            [
              121.37069011754069,
              24.946824614283464
            ],
            [
              121.37611397253447,
              24.949715081064625
            ],
            [
              121.37918407913473,
              24.943408608087545
            ],
            [
              121.38522195544856,
              24.94375896769738
            ],
            [
              121.39484162279602,
              24.946386664771165
            ],
            [
              121.39729770807622,
              24.94253270906295
            ],
            [
              121.40753139674374,
              24.952167598333492
            ],
            [
              121.41049916645733,
              24.956196733846628
            ],
            [
              121.40998748202395,
              24.96250320682371
            ],
            [
              121.41285291485084,
              24.966094392824548
            ],
            [
              121.42298426663169,
              24.968897269703252
            ],
            [
              121.42881746917217,
              24.972050506191792
            ],
            [
              121.426668394552,
              24.972926405216384
            ],
            [
              121.42656605766533,
              24.98405032282874
            ],
            [
              121.42451931993182,
              24.98702837951236
            ],
            [
              121.43004551181228,
              24.99526183034355
            ]
          ]
        ]
      },
      "properties": {
        "id": "65000070",
        "name": "樹林區",
        "city": "新北市",
        "quarter": "1131",
        "age_under_1y": 362,
        "age_1_5y": 1152,
        "age_5_10y": 1340,
        "age_10_15y": 7422,
        "age_15_20y": 6783,
        "age_20_25y": 5256,
        "age_25_30y": 11933,
        "age_30_40y": 11328,
        "age_40_50y": 16190,
        "age_over_50y": 4085,
        "total": 65851,
        "old_building_count": 31603
      }
    },
    {
      "type": "Feature",
      "geometry": {
        "type": "Polygon",
        "coordinates": [
          [
            [
              121.3689503904672,
              24.976780360924604
            ],
            [
              121.36373120924678,
              24.979583237803304
            ],
            [
              121.35400920501264,
              24.977831439754116
            ],
            [
              121.35237181482583,
              24.98080949643774
            ],
            [
              121.34735730737876,
              24.97879492868117
            ],
            [
              121.34275214747836,
              24.982298524779548
            ],
            [
              121.32719694070374,
              24.97756867004674
            ],
            [
              121.32914134155058,
              24.9605762289696
            ],
            [
              121.32811797268383,
              24.948839182040032
            ],
            [
              121.33036938419067,
              24.944547276819517
            ],
            [
              121.32504786608357,
              24.943583787892464
            ],
            [
              121.31573520939614,
              24.938503573549813
            ],
            [
              121.32320580212341,
              24.931321201548137
            ],
            [
              121.32208009636999,
              24.928080375157137
            ],
            [
              121.33425818588434,
              24.929744583303865
            ],
            [
              121.33978437776479,
              24.928518324669433
            ],
            [
              121.34868768690554,
              24.936576595695705
            ],
            [
              121.3591260493464,
              24.942182349453113
            ],
            [
              121.36137746085325,
              24.945510765746572
            ],
            [
              121.3656756100936,
              24.951291699308896
            ],
            [
              121.36618729452698,
              24.954795295407276
            ],
            [
              121.37232750772749,
              24.956722273261384
            ],
            [
              121.37867239470135,
              24.96083899867698
            ],
            [
              121.37826304715465,
              24.965393673604872
            ],
            [
              121.37427190857431,
              24.9707366576549
            ],
            [
              121.37089479131404,
              24.972313275899168
            ],
            [
              121.3689503904672,
              24.976780360924604
            ]
          ]
        ]
      },
      "properties": {
        "id": "65000080",
        "name": "鶯歌區",
        "city": "新北市",
        "quarter": "1131",
        "age_under_1y": 670,
        "age_1_5y": 3194,
        "age_5_10y": 1929,
        "age_10_15y": 1046,
        "age_15_20y": 2257,
        "age_20_25y": 2038,
        "age_25_30y": 6218,
        "age_30_40y": 3276,
        "age_40_50y": 11662,
        "age_over_50y": 2442,
        "total": 34732,
        "old_building_count": 17380
      }
    },
    {
      "type": "Feature",
      "geometry": {
        "type": "Polygon",
        "coordinates": [
          [
            [
              121.45747179744122,
              24.94612389506379
            ],
            [
              121.45163859490073,
              24.944372097014597
            ],
            [
              121.44232593821329,
              24.937715264427677
            ],
            [
              121.43669740944615,
              24.93561310676865
            ],
            [
              121.43413898727928,
              24.940255371599
            ],
            [
              121.41745807475124,
              24.93754008462276
            ],
            [
              121.41408095749095,
              24.941131270623597
            ],
            [
              121.40916878693055,
              24.941656810038353
            ],
            [
              121.40753139674374,
              24.952167598333492
            ],
            [
              121.39729770807622,
              24.94253270906295
            ],
            [
              121.39484162279602,
              24.946386664771165
            ],
            [
              121.38522195544856,
              24.94375896769738
            ],
            [
              121.37918407913473,
              24.943408608087545
            ],
            [
              121.37611397253447,
              24.949715081064625
            ],
            [
              121.37069011754069,
              24.946824614283464
            ],
            [
              121.36526626254691,
              24.94735015369822
            ],
            [
              121.36137746085325,
              24.945510765746572
            ],
            [
              121.3591260493464,
              24.942182349453113
            ],
            [
              121.34868768690554,
              24.936576595695705
            ],
            [
              121.33978437776479,
              24.928518324669433
            ],
            [
              121.33548622852443,
              24.925102318473513
            ],
            [
              121.32463851853687,
              24.923350520424325
            ],
            [
              121.31757727335628,
              24.916343328227565
            ],
            [
              121.326173571837,
              24.90916095622589
            ],
            [
              121.32177308570996,
              24.903467612566025
            ],
            [
              121.32126140127659,
              24.899964016467646
            ],
            [
              121.33221144815083,
              24.893394773783186
            ],
            [
              121.34213812615832,
              24.89260646466105
            ],
            [
              121.34131943106492,
              24.887438660415942
            ],
            [
              121.3446965483252,
              24.88577445226921
            ],
            [
              121.34561758030527,
              24.880081108609346
            ],
            [
              121.35052975086569,
              24.878592080267534
            ],
            [
              121.35441855255934,
              24.873249096217506
            ],
            [
              121.34940404511225,
              24.868782011192074
            ],
            [
              121.3459245909653,
              24.86816888187486
            ],
            [
              121.34735730737876,
              24.862037588702695
            ],
            [
              121.35359985746594,
              24.858446402701855
            ],
            [
              121.35482790010605,
              24.853366188359207
            ],
            [
              121.35247415171251,
              24.84907428313869
            ],
            [
              121.3467432860587,
              24.850212951870667
            ],
            [
              121.33691894493789,
              24.8481983841141
            ],
            [
              121.33599791295781,
              24.843906478893583
            ],
            [
              121.3401937253115,
              24.843468529381287
            ],
            [
              121.3467432860587,
              24.84592104665015
            ],
            [
              121.35482790010605,
              24.843994068796043
            ],
            [
              121.35779566981962,
              24.83952698377061
            ],
            [
              121.37283919216087,
              24.834972308842715
            ],
            [
              121.37785369960795,
              24.83444676942796
            ],
            [
              121.38450559724183,
              24.8380379554288
            ],
            [
              121.3850172816752,
              24.840840832307503
            ],
            [
              121.39361358015591,
              24.843994068796043
            ],
            [
              121.39801406628295,
              24.841804321234555
            ],
            [
              121.40272156307002,
              24.843556119283747
            ],
            [
              121.40875943938384,
              24.840665652502583
            ],
            [
              121.41561601079108,
              24.835497848257475
            ],
            [
              121.4138762837176,
              24.831994252159095
            ],
            [
              121.41756041163791,
              24.825249829669715
            ],
            [
              121.42349595106506,
              24.825512599377095
            ],
            [
              121.42533801502522,
              24.819994435522148
            ],
            [
              121.4299431749256,
              24.814914221179496
            ],
            [
              121.43639039878613,
              24.812198934203256
            ],
            [
              121.43792545208626,
              24.80422825307944
            ],
            [
              121.43823246274629,
              24.795381672931036
            ],
            [
              121.4460100661336,
              24.79003868888101
            ],
            [
              121.45041055226064,
              24.7909145879056
            ],
            [
              121.45624375480111,
              24.79327951527201
            ],
            [
              121.45532272282104,
              24.798885269029412
            ],
            [
              121.46228163111495,
              24.805629691518792
            ],
            [
              121.4690358656355,
              24.807206309763064
            ],
            [
              121.47312934110252,
              24.813250013032768
            ],
            [
              121.48407938797675,
              24.81920612640001
            ],
            [
              121.48039526005645,
              24.823498031620527
            ],
            [
              121.4867401470303,
              24.83427158962304
            ],
            [
              121.49441541353094,
              24.836461337184527
            ],
            [
              121.49717850947117,
              24.848285974016555
            ],
            [
              121.49277802334414,
              24.853716547969043
            ],
            [
              121.49277802334414,
              24.856607014750207
            ],
            [
              121.48837753721712,
              24.862212768507614
            ],
            [
              121.48039526005645,
              24.861774818995315
            ],
            [
              121.47763216411622,
              24.86562877470353
            ],
            [
              121.47926955430303,
              24.870095859728966
            ],
            [
              121.47179896157574,
              24.877015462023262
            ],
            [
              121.47538075260937,
              24.88621240178151
            ],
            [
              121.48029292316977,
              24.890591896904482
            ],
            [
              121.48653547325696,
              24.9004895558824
            ],
            [
              121.49247101268412,
              24.903555202468485
            ],
            [
              121.48940090608386,
              24.908197467298837
            ],
            [
              121.49206166513741,
              24.91704404744724
            ],
            [
              121.48551210439021,
              24.92422641944892
            ],
            [
              121.48469340929681,
              24.927905195352217
            ],
            [
              121.46842184431546,
              24.93070807223092
            ],
            [
              121.45972320894806,
              24.935437926963733
            ],
            [
              121.45747179744122,
              24.94612389506379
            ]
          ]
        ]
      },
      "properties": {
        "id": "65000090",
        "name": "三峽區",
        "city": "新北市",
        "quarter": "1131",
        "age_under_1y": 237,
        "age_1_5y": 1777,
        "age_5_10y": 2831,
        "age_10_15y": 5520,
        "age_15_20y": 9227,
        "age_20_25y": 2340,
        "age_25_30y": 10993,
        "age_30_40y": 4417,
        "age_40_50y": 7006,
        "age_over_50y": 3929,
        "total": 48277,
        "old_building_count": 15352
      }
    },
    {
      "type": "Feature",
      "geometry": {
        "type": "Polygon",
        "coordinates": [
          [
            [
              121.52173936227321,
              25.179113035605983
            ],
            [
              121.51938561387968,
              25.182441451899443
            ],
            [
              121.51426876954592,
              25.183842890338795
            ],
            [
              121.50618415549859,
              25.19023695321834
            ],
            [
              121.50076030050481,
              25.19295224019458
            ],
            [
              121.49554111928437,
              25.19111285224293
            ],
            [
              121.48551210439021,
              25.20477687702661
            ],
            [
              121.4867401470303,
              25.21134611971107
            ],
            [
              121.49288036023081,
              25.211959249028286
            ],
            [
              121.49850888899795,
              25.215900794638962
            ],
            [
              121.49697383569783,
              25.21809054220045
            ],
            [
              121.50157899559821,
              25.223783885860314
            ],
            [
              121.49758785701788,
              25.225272914202126
            ],
            [
              121.49646215126445,
              25.230440718447234
            ],
            [
              121.49001492740392,
              25.231754566984126
            ],
            [
              121.47087792959566,
              25.238849349083345
            ],
            [
              121.45880217696799,
              25.240338377425154
            ],
            [
              121.45696011300784,
              25.243141254303858
            ],
            [
              121.45030821537395,
              25.24436751293829
            ],
            [
              121.44590772924693,
              25.241827405766966
            ],
            [
              121.4435539808534,
              25.232542876106262
            ],
            [
              121.43587871435275,
              25.217127053273394
            ],
            [
              121.43086420690568,
              25.215900794638962
            ],
            [
              121.41889079116469,
              25.199258713171663
            ],
            [
              121.41878845427802,
              25.19155080175523
            ],
            [
              121.4122388935308,
              25.18997418351096
            ],
            [
              121.4048706376902,
              25.18979900370604
            ],
            [
              121.40425661637013,
              25.18305458121666
            ],
            [
              121.4163323689978,
              25.180689653850255
            ],
            [
              121.41745807475124,
              25.175521849605147
            ],
            [
              121.42410997238511,
              25.17149271409201
            ],
            [
              121.4332179552992,
              25.16763875838379
            ],
            [
              121.44099555868652,
              25.162558544041143
            ],
            [
              121.45041055226064,
              25.152748474965684
            ],
            [
              121.45266196376748,
              25.14670477169598
            ],
            [
              121.45685777612117,
              25.12664668403276
            ],
            [
              121.45880217696799,
              25.12296790812946
            ],
            [
              121.4645330426218,
              25.124719706178652
            ],
            [
              121.46555641148855,
              25.131551718570492
            ],
            [
              121.47200363534908,
              25.137770601645112
            ],
            [
              121.48285134533666,
              25.15020836779436
            ],
            [
              121.48643313637028,
              25.150733907209116
            ],
            [
              121.49277802334414,
              25.160719156089495
            ],
            [
              121.49738318324452,
              25.163697212773116
            ],
            [
              121.50270470135163,
              25.172806562628903
            ],
            [
              121.51037996785227,
              25.169478146335443
            ],
            [
              121.51304072690583,
              25.17096717467725
            ],
            [
              121.52010197208641,
              25.169390556432983
            ],
            [
              121.52255805736661,
              25.17464595058055
            ],
            [
              121.52173936227321,
              25.179113035605983
            ]
          ]
        ]
      },
      "properties": {
        "id": "65000100",
        "name": "淡水區",
        "city": "新北市",
        "quarter": "1131",
        "age_under_1y": 3667,
        "age_1_5y": 7563,
        "age_5_10y": 18738,
        "age_10_15y": 17429,
        "age_15_20y": 9097,
        "age_20_25y": 10942,
        "age_25_30y": 21093,
        "age_30_40y": 12959,
        "age_40_50y": 14151,
        "age_over_50y": 3407,
        "total": 119046,
        "old_building_count": 30517
      }
    },
    {
      "type": "Feature",
      "geometry": {
        "type": "Polygon",
        "coordinates": [
          [
            [
              121.6268393448886,
              25.13969757949922
            ],
            [
              121.61629864556106,
              25.137595421840196
            ],
            [
              121.60780468396702,
              25.1302378700336
            ],
            [
              121.60166447076651,
              25.126033554715544
            ],
            [
              121.59562659445267,
              25.11324542895646
            ],
            [
              121.59746865841282,
              25.109479063150705
            ],
            [
              121.60800935774037,
              25.10676377617446
            ],
            [
              121.61547995046764,
              25.103873309393297
            ],
            [
              121.62325755385497,
              25.096953707098997
            ],
            [
              121.62857907196206,
              25.08644291880386
            ],
            [
              121.62428092272171,
              25.080399215534158
            ],
            [
              121.62141548989482,
              25.069538067629185
            ],
            [
              121.6160939717877,
              25.063932313871778
            ],
            [
              121.62162016366815,
              25.060341127870938
            ],
            [
              121.62100614234811,
              25.053684295284018
            ],
            [
              121.6165033193344,
              25.048166131429074
            ],
            [
              121.62192717432819,
              25.040020270500342
            ],
            [
              121.62530429158846,
              25.037655343133935
            ],
            [
              121.63287722120242,
              25.035815955182287
            ],
            [
              121.64403194185002,
              25.029947431717503
            ],
            [
              121.6502744919372,
              25.027670094253555
            ],
            [
              121.65682405268441,
              25.027932863960935
            ],
            [
              121.66081519126475,
              25.03047297113226
            ],
            [
              121.66582969871183,
              25.029947431717503
            ],
            [
              121.66582969871183,
              25.03371379752326
            ],
            [
              121.67115121681893,
              25.033100668206043
            ],
            [
              121.67718909313277,
              25.034852466255234
            ],
            [
              121.68414800142668,
              25.040107860402802
            ],
            [
              121.6923349523607,
              25.04185965845199
            ],
            [
              121.6956097327343,
              25.040808579622478
            ],
            [
              121.69694011226107,
              25.03511523596261
            ],
            [
              121.70318266234825,
              25.03196199947407
            ],
            [
              121.70829950668201,
              25.0340641571331
            ],
            [
              121.71188129771565,
              25.033363437913422
            ],
            [
              121.7157700994093,
              25.036253904694586
            ],
            [
              121.7178168371428,
              25.042998327183962
            ],
            [
              121.72098928062974,
              25.047202642502018
            ],
            [
              121.72661780939687,
              25.049392390063506
            ],
            [
              121.73009726354383,
              25.053333935674182
            ],
            [
              121.72620846185016,
              25.058151380309454
            ],
            [
              121.72272900770321,
              25.05850173991929
            ],
            [
              121.71239298214903,
              25.068049039287374
            ],
            [
              121.70686679026856,
              25.06656001094556
            ],
            [
              121.69939619754128,
              25.067435909970158
            ],
            [
              121.69653076471437,
              25.07006360704394
            ],
            [
              121.68844615066703,
              25.07172781519067
            ],
            [
              121.67923583086628,
              25.07855982758251
            ],
            [
              121.68148724237312,
              25.084428351047293
            ],
            [
              121.67862180954621,
              25.087231227925997
            ],
            [
              121.67401664964584,
              25.082939322705485
            ],
            [
              121.66787643644533,
              25.085742199584185
            ],
            [
              121.65569834693099,
              25.093625290805537
            ],
            [
              121.64894411241042,
              25.10194633153919
            ],
            [
              121.65221889278403,
              25.104661618515433
            ],
            [
              121.65017215505053,
              25.10965424295562
            ],
            [
              121.6461810164702,
              25.1135957885663
            ],
            [
              121.64628335335688,
              25.121040930275353
            ],
            [
              121.64300857298326,
              25.127872942667192
            ],
            [
              121.6378917286495,
              25.130850999350816
            ],
            [
              121.6346169482759,
              25.130500639740976
            ],
            [
              121.62868140884875,
              25.134704955059032
            ],
            [
              121.6268393448886,
              25.13969757949922
            ]
          ]
        ]
      },
      "properties": {
        "id": "65000110",
        "name": "汐止區",
        "city": "新北市",
        "quarter": "1131",
        "age_under_1y": 1054,
        "age_1_5y": 3663,
        "age_5_10y": 4828,
        "age_10_15y": 5225,
        "age_15_20y": 3471,
        "age_20_25y": 15878,
        "age_25_30y": 33526,
        "age_30_40y": 13895,
        "age_40_50y": 17909,
        "age_over_50y": 3586,
        "total": 103035,
        "old_building_count": 35390
      }
    },
    {
      "type": "Feature",
      "geometry": {
        "type": "Polygon",
        "coordinates": [
          [
            [
              121.92259294737978,
              25.122354778812245
            ],
            [
              121.92678875973347,
              25.128836431594248
            ],
            [
              121.92402566379323,
              25.13015028013114
            ],
            [
              121.91645273417927,
              25.127259813349976
            ],
            [
              121.91502001776583,
              25.124369346568812
            ],
            [
              121.91031252097876,
              25.1233182677393
            ],
            [
              121.90447931843828,
              25.124281756666356
            ],
            [
              121.89711106259767,
              25.11972708173846
            ],
            [
              121.88933345921036,
              25.12016503125076
            ],
            [
              121.88831009034361,
              25.122529958617164
            ],
            [
              121.87736004346937,
              25.12507006578849
            ],
            [
              121.86507961706835,
              25.12314308793438
            ],
            [
              121.85607397104093,
              25.124807296081112
            ],
            [
              121.84184914379308,
              25.128836431594248
            ],
            [
              121.82844301163864,
              25.127259813349976
            ],
            [
              121.82844301163864,
              25.12296790812946
            ],
            [
              121.82250747221148,
              25.121478879787652
            ],
            [
              121.81984671315793,
              25.124194166763896
            ],
            [
              121.81974437627126,
              25.129361971009004
            ],
            [
              121.82578225258509,
              25.134704955059032
            ],
            [
              121.82189345089144,
              25.136018803595924
            ],
            [
              121.81043171958382,
              25.13312833681476
            ],
            [
              121.80684992855018,
              25.135580854083628
            ],
            [
              121.80500786459004,
              25.125770785008164
            ],
            [
              121.80234710553648,
              25.12174164949503
            ],
            [
              121.79702558742937,
              25.121303699982732
            ],
            [
              121.79774194563609,
              25.114296507785973
            ],
            [
              121.79016901602213,
              25.112281940029405
            ],
            [
              121.78597320366845,
              25.118150463494192
            ],
            [
              121.78351711838825,
              25.11657384524992
            ],
            [
              121.77297641906071,
              25.1200774413483
            ],
            [
              121.76693854274687,
              25.112544709736785
            ],
            [
              121.75936561313291,
              25.112632299639245
            ],
            [
              121.75609083275931,
              25.10842798432119
            ],
            [
              121.75957028690627,
              25.100807662807217
            ],
            [
              121.75834224426616,
              25.094763959537513
            ],
            [
              121.75977496067962,
              25.09020928460962
            ],
            [
              121.75916093935956,
              25.084515940949753
            ],
            [
              121.76171936152645,
              25.07838464777759
            ],
            [
              121.76704087963356,
              25.07873500738743
            ],
            [
              121.77133902887391,
              25.076107310313645
            ],
            [
              121.77563717811427,
              25.07006360704394
            ],
            [
              121.784540487255,
              25.072516124312806
            ],
            [
              121.78842928894866,
              25.07549418099643
            ],
            [
              121.79477417592251,
              25.077421158850537
            ],
            [
              121.79784428252277,
              25.075932130508725
            ],
            [
              121.80377982194993,
              25.067611089775074
            ],
            [
              121.80674759166351,
              25.058063790406994
            ],
            [
              121.81002237203711,
              25.059727998553722
            ],
            [
              121.8142181843908,
              25.058063790406994
            ],
            [
              121.8133994892974,
              25.053421525576642
            ],
            [
              121.81687894344435,
              25.04212242815937
            ],
            [
              121.82148410334473,
              25.045801204062666
            ],
            [
              121.8339692035191,
              25.044399765623314
            ],
            [
              121.8347878986125,
              25.047290232404478
            ],
            [
              121.83038741248546,
              25.05692512167502
            ],
            [
              121.82977339116542,
              25.06498339270129
            ],
            [
              121.83253648710564,
              25.07181540509313
            ],
            [
              121.84031409049297,
              25.078121878070213
            ],
            [
              121.84768234633357,
              25.089333385585025
            ],
            [
              121.85146881114055,
              25.089158205780105
            ],
            [
              121.85341321198737,
              25.09511431914735
            ],
            [
              121.85730201368104,
              25.097304066708837
            ],
            [
              121.8685590712153,
              25.093800470610457
            ],
            [
              121.87551797950921,
              25.094588779732593
            ],
            [
              121.88738905836352,
              25.100369713294917
            ],
            [
              121.89567834618421,
              25.101158022417053
            ],
            [
              121.8974180732577,
              25.103435359881
            ],
            [
              121.89475731420414,
              25.10869075402857
            ],
            [
              121.89762274703105,
              25.113770968371217
            ],
            [
              121.91952284077952,
              25.120515390860596
            ],
            [
              121.92259294737978,
              25.122354778812245
            ]
          ]
        ]
      },
      "properties": {
        "id": "65000120",
        "name": "瑞芳區",
        "city": "新北市",
        "quarter": "1131",
        "age_under_1y": 3,
        "age_1_5y": 41,
        "age_5_10y": 329,
        "age_10_15y": 273,
        "age_15_20y": 333,
        "age_20_25y": 1248,
        "age_25_30y": 2593,
        "age_30_40y": 2011,
        "age_40_50y": 4737,
        "age_over_50y": 5743,
        "total": 17311,
        "old_building_count": 12491
      }
    },
    {
      "type": "Feature",
      "geometry": {
        "type": "Polygon",
        "coordinates": [
          [
            [
              121.46709146478868,
              24.992984492879604
            ],
            [
              121.46310032620835,
              24.989042947268928
            ],
            [
              121.45706244989452,
              24.991407874635335
            ],
            [
              121.44908017273386,
              24.992634133269767
            ],
            [
              121.44007452670644,
              24.988167048244335
            ],
            [
              121.43475300859933,
              24.98063431663282
            ],
            [
              121.43383197661926,
              24.97555410229017
            ],
            [
              121.42881746917217,
              24.972050506191792
            ],
            [
              121.42298426663169,
              24.968897269703252
            ],
            [
              121.41285291485084,
              24.966094392824548
            ],
            [
              121.40998748202395,
              24.96250320682371
            ],
            [
              121.41049916645733,
              24.956196733846628
            ],
            [
              121.40753139674374,
              24.952167598333492
            ],
            [
              121.40916878693055,
              24.941656810038353
            ],
            [
              121.41408095749095,
              24.941131270623597
            ],
            [
              121.41745807475124,
              24.93754008462276
            ],
            [
              121.43413898727928,
              24.940255371599
            ],
            [
              121.43669740944615,
              24.93561310676865
            ],
            [
              121.44232593821329,
              24.937715264427677
            ],
            [
              121.45163859490073,
              24.944372097014597
            ],
            [
              121.45747179744122,
              24.94612389506379
            ],
            [
              121.46176994668157,
              24.94752533350314
            ],
            [
              121.47128727714237,
              24.955145655017112
            ],
            [
              121.47190129846241,
              24.95899961072533
            ],
            [
              121.4797812387364,
              24.96390464526306
            ],
            [
              121.47865553298297,
              24.966619932239304
            ],
            [
              121.4818279764699,
              24.973189174923764
            ],
            [
              121.47415270996926,
              24.983174423804144
            ],
            [
              121.4793718911897,
              24.989393306878767
            ],
            [
              121.47302700421584,
              24.99412316161158
            ],
            [
              121.46709146478868,
              24.992984492879604
            ]
          ]
        ]
      },
      "properties": {
        "id": "65000130",
        "name": "土城區",
        "city": "新北市",
        "quarter": "1131",
        "age_under_1y": 2450,
        "age_1_5y": 4971,
        "age_5_10y": 2300,
        "age_10_15y": 2186,
        "age_15_20y": 2950,
        "age_20_25y": 4057,
        "age_25_30y": 30979,
        "age_30_40y": 21603,
        "age_40_50y": 18792,
        "age_over_50y": 1693,
        "total": 91981,
        "old_building_count": 42088
      }
    },
    {
      "type": "Feature",
      "geometry": {
        "type": "Polygon",
        "coordinates": [
          [
            [
              121.49114063315734,
              25.094763959537513
            ],
            [
              121.48602378882359,
              25.09879309505065
            ],
            [
              121.47824618543628,
              25.101420792124433
            ],
            [
              121.46637510658195,
              25.10168356183181
            ],
            [
              121.46269097866166,
              25.10317259017362
            ],
            [
              121.45818815564795,
              25.097829606123593
            ],
            [
              121.4546063646143,
              25.087931947145673
            ],
            [
              121.45696011300784,
              25.081362704461213
            ],
            [
              121.46340733686837,
              25.077771518460374
            ],
            [
              121.46964988695557,
              25.075932130508725
            ],
            [
              121.47098026648234,
              25.07347961323986
            ],
            [
              121.47538075260937,
              25.07321684353248
            ],
            [
              121.48397705109008,
              25.084515940949753
            ],
            [
              121.48459107241013,
              25.089158205780105
            ],
            [
              121.49114063315734,
              25.094763959537513
            ]
          ]
        ]
      },
      "properties": {
        "id": "65000140",
        "name": "蘆洲區",
        "city": "新北市",
        "quarter": "1131",
        "age_under_1y": 329,
        "age_1_5y": 1414,
        "age_5_10y": 3667,
        "age_10_15y": 2600,
        "age_15_20y": 7192,
        "age_20_25y": 8098,
        "age_25_30y": 15641,
        "age_30_40y": 19879,
        "age_40_50y": 11096,
        "age_over_50y": 2044,
        "total": 71960,
        "old_building_count": 33019
      }
    },
    {
      "type": "Feature",
      "geometry": {
        "type": "Polygon",
        "coordinates": [
          [
            [
              121.45900685074135,
              25.112719889541705
            ],
            [
              121.4529689744275,
              25.119376722128624
            ],
            [
              121.44549838170022,
              25.12314308793438
            ],
            [
              121.44140490623322,
              25.12323067783684
            ],
            [
              121.43598105123944,
              25.127259813349976
            ],
            [
              121.42605437323195,
              25.12971233061884
            ],
            [
              121.41561601079108,
              25.129361971009004
            ],
            [
              121.41489965258435,
              25.12296790812946
            ],
            [
              121.4097828082506,
              25.121040930275353
            ],
            [
              121.40476830080351,
              25.122529958617164
            ],
            [
              121.40036781467649,
              25.114559277493353
            ],
            [
              121.40180053108993,
              25.107552085296597
            ],
            [
              121.4122388935308,
              25.093800470610457
            ],
            [
              121.4081454180638,
              25.08854507646289
            ],
            [
              121.40701971231037,
              25.082326193388266
            ],
            [
              121.40354025816342,
              25.077158389143158
            ],
            [
              121.40824775495047,
              25.075844540606266
            ],
            [
              121.41930013871138,
              25.069012528214426
            ],
            [
              121.43014784869895,
              25.069100118116886
            ],
            [
              121.43188757577242,
              25.066122061433266
            ],
            [
              121.44232593821329,
              25.067435909970158
            ],
            [
              121.4480568038671,
              25.062618465334886
            ],
            [
              121.46136059913488,
              25.06874975850705
            ],
            [
              121.46555641148855,
              25.06550893211605
            ],
            [
              121.46975222384224,
              25.06857457870213
            ],
            [
              121.47098026648234,
              25.07347961323986
            ],
            [
              121.46964988695557,
              25.075932130508725
            ],
            [
              121.46340733686837,
              25.077771518460374
            ],
            [
              121.45696011300784,
              25.081362704461213
            ],
            [
              121.4546063646143,
              25.087931947145673
            ],
            [
              121.45818815564795,
              25.097829606123593
            ],
            [
              121.46269097866166,
              25.10317259017362
            ],
            [
              121.45736946055455,
              25.107114135784297
            ],
            [
              121.45900685074135,
              25.112719889541705
            ]
          ]
        ]
      },
      "properties": {
        "id": "65000150",
        "name": "五股區",
        "city": "新北市",
        "quarter": "1131",
        "age_under_1y": 1671,
        "age_1_5y": 2741,
        "age_5_10y": 5271,
        "age_10_15y": 2440,
        "age_15_20y": 1396,
        "age_20_25y": 3517,
        "age_25_30y": 8751,
        "age_30_40y": 5437,
        "age_40_50y": 4615,
        "age_over_50y": 1508,
        "total": 37347,
        "old_building_count": 11560
      }
    },
    {
      "type": "Feature",
      "geometry": {
        "type": "Polygon",
        "coordinates": [
          [
            [
              121.40824775495047,
              25.075844540606266
            ],
            [
              121.40241455240998,
              25.07496864158167
            ],
            [
              121.3994467826964,
              25.071027095970994
            ],
            [
              121.40620101721697,
              25.06883734840951
            ],
            [
              121.40057248844982,
              25.063056414847182
            ],
            [
              121.3957626547761,
              25.06883734840951
            ],
            [
              121.38992945223562,
              25.068049039287374
            ],
            [
              121.38696168252204,
              25.0729540738251
            ],
            [
              121.382561196395,
              25.071465045483293
            ],
            [
              121.3801051111148,
              25.06515857250621
            ],
            [
              121.38829206204882,
              25.061479796602914
            ],
            [
              121.38859907270884,
              25.057012711577478
            ],
            [
              121.39740004496291,
              25.051494547722534
            ],
            [
              121.39606966543613,
              25.04860408094137
            ],
            [
              121.40006080401646,
              25.044925305038074
            ],
            [
              121.40302857373004,
              25.04545084445283
            ],
            [
              121.40906645004387,
              25.044136995915938
            ],
            [
              121.4126482410775,
              25.03520282586507
            ],
            [
              121.41684405343118,
              25.034764876352774
            ],
            [
              121.41817443295795,
              25.03029779132734
            ],
            [
              121.42124453955822,
              25.02872117308307
            ],
            [
              121.43270627086584,
              25.041158939232314
            ],
            [
              121.43731143076621,
              25.043261096891342
            ],
            [
              121.4419165906666,
              25.04177206854953
            ],
            [
              121.44201892755326,
              25.047728181916774
            ],
            [
              121.43864181029299,
              25.055786452943046
            ],
            [
              121.44795446698043,
              25.060428717773398
            ],
            [
              121.4480568038671,
              25.062618465334886
            ],
            [
              121.44232593821329,
              25.067435909970158
            ],
            [
              121.43188757577242,
              25.066122061433266
            ],
            [
              121.43014784869895,
              25.069100118116886
            ],
            [
              121.41930013871138,
              25.069012528214426
            ],
            [
              121.40824775495047,
              25.075844540606266
            ]
          ]
        ]
      },
      "properties": {
        "id": "65000160",
        "name": "泰山區",
        "city": "新北市",
        "quarter": "1131",
        "age_under_1y": 656,
        "age_1_5y": 723,
        "age_5_10y": 1249,
        "age_10_15y": 1164,
        "age_15_20y": 4836,
        "age_20_25y": 2793,
        "age_25_30y": 3528,
        "age_30_40y": 4322,
        "age_40_50y": 7890,
        "age_over_50y": 2530,
        "total": 29691,
        "old_building_count": 14742
      }
    },
    {
      "type": "Feature",
      "geometry": {
        "type": "Polygon",
        "coordinates": [
          [
            [
              121.40180053108993,
              25.107552085296597
            ],
            [
              121.40180053108993,
              25.097917196026053
            ],
            [
              121.40394960571011,
              25.09546467875719
            ],
            [
              121.40077716222318,
              25.09178590285389
            ],
            [
              121.39934444580973,
              25.085742199584185
            ],
            [
              121.39432993836265,
              25.081537884266133
            ],
            [
              121.39269254817584,
              25.0863553289014
            ],
            [
              121.39647901298282,
              25.087756767340753
            ],
            [
              121.39678602364285,
              25.094501189830133
            ],
            [
              121.39463694902267,
              25.101158022417053
            ],
            [
              121.39166917930909,
              25.100632483002297
            ],
            [
              121.38542662922191,
              25.112807479444164
            ],
            [
              121.37693266762787,
              25.11972708173846
            ],
            [
              121.36710832650705,
              25.133916645936896
            ],
            [
              121.36577794698027,
              25.13969757949922
            ],
            [
              121.3599447444398,
              25.134792544961492
            ],
            [
              121.35339518369258,
              25.13163930847295
            ],
            [
              121.34172877861162,
              25.128748841691788
            ],
            [
              121.33865867201136,
              25.126997043642596
            ],
            [
              121.32013569552316,
              25.12340585764176
            ],
            [
              121.31020901751567,
              25.123756217251596
            ],
            [
              121.30949265930894,
              25.125858374910624
            ],
            [
              121.30058935016821,
              25.12524524559341
            ],
            [
              121.29137903036745,
              25.11858841300649
            ],
            [
              121.28339675320679,
              25.117800103884353
            ],
            [
              121.28268039500006,
              25.11009219246792
            ],
            [
              121.2903556615007,
              25.10676377617446
            ],
            [
              121.29158370414079,
              25.102647050758865
            ],
            [
              121.29833793866136,
              25.104486438710513
            ],
            [
              121.30284076167506,
              25.09677852729408
            ],
            [
              121.31041369128903,
              25.0965157575867
            ],
            [
              121.31819129467634,
              25.09301216148832
            ],
            [
              121.32474085542354,
              25.092661801878485
            ],
            [
              121.33016471041732,
              25.08828230675551
            ],
            [
              121.33865867201136,
              25.083640041925158
            ],
            [
              121.34612926473865,
              25.083640041925158
            ],
            [
              121.34889236067887,
              25.081187524656293
            ],
            [
              121.3426498105917,
              25.072778894020185
            ],
            [
              121.35114377218574,
              25.073917562752158
            ],
            [
              121.35134844595909,
              25.068224219092293
            ],
            [
              121.35493023699271,
              25.06515857250621
            ],
            [
              121.3673130002804,
              25.06515857250621
            ],
            [
              121.37662565696785,
              25.066122061433266
            ],
            [
              121.3801051111148,
              25.06515857250621
            ],
            [
              121.382561196395,
              25.071465045483293
            ],
            [
              121.38696168252204,
              25.0729540738251
            ],
            [
              121.38992945223562,
              25.068049039287374
            ],
            [
              121.3957626547761,
              25.06883734840951
            ],
            [
              121.40057248844982,
              25.063056414847182
            ],
            [
              121.40620101721697,
              25.06883734840951
            ],
            [
              121.3994467826964,
              25.071027095970994
            ],
            [
              121.40241455240998,
              25.07496864158167
            ],
            [
              121.40824775495047,
              25.075844540606266
            ],
            [
              121.40354025816342,
              25.077158389143158
            ],
            [
              121.40701971231037,
              25.082326193388266
            ],
            [
              121.4081454180638,
              25.08854507646289
            ],
            [
              121.4122388935308,
              25.093800470610457
            ],
            [
              121.40180053108993,
              25.107552085296597
            ]
          ]
        ]
      },
      "properties": {
        "id": "65000170",
        "name": "林口區",
        "city": "新北市",
        "quarter": "1131",
        "age_under_1y": 2283,
        "age_1_5y": 7867,
        "age_5_10y": 8550,
        "age_10_15y": 10150,
        "age_15_20y": 13246,
        "age_20_25y": 1080,
        "age_25_30y": 5846,
        "age_30_40y": 4953,
        "age_40_50y": 2538,
        "age_over_50y": 1414,
        "total": 57927,
        "old_building_count": 8905
      }
    },
    {
      "type": "Feature",
      "geometry": {
        "type": "Polygon",
        "coordinates": [
          [
            [
              121.64024547704304,
              25.023553368837963
            ],
            [
              121.6309328203556,
              25.024692037569935
            ],
            [
              121.62898841950877,
              25.019962182837123
            ],
            [
              121.62243885876156,
              25.0174220756658
            ],
            [
              121.60872571594709,
              25.02048772225188
            ],
            [
              121.60412055604671,
              25.019086283812527
            ],
            [
              121.60268783963326,
              25.01514473820185
            ],
            [
              121.59746865841282,
              25.014794378592015
            ],
            [
              121.59562659445267,
              25.00717405707804
            ],
            [
              121.60053876501308,
              25.00069240429604
            ],
            [
              121.59808267973287,
              24.994473521221416
            ],
            [
              121.60186914453986,
              24.99044438570828
            ],
            [
              121.59982240680635,
              24.986502840097604
            ],
            [
              121.60012941746638,
              24.97695554072952
            ],
            [
              121.60514392491346,
              24.974415433558196
            ],
            [
              121.61128413811397,
              24.974590613363116
            ],
            [
              121.61998277348135,
              24.969247629313088
            ],
            [
              121.62735102932197,
              24.972663635509008
            ],
            [
              121.63891509751626,
              24.9804591368279
            ],
            [
              121.6370730335561,
              24.98746632902466
            ],
            [
              121.63799406553619,
              24.99508665053863
            ],
            [
              121.64372493119,
              24.99508665053863
            ],
            [
              121.64474830005675,
              25.00209384273539
            ],
            [
              121.63922210817628,
              25.00550984893131
            ],
            [
              121.64106417213644,
              25.01400606946988
            ],
            [
              121.63922210817628,
              25.02048772225188
            ],
            [
              121.64024547704304,
              25.023553368837963
            ]
          ]
        ]
      },
      "properties": {
        "id": "65000180",
        "name": "深坑區",
        "city": "新北市",
        "quarter": "1131",
        "age_under_1y": 0,
        "age_1_5y": 131,
        "age_5_10y": 294,
        "age_10_15y": 953,
        "age_15_20y": 595,
        "age_20_25y": 301,
        "age_25_30y": 3717,
        "age_30_40y": 1319,
        "age_40_50y": 2877,
        "age_over_50y": 370,
        "total": 10557,
        "old_building_count": 4566
      }
    },
    {
      "type": "Feature",
      "geometry": {
        "type": "Polygon",
        "coordinates": [
          [
            [
              121.70318266234825,
              25.03196199947407
            ],
            [
              121.69694011226107,
              25.03511523596261
            ],
            [
              121.6956097327343,
              25.040808579622478
            ],
            [
              121.6923349523607,
              25.04185965845199
            ],
            [
              121.68414800142668,
              25.040107860402802
            ],
            [
              121.67718909313277,
              25.034852466255234
            ],
            [
              121.67115121681893,
              25.033100668206043
            ],
            [
              121.66582969871183,
              25.03371379752326
            ],
            [
              121.66582969871183,
              25.029947431717503
            ],
            [
              121.66408997163835,
              25.023203009228123
            ],
            [
              121.6498651443905,
              25.02399131835026
            ],
            [
              121.6469997115636,
              25.02188916069123
            ],
            [
              121.64024547704304,
              25.023553368837963
            ],
            [
              121.63922210817628,
              25.02048772225188
            ],
            [
              121.64106417213644,
              25.01400606946988
            ],
            [
              121.63922210817628,
              25.00550984893131
            ],
            [
              121.64474830005675,
              25.00209384273539
            ],
            [
              121.64372493119,
              24.99508665053863
            ],
            [
              121.63799406553619,
              24.99508665053863
            ],
            [
              121.6370730335561,
              24.98746632902466
            ],
            [
              121.63891509751626,
              24.9804591368279
            ],
            [
              121.62735102932197,
              24.972663635509008
            ],
            [
              121.61998277348135,
              24.969247629313088
            ],
            [
              121.60923740038047,
              24.96399223516552
            ],
            [
              121.61056777990724,
              24.959437560237628
            ],
            [
              121.60770234708033,
              24.956371913651545
            ],
            [
              121.60698598887362,
              24.94743774360068
            ],
            [
              121.60115278633313,
              24.94708738399084
            ],
            [
              121.59787800595953,
              24.944547276819517
            ],
            [
              121.59982240680635,
              24.93911670286703
            ],
            [
              121.59777566907285,
              24.93754008462276
            ],
            [
              121.59419387803922,
              24.92746724583992
            ],
            [
              121.59675230020609,
              24.91748199695954
            ],
            [
              121.59705931086613,
              24.911876243202133
            ],
            [
              121.59040741323224,
              24.914591530178377
            ],
            [
              121.57833166060458,
              24.908810596616053
            ],
            [
              121.57311247938414,
              24.90898577642097
            ],
            [
              121.567483950617,
              24.903467612566025
            ],
            [
              121.5761825859844,
              24.898737757833214
            ],
            [
              121.57884334503795,
              24.895409341539754
            ],
            [
              121.57638725975774,
              24.88603722197659
            ],
            [
              121.5778199761712,
              24.880081108609346
            ],
            [
              121.57577323843769,
              24.875088484169154
            ],
            [
              121.5851882320118,
              24.87263596690029
            ],
            [
              121.59276116162577,
              24.86615431411829
            ],
            [
              121.6012551232198,
              24.863263847337127
            ],
            [
              121.60923740038047,
              24.863088667532207
            ],
            [
              121.615684624241,
              24.860723740165803
            ],
            [
              121.62100614234811,
              24.863263847337127
            ],
            [
              121.62960244082882,
              24.86142445938548
            ],
            [
              121.63523096959595,
              24.857395323872343
            ],
            [
              121.63840341308288,
              24.860898919970722
            ],
            [
              121.64464596317006,
              24.860723740165803
            ],
            [
              121.64833009109037,
              24.86790611216748
            ],
            [
              121.65324226165079,
              24.870446219338803
            ],
            [
              121.65416329363086,
              24.876927872120802
            ],
            [
              121.64976280750383,
              24.880168698511806
            ],
            [
              121.65293525099075,
              24.890153947392186
            ],
            [
              121.64884177552375,
              24.895234161734834
            ],
            [
              121.6531399247641,
              24.898562578028294
            ],
            [
              121.6602011699447,
              24.901365454906998
            ],
            [
              121.6618385601315,
              24.905307000517674
            ],
            [
              121.66603437248517,
              24.908372647103754
            ],
            [
              121.66316893965828,
              24.914941889788214
            ],
            [
              121.67319795455244,
              24.919934514228405
            ],
            [
              121.6762680611527,
              24.923087750716945
            ],
            [
              121.67012784795219,
              24.930094942913705
            ],
            [
              121.66961616351881,
              24.93894152306211
            ],
            [
              121.66705774135193,
              24.939729832184245
            ],
            [
              121.66562502493848,
              24.949802670967085
            ],
            [
              121.66910447908543,
              24.95225518823595
            ],
            [
              121.68046387350637,
              24.954532525699896
            ],
            [
              121.68506903340675,
              24.958298891505653
            ],
            [
              121.6877297924603,
              24.962853566433548
            ],
            [
              121.69867983933455,
              24.964692954385196
            ],
            [
              121.70819716979534,
              24.972751225411468
            ],
            [
              121.71566776252263,
              24.97082424755736
            ],
            [
              121.71812384780283,
              24.974940972972952
            ],
            [
              121.71730515270943,
              24.979145288291008
            ],
            [
              121.72457107166336,
              24.9836999632189
            ],
            [
              121.72682248317021,
              24.989130537171388
            ],
            [
              121.72078460685638,
              24.999378555759147
            ],
            [
              121.72221732326983,
              25.007612006590335
            ],
            [
              121.71362102478912,
              25.006035388346067
            ],
            [
              121.71188129771565,
              25.009714164249363
            ],
            [
              121.70604809517516,
              25.01514473820185
            ],
            [
              121.70103358772808,
              25.023203009228123
            ],
            [
              121.70451304187503,
              25.02740732454618
            ],
            [
              121.70318266234825,
              25.03196199947407
            ]
          ]
        ]
      },
      "properties": {
        "id": "65000190",
        "name": "石碇區",
        "city": "新北市",
        "quarter": "1131",
        "age_under_1y": 3,
        "age_1_5y": 32,
        "age_5_10y": 161,
        "age_10_15y": 218,
        "age_15_20y": 171,
        "age_20_25y": 164,
        "age_25_30y": 100,
        "age_30_40y": 451,
        "age_40_50y": 164,
        "age_over_50y": 370,
        "total": 1834,
        "old_building_count": 985
      }
    },
    {
      "type": "Feature",
      "geometry": {
        "type": "Polygon",
        "coordinates": [
          [
            [
              121.77706989452771,
              24.984838631950876
            ],
            [
              121.77154370264726,
              24.979758417608224
            ],
            [
              121.76366376237327,
              24.98054672673036
            ],
            [
              121.75854691803951,
              24.976867950827064
            ],
            [
              121.75220203106565,
              24.97713072053444
            ],
            [
              121.74810855559865,
              24.97415266385082
            ],
            [
              121.74411741701832,
              24.975116152777872
            ],
            [
              121.74268470060487,
              24.979495647900848
            ],
            [
              121.73889823579789,
              24.979758417608224
            ],
            [
              121.7338837283508,
              24.976430001314764
            ],
            [
              121.72057993308303,
              24.97406507394836
            ],
            [
              121.71812384780283,
              24.974940972972952
            ],
            [
              121.71566776252263,
              24.97082424755736
            ],
            [
              121.70819716979534,
              24.972751225411468
            ],
            [
              121.69867983933455,
              24.964692954385196
            ],
            [
              121.6877297924603,
              24.962853566433548
            ],
            [
              121.68506903340675,
              24.958298891505653
            ],
            [
              121.68046387350637,
              24.954532525699896
            ],
            [
              121.66910447908543,
              24.95225518823595
            ],
            [
              121.66562502493848,
              24.949802670967085
            ],
            [
              121.66705774135193,
              24.939729832184245
            ],
            [
              121.66961616351881,
              24.93894152306211
            ],
            [
              121.67012784795219,
              24.930094942913705
            ],
            [
              121.6762680611527,
              24.923087750716945
            ],
            [
              121.67319795455244,
              24.919934514228405
            ],
            [
              121.66316893965828,
              24.914941889788214
            ],
            [
              121.66603437248517,
              24.908372647103754
            ],
            [
              121.6618385601315,
              24.905307000517674
            ],
            [
              121.6602011699447,
              24.901365454906998
            ],
            [
              121.6531399247641,
              24.898562578028294
            ],
            [
              121.64884177552375,
              24.895234161734834
            ],
            [
              121.65293525099075,
              24.890153947392186
            ],
            [
              121.64976280750383,
              24.880168698511806
            ],
            [
              121.65416329363086,
              24.876927872120802
            ],
            [
              121.65324226165079,
              24.870446219338803
            ],
            [
              121.64833009109037,
              24.86790611216748
            ],
            [
              121.64464596317006,
              24.860723740165803
            ],
            [
              121.6531399247641,
              24.855030396505935
            ],
            [
              121.65713106334444,
              24.849687412455907
            ],
            [
              121.65968948551132,
              24.850826081187883
            ],
            [
              121.66992317417883,
              24.84802320430918
            ],
            [
              121.68210126369317,
              24.850212951870667
            ],
            [
              121.68783212934699,
              24.849862592260827
            ],
            [
              121.69438169009419,
              24.843556119283747
            ],
            [
              121.7021592934815,
              24.84276781016161
            ],
            [
              121.70748081158861,
              24.838826264550935
            ],
            [
              121.71423504610917,
              24.841804321234555
            ],
            [
              121.72191031260981,
              24.849862592260827
            ],
            [
              121.7326556857107,
              24.85581870562807
            ],
            [
              121.73828421447783,
              24.855293166213315
            ],
            [
              121.74196834239814,
              24.85249028933461
            ],
            [
              121.74780154493862,
              24.854942806603475
            ],
            [
              121.76100300331971,
              24.856694604652667
            ],
            [
              121.76918995425373,
              24.86589154441091
            ],
            [
              121.77522783056756,
              24.866592263630587
            ],
            [
              121.77727456830107,
              24.869745500119127
            ],
            [
              121.78494983480171,
              24.87561402358391
            ],
            [
              121.78218673886147,
              24.87920520958475
            ],
            [
              121.78167505442809,
              24.88936563827005
            ],
            [
              121.78996434224878,
              24.893482363685646
            ],
            [
              121.79344379639574,
              24.899788836662726
            ],
            [
              121.79119238488889,
              24.903380022663566
            ],
            [
              121.78566619300842,
              24.90749674807916
            ],
            [
              121.78474516102835,
              24.91397840086116
            ],
            [
              121.77809326339447,
              24.919671744521025
            ],
            [
              121.78198206508813,
              24.928343144864513
            ],
            [
              121.78474516102835,
              24.93027012271862
            ],
            [
              121.78628021432849,
              24.937014545208
            ],
            [
              121.7894526578154,
              24.94060573120884
            ],
            [
              121.78771293074193,
              24.944722456624437
            ],
            [
              121.79334145950907,
              24.9540945761876
            ],
            [
              121.79027135290882,
              24.959875509749924
            ],
            [
              121.79190874309562,
              24.9702987081426
            ],
            [
              121.7940578177158,
              24.97739349024182
            ],
            [
              121.79252276441566,
              24.983437193511524
            ],
            [
              121.78167505442809,
              24.98203575507217
            ],
            [
              121.77706989452771,
              24.984838631950876
            ]
          ]
        ]
      },
      "properties": {
        "id": "65000200",
        "name": "坪林區",
        "city": "新北市",
        "quarter": "1131",
        "age_under_1y": 0,
        "age_1_5y": 40,
        "age_5_10y": 144,
        "age_10_15y": 200,
        "age_15_20y": 106,
        "age_20_25y": 59,
        "age_25_30y": 14,
        "age_30_40y": 20,
        "age_40_50y": 107,
        "age_over_50y": 569,
        "total": 1259,
        "old_building_count": 696
      }
    },
    {
      "type": "Feature",
      "geometry": {
        "type": "Polygon",
        "coordinates": [
          [
            [
              121.56594889731687,
              25.215024895614366
            ],
            [
              121.56267411694327,
              25.222032087811126
            ],
            [
              121.55561287176269,
              25.227550251666074
            ],
            [
              121.55643156685609,
              25.233856724643154
            ],
            [
              121.55397548157589,
              25.239812838010398
            ],
            [
              121.55080303808896,
              25.2426157148891
            ],
            [
              121.54589086752854,
              25.243491613913697
            ],
            [
              121.5477329314887,
              25.249798086890777
            ],
            [
              121.54640255196192,
              25.253564452696537
            ],
            [
              121.55039369054225,
              25.261797903527725
            ],
            [
              121.54824461592207,
              25.26608980874824
            ],
            [
              121.5420020658349,
              25.26810437650481
            ],
            [
              121.54067168630812,
              25.26582703904086
            ],
            [
              121.53309875669416,
              25.266440168358077
            ],
            [
              121.5267538697203,
              25.26100959440559
            ],
            [
              121.51539447529935,
              25.27476120909173
            ],
            [
              121.5082308932321,
              25.27826480519011
            ],
            [
              121.50761687191203,
              25.28273189021554
            ],
            [
              121.4954387823977,
              25.27791444558027
            ],
            [
              121.49093595938399,
              25.27467361918927
            ],
            [
              121.48090694448983,
              25.270907253383513
            ],
            [
              121.47701814279617,
              25.26626498855316
            ],
            [
              121.47159428780239,
              25.2560169699654
            ],
            [
              121.4624863048883,
              25.252075424354725
            ],
            [
              121.45266196376748,
              25.2527761435744
            ],
            [
              121.4476474563204,
              25.246644850402237
            ],
            [
              121.44590772924693,
              25.241827405766966
            ],
            [
              121.45030821537395,
              25.24436751293829
            ],
            [
              121.45696011300784,
              25.243141254303858
            ],
            [
              121.45880217696799,
              25.240338377425154
            ],
            [
              121.47087792959566,
              25.238849349083345
            ],
            [
              121.49001492740392,
              25.231754566984126
            ],
            [
              121.49646215126445,
              25.230440718447234
            ],
            [
              121.49758785701788,
              25.225272914202126
            ],
            [
              121.50157899559821,
              25.223783885860314
            ],
            [
              121.49697383569783,
              25.21809054220045
            ],
            [
              121.49850888899795,
              25.215900794638962
            ],
            [
              121.49288036023081,
              25.211959249028286
            ],
            [
              121.4867401470303,
              25.21134611971107
            ],
            [
              121.48551210439021,
              25.20477687702661
            ],
            [
              121.49554111928437,
              25.19111285224293
            ],
            [
              121.50076030050481,
              25.19295224019458
            ],
            [
              121.50618415549859,
              25.19023695321834
            ],
            [
              121.51426876954592,
              25.183842890338795
            ],
            [
              121.51938561387968,
              25.182441451899443
            ],
            [
              121.52173936227321,
              25.179113035605983
            ],
            [
              121.52562816396687,
              25.182791811509283
            ],
            [
              121.53340576735418,
              25.18358012063142
            ],
            [
              121.53575951574771,
              25.1866457672175
            ],
            [
              121.5428207609283,
              25.188923104681447
            ],
            [
              121.543230108475,
              25.193652959414255
            ],
            [
              121.54630021507525,
              25.196981375707715
            ],
            [
              121.55254276516243,
              25.198820763659366
            ],
            [
              121.55151939629567,
              25.202149179952826
            ],
            [
              121.55499885044263,
              25.208455652929906
            ],
            [
              121.55919466279632,
              25.210119861076638
            ],
            [
              121.56246944316992,
              25.214148996589774
            ],
            [
              121.56594889731687,
              25.215024895614366
            ]
          ]
        ]
      },
      "properties": {
        "id": "65000210",
        "name": "三芝區",
        "city": "新北市",
        "quarter": "1131",
        "age_under_1y": 8,
        "age_1_5y": 43,
        "age_5_10y": 131,
        "age_10_15y": 88,
        "age_15_20y": 77,
        "age_20_25y": 79,
        "age_25_30y": 7945,
        "age_30_40y": 1417,
        "age_40_50y": 2387,
        "age_over_50y": 1430,
        "total": 13605,
        "old_building_count": 5234
      }
    },
    {
      "type": "Feature",
      "geometry": {
        "type": "Polygon",
        "coordinates": [
          [
            [
              121.62080146857475,
              25.27572469801878
            ],
            [
              121.615684624241,
              25.27922829411716
            ],
            [
              121.60790702085369,
              25.28141804167865
            ],
            [
              121.60238082897324,
              25.28772451465573
            ],
            [
              121.59705931086613,
              25.291578470363948
            ],
            [
              121.58662094842526,
              25.293417858315596
            ],
            [
              121.57771763928451,
              25.298936022170544
            ],
            [
              121.56932601457716,
              25.298498072658244
            ],
            [
              121.56686992929696,
              25.295082066462324
            ],
            [
              121.56032036854974,
              25.292016419876244
            ],
            [
              121.55377080780254,
              25.292979908803296
            ],
            [
              121.55039369054225,
              25.291666060266405
            ],
            [
              121.54118337074149,
              25.29455652704757
            ],
            [
              121.54067168630812,
              25.297884943341028
            ],
            [
              121.53657821084111,
              25.299987101000056
            ],
            [
              121.5337127780142,
              25.297096634218892
            ],
            [
              121.5333034304675,
              25.289914262217216
            ],
            [
              121.5259351746269,
              25.286060306509
            ],
            [
              121.52163702538654,
              25.286848615631136
            ],
            [
              121.51692952859948,
              25.28492163777703
            ],
            [
              121.5139617588859,
              25.286673435826216
            ],
            [
              121.51181268426572,
              25.291841240071324
            ],
            [
              121.50833323011877,
              25.288775593485244
            ],
            [
              121.50761687191203,
              25.28273189021554
            ],
            [
              121.5082308932321,
              25.27826480519011
            ],
            [
              121.51539447529935,
              25.27476120909173
            ],
            [
              121.5267538697203,
              25.26100959440559
            ],
            [
              121.53309875669416,
              25.266440168358077
            ],
            [
              121.54067168630812,
              25.26582703904086
            ],
            [
              121.5420020658349,
              25.26810437650481
            ],
            [
              121.54824461592207,
              25.26608980874824
            ],
            [
              121.55039369054225,
              25.261797903527725
            ],
            [
              121.54640255196192,
              25.253564452696537
            ],
            [
              121.5477329314887,
              25.249798086890777
            ],
            [
              121.54589086752854,
              25.243491613913697
            ],
            [
              121.55080303808896,
              25.2426157148891
            ],
            [
              121.55397548157589,
              25.239812838010398
            ],
            [
              121.55643156685609,
              25.233856724643154
            ],
            [
              121.55561287176269,
              25.227550251666074
            ],
            [
              121.56267411694327,
              25.222032087811126
            ],
            [
              121.56594889731687,
              25.215024895614366
            ],
            [
              121.57127041542398,
              25.220367879664394
            ],
            [
              121.5778199761712,
              25.220805829176694
            ],
            [
              121.58129943031815,
              25.223608706055398
            ],
            [
              121.58396018937171,
              25.233331185228398
            ],
            [
              121.59409154115255,
              25.241914995669426
            ],
            [
              121.59787800595953,
              25.243316434108777
            ],
            [
              121.60023175435305,
              25.248922187866185
            ],
            [
              121.60412055604671,
              25.253038913281777
            ],
            [
              121.61578696112768,
              25.253389272891617
            ],
            [
              121.61865239395458,
              25.25803153772197
            ],
            [
              121.61599163490102,
              25.266965707772837
            ],
            [
              121.61793603574786,
              25.273359770652377
            ],
            [
              121.62080146857475,
              25.27572469801878
            ]
          ]
        ]
      },
      "properties": {
        "id": "65000220",
        "name": "石門區",
        "city": "新北市",
        "quarter": "1131",
        "age_under_1y": 2,
        "age_1_5y": 26,
        "age_5_10y": 38,
        "age_10_15y": 53,
        "age_15_20y": 64,
        "age_20_25y": 77,
        "age_25_30y": 451,
        "age_30_40y": 491,
        "age_40_50y": 788,
        "age_over_50y": 1025,
        "total": 3015,
        "old_building_count": 2304
      }
    },
    {
      "type": "Feature",
      "geometry": {
        "type": "Polygon",
        "coordinates": [
          [
            [
              121.45880217696799,
              25.12296790812946
            ],
            [
              121.45685777612117,
              25.12664668403276
            ],
            [
              121.45266196376748,
              25.14670477169598
            ],
            [
              121.45041055226064,
              25.152748474965684
            ],
            [
              121.44099555868652,
              25.162558544041143
            ],
            [
              121.4332179552992,
              25.16763875838379
            ],
            [
              121.42410997238511,
              25.17149271409201
            ],
            [
              121.41745807475124,
              25.175521849605147
            ],
            [
              121.41254590419082,
              25.168514657408387
            ],
            [
              121.40548465901024,
              25.160456386382116
            ],
            [
              121.40231221552331,
              25.158792178235387
            ],
            [
              121.39166917930909,
              25.16798911799363
            ],
            [
              121.38798505138878,
              25.152047755746008
            ],
            [
              121.38972477846227,
              25.147755850525492
            ],
            [
              121.37949108979475,
              25.14302599579268
            ],
            [
              121.36577794698027,
              25.13969757949922
            ],
            [
              121.36710832650705,
              25.133916645936896
            ],
            [
              121.37693266762787,
              25.11972708173846
            ],
            [
              121.38542662922191,
              25.112807479444164
            ],
            [
              121.39166917930909,
              25.100632483002297
            ],
            [
              121.39463694902267,
              25.101158022417053
            ],
            [
              121.39678602364285,
              25.094501189830133
            ],
            [
              121.39647901298282,
              25.087756767340753
            ],
            [
              121.39269254817584,
              25.0863553289014
            ],
            [
              121.39432993836265,
              25.081537884266133
            ],
            [
              121.39934444580973,
              25.085742199584185
            ],
            [
              121.40077716222318,
              25.09178590285389
            ],
            [
              121.40394960571011,
              25.09546467875719
            ],
            [
              121.40180053108993,
              25.097917196026053
            ],
            [
              121.40180053108993,
              25.107552085296597
            ],
            [
              121.40036781467649,
              25.114559277493353
            ],
            [
              121.40476830080351,
              25.122529958617164
            ],
            [
              121.4097828082506,
              25.121040930275353
            ],
            [
              121.41489965258435,
              25.12296790812946
            ],
            [
              121.41561601079108,
              25.129361971009004
            ],
            [
              121.42605437323195,
              25.12971233061884
            ],
            [
              121.43598105123944,
              25.127259813349976
            ],
            [
              121.44140490623322,
              25.12323067783684
            ],
            [
              121.44549838170022,
              25.12314308793438
            ],
            [
              121.4529689744275,
              25.119376722128624
            ],
            [
              121.45900685074135,
              25.112719889541705
            ],
            [
              121.46095125158817,
              25.116223485640084
            ],
            [
              121.45880217696799,
              25.12296790812946
            ]
          ]
        ]
      },
      "properties": {
        "id": "65000230",
        "name": "八里區",
        "city": "新北市",
        "quarter": "1131",
        "age_under_1y": 718,
        "age_1_5y": 2107,
        "age_5_10y": 959,
        "age_10_15y": 1089,
        "age_15_20y": 1611,
        "age_20_25y": 1364,
        "age_25_30y": 6562,
        "age_30_40y": 1470,
        "age_40_50y": 1972,
        "age_over_50y": 887,
        "total": 18739,
        "old_building_count": 4329
      }
    },
    {
      "type": "Feature",
      "geometry": {
        "type": "Polygon",
        "coordinates": [
          [
            [
              121.81687894344435,
              25.04212242815937
            ],
            [
              121.8133994892974,
              25.053421525576642
            ],
            [
              121.8142181843908,
              25.058063790406994
            ],
            [
              121.81002237203711,
              25.059727998553722
            ],
            [
              121.80674759166351,
              25.058063790406994
            ],
            [
              121.80377982194993,
              25.067611089775074
            ],
            [
              121.79784428252277,
              25.075932130508725
            ],
            [
              121.79477417592251,
              25.077421158850537
            ],
            [
              121.78842928894866,
              25.07549418099643
            ],
            [
              121.784540487255,
              25.072516124312806
            ],
            [
              121.77563717811427,
              25.07006360704394
            ],
            [
              121.77000864934713,
              25.06349436435948
            ],
            [
              121.76233338284649,
              25.057012711577478
            ],
            [
              121.75926327624624,
              25.059465228846346
            ],
            [
              121.75087165153887,
              25.057012711577478
            ],
            [
              121.7458571440918,
              25.052983576064342
            ],
            [
              121.73787486693114,
              25.054647784211074
            ],
            [
              121.73009726354383,
              25.053333935674182
            ],
            [
              121.72661780939687,
              25.049392390063506
            ],
            [
              121.72098928062974,
              25.047202642502018
            ],
            [
              121.7178168371428,
              25.042998327183962
            ],
            [
              121.7157700994093,
              25.036253904694586
            ],
            [
              121.71188129771565,
              25.033363437913422
            ],
            [
              121.70829950668201,
              25.0340641571331
            ],
            [
              121.70318266234825,
              25.03196199947407
            ],
            [
              121.70451304187503,
              25.02740732454618
            ],
            [
              121.70103358772808,
              25.023203009228123
            ],
            [
              121.70604809517516,
              25.01514473820185
            ],
            [
              121.71188129771565,
              25.009714164249363
            ],
            [
              121.71362102478912,
              25.006035388346067
            ],
            [
              121.72221732326983,
              25.007612006590335
            ],
            [
              121.72078460685638,
              24.999378555759147
            ],
            [
              121.72682248317021,
              24.989130537171388
            ],
            [
              121.72457107166336,
              24.9836999632189
            ],
            [
              121.71730515270943,
              24.979145288291008
            ],
            [
              121.71812384780283,
              24.974940972972952
            ],
            [
              121.72057993308303,
              24.97406507394836
            ],
            [
              121.7338837283508,
              24.976430001314764
            ],
            [
              121.73889823579789,
              24.979758417608224
            ],
            [
              121.74268470060487,
              24.979495647900848
            ],
            [
              121.74411741701832,
              24.975116152777872
            ],
            [
              121.74810855559865,
              24.97415266385082
            ],
            [
              121.75220203106565,
              24.97713072053444
            ],
            [
              121.75854691803951,
              24.976867950827064
            ],
            [
              121.76366376237327,
              24.98054672673036
            ],
            [
              121.77154370264726,
              24.979758417608224
            ],
            [
              121.77706989452771,
              24.984838631950876
            ],
            [
              121.77430679858749,
              24.98851740785417
            ],
            [
              121.76867826982036,
              24.990181616000903
            ],
            [
              121.76417544680665,
              24.996225319270607
            ],
            [
              121.77471614613418,
              25.002531792247687
            ],
            [
              121.78014000112798,
              25.0105024733715
            ],
            [
              121.78443815036833,
              25.01391847956742
            ],
            [
              121.78443815036833,
              25.017684845373175
            ],
            [
              121.78914564715538,
              25.023027829423203
            ],
            [
              121.79293211196236,
              25.02381613854534
            ],
            [
              121.79958400959624,
              25.030210201424882
            ],
            [
              121.80664525477684,
              25.031524049961774
            ],
            [
              121.808487318737,
              25.036867034011802
            ],
            [
              121.81206910977062,
              25.04045822001264
            ],
            [
              121.81687894344435,
              25.04212242815937
            ]
          ]
        ]
      },
      "properties": {
        "id": "65000240",
        "name": "平溪區",
        "city": "新北市",
        "quarter": "1131",
        "age_under_1y": 4,
        "age_1_5y": 14,
        "age_5_10y": 57,
        "age_10_15y": 46,
        "age_15_20y": 54,
        "age_20_25y": 37,
        "age_25_30y": 120,
        "age_30_40y": 51,
        "age_40_50y": 204,
        "age_over_50y": 1314,
        "total": 1901,
        "old_building_count": 1569
      }
    },
    {
      "type": "Feature",
      "geometry": {
        "type": "Polygon",
        "coordinates": [
          [
            [
              121.87551797950921,
              25.094588779732593
            ],
            [
              121.8685590712153,
              25.093800470610457
            ],
            [
              121.85730201368104,
              25.097304066708837
            ],
            [
              121.85341321198737,
              25.09511431914735
            ],
            [
              121.85146881114055,
              25.089158205780105
            ],
            [
              121.84768234633357,
              25.089333385585025
            ],
            [
              121.84031409049297,
              25.078121878070213
            ],
            [
              121.83253648710564,
              25.07181540509313
            ],
            [
              121.82977339116542,
              25.06498339270129
            ],
            [
              121.83038741248546,
              25.05692512167502
            ],
            [
              121.8347878986125,
              25.047290232404478
            ],
            [
              121.8339692035191,
              25.044399765623314
            ],
            [
              121.82148410334473,
              25.045801204062666
            ],
            [
              121.81687894344435,
              25.04212242815937
            ],
            [
              121.81206910977062,
              25.04045822001264
            ],
            [
              121.808487318737,
              25.036867034011802
            ],
            [
              121.80664525477684,
              25.031524049961774
            ],
            [
              121.79958400959624,
              25.030210201424882
            ],
            [
              121.79293211196236,
              25.02381613854534
            ],
            [
              121.78914564715538,
              25.023027829423203
            ],
            [
              121.78443815036833,
              25.017684845373175
            ],
            [
              121.78443815036833,
              25.01391847956742
            ],
            [
              121.78014000112798,
              25.0105024733715
            ],
            [
              121.77471614613418,
              25.002531792247687
            ],
            [
              121.76417544680665,
              24.996225319270607
            ],
            [
              121.76867826982036,
              24.990181616000903
            ],
            [
              121.77430679858749,
              24.98851740785417
            ],
            [
              121.77706989452771,
              24.984838631950876
            ],
            [
              121.78167505442809,
              24.98203575507217
            ],
            [
              121.79252276441566,
              24.983437193511524
            ],
            [
              121.7940578177158,
              24.97739349024182
            ],
            [
              121.79190874309562,
              24.9702987081426
            ],
            [
              121.79027135290882,
              24.959875509749924
            ],
            [
              121.79334145950907,
              24.9540945761876
            ],
            [
              121.78771293074193,
              24.944722456624437
            ],
            [
              121.7894526578154,
              24.94060573120884
            ],
            [
              121.78628021432849,
              24.937014545208
            ],
            [
              121.78474516102835,
              24.93027012271862
            ],
            [
              121.78198206508813,
              24.928343144864513
            ],
            [
              121.77809326339447,
              24.919671744521025
            ],
            [
              121.78474516102835,
              24.91397840086116
            ],
            [
              121.78566619300842,
              24.90749674807916
            ],
            [
              121.79119238488889,
              24.903380022663566
            ],
            [
              121.79344379639574,
              24.899788836662726
            ],
            [
              121.80449618015666,
              24.901190275102078
            ],
            [
              121.81053405647049,
              24.903642792370942
            ],
            [
              121.81165976222391,
              24.906533259152106
            ],
            [
              121.8183116598578,
              24.90267930344389
            ],
            [
              121.82240513532481,
              24.904518691395538
            ],
            [
              121.83182012889893,
              24.904869051005377
            ],
            [
              121.84328186020655,
              24.915379839300513
            ],
            [
              121.84563560860006,
              24.91940897481365
            ],
            [
              121.8520828324606,
              24.92370088003416
            ],
            [
              121.85382255953408,
              24.927905195352217
            ],
            [
              121.84911506274702,
              24.93035771262108
            ],
            [
              121.84665897746682,
              24.937802854330137
            ],
            [
              121.83980240605959,
              24.942182349453113
            ],
            [
              121.83918838473953,
              24.946299074868705
            ],
            [
              121.8413374593597,
              24.95418216609006
            ],
            [
              121.8471706619002,
              24.96040104916468
            ],
            [
              121.8541295701941,
              24.961276948189276
            ],
            [
              121.86129315226137,
              24.96364187555568
            ],
            [
              121.86088380471466,
              24.973539534533604
            ],
            [
              121.86241885801479,
              24.981597805559872
            ],
            [
              121.86600064904842,
              24.989568486683687
            ],
            [
              121.8710151564955,
              24.993247262586983
            ],
            [
              121.87531330573586,
              24.999378555759147
            ],
            [
              121.8805324869563,
              25.013392940152663
            ],
            [
              121.89107318628383,
              25.016370996836283
            ],
            [
              121.88820775345692,
              25.019261463617447
            ],
            [
              121.89158487071721,
              25.02407890825272
            ],
            [
              121.89680405193765,
              25.039319551280666
            ],
            [
              121.88759373213688,
              25.04553843435529
            ],
            [
              121.89025449119043,
              25.052545626552046
            ],
            [
              121.8870820477035,
              25.06358195426194
            ],
            [
              121.88237455091645,
              25.072340944507886
            ],
            [
              121.87715536969601,
              25.0766328497284
            ],
            [
              121.87838341233612,
              25.082939322705485
            ],
            [
              121.87602966394259,
              25.087493997633377
            ],
            [
              121.87551797950921,
              25.094588779732593
            ]
          ]
        ]
      },
      "properties": {
        "id": "65000250",
        "name": "雙溪區",
        "city": "新北市",
        "quarter": "1131",
        "age_under_1y": 3,
        "age_1_5y": 25,
        "age_5_10y": 78,
        "age_10_15y": 95,
        "age_15_20y": 111,
        "age_20_25y": 170,
        "age_25_30y": 336,
        "age_30_40y": 124,
        "age_40_50y": 577,
        "age_over_50y": 1685,
        "total": 3204,
        "old_building_count": 2386
      }
    },
    {
      "type": "Feature",
      "geometry": {
        "type": "Polygon",
        "coordinates": [
          [
            [
              121.86129315226137,
              24.96364187555568
            ],
            [
              121.87152684092888,
              24.96075140877452
            ],
            [
              121.88227221402977,
              24.96416741497044
            ],
            [
              121.88943579609703,
              24.964692954385196
            ],
            [
              121.89721339948434,
              24.9670578817516
            ],
            [
              121.90284192825148,
              24.974415433558196
            ],
            [
              121.91000551031874,
              24.974765793168036
            ],
            [
              121.91624806040592,
              24.979495647900848
            ],
            [
              121.92228593671976,
              24.978619748876252
            ],
            [
              121.93344065736734,
              24.9808970863402
            ],
            [
              121.9344640262341,
              24.983174423804144
            ],
            [
              121.9406042394346,
              24.984488272341036
            ],
            [
              121.94387901980821,
              24.987904278536956
            ],
            [
              121.96281134384311,
              24.987729098732036
            ],
            [
              121.96772351440353,
              24.984838631950876
            ],
            [
              121.97478475958411,
              24.98527658146317
            ],
            [
              121.97611513911089,
              24.98878017756155
            ],
            [
              121.9838927424982,
              24.99053197561074
            ],
            [
              121.98931659749198,
              24.99377280200174
            ],
            [
              121.9966848533326,
              25.0007799941985
            ],
            [
              122.00354142473982,
              25.00200625283293
            ],
            [
              122.00691854200011,
              25.01085283298134
            ],
            [
              122.00558816247333,
              25.014531608884635
            ],
            [
              122.00180169766635,
              25.014794378592015
            ],
            [
              121.9991409386128,
              25.019611823227283
            ],
            [
              121.99320539918564,
              25.014268839177255
            ],
            [
              121.99013529258538,
              25.021100851569095
            ],
            [
              121.98297171051813,
              25.02495480727731
            ],
            [
              121.97365905383069,
              25.026531425521583
            ],
            [
              121.96690481931012,
              25.0239037284478
            ],
            [
              121.94705146329514,
              25.021100851569095
            ],
            [
              121.9422416296214,
              25.024604447667475
            ],
            [
              121.93456636312078,
              25.032399948986367
            ],
            [
              121.92893783435365,
              25.040983759427395
            ],
            [
              121.92975652944705,
              25.051319367917614
            ],
            [
              121.9315985934072,
              25.054122244796318
            ],
            [
              121.93170093029387,
              25.063144004749642
            ],
            [
              121.92545838020669,
              25.07207817480051
            ],
            [
              121.91532702842585,
              25.078121878070213
            ],
            [
              121.91686208172598,
              25.081362704461213
            ],
            [
              121.91440599644577,
              25.08547942987681
            ],
            [
              121.91440599644577,
              25.08977133509732
            ],
            [
              121.9196251776662,
              25.094851549439973
            ],
            [
              121.91860180879945,
              25.10019453349
            ],
            [
              121.92658408596012,
              25.108165214613813
            ],
            [
              121.92320696869983,
              25.11324542895646
            ],
            [
              121.91860180879945,
              25.112544709736785
            ],
            [
              121.92259294737978,
              25.122354778812245
            ],
            [
              121.91952284077952,
              25.120515390860596
            ],
            [
              121.89762274703105,
              25.113770968371217
            ],
            [
              121.89475731420414,
              25.10869075402857
            ],
            [
              121.8974180732577,
              25.103435359881
            ],
            [
              121.89567834618421,
              25.101158022417053
            ],
            [
              121.88738905836352,
              25.100369713294917
            ],
            [
              121.87551797950921,
              25.094588779732593
            ],
            [
              121.87602966394259,
              25.087493997633377
            ],
            [
              121.87838341233612,
              25.082939322705485
            ],
            [
              121.87715536969601,
              25.0766328497284
            ],
            [
              121.88237455091645,
              25.072340944507886
            ],
            [
              121.8870820477035,
              25.06358195426194
            ],
            [
              121.89025449119043,
              25.052545626552046
            ],
            [
              121.88759373213688,
              25.04553843435529
            ],
            [
              121.89680405193765,
              25.039319551280666
            ],
            [
              121.89158487071721,
              25.02407890825272
            ],
            [
              121.88820775345692,
              25.019261463617447
            ],
            [
              121.89107318628383,
              25.016370996836283
            ],
            [
              121.8805324869563,
              25.013392940152663
            ],
            [
              121.87531330573586,
              24.999378555759147
            ],
            [
              121.8710151564955,
              24.993247262586983
            ],
            [
              121.86600064904842,
              24.989568486683687
            ],
            [
              121.86241885801479,
              24.981597805559872
            ],
            [
              121.86088380471466,
              24.973539534533604
            ],
            [
              121.86129315226137,
              24.96364187555568
            ]
          ]
        ]
      },
      "properties": {
        "id": "65000260",
        "name": "貢寮區",
        "city": "新北市",
        "quarter": "1131",
        "age_under_1y": 0,
        "age_1_5y": 12,
        "age_5_10y": 75,
        "age_10_15y": 114,
        "age_15_20y": 114,
        "age_20_25y": 90,
        "age_25_30y": 437,
        "age_30_40y": 187,
        "age_40_50y": 949,
        "age_over_50y": 1413,
        "total": 3391,
        "old_building_count": 2549
      }
    },
    {
      "type": "Feature",
      "geometry": {
        "type": "Polygon",
        "coordinates": [
          [
            [
              121.65017215505053,
              25.222732807030802
            ],
            [
              121.65344693542413,
              25.228951690105426
            ],
            [
              121.65129786080395,
              25.233331185228398
            ],
            [
              121.64270156232324,
              25.230966257861994
            ],
            [
              121.63635667534938,
              25.236396831814478
            ],
            [
              121.63390059006917,
              25.240601147132534
            ],
            [
              121.63584499091601,
              25.250060856598157
            ],
            [
              121.63410526384253,
              25.260046105478537
            ],
            [
              121.6297047777155,
              25.266790527967917
            ],
            [
              121.62080146857475,
              25.27572469801878
            ],
            [
              121.61793603574786,
              25.273359770652377
            ],
            [
              121.61599163490102,
              25.266965707772837
            ],
            [
              121.61865239395458,
              25.25803153772197
            ],
            [
              121.61578696112768,
              25.253389272891617
            ],
            [
              121.60412055604671,
              25.253038913281777
            ],
            [
              121.60023175435305,
              25.248922187866185
            ],
            [
              121.59787800595953,
              25.243316434108777
            ],
            [
              121.59409154115255,
              25.241914995669426
            ],
            [
              121.58396018937171,
              25.233331185228398
            ],
            [
              121.58129943031815,
              25.223608706055398
            ],
            [
              121.5778199761712,
              25.220805829176694
            ],
            [
              121.57127041542398,
              25.220367879664394
            ],
            [
              121.56594889731687,
              25.215024895614366
            ],
            [
              121.56246944316992,
              25.214148996589774
            ],
            [
              121.55919466279632,
              25.210119861076638
            ],
            [
              121.56277645382995,
              25.209331551954502
            ],
            [
              121.56492552845013,
              25.200922921318394
            ],
            [
              121.57321481627082,
              25.194966807951147
            ],
            [
              121.58303915739162,
              25.194966807951147
            ],
            [
              121.58396018937171,
              25.188835514778987
            ],
            [
              121.58089008277145,
              25.182091092289607
            ],
            [
              121.58324383116498,
              25.177536417361715
            ],
            [
              121.58170877786485,
              25.173770051555955
            ],
            [
              121.57730829173782,
              25.16991609584774
            ],
            [
              121.57710361796447,
              25.167025629066575
            ],
            [
              121.58641627465191,
              25.1635220329682
            ],
            [
              121.58979339191218,
              25.163697212773116
            ],
            [
              121.59664996331942,
              25.165624190627227
            ],
            [
              121.60688365198693,
              25.177448827459255
            ],
            [
              121.60729299953364,
              25.18147796297239
            ],
            [
              121.61097712745395,
              25.187258896534715
            ],
            [
              121.61189815943402,
              25.19339018970688
            ],
            [
              121.61670799310775,
              25.20101051122085
            ],
            [
              121.62213184810153,
              25.20337543858726
            ],
            [
              121.6297047777155,
              25.21143370961353
            ],
            [
              121.63840341308288,
              25.215813204736502
            ],
            [
              121.64178053034317,
              25.215900794638962
            ],
            [
              121.64372493119,
              25.220017520054558
            ],
            [
              121.65017215505053,
              25.222732807030802
            ]
          ]
        ]
      },
      "properties": {
        "id": "65000270",
        "name": "金山區",
        "city": "新北市",
        "quarter": "1131",
        "age_under_1y": 4,
        "age_1_5y": 227,
        "age_5_10y": 289,
        "age_10_15y": 181,
        "age_15_20y": 112,
        "age_20_25y": 302,
        "age_25_30y": 2188,
        "age_30_40y": 1061,
        "age_40_50y": 2013,
        "age_over_50y": 1585,
        "total": 7962,
        "old_building_count": 4659
      }
    },
    {
      "type": "Feature",
      "geometry": {
        "type": "Polygon",
        "coordinates": [
          [
            [
              121.6268393448886,
              25.13969757949922
            ],
            [
              121.6292954301688,
              25.141799737158248
            ],
            [
              121.63952911883631,
              25.145653692866464
            ],
            [
              121.6498651443905,
              25.145128153451708
            ],
            [
              121.65201421901068,
              25.148456569745168
            ],
            [
              121.65815443221119,
              25.152135345648468
            ],
            [
              121.6692068159721,
              25.1533616042829
            ],
            [
              121.67145822747896,
              25.155551351844387
            ],
            [
              121.67770077756614,
              25.155814121551764
            ],
            [
              121.68332930633328,
              25.160631566187035
            ],
            [
              121.68762745557363,
              25.161857824821467
            ],
            [
              121.69131158349394,
              25.1663249098469
            ],
            [
              121.69898684999457,
              25.167200808871495
            ],
            [
              121.70226163036818,
              25.17350728184858
            ],
            [
              121.70594575828848,
              25.173857641458415
            ],
            [
              121.70277331480156,
              25.180602063947795
            ],
            [
              121.69612141716767,
              25.181740732679767
            ],
            [
              121.69264196302072,
              25.1801641144355
            ],
            [
              121.6877297924603,
              25.185594688387987
            ],
            [
              121.68588772850016,
              25.191988751267527
            ],
            [
              121.6923349523607,
              25.19785727473231
            ],
            [
              121.6939723425475,
              25.201798820342987
            ],
            [
              121.69264196302072,
              25.208543242832366
            ],
            [
              121.67811012511284,
              25.205915545758582
            ],
            [
              121.6724815963457,
              25.202149179952826
            ],
            [
              121.6626572552249,
              25.207404574100394
            ],
            [
              121.65580068381766,
              25.213273097565178
            ],
            [
              121.65017215505053,
              25.222732807030802
            ],
            [
              121.64372493119,
              25.220017520054558
            ],
            [
              121.64178053034317,
              25.215900794638962
            ],
            [
              121.63840341308288,
              25.215813204736502
            ],
            [
              121.6297047777155,
              25.21143370961353
            ],
            [
              121.62213184810153,
              25.20337543858726
            ],
            [
              121.61670799310775,
              25.20101051122085
            ],
            [
              121.61189815943402,
              25.19339018970688
            ],
            [
              121.61097712745395,
              25.187258896534715
            ],
            [
              121.60729299953364,
              25.18147796297239
            ],
            [
              121.60688365198693,
              25.177448827459255
            ],
            [
              121.59664996331942,
              25.165624190627227
            ],
            [
              121.58979339191218,
              25.163697212773116
            ],
            [
              121.59173779275902,
              25.157565919600955
            ],
            [
              121.58958871813884,
              25.152135345648468
            ],
            [
              121.59368219360584,
              25.15003318798944
            ],
            [
              121.59572893133935,
              25.14355153520744
            ],
            [
              121.60401821916004,
              25.136193983400844
            ],
            [
              121.60463224048009,
              25.130763409448356
            ],
            [
              121.60780468396702,
              25.1302378700336
            ],
            [
              121.61629864556106,
              25.137595421840196
            ],
            [
              121.6268393448886,
              25.13969757949922
            ]
          ]
        ]
      },
      "properties": {
        "id": "65000280",
        "name": "萬里區",
        "city": "新北市",
        "quarter": "1131",
        "age_under_1y": 4,
        "age_1_5y": 23,
        "age_5_10y": 81,
        "age_10_15y": 93,
        "age_15_20y": 158,
        "age_20_25y": 926,
        "age_25_30y": 1163,
        "age_30_40y": 1472,
        "age_40_50y": 3326,
        "age_over_50y": 1426,
        "total": 8672,
        "old_building_count": 6224
      }
    },
    {
      "type": "Feature",
      "geometry": {
        "type": "Polygon",
        "coordinates": [
          [
            [
              121.57577323843769,
              24.875088484169154
            ],
            [
              121.57137275231067,
              24.876927872120802
            ],
            [
              121.56451618090342,
              24.877103051925722
            ],
            [
              121.56410683335673,
              24.886825531098726
            ],
            [
              121.55909232590965,
              24.890591896904482
            ],
            [
              121.55029135365558,
              24.890942256514318
            ],
            [
              121.54660722573527,
              24.888314559440534
            ],
            [
              121.53985299121472,
              24.893832723295482
            ],
            [
              121.53504315754098,
              24.891467795929078
            ],
            [
              121.5324847353741,
              24.887613840220858
            ],
            [
              121.52654919594694,
              24.883672294610182
            ],
            [
              121.52071599340645,
              24.883321935000346
            ],
            [
              121.5180552343529,
              24.88095700763394
            ],
            [
              121.50884491455214,
              24.877541001438022
            ],
            [
              121.49922524720468,
              24.870358629436343
            ],
            [
              121.49472242419097,
              24.868344061679775
            ],
            [
              121.48837753721712,
              24.862212768507614
            ],
            [
              121.49277802334414,
              24.856607014750207
            ],
            [
              121.49277802334414,
              24.853716547969043
            ],
            [
              121.49717850947117,
              24.848285974016555
            ],
            [
              121.49441541353094,
              24.836461337184527
            ],
            [
              121.4867401470303,
              24.83427158962304
            ],
            [
              121.48039526005645,
              24.823498031620527
            ],
            [
              121.48407938797675,
              24.81920612640001
            ],
            [
              121.47312934110252,
              24.813250013032768
            ],
            [
              121.4690358656355,
              24.807206309763064
            ],
            [
              121.46228163111495,
              24.805629691518792
            ],
            [
              121.45532272282104,
              24.798885269029412
            ],
            [
              121.45624375480111,
              24.79327951527201
            ],
            [
              121.45041055226064,
              24.7909145879056
            ],
            [
              121.44948952028055,
              24.785921963465412
            ],
            [
              121.44611240302028,
              24.781892827952277
            ],
            [
              121.44058621113982,
              24.779177540976033
            ],
            [
              121.43577637746608,
              24.77295865790141
            ],
            [
              121.43137589133906,
              24.771907579071897
            ],
            [
              121.42544035191189,
              24.767002544534165
            ],
            [
              121.4233936141784,
              24.76306099892349
            ],
            [
              121.42851045851215,
              24.75342610965295
            ],
            [
              121.4287151322855,
              24.747907945798
            ],
            [
              121.4319899126591,
              24.742214602138134
            ],
            [
              121.43536702991938,
              24.73293007247743
            ],
            [
              121.43424132416595,
              24.73003960569627
            ],
            [
              121.44150724311989,
              24.72312000340197
            ],
            [
              121.4451913710402,
              24.714798962668322
            ],
            [
              121.4488754989605,
              24.711908495887158
            ],
            [
              121.45030821537395,
              24.705602022910075
            ],
            [
              121.46361201064173,
              24.701047347982183
            ],
            [
              121.46698912790201,
              24.697718931688723
            ],
            [
              121.47425504685594,
              24.696142313444454
            ],
            [
              121.47302700421584,
              24.68966066066245
            ],
            [
              121.47589243704275,
              24.679412642074695
            ],
            [
              121.47916721741635,
              24.67547109646402
            ],
            [
              121.48684248391699,
              24.67520832675664
            ],
            [
              121.49267568645747,
              24.67319375900007
            ],
            [
              121.49912291031801,
              24.678011203635343
            ],
            [
              121.50557013417854,
              24.67993818148945
            ],
            [
              121.51222203181243,
              24.684492856417343
            ],
            [
              121.5147804539793,
              24.68326659778291
            ],
            [
              121.52378610000672,
              24.68326659778291
            ],
            [
              121.52910761811383,
              24.687646092905883
            ],
            [
              121.53688522150114,
              24.68852199193048
            ],
            [
              121.53882962234796,
              24.694565695200183
            ],
            [
              121.53780625348121,
              24.69973349944529
            ],
            [
              121.54343478224834,
              24.705777202714994
            ],
            [
              121.55029135365558,
              24.705689612812535
            ],
            [
              121.55827363081625,
              24.710945006960102
            ],
            [
              121.56328813826332,
              24.712784394911754
            ],
            [
              121.567483950617,
              24.71155813627732
            ],
            [
              121.57045172033058,
              24.713923063643726
            ],
            [
              121.57485220645762,
              24.71015669783797
            ],
            [
              121.57730829173782,
              24.71488655257078
            ],
            [
              121.5778199761712,
              24.721806154865078
            ],
            [
              121.587644317292,
              24.720317126523266
            ],
            [
              121.59040741323224,
              24.72347036301181
            ],
            [
              121.5975709952995,
              24.727674678329862
            ],
            [
              121.59409154115255,
              24.729251296574134
            ],
            [
              121.59531958379264,
              24.739148955552054
            ],
            [
              121.59163545587234,
              24.744929889114378
            ],
            [
              121.59613827888604,
              24.748258305407838
            ],
            [
              121.58999806568553,
              24.751849491408677
            ],
            [
              121.58897469681878,
              24.755177907702137
            ],
            [
              121.59050975011891,
              24.760783661459545
            ],
            [
              121.59583126822602,
              24.76647700511941
            ],
            [
              121.5975709952995,
              24.772520708389113
            ],
            [
              121.59450088869924,
              24.778827181366196
            ],
            [
              121.59194246653237,
              24.787498581709684
            ],
            [
              121.60565560934684,
              24.789162789856412
            ],
            [
              121.60964674792717,
              24.793805054686764
            ],
            [
              121.62039212102806,
              24.792578796052332
            ],
            [
              121.62530429158846,
              24.794943723418736
            ],
            [
              121.62479260715509,
              24.801600556005656
            ],
            [
              121.63001178837553,
              24.808958107812252
            ],
            [
              121.63881276062959,
              24.810709905861444
            ],
            [
              121.6457716689235,
              24.809658827031928
            ],
            [
              121.64751139599697,
              24.813863142349984
            ],
            [
              121.65436796740421,
              24.81114785537374
            ],
            [
              121.6602011699447,
              24.81114785537374
            ],
            [
              121.66879746842541,
              24.816928788936064
            ],
            [
              121.67677974558606,
              24.814125912057364
            ],
            [
              121.68077088416639,
              24.817541918253283
            ],
            [
              121.68936718264712,
              24.817366738448364
            ],
            [
              121.68885549821374,
              24.82621331859677
            ],
            [
              121.6964284278277,
              24.830417633914823
            ],
            [
              121.69673543848772,
              24.833746050208283
            ],
            [
              121.70174994593481,
              24.8343591795255
            ],
            [
              121.70748081158861,
              24.838826264550935
            ],
            [
              121.7021592934815,
              24.84276781016161
            ],
            [
              121.69438169009419,
              24.843556119283747
            ],
            [
              121.68783212934699,
              24.849862592260827
            ],
            [
              121.68210126369317,
              24.850212951870667
            ],
            [
              121.66992317417883,
              24.84802320430918
            ],
            [
              121.65968948551132,
              24.850826081187883
            ],
            [
              121.65713106334444,
              24.849687412455907
            ],
            [
              121.6531399247641,
              24.855030396505935
            ],
            [
              121.64464596317006,
              24.860723740165803
            ],
            [
              121.63840341308288,
              24.860898919970722
            ],
            [
              121.63523096959595,
              24.857395323872343
            ],
            [
              121.62960244082882,
              24.86142445938548
            ],
            [
              121.62100614234811,
              24.863263847337127
            ],
            [
              121.615684624241,
              24.860723740165803
            ],
            [
              121.60923740038047,
              24.863088667532207
            ],
            [
              121.6012551232198,
              24.863263847337127
            ],
            [
              121.59276116162577,
              24.86615431411829
            ],
            [
              121.5851882320118,
              24.87263596690029
            ],
            [
              121.57577323843769,
              24.875088484169154
            ]
          ]
        ]
      },
      "properties": {
        "id": "65000290",
        "name": "烏來區",
        "city": "新北市",
        "quarter": "1131",
        "age_under_1y": 2,
        "age_1_5y": 49,
        "age_5_10y": 192,
        "age_10_15y": 141,
        "age_15_20y": 94,
        "age_20_25y": 49,
        "age_25_30y": 59,
        "age_30_40y": 56,
        "age_40_50y": 230,
        "age_over_50y": 210,
        "total": 1082,
        "old_building_count": 496
      }
    },
    {
      "type": "Feature",
      "geometry": {
        "type": "Polygon",
        "coordinates": [
          [
            [
              121.48520509373019,
              25.039231961378206
            ],
            [
              121.47834852232295,
              25.039845090695422
            ],
            [
              121.46627276969528,
              25.03853124215853
            ],
            [
              121.45501571216101,
              25.033013078303583
            ],
            [
              121.44611240302028,
              25.02381613854534
            ],
            [
              121.43761844142624,
              25.01067765317642
            ],
            [
              121.43628806189946,
              25.000079274978823
            ],
            [
              121.430761870019,
              24.998064707222255
            ],
            [
              121.43004551181228,
              24.99526183034355
            ],
            [
              121.42451931993182,
              24.98702837951236
            ],
            [
              121.42656605766533,
              24.98405032282874
            ],
            [
              121.426668394552,
              24.972926405216384
            ],
            [
              121.42881746917217,
              24.972050506191792
            ],
            [
              121.43383197661926,
              24.97555410229017
            ],
            [
              121.43475300859933,
              24.98063431663282
            ],
            [
              121.44007452670644,
              24.988167048244335
            ],
            [
              121.44908017273386,
              24.992634133269767
            ],
            [
              121.45706244989452,
              24.991407874635335
            ],
            [
              121.46310032620835,
              24.989042947268928
            ],
            [
              121.46709146478868,
              24.992984492879604
            ],
            [
              121.46422603196177,
              24.99543701014847
            ],
            [
              121.46791015988208,
              25.004458770101795
            ],
            [
              121.47630178458944,
              25.011290782493635
            ],
            [
              121.4810092813765,
              25.01164114210347
            ],
            [
              121.48203265024326,
              25.015670277616607
            ],
            [
              121.48868454787714,
              25.015757867519067
            ],
            [
              121.48878688476381,
              25.023378189033043
            ],
            [
              121.48367004043006,
              25.03529041576753
            ],
            [
              121.48520509373019,
              25.039231961378206
            ]
          ]
        ]
      },
      "properties": {
        "id": "65000010",
        "name": "板橋區",
        "city": "新北市",
        "quarter": "1132",
        "age_under_1y": 3422,
        "age_1_5y": 9748,
        "age_5_10y": 10269,
        "age_10_15y": 9091,
        "age_15_20y": 12559,
        "age_20_25y": 11028,
        "age_25_30y": 28024,
        "age_30_40y": 32338,
        "age_40_50y": 77273,
        "age_over_50y": 28351,
        "total": 222103,
        "old_building_count": 137962
      }
    },
    {
      "type": "Feature",
      "geometry": {
        "type": "Polygon",
        "coordinates": [
          [
            [
              121.48520509373019,
              25.039231961378206
            ],
            [
              121.48878688476381,
              25.042560377671666
            ],
            [
              121.49564345617105,
              25.042998327183962
            ],
            [
              121.50137432182485,
              25.045976383867586
            ],
            [
              121.50618415549859,
              25.05359670538156
            ],
            [
              121.50567247106521,
              25.060779077383238
            ],
            [
              121.50700285059199,
              25.06988842723902
            ],
            [
              121.50260236446496,
              25.082939322705485
            ],
            [
              121.49922524720468,
              25.087844357243213
            ],
            [
              121.49114063315734,
              25.094763959537513
            ],
            [
              121.48459107241013,
              25.089158205780105
            ],
            [
              121.48397705109008,
              25.084515940949753
            ],
            [
              121.47538075260937,
              25.07321684353248
            ],
            [
              121.47098026648234,
              25.07347961323986
            ],
            [
              121.46975222384224,
              25.06857457870213
            ],
            [
              121.46555641148855,
              25.06550893211605
            ],
            [
              121.46872885497548,
              25.052983576064342
            ],
            [
              121.46565874837523,
              25.04369904640364
            ],
            [
              121.46627276969528,
              25.03853124215853
            ],
            [
              121.47834852232295,
              25.039845090695422
            ],
            [
              121.48520509373019,
              25.039231961378206
            ]
          ]
        ]
      },
      "properties": {
        "id": "65000020",
        "name": "三重區",
        "city": "新北市",
        "quarter": "1132",
        "age_under_1y": 2794,
        "age_1_5y": 7115,
        "age_5_10y": 5299,
        "age_10_15y": 6764,
        "age_15_20y": 10504,
        "age_20_25y": 7982,
        "age_25_30y": 25323,
        "age_30_40y": 24600,
        "age_40_50y": 51665,
        "age_over_50y": 24678,
        "total": 166724,
        "old_building_count": 100943
      }
    },
    {
      "type": "Feature",
      "geometry": {
        "type": "Polygon",
        "coordinates": [
          [
            [
              121.49400606598425,
              25.009188624834607
            ],
            [
              121.48868454787714,
              25.015757867519067
            ],
            [
              121.48203265024326,
              25.015670277616607
            ],
            [
              121.4810092813765,
              25.01164114210347
            ],
            [
              121.47630178458944,
              25.011290782493635
            ],
            [
              121.46791015988208,
              25.004458770101795
            ],
            [
              121.46422603196177,
              24.99543701014847
            ],
            [
              121.46709146478868,
              24.992984492879604
            ],
            [
              121.47302700421584,
              24.99412316161158
            ],
            [
              121.4793718911897,
              24.989393306878767
            ],
            [
              121.47415270996926,
              24.983174423804144
            ],
            [
              121.4818279764699,
              24.973189174923764
            ],
            [
              121.47865553298297,
              24.966619932239304
            ],
            [
              121.4797812387364,
              24.96390464526306
            ],
            [
              121.48244199778995,
              24.963379105848304
            ],
            [
              121.49758785701788,
              24.97038629804506
            ],
            [
              121.5019883431449,
              24.969860758630304
            ],
            [
              121.50720752436534,
              24.975992051802468
            ],
            [
              121.51375708511254,
              24.981422625754956
            ],
            [
              121.51498512775265,
              24.986152480487767
            ],
            [
              121.52194403604656,
              24.98834222804925
            ],
            [
              121.52358142623336,
              24.98387514302382
            ],
            [
              121.5316660402807,
              24.99053197561074
            ],
            [
              121.53135902962067,
              24.99543701014847
            ],
            [
              121.5259351746269,
              24.9975391678075
            ],
            [
              121.51846458189961,
              24.995962549563227
            ],
            [
              121.51498512775265,
              24.998152297124715
            ],
            [
              121.51447344331928,
              25.00393323068704
            ],
            [
              121.50894725143881,
              25.0040208205895
            ],
            [
              121.49809954145125,
              25.009013445029687
            ],
            [
              121.49400606598425,
              25.009188624834607
            ]
          ]
        ]
      },
      "properties": {
        "id": "65000030",
        "name": "中和區",
        "city": "新北市",
        "quarter": "1132",
        "age_under_1y": 933,
        "age_1_5y": 4639,
        "age_5_10y": 6386,
        "age_10_15y": 6676,
        "age_15_20y": 12649,
        "age_20_25y": 11299,
        "age_25_30y": 30833,
        "age_30_40y": 26984,
        "age_40_50y": 63331,
        "age_over_50y": 11797,
        "total": 175527,
        "old_building_count": 102112
      }
    },
    {
      "type": "Feature",
      "geometry": {
        "type": "Polygon",
        "coordinates": [
          [
            [
              121.53135902962067,
              24.99543701014847
            ],
            [
              121.5316660402807,
              25.001217943710795
            ],
            [
              121.53381511490088,
              25.003582871077203
            ],
            [
              121.53217772471407,
              25.008137546005095
            ],
            [
              121.52573050085354,
              25.01190391181085
            ],
            [
              121.51928327699301,
              25.019524233324827
            ],
            [
              121.50915192521217,
              25.021363621276475
            ],
            [
              121.50024861607143,
              25.01199150171331
            ],
            [
              121.49400606598425,
              25.009188624834607
            ],
            [
              121.49809954145125,
              25.009013445029687
            ],
            [
              121.50894725143881,
              25.0040208205895
            ],
            [
              121.51447344331928,
              25.00393323068704
            ],
            [
              121.51498512775265,
              24.998152297124715
            ],
            [
              121.51846458189961,
              24.995962549563227
            ],
            [
              121.5259351746269,
              24.9975391678075
            ],
            [
              121.53135902962067,
              24.99543701014847
            ]
          ]
        ]
      },
      "properties": {
        "id": "65000040",
        "name": "永和區",
        "city": "新北市",
        "quarter": "1132",
        "age_under_1y": 364,
        "age_1_5y": 1577,
        "age_5_10y": 1900,
        "age_10_15y": 2096,
        "age_15_20y": 3632,
        "age_20_25y": 7238,
        "age_25_30y": 12094,
        "age_30_40y": 12947,
        "age_40_50y": 34625,
        "age_over_50y": 15296,
        "total": 91769,
        "old_building_count": 62868
      }
    },
    {
      "type": "Feature",
      "geometry": {
        "type": "Polygon",
        "coordinates": [
          [
            [
              121.46555641148855,
              25.06550893211605
            ],
            [
              121.46136059913488,
              25.06874975850705
            ],
            [
              121.4480568038671,
              25.062618465334886
            ],
            [
              121.44795446698043,
              25.060428717773398
            ],
            [
              121.43864181029299,
              25.055786452943046
            ],
            [
              121.44201892755326,
              25.047728181916774
            ],
            [
              121.4419165906666,
              25.04177206854953
            ],
            [
              121.43731143076621,
              25.043261096891342
            ],
            [
              121.43270627086584,
              25.041158939232314
            ],
            [
              121.42124453955822,
              25.02872117308307
            ],
            [
              121.41817443295795,
              25.03029779132734
            ],
            [
              121.41684405343118,
              25.034764876352774
            ],
            [
              121.4126482410775,
              25.03520282586507
            ],
            [
              121.40906645004387,
              25.044136995915938
            ],
            [
              121.40302857373004,
              25.04545084445283
            ],
            [
              121.3969906974162,
              25.043436276696262
            ],
            [
              121.39873042448968,
              25.03870642196345
            ],
            [
              121.39821874005631,
              25.030210201424882
            ],
            [
              121.40865710249717,
              25.02083808186172
            ],
            [
              121.41213655664413,
              25.019436643422367
            ],
            [
              121.41807209607128,
              25.019436643422367
            ],
            [
              121.42380296172509,
              25.016458586738743
            ],
            [
              121.42410997238511,
              25.013568119957583
            ],
            [
              121.4319899126591,
              25.003582871077203
            ],
            [
              121.43004551181228,
              24.99526183034355
            ],
            [
              121.430761870019,
              24.998064707222255
            ],
            [
              121.43628806189946,
              25.000079274978823
            ],
            [
              121.43761844142624,
              25.01067765317642
            ],
            [
              121.44611240302028,
              25.02381613854534
            ],
            [
              121.45501571216101,
              25.033013078303583
            ],
            [
              121.46627276969528,
              25.03853124215853
            ],
            [
              121.46565874837523,
              25.04369904640364
            ],
            [
              121.46872885497548,
              25.052983576064342
            ],
            [
              121.46555641148855,
              25.06550893211605
            ]
          ]
        ]
      },
      "properties": {
        "id": "65000050",
        "name": "新莊區",
        "city": "新北市",
        "quarter": "1132",
        "age_under_1y": 1715,
        "age_1_5y": 7286,
        "age_5_10y": 10584,
        "age_10_15y": 9660,
        "age_15_20y": 10101,
        "age_20_25y": 9329,
        "age_25_30y": 27864,
        "age_30_40y": 33721,
        "age_40_50y": 41672,
        "age_over_50y": 8990,
        "total": 160922,
        "old_building_count": 84383
      }
    },
    {
      "type": "Feature",
      "geometry": {
        "type": "Polygon",
        "coordinates": [
          [
            [
              121.60923740038047,
              24.96399223516552
            ],
            [
              121.59705931086613,
              24.96048863906714
            ],
            [
              121.59337518294582,
              24.964255004872896
            ],
            [
              121.58569991644518,
              24.963203926043384
            ],
            [
              121.5786386712646,
              24.966619932239304
            ],
            [
              121.57301014249747,
              24.96407982506798
            ],
            [
              121.56124140052982,
              24.964692954385196
            ],
            [
              121.5530544495958,
              24.98072190653528
            ],
            [
              121.5538731446892,
              24.984400682438576
            ],
            [
              121.5448674986618,
              24.98378755312136
            ],
            [
              121.54384412979505,
              24.988254638146792
            ],
            [
              121.53688522150114,
              24.98869258765909
            ],
            [
              121.5316660402807,
              24.99053197561074
            ],
            [
              121.52358142623336,
              24.98387514302382
            ],
            [
              121.52194403604656,
              24.98834222804925
            ],
            [
              121.51498512775265,
              24.986152480487767
            ],
            [
              121.51375708511254,
              24.981422625754956
            ],
            [
              121.50720752436534,
              24.975992051802468
            ],
            [
              121.5019883431449,
              24.969860758630304
            ],
            [
              121.49758785701788,
              24.97038629804506
            ],
            [
              121.48244199778995,
              24.963379105848304
            ],
            [
              121.4797812387364,
              24.96390464526306
            ],
            [
              121.47190129846241,
              24.95899961072533
            ],
            [
              121.47128727714237,
              24.955145655017112
            ],
            [
              121.46176994668157,
              24.94752533350314
            ],
            [
              121.45747179744122,
              24.94612389506379
            ],
            [
              121.45972320894806,
              24.935437926963733
            ],
            [
              121.46842184431546,
              24.93070807223092
            ],
            [
              121.48469340929681,
              24.927905195352217
            ],
            [
              121.48551210439021,
              24.92422641944892
            ],
            [
              121.49206166513741,
              24.91704404744724
            ],
            [
              121.48940090608386,
              24.908197467298837
            ],
            [
              121.49247101268412,
              24.903555202468485
            ],
            [
              121.48653547325696,
              24.9004895558824
            ],
            [
              121.48029292316977,
              24.890591896904482
            ],
            [
              121.47538075260937,
              24.88621240178151
            ],
            [
              121.47179896157574,
              24.877015462023262
            ],
            [
              121.47926955430303,
              24.870095859728966
            ],
            [
              121.47763216411622,
              24.86562877470353
            ],
            [
              121.48039526005645,
              24.861774818995315
            ],
            [
              121.48837753721712,
              24.862212768507614
            ],
            [
              121.49472242419097,
              24.868344061679775
            ],
            [
              121.49922524720468,
              24.870358629436343
            ],
            [
              121.50884491455214,
              24.877541001438022
            ],
            [
              121.5180552343529,
              24.88095700763394
            ],
            [
              121.52071599340645,
              24.883321935000346
            ],
            [
              121.52654919594694,
              24.883672294610182
            ],
            [
              121.5324847353741,
              24.887613840220858
            ],
            [
              121.53504315754098,
              24.891467795929078
            ],
            [
              121.53985299121472,
              24.893832723295482
            ],
            [
              121.54660722573527,
              24.888314559440534
            ],
            [
              121.55029135365558,
              24.890942256514318
            ],
            [
              121.55909232590965,
              24.890591896904482
            ],
            [
              121.56410683335673,
              24.886825531098726
            ],
            [
              121.56451618090342,
              24.877103051925722
            ],
            [
              121.57137275231067,
              24.876927872120802
            ],
            [
              121.57577323843769,
              24.875088484169154
            ],
            [
              121.5778199761712,
              24.880081108609346
            ],
            [
              121.57638725975774,
              24.88603722197659
            ],
            [
              121.57884334503795,
              24.895409341539754
            ],
            [
              121.5761825859844,
              24.898737757833214
            ],
            [
              121.567483950617,
              24.903467612566025
            ],
            [
              121.57311247938414,
              24.90898577642097
            ],
            [
              121.57833166060458,
              24.908810596616053
            ],
            [
              121.59040741323224,
              24.914591530178377
            ],
            [
              121.59705931086613,
              24.911876243202133
            ],
            [
              121.59675230020609,
              24.91748199695954
            ],
            [
              121.59419387803922,
              24.92746724583992
            ],
            [
              121.59777566907285,
              24.93754008462276
            ],
            [
              121.59982240680635,
              24.93911670286703
            ],
            [
              121.59787800595953,
              24.944547276819517
            ],
            [
              121.60115278633313,
              24.94708738399084
            ],
            [
              121.60698598887362,
              24.94743774360068
            ],
            [
              121.60770234708033,
              24.956371913651545
            ],
            [
              121.61056777990724,
              24.959437560237628
            ],
            [
              121.60923740038047,
              24.96399223516552
            ]
          ]
        ]
      },
      "properties": {
        "id": "65000060",
        "name": "新店區",
        "city": "新北市",
        "quarter": "1132",
        "age_under_1y": 1999,
        "age_1_5y": 5184,
        "age_5_10y": 6412,
        "age_10_15y": 9243,
        "age_15_20y": 9233,
        "age_20_25y": 14560,
        "age_25_30y": 22124,
        "age_30_40y": 24613,
        "age_40_50y": 34762,
        "age_over_50y": 11167,
        "total": 139297,
        "old_building_count": 70542
      }
    },
    {
      "type": "Feature",
      "geometry": {
        "type": "Polygon",
        "coordinates": [
          [
            [
              121.43004551181228,
              24.99526183034355
            ],
            [
              121.4319899126591,
              25.003582871077203
            ],
            [
              121.42410997238511,
              25.013568119957583
            ],
            [
              121.42380296172509,
              25.016458586738743
            ],
            [
              121.41807209607128,
              25.019436643422367
            ],
            [
              121.41213655664413,
              25.019436643422367
            ],
            [
              121.40159585731658,
              25.015757867519067
            ],
            [
              121.39750238184958,
              25.016195817031367
            ],
            [
              121.3912598317624,
              25.01225427142069
            ],
            [
              121.39954911958309,
              25.00699887727312
            ],
            [
              121.40323324750338,
              24.999290965856687
            ],
            [
              121.39678602364285,
              24.99727639810012
            ],
            [
              121.39422760147598,
              24.993510032294363
            ],
            [
              121.38798505138878,
              24.996400499075524
            ],
            [
              121.38409624969513,
              24.995612189953388
            ],
            [
              121.38215184884831,
              24.98387514302382
            ],
            [
              121.37242984461416,
              24.979933597413144
            ],
            [
              121.3689503904672,
              24.976780360924604
            ],
            [
              121.37089479131404,
              24.972313275899168
            ],
            [
              121.37427190857431,
              24.9707366576549
            ],
            [
              121.37826304715465,
              24.965393673604872
            ],
            [
              121.37867239470135,
              24.96083899867698
            ],
            [
              121.37232750772749,
              24.956722273261384
            ],
            [
              121.36618729452698,
              24.954795295407276
            ],
            [
              121.3656756100936,
              24.951291699308896
            ],
            [
              121.36137746085325,
              24.945510765746572
            ],
            [
              121.36526626254691,
              24.94735015369822
            ],
            [
              121.37069011754069,
              24.946824614283464
            ],
            [
              121.37611397253447,
              24.949715081064625
            ],
            [
              121.37918407913473,
              24.943408608087545
            ],
            [
              121.38522195544856,
              24.94375896769738
            ],
            [
              121.39484162279602,
              24.946386664771165
            ],
            [
              121.39729770807622,
              24.94253270906295
            ],
            [
              121.40753139674374,
              24.952167598333492
            ],
            [
              121.41049916645733,
              24.956196733846628
            ],
            [
              121.40998748202395,
              24.96250320682371
            ],
            [
              121.41285291485084,
              24.966094392824548
            ],
            [
              121.42298426663169,
              24.968897269703252
            ],
            [
              121.42881746917217,
              24.972050506191792
            ],
            [
              121.426668394552,
              24.972926405216384
            ],
            [
              121.42656605766533,
              24.98405032282874
            ],
            [
              121.42451931993182,
              24.98702837951236
            ],
            [
              121.43004551181228,
              24.99526183034355
            ]
          ]
        ]
      },
      "properties": {
        "id": "65000070",
        "name": "樹林區",
        "city": "新北市",
        "quarter": "1132",
        "age_under_1y": 163,
        "age_1_5y": 970,
        "age_5_10y": 1463,
        "age_10_15y": 4828,
        "age_15_20y": 9489,
        "age_20_25y": 3491,
        "age_25_30y": 11862,
        "age_30_40y": 11990,
        "age_40_50y": 16712,
        "age_over_50y": 4874,
        "total": 65842,
        "old_building_count": 33576
      }
    },
    {
      "type": "Feature",
      "geometry": {
        "type": "Polygon",
        "coordinates": [
          [
            [
              121.3689503904672,
              24.976780360924604
            ],
            [
              121.36373120924678,
              24.979583237803304
            ],
            [
              121.35400920501264,
              24.977831439754116
            ],
            [
              121.35237181482583,
              24.98080949643774
            ],
            [
              121.34735730737876,
              24.97879492868117
            ],
            [
              121.34275214747836,
              24.982298524779548
            ],
            [
              121.32719694070374,
              24.97756867004674
            ],
            [
              121.32914134155058,
              24.9605762289696
            ],
            [
              121.32811797268383,
              24.948839182040032
            ],
            [
              121.33036938419067,
              24.944547276819517
            ],
            [
              121.32504786608357,
              24.943583787892464
            ],
            [
              121.31573520939614,
              24.938503573549813
            ],
            [
              121.32320580212341,
              24.931321201548137
            ],
            [
              121.32208009636999,
              24.928080375157137
            ],
            [
              121.33425818588434,
              24.929744583303865
            ],
            [
              121.33978437776479,
              24.928518324669433
            ],
            [
              121.34868768690554,
              24.936576595695705
            ],
            [
              121.3591260493464,
              24.942182349453113
            ],
            [
              121.36137746085325,
              24.945510765746572
            ],
            [
              121.3656756100936,
              24.951291699308896
            ],
            [
              121.36618729452698,
              24.954795295407276
            ],
            [
              121.37232750772749,
              24.956722273261384
            ],
            [
              121.37867239470135,
              24.96083899867698
            ],
            [
              121.37826304715465,
              24.965393673604872
            ],
            [
              121.37427190857431,
              24.9707366576549
            ],
            [
              121.37089479131404,
              24.972313275899168
            ],
            [
              121.3689503904672,
              24.976780360924604
            ]
          ]
        ]
      },
      "properties": {
        "id": "65000080",
        "name": "鶯歌區",
        "city": "新北市",
        "quarter": "1132",
        "age_under_1y": 808,
        "age_1_5y": 3013,
        "age_5_10y": 2185,
        "age_10_15y": 890,
        "age_15_20y": 2385,
        "age_20_25y": 1216,
        "age_25_30y": 6040,
        "age_30_40y": 4028,
        "age_40_50y": 11834,
        "age_over_50y": 2668,
        "total": 35067,
        "old_building_count": 18530
      }
    },
    {
      "type": "Feature",
      "geometry": {
        "type": "Polygon",
        "coordinates": [
          [
            [
              121.45747179744122,
              24.94612389506379
            ],
            [
              121.45163859490073,
              24.944372097014597
            ],
            [
              121.44232593821329,
              24.937715264427677
            ],
            [
              121.43669740944615,
              24.93561310676865
            ],
            [
              121.43413898727928,
              24.940255371599
            ],
            [
              121.41745807475124,
              24.93754008462276
            ],
            [
              121.41408095749095,
              24.941131270623597
            ],
            [
              121.40916878693055,
              24.941656810038353
            ],
            [
              121.40753139674374,
              24.952167598333492
            ],
            [
              121.39729770807622,
              24.94253270906295
            ],
            [
              121.39484162279602,
              24.946386664771165
            ],
            [
              121.38522195544856,
              24.94375896769738
            ],
            [
              121.37918407913473,
              24.943408608087545
            ],
            [
              121.37611397253447,
              24.949715081064625
            ],
            [
              121.37069011754069,
              24.946824614283464
            ],
            [
              121.36526626254691,
              24.94735015369822
            ],
            [
              121.36137746085325,
              24.945510765746572
            ],
            [
              121.3591260493464,
              24.942182349453113
            ],
            [
              121.34868768690554,
              24.936576595695705
            ],
            [
              121.33978437776479,
              24.928518324669433
            ],
            [
              121.33548622852443,
              24.925102318473513
            ],
            [
              121.32463851853687,
              24.923350520424325
            ],
            [
              121.31757727335628,
              24.916343328227565
            ],
            [
              121.326173571837,
              24.90916095622589
            ],
            [
              121.32177308570996,
              24.903467612566025
            ],
            [
              121.32126140127659,
              24.899964016467646
            ],
            [
              121.33221144815083,
              24.893394773783186
            ],
            [
              121.34213812615832,
              24.89260646466105
            ],
            [
              121.34131943106492,
              24.887438660415942
            ],
            [
              121.3446965483252,
              24.88577445226921
            ],
            [
              121.34561758030527,
              24.880081108609346
            ],
            [
              121.35052975086569,
              24.878592080267534
            ],
            [
              121.35441855255934,
              24.873249096217506
            ],
            [
              121.34940404511225,
              24.868782011192074
            ],
            [
              121.3459245909653,
              24.86816888187486
            ],
            [
              121.34735730737876,
              24.862037588702695
            ],
            [
              121.35359985746594,
              24.858446402701855
            ],
            [
              121.35482790010605,
              24.853366188359207
            ],
            [
              121.35247415171251,
              24.84907428313869
            ],
            [
              121.3467432860587,
              24.850212951870667
            ],
            [
              121.33691894493789,
              24.8481983841141
            ],
            [
              121.33599791295781,
              24.843906478893583
            ],
            [
              121.3401937253115,
              24.843468529381287
            ],
            [
              121.3467432860587,
              24.84592104665015
            ],
            [
              121.35482790010605,
              24.843994068796043
            ],
            [
              121.35779566981962,
              24.83952698377061
            ],
            [
              121.37283919216087,
              24.834972308842715
            ],
            [
              121.37785369960795,
              24.83444676942796
            ],
            [
              121.38450559724183,
              24.8380379554288
            ],
            [
              121.3850172816752,
              24.840840832307503
            ],
            [
              121.39361358015591,
              24.843994068796043
            ],
            [
              121.39801406628295,
              24.841804321234555
            ],
            [
              121.40272156307002,
              24.843556119283747
            ],
            [
              121.40875943938384,
              24.840665652502583
            ],
            [
              121.41561601079108,
              24.835497848257475
            ],
            [
              121.4138762837176,
              24.831994252159095
            ],
            [
              121.41756041163791,
              24.825249829669715
            ],
            [
              121.42349595106506,
              24.825512599377095
            ],
            [
              121.42533801502522,
              24.819994435522148
            ],
            [
              121.4299431749256,
              24.814914221179496
            ],
            [
              121.43639039878613,
              24.812198934203256
            ],
            [
              121.43792545208626,
              24.80422825307944
            ],
            [
              121.43823246274629,
              24.795381672931036
            ],
            [
              121.4460100661336,
              24.79003868888101
            ],
            [
              121.45041055226064,
              24.7909145879056
            ],
            [
              121.45624375480111,
              24.79327951527201
            ],
            [
              121.45532272282104,
              24.798885269029412
            ],
            [
              121.46228163111495,
              24.805629691518792
            ],
            [
              121.4690358656355,
              24.807206309763064
            ],
            [
              121.47312934110252,
              24.813250013032768
            ],
            [
              121.48407938797675,
              24.81920612640001
            ],
            [
              121.48039526005645,
              24.823498031620527
            ],
            [
              121.4867401470303,
              24.83427158962304
            ],
            [
              121.49441541353094,
              24.836461337184527
            ],
            [
              121.49717850947117,
              24.848285974016555
            ],
            [
              121.49277802334414,
              24.853716547969043
            ],
            [
              121.49277802334414,
              24.856607014750207
            ],
            [
              121.48837753721712,
              24.862212768507614
            ],
            [
              121.48039526005645,
              24.861774818995315
            ],
            [
              121.47763216411622,
              24.86562877470353
            ],
            [
              121.47926955430303,
              24.870095859728966
            ],
            [
              121.47179896157574,
              24.877015462023262
            ],
            [
              121.47538075260937,
              24.88621240178151
            ],
            [
              121.48029292316977,
              24.890591896904482
            ],
            [
              121.48653547325696,
              24.9004895558824
            ],
            [
              121.49247101268412,
              24.903555202468485
            ],
            [
              121.48940090608386,
              24.908197467298837
            ],
            [
              121.49206166513741,
              24.91704404744724
            ],
            [
              121.48551210439021,
              24.92422641944892
            ],
            [
              121.48469340929681,
              24.927905195352217
            ],
            [
              121.46842184431546,
              24.93070807223092
            ],
            [
              121.45972320894806,
              24.935437926963733
            ],
            [
              121.45747179744122,
              24.94612389506379
            ]
          ]
        ]
      },
      "properties": {
        "id": "65000090",
        "name": "三峽區",
        "city": "新北市",
        "quarter": "1132",
        "age_under_1y": 93,
        "age_1_5y": 1178,
        "age_5_10y": 3026,
        "age_10_15y": 4601,
        "age_15_20y": 10395,
        "age_20_25y": 1559,
        "age_25_30y": 10748,
        "age_30_40y": 5322,
        "age_40_50y": 7082,
        "age_over_50y": 4269,
        "total": 48273,
        "old_building_count": 16673
      }
    },
    {
      "type": "Feature",
      "geometry": {
        "type": "Polygon",
        "coordinates": [
          [
            [
              121.52173936227321,
              25.179113035605983
            ],
            [
              121.51938561387968,
              25.182441451899443
            ],
            [
              121.51426876954592,
              25.183842890338795
            ],
            [
              121.50618415549859,
              25.19023695321834
            ],
            [
              121.50076030050481,
              25.19295224019458
            ],
            [
              121.49554111928437,
              25.19111285224293
            ],
            [
              121.48551210439021,
              25.20477687702661
            ],
            [
              121.4867401470303,
              25.21134611971107
            ],
            [
              121.49288036023081,
              25.211959249028286
            ],
            [
              121.49850888899795,
              25.215900794638962
            ],
            [
              121.49697383569783,
              25.21809054220045
            ],
            [
              121.50157899559821,
              25.223783885860314
            ],
            [
              121.49758785701788,
              25.225272914202126
            ],
            [
              121.49646215126445,
              25.230440718447234
            ],
            [
              121.49001492740392,
              25.231754566984126
            ],
            [
              121.47087792959566,
              25.238849349083345
            ],
            [
              121.45880217696799,
              25.240338377425154
            ],
            [
              121.45696011300784,
              25.243141254303858
            ],
            [
              121.45030821537395,
              25.24436751293829
            ],
            [
              121.44590772924693,
              25.241827405766966
            ],
            [
              121.4435539808534,
              25.232542876106262
            ],
            [
              121.43587871435275,
              25.217127053273394
            ],
            [
              121.43086420690568,
              25.215900794638962
            ],
            [
              121.41889079116469,
              25.199258713171663
            ],
            [
              121.41878845427802,
              25.19155080175523
            ],
            [
              121.4122388935308,
              25.18997418351096
            ],
            [
              121.4048706376902,
              25.18979900370604
            ],
            [
              121.40425661637013,
              25.18305458121666
            ],
            [
              121.4163323689978,
              25.180689653850255
            ],
            [
              121.41745807475124,
              25.175521849605147
            ],
            [
              121.42410997238511,
              25.17149271409201
            ],
            [
              121.4332179552992,
              25.16763875838379
            ],
            [
              121.44099555868652,
              25.162558544041143
            ],
            [
              121.45041055226064,
              25.152748474965684
            ],
            [
              121.45266196376748,
              25.14670477169598
            ],
            [
              121.45685777612117,
              25.12664668403276
            ],
            [
              121.45880217696799,
              25.12296790812946
            ],
            [
              121.4645330426218,
              25.124719706178652
            ],
            [
              121.46555641148855,
              25.131551718570492
            ],
            [
              121.47200363534908,
              25.137770601645112
            ],
            [
              121.48285134533666,
              25.15020836779436
            ],
            [
              121.48643313637028,
              25.150733907209116
            ],
            [
              121.49277802334414,
              25.160719156089495
            ],
            [
              121.49738318324452,
              25.163697212773116
            ],
            [
              121.50270470135163,
              25.172806562628903
            ],
            [
              121.51037996785227,
              25.169478146335443
            ],
            [
              121.51304072690583,
              25.17096717467725
            ],
            [
              121.52010197208641,
              25.169390556432983
            ],
            [
              121.52255805736661,
              25.17464595058055
            ],
            [
              121.52173936227321,
              25.179113035605983
            ]
          ]
        ]
      },
      "properties": {
        "id": "65000100",
        "name": "淡水區",
        "city": "新北市",
        "quarter": "1132",
        "age_under_1y": 3129,
        "age_1_5y": 4407,
        "age_5_10y": 19373,
        "age_10_15y": 13873,
        "age_15_20y": 14855,
        "age_20_25y": 10117,
        "age_25_30y": 20891,
        "age_30_40y": 14391,
        "age_40_50y": 13845,
        "age_over_50y": 4358,
        "total": 119239,
        "old_building_count": 32594
      }
    },
    {
      "type": "Feature",
      "geometry": {
        "type": "Polygon",
        "coordinates": [
          [
            [
              121.6268393448886,
              25.13969757949922
            ],
            [
              121.61629864556106,
              25.137595421840196
            ],
            [
              121.60780468396702,
              25.1302378700336
            ],
            [
              121.60166447076651,
              25.126033554715544
            ],
            [
              121.59562659445267,
              25.11324542895646
            ],
            [
              121.59746865841282,
              25.109479063150705
            ],
            [
              121.60800935774037,
              25.10676377617446
            ],
            [
              121.61547995046764,
              25.103873309393297
            ],
            [
              121.62325755385497,
              25.096953707098997
            ],
            [
              121.62857907196206,
              25.08644291880386
            ],
            [
              121.62428092272171,
              25.080399215534158
            ],
            [
              121.62141548989482,
              25.069538067629185
            ],
            [
              121.6160939717877,
              25.063932313871778
            ],
            [
              121.62162016366815,
              25.060341127870938
            ],
            [
              121.62100614234811,
              25.053684295284018
            ],
            [
              121.6165033193344,
              25.048166131429074
            ],
            [
              121.62192717432819,
              25.040020270500342
            ],
            [
              121.62530429158846,
              25.037655343133935
            ],
            [
              121.63287722120242,
              25.035815955182287
            ],
            [
              121.64403194185002,
              25.029947431717503
            ],
            [
              121.6502744919372,
              25.027670094253555
            ],
            [
              121.65682405268441,
              25.027932863960935
            ],
            [
              121.66081519126475,
              25.03047297113226
            ],
            [
              121.66582969871183,
              25.029947431717503
            ],
            [
              121.66582969871183,
              25.03371379752326
            ],
            [
              121.67115121681893,
              25.033100668206043
            ],
            [
              121.67718909313277,
              25.034852466255234
            ],
            [
              121.68414800142668,
              25.040107860402802
            ],
            [
              121.6923349523607,
              25.04185965845199
            ],
            [
              121.6956097327343,
              25.040808579622478
            ],
            [
              121.69694011226107,
              25.03511523596261
            ],
            [
              121.70318266234825,
              25.03196199947407
            ],
            [
              121.70829950668201,
              25.0340641571331
            ],
            [
              121.71188129771565,
              25.033363437913422
            ],
            [
              121.7157700994093,
              25.036253904694586
            ],
            [
              121.7178168371428,
              25.042998327183962
            ],
            [
              121.72098928062974,
              25.047202642502018
            ],
            [
              121.72661780939687,
              25.049392390063506
            ],
            [
              121.73009726354383,
              25.053333935674182
            ],
            [
              121.72620846185016,
              25.058151380309454
            ],
            [
              121.72272900770321,
              25.05850173991929
            ],
            [
              121.71239298214903,
              25.068049039287374
            ],
            [
              121.70686679026856,
              25.06656001094556
            ],
            [
              121.69939619754128,
              25.067435909970158
            ],
            [
              121.69653076471437,
              25.07006360704394
            ],
            [
              121.68844615066703,
              25.07172781519067
            ],
            [
              121.67923583086628,
              25.07855982758251
            ],
            [
              121.68148724237312,
              25.084428351047293
            ],
            [
              121.67862180954621,
              25.087231227925997
            ],
            [
              121.67401664964584,
              25.082939322705485
            ],
            [
              121.66787643644533,
              25.085742199584185
            ],
            [
              121.65569834693099,
              25.093625290805537
            ],
            [
              121.64894411241042,
              25.10194633153919
            ],
            [
              121.65221889278403,
              25.104661618515433
            ],
            [
              121.65017215505053,
              25.10965424295562
            ],
            [
              121.6461810164702,
              25.1135957885663
            ],
            [
              121.64628335335688,
              25.121040930275353
            ],
            [
              121.64300857298326,
              25.127872942667192
            ],
            [
              121.6378917286495,
              25.130850999350816
            ],
            [
              121.6346169482759,
              25.130500639740976
            ],
            [
              121.62868140884875,
              25.134704955059032
            ],
            [
              121.6268393448886,
              25.13969757949922
            ]
          ]
        ]
      },
      "properties": {
        "id": "65000110",
        "name": "汐止區",
        "city": "新北市",
        "quarter": "1132",
        "age_under_1y": 1025,
        "age_1_5y": 3305,
        "age_5_10y": 5419,
        "age_10_15y": 4632,
        "age_15_20y": 4587,
        "age_20_25y": 8035,
        "age_25_30y": 39543,
        "age_30_40y": 14912,
        "age_40_50y": 18006,
        "age_over_50y": 4332,
        "total": 103796,
        "old_building_count": 37250
      }
    },
    {
      "type": "Feature",
      "geometry": {
        "type": "Polygon",
        "coordinates": [
          [
            [
              121.92259294737978,
              25.122354778812245
            ],
            [
              121.92678875973347,
              25.128836431594248
            ],
            [
              121.92402566379323,
              25.13015028013114
            ],
            [
              121.91645273417927,
              25.127259813349976
            ],
            [
              121.91502001776583,
              25.124369346568812
            ],
            [
              121.91031252097876,
              25.1233182677393
            ],
            [
              121.90447931843828,
              25.124281756666356
            ],
            [
              121.89711106259767,
              25.11972708173846
            ],
            [
              121.88933345921036,
              25.12016503125076
            ],
            [
              121.88831009034361,
              25.122529958617164
            ],
            [
              121.87736004346937,
              25.12507006578849
            ],
            [
              121.86507961706835,
              25.12314308793438
            ],
            [
              121.85607397104093,
              25.124807296081112
            ],
            [
              121.84184914379308,
              25.128836431594248
            ],
            [
              121.82844301163864,
              25.127259813349976
            ],
            [
              121.82844301163864,
              25.12296790812946
            ],
            [
              121.82250747221148,
              25.121478879787652
            ],
            [
              121.81984671315793,
              25.124194166763896
            ],
            [
              121.81974437627126,
              25.129361971009004
            ],
            [
              121.82578225258509,
              25.134704955059032
            ],
            [
              121.82189345089144,
              25.136018803595924
            ],
            [
              121.81043171958382,
              25.13312833681476
            ],
            [
              121.80684992855018,
              25.135580854083628
            ],
            [
              121.80500786459004,
              25.125770785008164
            ],
            [
              121.80234710553648,
              25.12174164949503
            ],
            [
              121.79702558742937,
              25.121303699982732
            ],
            [
              121.79774194563609,
              25.114296507785973
            ],
            [
              121.79016901602213,
              25.112281940029405
            ],
            [
              121.78597320366845,
              25.118150463494192
            ],
            [
              121.78351711838825,
              25.11657384524992
            ],
            [
              121.77297641906071,
              25.1200774413483
            ],
            [
              121.76693854274687,
              25.112544709736785
            ],
            [
              121.75936561313291,
              25.112632299639245
            ],
            [
              121.75609083275931,
              25.10842798432119
            ],
            [
              121.75957028690627,
              25.100807662807217
            ],
            [
              121.75834224426616,
              25.094763959537513
            ],
            [
              121.75977496067962,
              25.09020928460962
            ],
            [
              121.75916093935956,
              25.084515940949753
            ],
            [
              121.76171936152645,
              25.07838464777759
            ],
            [
              121.76704087963356,
              25.07873500738743
            ],
            [
              121.77133902887391,
              25.076107310313645
            ],
            [
              121.77563717811427,
              25.07006360704394
            ],
            [
              121.784540487255,
              25.072516124312806
            ],
            [
              121.78842928894866,
              25.07549418099643
            ],
            [
              121.79477417592251,
              25.077421158850537
            ],
            [
              121.79784428252277,
              25.075932130508725
            ],
            [
              121.80377982194993,
              25.067611089775074
            ],
            [
              121.80674759166351,
              25.058063790406994
            ],
            [
              121.81002237203711,
              25.059727998553722
            ],
            [
              121.8142181843908,
              25.058063790406994
            ],
            [
              121.8133994892974,
              25.053421525576642
            ],
            [
              121.81687894344435,
              25.04212242815937
            ],
            [
              121.82148410334473,
              25.045801204062666
            ],
            [
              121.8339692035191,
              25.044399765623314
            ],
            [
              121.8347878986125,
              25.047290232404478
            ],
            [
              121.83038741248546,
              25.05692512167502
            ],
            [
              121.82977339116542,
              25.06498339270129
            ],
            [
              121.83253648710564,
              25.07181540509313
            ],
            [
              121.84031409049297,
              25.078121878070213
            ],
            [
              121.84768234633357,
              25.089333385585025
            ],
            [
              121.85146881114055,
              25.089158205780105
            ],
            [
              121.85341321198737,
              25.09511431914735
            ],
            [
              121.85730201368104,
              25.097304066708837
            ],
            [
              121.8685590712153,
              25.093800470610457
            ],
            [
              121.87551797950921,
              25.094588779732593
            ],
            [
              121.88738905836352,
              25.100369713294917
            ],
            [
              121.89567834618421,
              25.101158022417053
            ],
            [
              121.8974180732577,
              25.103435359881
            ],
            [
              121.89475731420414,
              25.10869075402857
            ],
            [
              121.89762274703105,
              25.113770968371217
            ],
            [
              121.91952284077952,
              25.120515390860596
            ],
            [
              121.92259294737978,
              25.122354778812245
            ]
          ]
        ]
      },
      "properties": {
        "id": "65000120",
        "name": "瑞芳區",
        "city": "新北市",
        "quarter": "1132",
        "age_under_1y": 2,
        "age_1_5y": 28,
        "age_5_10y": 287,
        "age_10_15y": 290,
        "age_15_20y": 306,
        "age_20_25y": 704,
        "age_25_30y": 2464,
        "age_30_40y": 2261,
        "age_40_50y": 4834,
        "age_over_50y": 6111,
        "total": 17287,
        "old_building_count": 13206
      }
    },
    {
      "type": "Feature",
      "geometry": {
        "type": "Polygon",
        "coordinates": [
          [
            [
              121.46709146478868,
              24.992984492879604
            ],
            [
              121.46310032620835,
              24.989042947268928
            ],
            [
              121.45706244989452,
              24.991407874635335
            ],
            [
              121.44908017273386,
              24.992634133269767
            ],
            [
              121.44007452670644,
              24.988167048244335
            ],
            [
              121.43475300859933,
              24.98063431663282
            ],
            [
              121.43383197661926,
              24.97555410229017
            ],
            [
              121.42881746917217,
              24.972050506191792
            ],
            [
              121.42298426663169,
              24.968897269703252
            ],
            [
              121.41285291485084,
              24.966094392824548
            ],
            [
              121.40998748202395,
              24.96250320682371
            ],
            [
              121.41049916645733,
              24.956196733846628
            ],
            [
              121.40753139674374,
              24.952167598333492
            ],
            [
              121.40916878693055,
              24.941656810038353
            ],
            [
              121.41408095749095,
              24.941131270623597
            ],
            [
              121.41745807475124,
              24.93754008462276
            ],
            [
              121.43413898727928,
              24.940255371599
            ],
            [
              121.43669740944615,
              24.93561310676865
            ],
            [
              121.44232593821329,
              24.937715264427677
            ],
            [
              121.45163859490073,
              24.944372097014597
            ],
            [
              121.45747179744122,
              24.94612389506379
            ],
            [
              121.46176994668157,
              24.94752533350314
            ],
            [
              121.47128727714237,
              24.955145655017112
            ],
            [
              121.47190129846241,
              24.95899961072533
            ],
            [
              121.4797812387364,
              24.96390464526306
            ],
            [
              121.47865553298297,
              24.966619932239304
            ],
            [
              121.4818279764699,
              24.973189174923764
            ],
            [
              121.47415270996926,
              24.983174423804144
            ],
            [
              121.4793718911897,
              24.989393306878767
            ],
            [
              121.47302700421584,
              24.99412316161158
            ],
            [
              121.46709146478868,
              24.992984492879604
            ]
          ]
        ]
      },
      "properties": {
        "id": "65000130",
        "name": "土城區",
        "city": "新北市",
        "quarter": "1132",
        "age_under_1y": 1475,
        "age_1_5y": 5510,
        "age_5_10y": 2866,
        "age_10_15y": 1816,
        "age_15_20y": 3228,
        "age_20_25y": 2765,
        "age_25_30y": 23356,
        "age_30_40y": 28541,
        "age_40_50y": 20717,
        "age_over_50y": 2102,
        "total": 92376,
        "old_building_count": 51360
      }
    },
    {
      "type": "Feature",
      "geometry": {
        "type": "Polygon",
        "coordinates": [
          [
            [
              121.49114063315734,
              25.094763959537513
            ],
            [
              121.48602378882359,
              25.09879309505065
            ],
            [
              121.47824618543628,
              25.101420792124433
            ],
            [
              121.46637510658195,
              25.10168356183181
            ],
            [
              121.46269097866166,
              25.10317259017362
            ],
            [
              121.45818815564795,
              25.097829606123593
            ],
            [
              121.4546063646143,
              25.087931947145673
            ],
            [
              121.45696011300784,
              25.081362704461213
            ],
            [
              121.46340733686837,
              25.077771518460374
            ],
            [
              121.46964988695557,
              25.075932130508725
            ],
            [
              121.47098026648234,
              25.07347961323986
            ],
            [
              121.47538075260937,
              25.07321684353248
            ],
            [
              121.48397705109008,
              25.084515940949753
            ],
            [
              121.48459107241013,
              25.089158205780105
            ],
            [
              121.49114063315734,
              25.094763959537513
            ]
          ]
        ]
      },
      "properties": {
        "id": "65000140",
        "name": "蘆洲區",
        "city": "新北市",
        "quarter": "1132",
        "age_under_1y": 188,
        "age_1_5y": 1178,
        "age_5_10y": 3535,
        "age_10_15y": 2226,
        "age_15_20y": 6741,
        "age_20_25y": 6874,
        "age_25_30y": 15714,
        "age_30_40y": 21175,
        "age_40_50y": 11905,
        "age_over_50y": 2488,
        "total": 72024,
        "old_building_count": 35568
      }
    },
    {
      "type": "Feature",
      "geometry": {
        "type": "Polygon",
        "coordinates": [
          [
            [
              121.45900685074135,
              25.112719889541705
            ],
            [
              121.4529689744275,
              25.119376722128624
            ],
            [
              121.44549838170022,
              25.12314308793438
            ],
            [
              121.44140490623322,
              25.12323067783684
            ],
            [
              121.43598105123944,
              25.127259813349976
            ],
            [
              121.42605437323195,
              25.12971233061884
            ],
            [
              121.41561601079108,
              25.129361971009004
            ],
            [
              121.41489965258435,
              25.12296790812946
            ],
            [
              121.4097828082506,
              25.121040930275353
            ],
            [
              121.40476830080351,
              25.122529958617164
            ],
            [
              121.40036781467649,
              25.114559277493353
            ],
            [
              121.40180053108993,
              25.107552085296597
            ],
            [
              121.4122388935308,
              25.093800470610457
            ],
            [
              121.4081454180638,
              25.08854507646289
            ],
            [
              121.40701971231037,
              25.082326193388266
            ],
            [
              121.40354025816342,
              25.077158389143158
            ],
            [
              121.40824775495047,
              25.075844540606266
            ],
            [
              121.41930013871138,
              25.069012528214426
            ],
            [
              121.43014784869895,
              25.069100118116886
            ],
            [
              121.43188757577242,
              25.066122061433266
            ],
            [
              121.44232593821329,
              25.067435909970158
            ],
            [
              121.4480568038671,
              25.062618465334886
            ],
            [
              121.46136059913488,
              25.06874975850705
            ],
            [
              121.46555641148855,
              25.06550893211605
            ],
            [
              121.46975222384224,
              25.06857457870213
            ],
            [
              121.47098026648234,
              25.07347961323986
            ],
            [
              121.46964988695557,
              25.075932130508725
            ],
            [
              121.46340733686837,
              25.077771518460374
            ],
            [
              121.45696011300784,
              25.081362704461213
            ],
            [
              121.4546063646143,
              25.087931947145673
            ],
            [
              121.45818815564795,
              25.097829606123593
            ],
            [
              121.46269097866166,
              25.10317259017362
            ],
            [
              121.45736946055455,
              25.107114135784297
            ],
            [
              121.45900685074135,
              25.112719889541705
            ]
          ]
        ]
      },
      "properties": {
        "id": "65000150",
        "name": "五股區",
        "city": "新北市",
        "quarter": "1132",
        "age_under_1y": 1462,
        "age_1_5y": 2470,
        "age_5_10y": 5244,
        "age_10_15y": 1874,
        "age_15_20y": 2632,
        "age_20_25y": 3059,
        "age_25_30y": 8146,
        "age_30_40y": 5877,
        "age_40_50y": 5211,
        "age_over_50y": 1574,
        "total": 37549,
        "old_building_count": 12662
      }
    },
    {
      "type": "Feature",
      "geometry": {
        "type": "Polygon",
        "coordinates": [
          [
            [
              121.40824775495047,
              25.075844540606266
            ],
            [
              121.40241455240998,
              25.07496864158167
            ],
            [
              121.3994467826964,
              25.071027095970994
            ],
            [
              121.40620101721697,
              25.06883734840951
            ],
            [
              121.40057248844982,
              25.063056414847182
            ],
            [
              121.3957626547761,
              25.06883734840951
            ],
            [
              121.38992945223562,
              25.068049039287374
            ],
            [
              121.38696168252204,
              25.0729540738251
            ],
            [
              121.382561196395,
              25.071465045483293
            ],
            [
              121.3801051111148,
              25.06515857250621
            ],
            [
              121.38829206204882,
              25.061479796602914
            ],
            [
              121.38859907270884,
              25.057012711577478
            ],
            [
              121.39740004496291,
              25.051494547722534
            ],
            [
              121.39606966543613,
              25.04860408094137
            ],
            [
              121.40006080401646,
              25.044925305038074
            ],
            [
              121.40302857373004,
              25.04545084445283
            ],
            [
              121.40906645004387,
              25.044136995915938
            ],
            [
              121.4126482410775,
              25.03520282586507
            ],
            [
              121.41684405343118,
              25.034764876352774
            ],
            [
              121.41817443295795,
              25.03029779132734
            ],
            [
              121.42124453955822,
              25.02872117308307
            ],
            [
              121.43270627086584,
              25.041158939232314
            ],
            [
              121.43731143076621,
              25.043261096891342
            ],
            [
              121.4419165906666,
              25.04177206854953
            ],
            [
              121.44201892755326,
              25.047728181916774
            ],
            [
              121.43864181029299,
              25.055786452943046
            ],
            [
              121.44795446698043,
              25.060428717773398
            ],
            [
              121.4480568038671,
              25.062618465334886
            ],
            [
              121.44232593821329,
              25.067435909970158
            ],
            [
              121.43188757577242,
              25.066122061433266
            ],
            [
              121.43014784869895,
              25.069100118116886
            ],
            [
              121.41930013871138,
              25.069012528214426
            ],
            [
              121.40824775495047,
              25.075844540606266
            ]
          ]
        ]
      },
      "properties": {
        "id": "65000160",
        "name": "泰山區",
        "city": "新北市",
        "quarter": "1132",
        "age_under_1y": 554,
        "age_1_5y": 954,
        "age_5_10y": 827,
        "age_10_15y": 1310,
        "age_15_20y": 4351,
        "age_20_25y": 3395,
        "age_25_30y": 3277,
        "age_30_40y": 4173,
        "age_40_50y": 8291,
        "age_over_50y": 2819,
        "total": 29951,
        "old_building_count": 15283
      }
    },
    {
      "type": "Feature",
      "geometry": {
        "type": "Polygon",
        "coordinates": [
          [
            [
              121.40180053108993,
              25.107552085296597
            ],
            [
              121.40180053108993,
              25.097917196026053
            ],
            [
              121.40394960571011,
              25.09546467875719
            ],
            [
              121.40077716222318,
              25.09178590285389
            ],
            [
              121.39934444580973,
              25.085742199584185
            ],
            [
              121.39432993836265,
              25.081537884266133
            ],
            [
              121.39269254817584,
              25.0863553289014
            ],
            [
              121.39647901298282,
              25.087756767340753
            ],
            [
              121.39678602364285,
              25.094501189830133
            ],
            [
              121.39463694902267,
              25.101158022417053
            ],
            [
              121.39166917930909,
              25.100632483002297
            ],
            [
              121.38542662922191,
              25.112807479444164
            ],
            [
              121.37693266762787,
              25.11972708173846
            ],
            [
              121.36710832650705,
              25.133916645936896
            ],
            [
              121.36577794698027,
              25.13969757949922
            ],
            [
              121.3599447444398,
              25.134792544961492
            ],
            [
              121.35339518369258,
              25.13163930847295
            ],
            [
              121.34172877861162,
              25.128748841691788
            ],
            [
              121.33865867201136,
              25.126997043642596
            ],
            [
              121.32013569552316,
              25.12340585764176
            ],
            [
              121.31020901751567,
              25.123756217251596
            ],
            [
              121.30949265930894,
              25.125858374910624
            ],
            [
              121.30058935016821,
              25.12524524559341
            ],
            [
              121.29137903036745,
              25.11858841300649
            ],
            [
              121.28339675320679,
              25.117800103884353
            ],
            [
              121.28268039500006,
              25.11009219246792
            ],
            [
              121.2903556615007,
              25.10676377617446
            ],
            [
              121.29158370414079,
              25.102647050758865
            ],
            [
              121.29833793866136,
              25.104486438710513
            ],
            [
              121.30284076167506,
              25.09677852729408
            ],
            [
              121.31041369128903,
              25.0965157575867
            ],
            [
              121.31819129467634,
              25.09301216148832
            ],
            [
              121.32474085542354,
              25.092661801878485
            ],
            [
              121.33016471041732,
              25.08828230675551
            ],
            [
              121.33865867201136,
              25.083640041925158
            ],
            [
              121.34612926473865,
              25.083640041925158
            ],
            [
              121.34889236067887,
              25.081187524656293
            ],
            [
              121.3426498105917,
              25.072778894020185
            ],
            [
              121.35114377218574,
              25.073917562752158
            ],
            [
              121.35134844595909,
              25.068224219092293
            ],
            [
              121.35493023699271,
              25.06515857250621
            ],
            [
              121.3673130002804,
              25.06515857250621
            ],
            [
              121.37662565696785,
              25.066122061433266
            ],
            [
              121.3801051111148,
              25.06515857250621
            ],
            [
              121.382561196395,
              25.071465045483293
            ],
            [
              121.38696168252204,
              25.0729540738251
            ],
            [
              121.38992945223562,
              25.068049039287374
            ],
            [
              121.3957626547761,
              25.06883734840951
            ],
            [
              121.40057248844982,
              25.063056414847182
            ],
            [
              121.40620101721697,
              25.06883734840951
            ],
            [
              121.3994467826964,
              25.071027095970994
            ],
            [
              121.40241455240998,
              25.07496864158167
            ],
            [
              121.40824775495047,
              25.075844540606266
            ],
            [
              121.40354025816342,
              25.077158389143158
            ],
            [
              121.40701971231037,
              25.082326193388266
            ],
            [
              121.4081454180638,
              25.08854507646289
            ],
            [
              121.4122388935308,
              25.093800470610457
            ],
            [
              121.40180053108993,
              25.107552085296597
            ]
          ]
        ]
      },
      "properties": {
        "id": "65000170",
        "name": "林口區",
        "city": "新北市",
        "quarter": "1132",
        "age_under_1y": 1422,
        "age_1_5y": 4534,
        "age_5_10y": 11360,
        "age_10_15y": 8647,
        "age_15_20y": 16096,
        "age_20_25y": 865,
        "age_25_30y": 5681,
        "age_30_40y": 4767,
        "age_40_50y": 3229,
        "age_over_50y": 1424,
        "total": 58025,
        "old_building_count": 9420
      }
    },
    {
      "type": "Feature",
      "geometry": {
        "type": "Polygon",
        "coordinates": [
          [
            [
              121.64024547704304,
              25.023553368837963
            ],
            [
              121.6309328203556,
              25.024692037569935
            ],
            [
              121.62898841950877,
              25.019962182837123
            ],
            [
              121.62243885876156,
              25.0174220756658
            ],
            [
              121.60872571594709,
              25.02048772225188
            ],
            [
              121.60412055604671,
              25.019086283812527
            ],
            [
              121.60268783963326,
              25.01514473820185
            ],
            [
              121.59746865841282,
              25.014794378592015
            ],
            [
              121.59562659445267,
              25.00717405707804
            ],
            [
              121.60053876501308,
              25.00069240429604
            ],
            [
              121.59808267973287,
              24.994473521221416
            ],
            [
              121.60186914453986,
              24.99044438570828
            ],
            [
              121.59982240680635,
              24.986502840097604
            ],
            [
              121.60012941746638,
              24.97695554072952
            ],
            [
              121.60514392491346,
              24.974415433558196
            ],
            [
              121.61128413811397,
              24.974590613363116
            ],
            [
              121.61998277348135,
              24.969247629313088
            ],
            [
              121.62735102932197,
              24.972663635509008
            ],
            [
              121.63891509751626,
              24.9804591368279
            ],
            [
              121.6370730335561,
              24.98746632902466
            ],
            [
              121.63799406553619,
              24.99508665053863
            ],
            [
              121.64372493119,
              24.99508665053863
            ],
            [
              121.64474830005675,
              25.00209384273539
            ],
            [
              121.63922210817628,
              25.00550984893131
            ],
            [
              121.64106417213644,
              25.01400606946988
            ],
            [
              121.63922210817628,
              25.02048772225188
            ],
            [
              121.64024547704304,
              25.023553368837963
            ]
          ]
        ]
      },
      "properties": {
        "id": "65000180",
        "name": "深坑區",
        "city": "新北市",
        "quarter": "1132",
        "age_under_1y": 0,
        "age_1_5y": 3,
        "age_5_10y": 371,
        "age_10_15y": 954,
        "age_15_20y": 638,
        "age_20_25y": 267,
        "age_25_30y": 3178,
        "age_30_40y": 1839,
        "age_40_50y": 2911,
        "age_over_50y": 401,
        "total": 10562,
        "old_building_count": 5151
      }
    },
    {
      "type": "Feature",
      "geometry": {
        "type": "Polygon",
        "coordinates": [
          [
            [
              121.70318266234825,
              25.03196199947407
            ],
            [
              121.69694011226107,
              25.03511523596261
            ],
            [
              121.6956097327343,
              25.040808579622478
            ],
            [
              121.6923349523607,
              25.04185965845199
            ],
            [
              121.68414800142668,
              25.040107860402802
            ],
            [
              121.67718909313277,
              25.034852466255234
            ],
            [
              121.67115121681893,
              25.033100668206043
            ],
            [
              121.66582969871183,
              25.03371379752326
            ],
            [
              121.66582969871183,
              25.029947431717503
            ],
            [
              121.66408997163835,
              25.023203009228123
            ],
            [
              121.6498651443905,
              25.02399131835026
            ],
            [
              121.6469997115636,
              25.02188916069123
            ],
            [
              121.64024547704304,
              25.023553368837963
            ],
            [
              121.63922210817628,
              25.02048772225188
            ],
            [
              121.64106417213644,
              25.01400606946988
            ],
            [
              121.63922210817628,
              25.00550984893131
            ],
            [
              121.64474830005675,
              25.00209384273539
            ],
            [
              121.64372493119,
              24.99508665053863
            ],
            [
              121.63799406553619,
              24.99508665053863
            ],
            [
              121.6370730335561,
              24.98746632902466
            ],
            [
              121.63891509751626,
              24.9804591368279
            ],
            [
              121.62735102932197,
              24.972663635509008
            ],
            [
              121.61998277348135,
              24.969247629313088
            ],
            [
              121.60923740038047,
              24.96399223516552
            ],
            [
              121.61056777990724,
              24.959437560237628
            ],
            [
              121.60770234708033,
              24.956371913651545
            ],
            [
              121.60698598887362,
              24.94743774360068
            ],
            [
              121.60115278633313,
              24.94708738399084
            ],
            [
              121.59787800595953,
              24.944547276819517
            ],
            [
              121.59982240680635,
              24.93911670286703
            ],
            [
              121.59777566907285,
              24.93754008462276
            ],
            [
              121.59419387803922,
              24.92746724583992
            ],
            [
              121.59675230020609,
              24.91748199695954
            ],
            [
              121.59705931086613,
              24.911876243202133
            ],
            [
              121.59040741323224,
              24.914591530178377
            ],
            [
              121.57833166060458,
              24.908810596616053
            ],
            [
              121.57311247938414,
              24.90898577642097
            ],
            [
              121.567483950617,
              24.903467612566025
            ],
            [
              121.5761825859844,
              24.898737757833214
            ],
            [
              121.57884334503795,
              24.895409341539754
            ],
            [
              121.57638725975774,
              24.88603722197659
            ],
            [
              121.5778199761712,
              24.880081108609346
            ],
            [
              121.57577323843769,
              24.875088484169154
            ],
            [
              121.5851882320118,
              24.87263596690029
            ],
            [
              121.59276116162577,
              24.86615431411829
            ],
            [
              121.6012551232198,
              24.863263847337127
            ],
            [
              121.60923740038047,
              24.863088667532207
            ],
            [
              121.615684624241,
              24.860723740165803
            ],
            [
              121.62100614234811,
              24.863263847337127
            ],
            [
              121.62960244082882,
              24.86142445938548
            ],
            [
              121.63523096959595,
              24.857395323872343
            ],
            [
              121.63840341308288,
              24.860898919970722
            ],
            [
              121.64464596317006,
              24.860723740165803
            ],
            [
              121.64833009109037,
              24.86790611216748
            ],
            [
              121.65324226165079,
              24.870446219338803
            ],
            [
              121.65416329363086,
              24.876927872120802
            ],
            [
              121.64976280750383,
              24.880168698511806
            ],
            [
              121.65293525099075,
              24.890153947392186
            ],
            [
              121.64884177552375,
              24.895234161734834
            ],
            [
              121.6531399247641,
              24.898562578028294
            ],
            [
              121.6602011699447,
              24.901365454906998
            ],
            [
              121.6618385601315,
              24.905307000517674
            ],
            [
              121.66603437248517,
              24.908372647103754
            ],
            [
              121.66316893965828,
              24.914941889788214
            ],
            [
              121.67319795455244,
              24.919934514228405
            ],
            [
              121.6762680611527,
              24.923087750716945
            ],
            [
              121.67012784795219,
              24.930094942913705
            ],
            [
              121.66961616351881,
              24.93894152306211
            ],
            [
              121.66705774135193,
              24.939729832184245
            ],
            [
              121.66562502493848,
              24.949802670967085
            ],
            [
              121.66910447908543,
              24.95225518823595
            ],
            [
              121.68046387350637,
              24.954532525699896
            ],
            [
              121.68506903340675,
              24.958298891505653
            ],
            [
              121.6877297924603,
              24.962853566433548
            ],
            [
              121.69867983933455,
              24.964692954385196
            ],
            [
              121.70819716979534,
              24.972751225411468
            ],
            [
              121.71566776252263,
              24.97082424755736
            ],
            [
              121.71812384780283,
              24.974940972972952
            ],
            [
              121.71730515270943,
              24.979145288291008
            ],
            [
              121.72457107166336,
              24.9836999632189
            ],
            [
              121.72682248317021,
              24.989130537171388
            ],
            [
              121.72078460685638,
              24.999378555759147
            ],
            [
              121.72221732326983,
              25.007612006590335
            ],
            [
              121.71362102478912,
              25.006035388346067
            ],
            [
              121.71188129771565,
              25.009714164249363
            ],
            [
              121.70604809517516,
              25.01514473820185
            ],
            [
              121.70103358772808,
              25.023203009228123
            ],
            [
              121.70451304187503,
              25.02740732454618
            ],
            [
              121.70318266234825,
              25.03196199947407
            ]
          ]
        ]
      },
      "properties": {
        "id": "65000190",
        "name": "石碇區",
        "city": "新北市",
        "quarter": "1132",
        "age_under_1y": 2,
        "age_1_5y": 18,
        "age_5_10y": 149,
        "age_10_15y": 208,
        "age_15_20y": 169,
        "age_20_25y": 195,
        "age_25_30y": 87,
        "age_30_40y": 468,
        "age_40_50y": 162,
        "age_over_50y": 384,
        "total": 1842,
        "old_building_count": 1014
      }
    },
    {
      "type": "Feature",
      "geometry": {
        "type": "Polygon",
        "coordinates": [
          [
            [
              121.77706989452771,
              24.984838631950876
            ],
            [
              121.77154370264726,
              24.979758417608224
            ],
            [
              121.76366376237327,
              24.98054672673036
            ],
            [
              121.75854691803951,
              24.976867950827064
            ],
            [
              121.75220203106565,
              24.97713072053444
            ],
            [
              121.74810855559865,
              24.97415266385082
            ],
            [
              121.74411741701832,
              24.975116152777872
            ],
            [
              121.74268470060487,
              24.979495647900848
            ],
            [
              121.73889823579789,
              24.979758417608224
            ],
            [
              121.7338837283508,
              24.976430001314764
            ],
            [
              121.72057993308303,
              24.97406507394836
            ],
            [
              121.71812384780283,
              24.974940972972952
            ],
            [
              121.71566776252263,
              24.97082424755736
            ],
            [
              121.70819716979534,
              24.972751225411468
            ],
            [
              121.69867983933455,
              24.964692954385196
            ],
            [
              121.6877297924603,
              24.962853566433548
            ],
            [
              121.68506903340675,
              24.958298891505653
            ],
            [
              121.68046387350637,
              24.954532525699896
            ],
            [
              121.66910447908543,
              24.95225518823595
            ],
            [
              121.66562502493848,
              24.949802670967085
            ],
            [
              121.66705774135193,
              24.939729832184245
            ],
            [
              121.66961616351881,
              24.93894152306211
            ],
            [
              121.67012784795219,
              24.930094942913705
            ],
            [
              121.6762680611527,
              24.923087750716945
            ],
            [
              121.67319795455244,
              24.919934514228405
            ],
            [
              121.66316893965828,
              24.914941889788214
            ],
            [
              121.66603437248517,
              24.908372647103754
            ],
            [
              121.6618385601315,
              24.905307000517674
            ],
            [
              121.6602011699447,
              24.901365454906998
            ],
            [
              121.6531399247641,
              24.898562578028294
            ],
            [
              121.64884177552375,
              24.895234161734834
            ],
            [
              121.65293525099075,
              24.890153947392186
            ],
            [
              121.64976280750383,
              24.880168698511806
            ],
            [
              121.65416329363086,
              24.876927872120802
            ],
            [
              121.65324226165079,
              24.870446219338803
            ],
            [
              121.64833009109037,
              24.86790611216748
            ],
            [
              121.64464596317006,
              24.860723740165803
            ],
            [
              121.6531399247641,
              24.855030396505935
            ],
            [
              121.65713106334444,
              24.849687412455907
            ],
            [
              121.65968948551132,
              24.850826081187883
            ],
            [
              121.66992317417883,
              24.84802320430918
            ],
            [
              121.68210126369317,
              24.850212951870667
            ],
            [
              121.68783212934699,
              24.849862592260827
            ],
            [
              121.69438169009419,
              24.843556119283747
            ],
            [
              121.7021592934815,
              24.84276781016161
            ],
            [
              121.70748081158861,
              24.838826264550935
            ],
            [
              121.71423504610917,
              24.841804321234555
            ],
            [
              121.72191031260981,
              24.849862592260827
            ],
            [
              121.7326556857107,
              24.85581870562807
            ],
            [
              121.73828421447783,
              24.855293166213315
            ],
            [
              121.74196834239814,
              24.85249028933461
            ],
            [
              121.74780154493862,
              24.854942806603475
            ],
            [
              121.76100300331971,
              24.856694604652667
            ],
            [
              121.76918995425373,
              24.86589154441091
            ],
            [
              121.77522783056756,
              24.866592263630587
            ],
            [
              121.77727456830107,
              24.869745500119127
            ],
            [
              121.78494983480171,
              24.87561402358391
            ],
            [
              121.78218673886147,
              24.87920520958475
            ],
            [
              121.78167505442809,
              24.88936563827005
            ],
            [
              121.78996434224878,
              24.893482363685646
            ],
            [
              121.79344379639574,
              24.899788836662726
            ],
            [
              121.79119238488889,
              24.903380022663566
            ],
            [
              121.78566619300842,
              24.90749674807916
            ],
            [
              121.78474516102835,
              24.91397840086116
            ],
            [
              121.77809326339447,
              24.919671744521025
            ],
            [
              121.78198206508813,
              24.928343144864513
            ],
            [
              121.78474516102835,
              24.93027012271862
            ],
            [
              121.78628021432849,
              24.937014545208
            ],
            [
              121.7894526578154,
              24.94060573120884
            ],
            [
              121.78771293074193,
              24.944722456624437
            ],
            [
              121.79334145950907,
              24.9540945761876
            ],
            [
              121.79027135290882,
              24.959875509749924
            ],
            [
              121.79190874309562,
              24.9702987081426
            ],
            [
              121.7940578177158,
              24.97739349024182
            ],
            [
              121.79252276441566,
              24.983437193511524
            ],
            [
              121.78167505442809,
              24.98203575507217
            ],
            [
              121.77706989452771,
              24.984838631950876
            ]
          ]
        ]
      },
      "properties": {
        "id": "65000200",
        "name": "坪林區",
        "city": "新北市",
        "quarter": "1132",
        "age_under_1y": 0,
        "age_1_5y": 15,
        "age_5_10y": 138,
        "age_10_15y": 205,
        "age_15_20y": 110,
        "age_20_25y": 75,
        "age_25_30y": 15,
        "age_30_40y": 24,
        "age_40_50y": 102,
        "age_over_50y": 575,
        "total": 1259,
        "old_building_count": 701
      }
    },
    {
      "type": "Feature",
      "geometry": {
        "type": "Polygon",
        "coordinates": [
          [
            [
              121.56594889731687,
              25.215024895614366
            ],
            [
              121.56267411694327,
              25.222032087811126
            ],
            [
              121.55561287176269,
              25.227550251666074
            ],
            [
              121.55643156685609,
              25.233856724643154
            ],
            [
              121.55397548157589,
              25.239812838010398
            ],
            [
              121.55080303808896,
              25.2426157148891
            ],
            [
              121.54589086752854,
              25.243491613913697
            ],
            [
              121.5477329314887,
              25.249798086890777
            ],
            [
              121.54640255196192,
              25.253564452696537
            ],
            [
              121.55039369054225,
              25.261797903527725
            ],
            [
              121.54824461592207,
              25.26608980874824
            ],
            [
              121.5420020658349,
              25.26810437650481
            ],
            [
              121.54067168630812,
              25.26582703904086
            ],
            [
              121.53309875669416,
              25.266440168358077
            ],
            [
              121.5267538697203,
              25.26100959440559
            ],
            [
              121.51539447529935,
              25.27476120909173
            ],
            [
              121.5082308932321,
              25.27826480519011
            ],
            [
              121.50761687191203,
              25.28273189021554
            ],
            [
              121.4954387823977,
              25.27791444558027
            ],
            [
              121.49093595938399,
              25.27467361918927
            ],
            [
              121.48090694448983,
              25.270907253383513
            ],
            [
              121.47701814279617,
              25.26626498855316
            ],
            [
              121.47159428780239,
              25.2560169699654
            ],
            [
              121.4624863048883,
              25.252075424354725
            ],
            [
              121.45266196376748,
              25.2527761435744
            ],
            [
              121.4476474563204,
              25.246644850402237
            ],
            [
              121.44590772924693,
              25.241827405766966
            ],
            [
              121.45030821537395,
              25.24436751293829
            ],
            [
              121.45696011300784,
              25.243141254303858
            ],
            [
              121.45880217696799,
              25.240338377425154
            ],
            [
              121.47087792959566,
              25.238849349083345
            ],
            [
              121.49001492740392,
              25.231754566984126
            ],
            [
              121.49646215126445,
              25.230440718447234
            ],
            [
              121.49758785701788,
              25.225272914202126
            ],
            [
              121.50157899559821,
              25.223783885860314
            ],
            [
              121.49697383569783,
              25.21809054220045
            ],
            [
              121.49850888899795,
              25.215900794638962
            ],
            [
              121.49288036023081,
              25.211959249028286
            ],
            [
              121.4867401470303,
              25.21134611971107
            ],
            [
              121.48551210439021,
              25.20477687702661
            ],
            [
              121.49554111928437,
              25.19111285224293
            ],
            [
              121.50076030050481,
              25.19295224019458
            ],
            [
              121.50618415549859,
              25.19023695321834
            ],
            [
              121.51426876954592,
              25.183842890338795
            ],
            [
              121.51938561387968,
              25.182441451899443
            ],
            [
              121.52173936227321,
              25.179113035605983
            ],
            [
              121.52562816396687,
              25.182791811509283
            ],
            [
              121.53340576735418,
              25.18358012063142
            ],
            [
              121.53575951574771,
              25.1866457672175
            ],
            [
              121.5428207609283,
              25.188923104681447
            ],
            [
              121.543230108475,
              25.193652959414255
            ],
            [
              121.54630021507525,
              25.196981375707715
            ],
            [
              121.55254276516243,
              25.198820763659366
            ],
            [
              121.55151939629567,
              25.202149179952826
            ],
            [
              121.55499885044263,
              25.208455652929906
            ],
            [
              121.55919466279632,
              25.210119861076638
            ],
            [
              121.56246944316992,
              25.214148996589774
            ],
            [
              121.56594889731687,
              25.215024895614366
            ]
          ]
        ]
      },
      "properties": {
        "id": "65000210",
        "name": "三芝區",
        "city": "新北市",
        "quarter": "1132",
        "age_under_1y": 2,
        "age_1_5y": 40,
        "age_5_10y": 114,
        "age_10_15y": 106,
        "age_15_20y": 76,
        "age_20_25y": 73,
        "age_25_30y": 7593,
        "age_30_40y": 1688,
        "age_40_50y": 2334,
        "age_over_50y": 1576,
        "total": 13602,
        "old_building_count": 5598
      }
    },
    {
      "type": "Feature",
      "geometry": {
        "type": "Polygon",
        "coordinates": [
          [
            [
              121.62080146857475,
              25.27572469801878
            ],
            [
              121.615684624241,
              25.27922829411716
            ],
            [
              121.60790702085369,
              25.28141804167865
            ],
            [
              121.60238082897324,
              25.28772451465573
            ],
            [
              121.59705931086613,
              25.291578470363948
            ],
            [
              121.58662094842526,
              25.293417858315596
            ],
            [
              121.57771763928451,
              25.298936022170544
            ],
            [
              121.56932601457716,
              25.298498072658244
            ],
            [
              121.56686992929696,
              25.295082066462324
            ],
            [
              121.56032036854974,
              25.292016419876244
            ],
            [
              121.55377080780254,
              25.292979908803296
            ],
            [
              121.55039369054225,
              25.291666060266405
            ],
            [
              121.54118337074149,
              25.29455652704757
            ],
            [
              121.54067168630812,
              25.297884943341028
            ],
            [
              121.53657821084111,
              25.299987101000056
            ],
            [
              121.5337127780142,
              25.297096634218892
            ],
            [
              121.5333034304675,
              25.289914262217216
            ],
            [
              121.5259351746269,
              25.286060306509
            ],
            [
              121.52163702538654,
              25.286848615631136
            ],
            [
              121.51692952859948,
              25.28492163777703
            ],
            [
              121.5139617588859,
              25.286673435826216
            ],
            [
              121.51181268426572,
              25.291841240071324
            ],
            [
              121.50833323011877,
              25.288775593485244
            ],
            [
              121.50761687191203,
              25.28273189021554
            ],
            [
              121.5082308932321,
              25.27826480519011
            ],
            [
              121.51539447529935,
              25.27476120909173
            ],
            [
              121.5267538697203,
              25.26100959440559
            ],
            [
              121.53309875669416,
              25.266440168358077
            ],
            [
              121.54067168630812,
              25.26582703904086
            ],
            [
              121.5420020658349,
              25.26810437650481
            ],
            [
              121.54824461592207,
              25.26608980874824
            ],
            [
              121.55039369054225,
              25.261797903527725
            ],
            [
              121.54640255196192,
              25.253564452696537
            ],
            [
              121.5477329314887,
              25.249798086890777
            ],
            [
              121.54589086752854,
              25.243491613913697
            ],
            [
              121.55080303808896,
              25.2426157148891
            ],
            [
              121.55397548157589,
              25.239812838010398
            ],
            [
              121.55643156685609,
              25.233856724643154
            ],
            [
              121.55561287176269,
              25.227550251666074
            ],
            [
              121.56267411694327,
              25.222032087811126
            ],
            [
              121.56594889731687,
              25.215024895614366
            ],
            [
              121.57127041542398,
              25.220367879664394
            ],
            [
              121.5778199761712,
              25.220805829176694
            ],
            [
              121.58129943031815,
              25.223608706055398
            ],
            [
              121.58396018937171,
              25.233331185228398
            ],
            [
              121.59409154115255,
              25.241914995669426
            ],
            [
              121.59787800595953,
              25.243316434108777
            ],
            [
              121.60023175435305,
              25.248922187866185
            ],
            [
              121.60412055604671,
              25.253038913281777
            ],
            [
              121.61578696112768,
              25.253389272891617
            ],
            [
              121.61865239395458,
              25.25803153772197
            ],
            [
              121.61599163490102,
              25.266965707772837
            ],
            [
              121.61793603574786,
              25.273359770652377
            ],
            [
              121.62080146857475,
              25.27572469801878
            ]
          ]
        ]
      },
      "properties": {
        "id": "65000220",
        "name": "石門區",
        "city": "新北市",
        "quarter": "1132",
        "age_under_1y": 2,
        "age_1_5y": 15,
        "age_5_10y": 42,
        "age_10_15y": 45,
        "age_15_20y": 73,
        "age_20_25y": 70,
        "age_25_30y": 422,
        "age_30_40y": 521,
        "age_40_50y": 761,
        "age_over_50y": 1065,
        "total": 3016,
        "old_building_count": 2347
      }
    },
    {
      "type": "Feature",
      "geometry": {
        "type": "Polygon",
        "coordinates": [
          [
            [
              121.45880217696799,
              25.12296790812946
            ],
            [
              121.45685777612117,
              25.12664668403276
            ],
            [
              121.45266196376748,
              25.14670477169598
            ],
            [
              121.45041055226064,
              25.152748474965684
            ],
            [
              121.44099555868652,
              25.162558544041143
            ],
            [
              121.4332179552992,
              25.16763875838379
            ],
            [
              121.42410997238511,
              25.17149271409201
            ],
            [
              121.41745807475124,
              25.175521849605147
            ],
            [
              121.41254590419082,
              25.168514657408387
            ],
            [
              121.40548465901024,
              25.160456386382116
            ],
            [
              121.40231221552331,
              25.158792178235387
            ],
            [
              121.39166917930909,
              25.16798911799363
            ],
            [
              121.38798505138878,
              25.152047755746008
            ],
            [
              121.38972477846227,
              25.147755850525492
            ],
            [
              121.37949108979475,
              25.14302599579268
            ],
            [
              121.36577794698027,
              25.13969757949922
            ],
            [
              121.36710832650705,
              25.133916645936896
            ],
            [
              121.37693266762787,
              25.11972708173846
            ],
            [
              121.38542662922191,
              25.112807479444164
            ],
            [
              121.39166917930909,
              25.100632483002297
            ],
            [
              121.39463694902267,
              25.101158022417053
            ],
            [
              121.39678602364285,
              25.094501189830133
            ],
            [
              121.39647901298282,
              25.087756767340753
            ],
            [
              121.39269254817584,
              25.0863553289014
            ],
            [
              121.39432993836265,
              25.081537884266133
            ],
            [
              121.39934444580973,
              25.085742199584185
            ],
            [
              121.40077716222318,
              25.09178590285389
            ],
            [
              121.40394960571011,
              25.09546467875719
            ],
            [
              121.40180053108993,
              25.097917196026053
            ],
            [
              121.40180053108993,
              25.107552085296597
            ],
            [
              121.40036781467649,
              25.114559277493353
            ],
            [
              121.40476830080351,
              25.122529958617164
            ],
            [
              121.4097828082506,
              25.121040930275353
            ],
            [
              121.41489965258435,
              25.12296790812946
            ],
            [
              121.41561601079108,
              25.129361971009004
            ],
            [
              121.42605437323195,
              25.12971233061884
            ],
            [
              121.43598105123944,
              25.127259813349976
            ],
            [
              121.44140490623322,
              25.12323067783684
            ],
            [
              121.44549838170022,
              25.12314308793438
            ],
            [
              121.4529689744275,
              25.119376722128624
            ],
            [
              121.45900685074135,
              25.112719889541705
            ],
            [
              121.46095125158817,
              25.116223485640084
            ],
            [
              121.45880217696799,
              25.12296790812946
            ]
          ]
        ]
      },
      "properties": {
        "id": "65000230",
        "name": "八里區",
        "city": "新北市",
        "quarter": "1132",
        "age_under_1y": 335,
        "age_1_5y": 2281,
        "age_5_10y": 886,
        "age_10_15y": 1259,
        "age_15_20y": 1852,
        "age_20_25y": 637,
        "age_25_30y": 6048,
        "age_30_40y": 2677,
        "age_40_50y": 1975,
        "age_over_50y": 940,
        "total": 18890,
        "old_building_count": 5592
      }
    },
    {
      "type": "Feature",
      "geometry": {
        "type": "Polygon",
        "coordinates": [
          [
            [
              121.81687894344435,
              25.04212242815937
            ],
            [
              121.8133994892974,
              25.053421525576642
            ],
            [
              121.8142181843908,
              25.058063790406994
            ],
            [
              121.81002237203711,
              25.059727998553722
            ],
            [
              121.80674759166351,
              25.058063790406994
            ],
            [
              121.80377982194993,
              25.067611089775074
            ],
            [
              121.79784428252277,
              25.075932130508725
            ],
            [
              121.79477417592251,
              25.077421158850537
            ],
            [
              121.78842928894866,
              25.07549418099643
            ],
            [
              121.784540487255,
              25.072516124312806
            ],
            [
              121.77563717811427,
              25.07006360704394
            ],
            [
              121.77000864934713,
              25.06349436435948
            ],
            [
              121.76233338284649,
              25.057012711577478
            ],
            [
              121.75926327624624,
              25.059465228846346
            ],
            [
              121.75087165153887,
              25.057012711577478
            ],
            [
              121.7458571440918,
              25.052983576064342
            ],
            [
              121.73787486693114,
              25.054647784211074
            ],
            [
              121.73009726354383,
              25.053333935674182
            ],
            [
              121.72661780939687,
              25.049392390063506
            ],
            [
              121.72098928062974,
              25.047202642502018
            ],
            [
              121.7178168371428,
              25.042998327183962
            ],
            [
              121.7157700994093,
              25.036253904694586
            ],
            [
              121.71188129771565,
              25.033363437913422
            ],
            [
              121.70829950668201,
              25.0340641571331
            ],
            [
              121.70318266234825,
              25.03196199947407
            ],
            [
              121.70451304187503,
              25.02740732454618
            ],
            [
              121.70103358772808,
              25.023203009228123
            ],
            [
              121.70604809517516,
              25.01514473820185
            ],
            [
              121.71188129771565,
              25.009714164249363
            ],
            [
              121.71362102478912,
              25.006035388346067
            ],
            [
              121.72221732326983,
              25.007612006590335
            ],
            [
              121.72078460685638,
              24.999378555759147
            ],
            [
              121.72682248317021,
              24.989130537171388
            ],
            [
              121.72457107166336,
              24.9836999632189
            ],
            [
              121.71730515270943,
              24.979145288291008
            ],
            [
              121.71812384780283,
              24.974940972972952
            ],
            [
              121.72057993308303,
              24.97406507394836
            ],
            [
              121.7338837283508,
              24.976430001314764
            ],
            [
              121.73889823579789,
              24.979758417608224
            ],
            [
              121.74268470060487,
              24.979495647900848
            ],
            [
              121.74411741701832,
              24.975116152777872
            ],
            [
              121.74810855559865,
              24.97415266385082
            ],
            [
              121.75220203106565,
              24.97713072053444
            ],
            [
              121.75854691803951,
              24.976867950827064
            ],
            [
              121.76366376237327,
              24.98054672673036
            ],
            [
              121.77154370264726,
              24.979758417608224
            ],
            [
              121.77706989452771,
              24.984838631950876
            ],
            [
              121.77430679858749,
              24.98851740785417
            ],
            [
              121.76867826982036,
              24.990181616000903
            ],
            [
              121.76417544680665,
              24.996225319270607
            ],
            [
              121.77471614613418,
              25.002531792247687
            ],
            [
              121.78014000112798,
              25.0105024733715
            ],
            [
              121.78443815036833,
              25.01391847956742
            ],
            [
              121.78443815036833,
              25.017684845373175
            ],
            [
              121.78914564715538,
              25.023027829423203
            ],
            [
              121.79293211196236,
              25.02381613854534
            ],
            [
              121.79958400959624,
              25.030210201424882
            ],
            [
              121.80664525477684,
              25.031524049961774
            ],
            [
              121.808487318737,
              25.036867034011802
            ],
            [
              121.81206910977062,
              25.04045822001264
            ],
            [
              121.81687894344435,
              25.04212242815937
            ]
          ]
        ]
      },
      "properties": {
        "id": "65000240",
        "name": "平溪區",
        "city": "新北市",
        "quarter": "1132",
        "age_under_1y": 0,
        "age_1_5y": 15,
        "age_5_10y": 54,
        "age_10_15y": 48,
        "age_15_20y": 54,
        "age_20_25y": 41,
        "age_25_30y": 106,
        "age_30_40y": 69,
        "age_40_50y": 188,
        "age_over_50y": 1327,
        "total": 1902,
        "old_building_count": 1584
      }
    },
    {
      "type": "Feature",
      "geometry": {
        "type": "Polygon",
        "coordinates": [
          [
            [
              121.87551797950921,
              25.094588779732593
            ],
            [
              121.8685590712153,
              25.093800470610457
            ],
            [
              121.85730201368104,
              25.097304066708837
            ],
            [
              121.85341321198737,
              25.09511431914735
            ],
            [
              121.85146881114055,
              25.089158205780105
            ],
            [
              121.84768234633357,
              25.089333385585025
            ],
            [
              121.84031409049297,
              25.078121878070213
            ],
            [
              121.83253648710564,
              25.07181540509313
            ],
            [
              121.82977339116542,
              25.06498339270129
            ],
            [
              121.83038741248546,
              25.05692512167502
            ],
            [
              121.8347878986125,
              25.047290232404478
            ],
            [
              121.8339692035191,
              25.044399765623314
            ],
            [
              121.82148410334473,
              25.045801204062666
            ],
            [
              121.81687894344435,
              25.04212242815937
            ],
            [
              121.81206910977062,
              25.04045822001264
            ],
            [
              121.808487318737,
              25.036867034011802
            ],
            [
              121.80664525477684,
              25.031524049961774
            ],
            [
              121.79958400959624,
              25.030210201424882
            ],
            [
              121.79293211196236,
              25.02381613854534
            ],
            [
              121.78914564715538,
              25.023027829423203
            ],
            [
              121.78443815036833,
              25.017684845373175
            ],
            [
              121.78443815036833,
              25.01391847956742
            ],
            [
              121.78014000112798,
              25.0105024733715
            ],
            [
              121.77471614613418,
              25.002531792247687
            ],
            [
              121.76417544680665,
              24.996225319270607
            ],
            [
              121.76867826982036,
              24.990181616000903
            ],
            [
              121.77430679858749,
              24.98851740785417
            ],
            [
              121.77706989452771,
              24.984838631950876
            ],
            [
              121.78167505442809,
              24.98203575507217
            ],
            [
              121.79252276441566,
              24.983437193511524
            ],
            [
              121.7940578177158,
              24.97739349024182
            ],
            [
              121.79190874309562,
              24.9702987081426
            ],
            [
              121.79027135290882,
              24.959875509749924
            ],
            [
              121.79334145950907,
              24.9540945761876
            ],
            [
              121.78771293074193,
              24.944722456624437
            ],
            [
              121.7894526578154,
              24.94060573120884
            ],
            [
              121.78628021432849,
              24.937014545208
            ],
            [
              121.78474516102835,
              24.93027012271862
            ],
            [
              121.78198206508813,
              24.928343144864513
            ],
            [
              121.77809326339447,
              24.919671744521025
            ],
            [
              121.78474516102835,
              24.91397840086116
            ],
            [
              121.78566619300842,
              24.90749674807916
            ],
            [
              121.79119238488889,
              24.903380022663566
            ],
            [
              121.79344379639574,
              24.899788836662726
            ],
            [
              121.80449618015666,
              24.901190275102078
            ],
            [
              121.81053405647049,
              24.903642792370942
            ],
            [
              121.81165976222391,
              24.906533259152106
            ],
            [
              121.8183116598578,
              24.90267930344389
            ],
            [
              121.82240513532481,
              24.904518691395538
            ],
            [
              121.83182012889893,
              24.904869051005377
            ],
            [
              121.84328186020655,
              24.915379839300513
            ],
            [
              121.84563560860006,
              24.91940897481365
            ],
            [
              121.8520828324606,
              24.92370088003416
            ],
            [
              121.85382255953408,
              24.927905195352217
            ],
            [
              121.84911506274702,
              24.93035771262108
            ],
            [
              121.84665897746682,
              24.937802854330137
            ],
            [
              121.83980240605959,
              24.942182349453113
            ],
            [
              121.83918838473953,
              24.946299074868705
            ],
            [
              121.8413374593597,
              24.95418216609006
            ],
            [
              121.8471706619002,
              24.96040104916468
            ],
            [
              121.8541295701941,
              24.961276948189276
            ],
            [
              121.86129315226137,
              24.96364187555568
            ],
            [
              121.86088380471466,
              24.973539534533604
            ],
            [
              121.86241885801479,
              24.981597805559872
            ],
            [
              121.86600064904842,
              24.989568486683687
            ],
            [
              121.8710151564955,
              24.993247262586983
            ],
            [
              121.87531330573586,
              24.999378555759147
            ],
            [
              121.8805324869563,
              25.013392940152663
            ],
            [
              121.89107318628383,
              25.016370996836283
            ],
            [
              121.88820775345692,
              25.019261463617447
            ],
            [
              121.89158487071721,
              25.02407890825272
            ],
            [
              121.89680405193765,
              25.039319551280666
            ],
            [
              121.88759373213688,
              25.04553843435529
            ],
            [
              121.89025449119043,
              25.052545626552046
            ],
            [
              121.8870820477035,
              25.06358195426194
            ],
            [
              121.88237455091645,
              25.072340944507886
            ],
            [
              121.87715536969601,
              25.0766328497284
            ],
            [
              121.87838341233612,
              25.082939322705485
            ],
            [
              121.87602966394259,
              25.087493997633377
            ],
            [
              121.87551797950921,
              25.094588779732593
            ]
          ]
        ]
      },
      "properties": {
        "id": "65000250",
        "name": "雙溪區",
        "city": "新北市",
        "quarter": "1132",
        "age_under_1y": 1,
        "age_1_5y": 11,
        "age_5_10y": 88,
        "age_10_15y": 85,
        "age_15_20y": 111,
        "age_20_25y": 168,
        "age_25_30y": 348,
        "age_30_40y": 92,
        "age_40_50y": 542,
        "age_over_50y": 1750,
        "total": 3196,
        "old_building_count": 2384
      }
    },
    {
      "type": "Feature",
      "geometry": {
        "type": "Polygon",
        "coordinates": [
          [
            [
              121.86129315226137,
              24.96364187555568
            ],
            [
              121.87152684092888,
              24.96075140877452
            ],
            [
              121.88227221402977,
              24.96416741497044
            ],
            [
              121.88943579609703,
              24.964692954385196
            ],
            [
              121.89721339948434,
              24.9670578817516
            ],
            [
              121.90284192825148,
              24.974415433558196
            ],
            [
              121.91000551031874,
              24.974765793168036
            ],
            [
              121.91624806040592,
              24.979495647900848
            ],
            [
              121.92228593671976,
              24.978619748876252
            ],
            [
              121.93344065736734,
              24.9808970863402
            ],
            [
              121.9344640262341,
              24.983174423804144
            ],
            [
              121.9406042394346,
              24.984488272341036
            ],
            [
              121.94387901980821,
              24.987904278536956
            ],
            [
              121.96281134384311,
              24.987729098732036
            ],
            [
              121.96772351440353,
              24.984838631950876
            ],
            [
              121.97478475958411,
              24.98527658146317
            ],
            [
              121.97611513911089,
              24.98878017756155
            ],
            [
              121.9838927424982,
              24.99053197561074
            ],
            [
              121.98931659749198,
              24.99377280200174
            ],
            [
              121.9966848533326,
              25.0007799941985
            ],
            [
              122.00354142473982,
              25.00200625283293
            ],
            [
              122.00691854200011,
              25.01085283298134
            ],
            [
              122.00558816247333,
              25.014531608884635
            ],
            [
              122.00180169766635,
              25.014794378592015
            ],
            [
              121.9991409386128,
              25.019611823227283
            ],
            [
              121.99320539918564,
              25.014268839177255
            ],
            [
              121.99013529258538,
              25.021100851569095
            ],
            [
              121.98297171051813,
              25.02495480727731
            ],
            [
              121.97365905383069,
              25.026531425521583
            ],
            [
              121.96690481931012,
              25.0239037284478
            ],
            [
              121.94705146329514,
              25.021100851569095
            ],
            [
              121.9422416296214,
              25.024604447667475
            ],
            [
              121.93456636312078,
              25.032399948986367
            ],
            [
              121.92893783435365,
              25.040983759427395
            ],
            [
              121.92975652944705,
              25.051319367917614
            ],
            [
              121.9315985934072,
              25.054122244796318
            ],
            [
              121.93170093029387,
              25.063144004749642
            ],
            [
              121.92545838020669,
              25.07207817480051
            ],
            [
              121.91532702842585,
              25.078121878070213
            ],
            [
              121.91686208172598,
              25.081362704461213
            ],
            [
              121.91440599644577,
              25.08547942987681
            ],
            [
              121.91440599644577,
              25.08977133509732
            ],
            [
              121.9196251776662,
              25.094851549439973
            ],
            [
              121.91860180879945,
              25.10019453349
            ],
            [
              121.92658408596012,
              25.108165214613813
            ],
            [
              121.92320696869983,
              25.11324542895646
            ],
            [
              121.91860180879945,
              25.112544709736785
            ],
            [
              121.92259294737978,
              25.122354778812245
            ],
            [
              121.91952284077952,
              25.120515390860596
            ],
            [
              121.89762274703105,
              25.113770968371217
            ],
            [
              121.89475731420414,
              25.10869075402857
            ],
            [
              121.8974180732577,
              25.103435359881
            ],
            [
              121.89567834618421,
              25.101158022417053
            ],
            [
              121.88738905836352,
              25.100369713294917
            ],
            [
              121.87551797950921,
              25.094588779732593
            ],
            [
              121.87602966394259,
              25.087493997633377
            ],
            [
              121.87838341233612,
              25.082939322705485
            ],
            [
              121.87715536969601,
              25.0766328497284
            ],
            [
              121.88237455091645,
              25.072340944507886
            ],
            [
              121.8870820477035,
              25.06358195426194
            ],
            [
              121.89025449119043,
              25.052545626552046
            ],
            [
              121.88759373213688,
              25.04553843435529
            ],
            [
              121.89680405193765,
              25.039319551280666
            ],
            [
              121.89158487071721,
              25.02407890825272
            ],
            [
              121.88820775345692,
              25.019261463617447
            ],
            [
              121.89107318628383,
              25.016370996836283
            ],
            [
              121.8805324869563,
              25.013392940152663
            ],
            [
              121.87531330573586,
              24.999378555759147
            ],
            [
              121.8710151564955,
              24.993247262586983
            ],
            [
              121.86600064904842,
              24.989568486683687
            ],
            [
              121.86241885801479,
              24.981597805559872
            ],
            [
              121.86088380471466,
              24.973539534533604
            ],
            [
              121.86129315226137,
              24.96364187555568
            ]
          ]
        ]
      },
      "properties": {
        "id": "65000260",
        "name": "貢寮區",
        "city": "新北市",
        "quarter": "1132",
        "age_under_1y": 0,
        "age_1_5y": 13,
        "age_5_10y": 61,
        "age_10_15y": 122,
        "age_15_20y": 116,
        "age_20_25y": 78,
        "age_25_30y": 375,
        "age_30_40y": 224,
        "age_40_50y": 944,
        "age_over_50y": 1438,
        "total": 3371,
        "old_building_count": 2606
      }
    },
    {
      "type": "Feature",
      "geometry": {
        "type": "Polygon",
        "coordinates": [
          [
            [
              121.65017215505053,
              25.222732807030802
            ],
            [
              121.65344693542413,
              25.228951690105426
            ],
            [
              121.65129786080395,
              25.233331185228398
            ],
            [
              121.64270156232324,
              25.230966257861994
            ],
            [
              121.63635667534938,
              25.236396831814478
            ],
            [
              121.63390059006917,
              25.240601147132534
            ],
            [
              121.63584499091601,
              25.250060856598157
            ],
            [
              121.63410526384253,
              25.260046105478537
            ],
            [
              121.6297047777155,
              25.266790527967917
            ],
            [
              121.62080146857475,
              25.27572469801878
            ],
            [
              121.61793603574786,
              25.273359770652377
            ],
            [
              121.61599163490102,
              25.266965707772837
            ],
            [
              121.61865239395458,
              25.25803153772197
            ],
            [
              121.61578696112768,
              25.253389272891617
            ],
            [
              121.60412055604671,
              25.253038913281777
            ],
            [
              121.60023175435305,
              25.248922187866185
            ],
            [
              121.59787800595953,
              25.243316434108777
            ],
            [
              121.59409154115255,
              25.241914995669426
            ],
            [
              121.58396018937171,
              25.233331185228398
            ],
            [
              121.58129943031815,
              25.223608706055398
            ],
            [
              121.5778199761712,
              25.220805829176694
            ],
            [
              121.57127041542398,
              25.220367879664394
            ],
            [
              121.56594889731687,
              25.215024895614366
            ],
            [
              121.56246944316992,
              25.214148996589774
            ],
            [
              121.55919466279632,
              25.210119861076638
            ],
            [
              121.56277645382995,
              25.209331551954502
            ],
            [
              121.56492552845013,
              25.200922921318394
            ],
            [
              121.57321481627082,
              25.194966807951147
            ],
            [
              121.58303915739162,
              25.194966807951147
            ],
            [
              121.58396018937171,
              25.188835514778987
            ],
            [
              121.58089008277145,
              25.182091092289607
            ],
            [
              121.58324383116498,
              25.177536417361715
            ],
            [
              121.58170877786485,
              25.173770051555955
            ],
            [
              121.57730829173782,
              25.16991609584774
            ],
            [
              121.57710361796447,
              25.167025629066575
            ],
            [
              121.58641627465191,
              25.1635220329682
            ],
            [
              121.58979339191218,
              25.163697212773116
            ],
            [
              121.59664996331942,
              25.165624190627227
            ],
            [
              121.60688365198693,
              25.177448827459255
            ],
            [
              121.60729299953364,
              25.18147796297239
            ],
            [
              121.61097712745395,
              25.187258896534715
            ],
            [
              121.61189815943402,
              25.19339018970688
            ],
            [
              121.61670799310775,
              25.20101051122085
            ],
            [
              121.62213184810153,
              25.20337543858726
            ],
            [
              121.6297047777155,
              25.21143370961353
            ],
            [
              121.63840341308288,
              25.215813204736502
            ],
            [
              121.64178053034317,
              25.215900794638962
            ],
            [
              121.64372493119,
              25.220017520054558
            ],
            [
              121.65017215505053,
              25.222732807030802
            ]
          ]
        ]
      },
      "properties": {
        "id": "65000270",
        "name": "金山區",
        "city": "新北市",
        "quarter": "1132",
        "age_under_1y": 2,
        "age_1_5y": 81,
        "age_5_10y": 397,
        "age_10_15y": 124,
        "age_15_20y": 203,
        "age_20_25y": 267,
        "age_25_30y": 1985,
        "age_30_40y": 1172,
        "age_40_50y": 2083,
        "age_over_50y": 1649,
        "total": 7963,
        "old_building_count": 4904
      }
    },
    {
      "type": "Feature",
      "geometry": {
        "type": "Polygon",
        "coordinates": [
          [
            [
              121.6268393448886,
              25.13969757949922
            ],
            [
              121.6292954301688,
              25.141799737158248
            ],
            [
              121.63952911883631,
              25.145653692866464
            ],
            [
              121.6498651443905,
              25.145128153451708
            ],
            [
              121.65201421901068,
              25.148456569745168
            ],
            [
              121.65815443221119,
              25.152135345648468
            ],
            [
              121.6692068159721,
              25.1533616042829
            ],
            [
              121.67145822747896,
              25.155551351844387
            ],
            [
              121.67770077756614,
              25.155814121551764
            ],
            [
              121.68332930633328,
              25.160631566187035
            ],
            [
              121.68762745557363,
              25.161857824821467
            ],
            [
              121.69131158349394,
              25.1663249098469
            ],
            [
              121.69898684999457,
              25.167200808871495
            ],
            [
              121.70226163036818,
              25.17350728184858
            ],
            [
              121.70594575828848,
              25.173857641458415
            ],
            [
              121.70277331480156,
              25.180602063947795
            ],
            [
              121.69612141716767,
              25.181740732679767
            ],
            [
              121.69264196302072,
              25.1801641144355
            ],
            [
              121.6877297924603,
              25.185594688387987
            ],
            [
              121.68588772850016,
              25.191988751267527
            ],
            [
              121.6923349523607,
              25.19785727473231
            ],
            [
              121.6939723425475,
              25.201798820342987
            ],
            [
              121.69264196302072,
              25.208543242832366
            ],
            [
              121.67811012511284,
              25.205915545758582
            ],
            [
              121.6724815963457,
              25.202149179952826
            ],
            [
              121.6626572552249,
              25.207404574100394
            ],
            [
              121.65580068381766,
              25.213273097565178
            ],
            [
              121.65017215505053,
              25.222732807030802
            ],
            [
              121.64372493119,
              25.220017520054558
            ],
            [
              121.64178053034317,
              25.215900794638962
            ],
            [
              121.63840341308288,
              25.215813204736502
            ],
            [
              121.6297047777155,
              25.21143370961353
            ],
            [
              121.62213184810153,
              25.20337543858726
            ],
            [
              121.61670799310775,
              25.20101051122085
            ],
            [
              121.61189815943402,
              25.19339018970688
            ],
            [
              121.61097712745395,
              25.187258896534715
            ],
            [
              121.60729299953364,
              25.18147796297239
            ],
            [
              121.60688365198693,
              25.177448827459255
            ],
            [
              121.59664996331942,
              25.165624190627227
            ],
            [
              121.58979339191218,
              25.163697212773116
            ],
            [
              121.59173779275902,
              25.157565919600955
            ],
            [
              121.58958871813884,
              25.152135345648468
            ],
            [
              121.59368219360584,
              25.15003318798944
            ],
            [
              121.59572893133935,
              25.14355153520744
            ],
            [
              121.60401821916004,
              25.136193983400844
            ],
            [
              121.60463224048009,
              25.130763409448356
            ],
            [
              121.60780468396702,
              25.1302378700336
            ],
            [
              121.61629864556106,
              25.137595421840196
            ],
            [
              121.6268393448886,
              25.13969757949922
            ]
          ]
        ]
      },
      "properties": {
        "id": "65000280",
        "name": "萬里區",
        "city": "新北市",
        "quarter": "1132",
        "age_under_1y": 0,
        "age_1_5y": 19,
        "age_5_10y": 75,
        "age_10_15y": 100,
        "age_15_20y": 128,
        "age_20_25y": 751,
        "age_25_30y": 1282,
        "age_30_40y": 1334,
        "age_40_50y": 3451,
        "age_over_50y": 1530,
        "total": 8670,
        "old_building_count": 6315
      }
    },
    {
      "type": "Feature",
      "geometry": {
        "type": "Polygon",
        "coordinates": [
          [
            [
              121.57577323843769,
              24.875088484169154
            ],
            [
              121.57137275231067,
              24.876927872120802
            ],
            [
              121.56451618090342,
              24.877103051925722
            ],
            [
              121.56410683335673,
              24.886825531098726
            ],
            [
              121.55909232590965,
              24.890591896904482
            ],
            [
              121.55029135365558,
              24.890942256514318
            ],
            [
              121.54660722573527,
              24.888314559440534
            ],
            [
              121.53985299121472,
              24.893832723295482
            ],
            [
              121.53504315754098,
              24.891467795929078
            ],
            [
              121.5324847353741,
              24.887613840220858
            ],
            [
              121.52654919594694,
              24.883672294610182
            ],
            [
              121.52071599340645,
              24.883321935000346
            ],
            [
              121.5180552343529,
              24.88095700763394
            ],
            [
              121.50884491455214,
              24.877541001438022
            ],
            [
              121.49922524720468,
              24.870358629436343
            ],
            [
              121.49472242419097,
              24.868344061679775
            ],
            [
              121.48837753721712,
              24.862212768507614
            ],
            [
              121.49277802334414,
              24.856607014750207
            ],
            [
              121.49277802334414,
              24.853716547969043
            ],
            [
              121.49717850947117,
              24.848285974016555
            ],
            [
              121.49441541353094,
              24.836461337184527
            ],
            [
              121.4867401470303,
              24.83427158962304
            ],
            [
              121.48039526005645,
              24.823498031620527
            ],
            [
              121.48407938797675,
              24.81920612640001
            ],
            [
              121.47312934110252,
              24.813250013032768
            ],
            [
              121.4690358656355,
              24.807206309763064
            ],
            [
              121.46228163111495,
              24.805629691518792
            ],
            [
              121.45532272282104,
              24.798885269029412
            ],
            [
              121.45624375480111,
              24.79327951527201
            ],
            [
              121.45041055226064,
              24.7909145879056
            ],
            [
              121.44948952028055,
              24.785921963465412
            ],
            [
              121.44611240302028,
              24.781892827952277
            ],
            [
              121.44058621113982,
              24.779177540976033
            ],
            [
              121.43577637746608,
              24.77295865790141
            ],
            [
              121.43137589133906,
              24.771907579071897
            ],
            [
              121.42544035191189,
              24.767002544534165
            ],
            [
              121.4233936141784,
              24.76306099892349
            ],
            [
              121.42851045851215,
              24.75342610965295
            ],
            [
              121.4287151322855,
              24.747907945798
            ],
            [
              121.4319899126591,
              24.742214602138134
            ],
            [
              121.43536702991938,
              24.73293007247743
            ],
            [
              121.43424132416595,
              24.73003960569627
            ],
            [
              121.44150724311989,
              24.72312000340197
            ],
            [
              121.4451913710402,
              24.714798962668322
            ],
            [
              121.4488754989605,
              24.711908495887158
            ],
            [
              121.45030821537395,
              24.705602022910075
            ],
            [
              121.46361201064173,
              24.701047347982183
            ],
            [
              121.46698912790201,
              24.697718931688723
            ],
            [
              121.47425504685594,
              24.696142313444454
            ],
            [
              121.47302700421584,
              24.68966066066245
            ],
            [
              121.47589243704275,
              24.679412642074695
            ],
            [
              121.47916721741635,
              24.67547109646402
            ],
            [
              121.48684248391699,
              24.67520832675664
            ],
            [
              121.49267568645747,
              24.67319375900007
            ],
            [
              121.49912291031801,
              24.678011203635343
            ],
            [
              121.50557013417854,
              24.67993818148945
            ],
            [
              121.51222203181243,
              24.684492856417343
            ],
            [
              121.5147804539793,
              24.68326659778291
            ],
            [
              121.52378610000672,
              24.68326659778291
            ],
            [
              121.52910761811383,
              24.687646092905883
            ],
            [
              121.53688522150114,
              24.68852199193048
            ],
            [
              121.53882962234796,
              24.694565695200183
            ],
            [
              121.53780625348121,
              24.69973349944529
            ],
            [
              121.54343478224834,
              24.705777202714994
            ],
            [
              121.55029135365558,
              24.705689612812535
            ],
            [
              121.55827363081625,
              24.710945006960102
            ],
            [
              121.56328813826332,
              24.712784394911754
            ],
            [
              121.567483950617,
              24.71155813627732
            ],
            [
              121.57045172033058,
              24.713923063643726
            ],
            [
              121.57485220645762,
              24.71015669783797
            ],
            [
              121.57730829173782,
              24.71488655257078
            ],
            [
              121.5778199761712,
              24.721806154865078
            ],
            [
              121.587644317292,
              24.720317126523266
            ],
            [
              121.59040741323224,
              24.72347036301181
            ],
            [
              121.5975709952995,
              24.727674678329862
            ],
            [
              121.59409154115255,
              24.729251296574134
            ],
            [
              121.59531958379264,
              24.739148955552054
            ],
            [
              121.59163545587234,
              24.744929889114378
            ],
            [
              121.59613827888604,
              24.748258305407838
            ],
            [
              121.58999806568553,
              24.751849491408677
            ],
            [
              121.58897469681878,
              24.755177907702137
            ],
            [
              121.59050975011891,
              24.760783661459545
            ],
            [
              121.59583126822602,
              24.76647700511941
            ],
            [
              121.5975709952995,
              24.772520708389113
            ],
            [
              121.59450088869924,
              24.778827181366196
            ],
            [
              121.59194246653237,
              24.787498581709684
            ],
            [
              121.60565560934684,
              24.789162789856412
            ],
            [
              121.60964674792717,
              24.793805054686764
            ],
            [
              121.62039212102806,
              24.792578796052332
            ],
            [
              121.62530429158846,
              24.794943723418736
            ],
            [
              121.62479260715509,
              24.801600556005656
            ],
            [
              121.63001178837553,
              24.808958107812252
            ],
            [
              121.63881276062959,
              24.810709905861444
            ],
            [
              121.6457716689235,
              24.809658827031928
            ],
            [
              121.64751139599697,
              24.813863142349984
            ],
            [
              121.65436796740421,
              24.81114785537374
            ],
            [
              121.6602011699447,
              24.81114785537374
            ],
            [
              121.66879746842541,
              24.816928788936064
            ],
            [
              121.67677974558606,
              24.814125912057364
            ],
            [
              121.68077088416639,
              24.817541918253283
            ],
            [
              121.68936718264712,
              24.817366738448364
            ],
            [
              121.68885549821374,
              24.82621331859677
            ],
            [
              121.6964284278277,
              24.830417633914823
            ],
            [
              121.69673543848772,
              24.833746050208283
            ],
            [
              121.70174994593481,
              24.8343591795255
            ],
            [
              121.70748081158861,
              24.838826264550935
            ],
            [
              121.7021592934815,
              24.84276781016161
            ],
            [
              121.69438169009419,
              24.843556119283747
            ],
            [
              121.68783212934699,
              24.849862592260827
            ],
            [
              121.68210126369317,
              24.850212951870667
            ],
            [
              121.66992317417883,
              24.84802320430918
            ],
            [
              121.65968948551132,
              24.850826081187883
            ],
            [
              121.65713106334444,
              24.849687412455907
            ],
            [
              121.6531399247641,
              24.855030396505935
            ],
            [
              121.64464596317006,
              24.860723740165803
            ],
            [
              121.63840341308288,
              24.860898919970722
            ],
            [
              121.63523096959595,
              24.857395323872343
            ],
            [
              121.62960244082882,
              24.86142445938548
            ],
            [
              121.62100614234811,
              24.863263847337127
            ],
            [
              121.615684624241,
              24.860723740165803
            ],
            [
              121.60923740038047,
              24.863088667532207
            ],
            [
              121.6012551232198,
              24.863263847337127
            ],
            [
              121.59276116162577,
              24.86615431411829
            ],
            [
              121.5851882320118,
              24.87263596690029
            ],
            [
              121.57577323843769,
              24.875088484169154
            ]
          ]
        ]
      },
      "properties": {
        "id": "65000290",
        "name": "烏來區",
        "city": "新北市",
        "quarter": "1132",
        "age_under_1y": 0,
        "age_1_5y": 39,
        "age_5_10y": 168,
        "age_10_15y": 164,
        "age_15_20y": 76,
        "age_20_25y": 67,
        "age_25_30y": 62,
        "age_30_40y": 63,
        "age_40_50y": 223,
        "age_over_50y": 221,
        "total": 1083,
        "old_building_count": 507
      }
    },
    {
      "type": "Feature",
      "geometry": {
        "type": "Polygon",
        "coordinates": [
          [
            [
              121.48520509373019,
              25.039231961378206
            ],
            [
              121.47834852232295,
              25.039845090695422
            ],
            [
              121.46627276969528,
              25.03853124215853
            ],
            [
              121.45501571216101,
              25.033013078303583
            ],
            [
              121.44611240302028,
              25.02381613854534
            ],
            [
              121.43761844142624,
              25.01067765317642
            ],
            [
              121.43628806189946,
              25.000079274978823
            ],
            [
              121.430761870019,
              24.998064707222255
            ],
            [
              121.43004551181228,
              24.99526183034355
            ],
            [
              121.42451931993182,
              24.98702837951236
            ],
            [
              121.42656605766533,
              24.98405032282874
            ],
            [
              121.426668394552,
              24.972926405216384
            ],
            [
              121.42881746917217,
              24.972050506191792
            ],
            [
              121.43383197661926,
              24.97555410229017
            ],
            [
              121.43475300859933,
              24.98063431663282
            ],
            [
              121.44007452670644,
              24.988167048244335
            ],
            [
              121.44908017273386,
              24.992634133269767
            ],
            [
              121.45706244989452,
              24.991407874635335
            ],
            [
              121.46310032620835,
              24.989042947268928
            ],
            [
              121.46709146478868,
              24.992984492879604
            ],
            [
              121.46422603196177,
              24.99543701014847
            ],
            [
              121.46791015988208,
              25.004458770101795
            ],
            [
              121.47630178458944,
              25.011290782493635
            ],
            [
              121.4810092813765,
              25.01164114210347
            ],
            [
              121.48203265024326,
              25.015670277616607
            ],
            [
              121.48868454787714,
              25.015757867519067
            ],
            [
              121.48878688476381,
              25.023378189033043
            ],
            [
              121.48367004043006,
              25.03529041576753
            ],
            [
              121.48520509373019,
              25.039231961378206
            ]
          ]
        ]
      },
      "properties": {
        "id": "65000010",
        "name": "板橋區",
        "city": "新北市",
        "quarter": "1141",
        "age_under_1y": 5406,
        "age_1_5y": 9832,
        "age_5_10y": 10279,
        "age_10_15y": 9413,
        "age_15_20y": 12562,
        "age_20_25y": 11034,
        "age_25_30y": 28038,
        "age_30_40y": 32344,
        "age_40_50y": 77273,
        "age_over_50y": 28327,
        "total": 224508,
        "old_building_count": 137944
      }
    },
    {
      "type": "Feature",
      "geometry": {
        "type": "Polygon",
        "coordinates": [
          [
            [
              121.48520509373019,
              25.039231961378206
            ],
            [
              121.48878688476381,
              25.042560377671666
            ],
            [
              121.49564345617105,
              25.042998327183962
            ],
            [
              121.50137432182485,
              25.045976383867586
            ],
            [
              121.50618415549859,
              25.05359670538156
            ],
            [
              121.50567247106521,
              25.060779077383238
            ],
            [
              121.50700285059199,
              25.06988842723902
            ],
            [
              121.50260236446496,
              25.082939322705485
            ],
            [
              121.49922524720468,
              25.087844357243213
            ],
            [
              121.49114063315734,
              25.094763959537513
            ],
            [
              121.48459107241013,
              25.089158205780105
            ],
            [
              121.48397705109008,
              25.084515940949753
            ],
            [
              121.47538075260937,
              25.07321684353248
            ],
            [
              121.47098026648234,
              25.07347961323986
            ],
            [
              121.46975222384224,
              25.06857457870213
            ],
            [
              121.46555641148855,
              25.06550893211605
            ],
            [
              121.46872885497548,
              25.052983576064342
            ],
            [
              121.46565874837523,
              25.04369904640364
            ],
            [
              121.46627276969528,
              25.03853124215853
            ],
            [
              121.47834852232295,
              25.039845090695422
            ],
            [
              121.48520509373019,
              25.039231961378206
            ]
          ]
        ]
      },
      "properties": {
        "id": "65000020",
        "name": "三重區",
        "city": "新北市",
        "quarter": "1141",
        "age_under_1y": 4960,
        "age_1_5y": 7126,
        "age_5_10y": 5302,
        "age_10_15y": 6770,
        "age_15_20y": 10495,
        "age_20_25y": 7990,
        "age_25_30y": 25335,
        "age_30_40y": 24630,
        "age_40_50y": 51666,
        "age_over_50y": 24642,
        "total": 168916,
        "old_building_count": 100938
      }
    },
    {
      "type": "Feature",
      "geometry": {
        "type": "Polygon",
        "coordinates": [
          [
            [
              121.49400606598425,
              25.009188624834607
            ],
            [
              121.48868454787714,
              25.015757867519067
            ],
            [
              121.48203265024326,
              25.015670277616607
            ],
            [
              121.4810092813765,
              25.01164114210347
            ],
            [
              121.47630178458944,
              25.011290782493635
            ],
            [
              121.46791015988208,
              25.004458770101795
            ],
            [
              121.46422603196177,
              24.99543701014847
            ],
            [
              121.46709146478868,
              24.992984492879604
            ],
            [
              121.47302700421584,
              24.99412316161158
            ],
            [
              121.4793718911897,
              24.989393306878767
            ],
            [
              121.47415270996926,
              24.983174423804144
            ],
            [
              121.4818279764699,
              24.973189174923764
            ],
            [
              121.47865553298297,
              24.966619932239304
            ],
            [
              121.4797812387364,
              24.96390464526306
            ],
            [
              121.48244199778995,
              24.963379105848304
            ],
            [
              121.49758785701788,
              24.97038629804506
            ],
            [
              121.5019883431449,
              24.969860758630304
            ],
            [
              121.50720752436534,
              24.975992051802468
            ],
            [
              121.51375708511254,
              24.981422625754956
            ],
            [
              121.51498512775265,
              24.986152480487767
            ],
            [
              121.52194403604656,
              24.98834222804925
            ],
            [
              121.52358142623336,
              24.98387514302382
            ],
            [
              121.5316660402807,
              24.99053197561074
            ],
            [
              121.53135902962067,
              24.99543701014847
            ],
            [
              121.5259351746269,
              24.9975391678075
            ],
            [
              121.51846458189961,
              24.995962549563227
            ],
            [
              121.51498512775265,
              24.998152297124715
            ],
            [
              121.51447344331928,
              25.00393323068704
            ],
            [
              121.50894725143881,
              25.0040208205895
            ],
            [
              121.49809954145125,
              25.009013445029687
            ],
            [
              121.49400606598425,
              25.009188624834607
            ]
          ]
        ]
      },
      "properties": {
        "id": "65000030",
        "name": "中和區",
        "city": "新北市",
        "quarter": "1141",
        "age_under_1y": 2365,
        "age_1_5y": 4639,
        "age_5_10y": 6389,
        "age_10_15y": 6673,
        "age_15_20y": 12662,
        "age_20_25y": 11300,
        "age_25_30y": 30831,
        "age_30_40y": 26991,
        "age_40_50y": 63269,
        "age_over_50y": 11745,
        "total": 176864,
        "old_building_count": 102005
      }
    },
    {
      "type": "Feature",
      "geometry": {
        "type": "Polygon",
        "coordinates": [
          [
            [
              121.53135902962067,
              24.99543701014847
            ],
            [
              121.5316660402807,
              25.001217943710795
            ],
            [
              121.53381511490088,
              25.003582871077203
            ],
            [
              121.53217772471407,
              25.008137546005095
            ],
            [
              121.52573050085354,
              25.01190391181085
            ],
            [
              121.51928327699301,
              25.019524233324827
            ],
            [
              121.50915192521217,
              25.021363621276475
            ],
            [
              121.50024861607143,
              25.01199150171331
            ],
            [
              121.49400606598425,
              25.009188624834607
            ],
            [
              121.49809954145125,
              25.009013445029687
            ],
            [
              121.50894725143881,
              25.0040208205895
            ],
            [
              121.51447344331928,
              25.00393323068704
            ],
            [
              121.51498512775265,
              24.998152297124715
            ],
            [
              121.51846458189961,
              24.995962549563227
            ],
            [
              121.5259351746269,
              24.9975391678075
            ],
            [
              121.53135902962067,
              24.99543701014847
            ]
          ]
        ]
      },
      "properties": {
        "id": "65000040",
        "name": "永和區",
        "city": "新北市",
        "quarter": "1141",
        "age_under_1y": 426,
        "age_1_5y": 1578,
        "age_5_10y": 1899,
        "age_10_15y": 2097,
        "age_15_20y": 3631,
        "age_20_25y": 7239,
        "age_25_30y": 12095,
        "age_30_40y": 12949,
        "age_40_50y": 34620,
        "age_over_50y": 15217,
        "total": 91751,
        "old_building_count": 62786
      }
    },
    {
      "type": "Feature",
      "geometry": {
        "type": "Polygon",
        "coordinates": [
          [
            [
              121.46555641148855,
              25.06550893211605
            ],
            [
              121.46136059913488,
              25.06874975850705
            ],
            [
              121.4480568038671,
              25.062618465334886
            ],
            [
              121.44795446698043,
              25.060428717773398
            ],
            [
              121.43864181029299,
              25.055786452943046
            ],
            [
              121.44201892755326,
              25.047728181916774
            ],
            [
              121.4419165906666,
              25.04177206854953
            ],
            [
              121.43731143076621,
              25.043261096891342
            ],
            [
              121.43270627086584,
              25.041158939232314
            ],
            [
              121.42124453955822,
              25.02872117308307
            ],
            [
              121.41817443295795,
              25.03029779132734
            ],
            [
              121.41684405343118,
              25.034764876352774
            ],
            [
              121.4126482410775,
              25.03520282586507
            ],
            [
              121.40906645004387,
              25.044136995915938
            ],
            [
              121.40302857373004,
              25.04545084445283
            ],
            [
              121.3969906974162,
              25.043436276696262
            ],
            [
              121.39873042448968,
              25.03870642196345
            ],
            [
              121.39821874005631,
              25.030210201424882
            ],
            [
              121.40865710249717,
              25.02083808186172
            ],
            [
              121.41213655664413,
              25.019436643422367
            ],
            [
              121.41807209607128,
              25.019436643422367
            ],
            [
              121.42380296172509,
              25.016458586738743
            ],
            [
              121.42410997238511,
              25.013568119957583
            ],
            [
              121.4319899126591,
              25.003582871077203
            ],
            [
              121.43004551181228,
              24.99526183034355
            ],
            [
              121.430761870019,
              24.998064707222255
            ],
            [
              121.43628806189946,
              25.000079274978823
            ],
            [
              121.43761844142624,
              25.01067765317642
            ],
            [
              121.44611240302028,
              25.02381613854534
            ],
            [
              121.45501571216101,
              25.033013078303583
            ],
            [
              121.46627276969528,
              25.03853124215853
            ],
            [
              121.46565874837523,
              25.04369904640364
            ],
            [
              121.46872885497548,
              25.052983576064342
            ],
            [
              121.46555641148855,
              25.06550893211605
            ]
          ]
        ]
      },
      "properties": {
        "id": "65000050",
        "name": "新莊區",
        "city": "新北市",
        "quarter": "1141",
        "age_under_1y": 2061,
        "age_1_5y": 7304,
        "age_5_10y": 10652,
        "age_10_15y": 9681,
        "age_15_20y": 10105,
        "age_20_25y": 9329,
        "age_25_30y": 27878,
        "age_30_40y": 33743,
        "age_40_50y": 41689,
        "age_over_50y": 8986,
        "total": 161428,
        "old_building_count": 84418
      }
    },
    {
      "type": "Feature",
      "geometry": {
        "type": "Polygon",
        "coordinates": [
          [
            [
              121.60923740038047,
              24.96399223516552
            ],
            [
              121.59705931086613,
              24.96048863906714
            ],
            [
              121.59337518294582,
              24.964255004872896
            ],
            [
              121.58569991644518,
              24.963203926043384
            ],
            [
              121.5786386712646,
              24.966619932239304
            ],
            [
              121.57301014249747,
              24.96407982506798
            ],
            [
              121.56124140052982,
              24.964692954385196
            ],
            [
              121.5530544495958,
              24.98072190653528
            ],
            [
              121.5538731446892,
              24.984400682438576
            ],
            [
              121.5448674986618,
              24.98378755312136
            ],
            [
              121.54384412979505,
              24.988254638146792
            ],
            [
              121.53688522150114,
              24.98869258765909
            ],
            [
              121.5316660402807,
              24.99053197561074
            ],
            [
              121.52358142623336,
              24.98387514302382
            ],
            [
              121.52194403604656,
              24.98834222804925
            ],
            [
              121.51498512775265,
              24.986152480487767
            ],
            [
              121.51375708511254,
              24.981422625754956
            ],
            [
              121.50720752436534,
              24.975992051802468
            ],
            [
              121.5019883431449,
              24.969860758630304
            ],
            [
              121.49758785701788,
              24.97038629804506
            ],
            [
              121.48244199778995,
              24.963379105848304
            ],
            [
              121.4797812387364,
              24.96390464526306
            ],
            [
              121.47190129846241,
              24.95899961072533
            ],
            [
              121.47128727714237,
              24.955145655017112
            ],
            [
              121.46176994668157,
              24.94752533350314
            ],
            [
              121.45747179744122,
              24.94612389506379
            ],
            [
              121.45972320894806,
              24.935437926963733
            ],
            [
              121.46842184431546,
              24.93070807223092
            ],
            [
              121.48469340929681,
              24.927905195352217
            ],
            [
              121.48551210439021,
              24.92422641944892
            ],
            [
              121.49206166513741,
              24.91704404744724
            ],
            [
              121.48940090608386,
              24.908197467298837
            ],
            [
              121.49247101268412,
              24.903555202468485
            ],
            [
              121.48653547325696,
              24.9004895558824
            ],
            [
              121.48029292316977,
              24.890591896904482
            ],
            [
              121.47538075260937,
              24.88621240178151
            ],
            [
              121.47179896157574,
              24.877015462023262
            ],
            [
              121.47926955430303,
              24.870095859728966
            ],
            [
              121.47763216411622,
              24.86562877470353
            ],
            [
              121.48039526005645,
              24.861774818995315
            ],
            [
              121.48837753721712,
              24.862212768507614
            ],
            [
              121.49472242419097,
              24.868344061679775
            ],
            [
              121.49922524720468,
              24.870358629436343
            ],
            [
              121.50884491455214,
              24.877541001438022
            ],
            [
              121.5180552343529,
              24.88095700763394
            ],
            [
              121.52071599340645,
              24.883321935000346
            ],
            [
              121.52654919594694,
              24.883672294610182
            ],
            [
              121.5324847353741,
              24.887613840220858
            ],
            [
              121.53504315754098,
              24.891467795929078
            ],
            [
              121.53985299121472,
              24.893832723295482
            ],
            [
              121.54660722573527,
              24.888314559440534
            ],
            [
              121.55029135365558,
              24.890942256514318
            ],
            [
              121.55909232590965,
              24.890591896904482
            ],
            [
              121.56410683335673,
              24.886825531098726
            ],
            [
              121.56451618090342,
              24.877103051925722
            ],
            [
              121.57137275231067,
              24.876927872120802
            ],
            [
              121.57577323843769,
              24.875088484169154
            ],
            [
              121.5778199761712,
              24.880081108609346
            ],
            [
              121.57638725975774,
              24.88603722197659
            ],
            [
              121.57884334503795,
              24.895409341539754
            ],
            [
              121.5761825859844,
              24.898737757833214
            ],
            [
              121.567483950617,
              24.903467612566025
            ],
            [
              121.57311247938414,
              24.90898577642097
            ],
            [
              121.57833166060458,
              24.908810596616053
            ],
            [
              121.59040741323224,
              24.914591530178377
            ],
            [
              121.59705931086613,
              24.911876243202133
            ],
            [
              121.59675230020609,
              24.91748199695954
            ],
            [
              121.59419387803922,
              24.92746724583992
            ],
            [
              121.59777566907285,
              24.93754008462276
            ],
            [
              121.59982240680635,
              24.93911670286703
            ],
            [
              121.59787800595953,
              24.944547276819517
            ],
            [
              121.60115278633313,
              24.94708738399084
            ],
            [
              121.60698598887362,
              24.94743774360068
            ],
            [
              121.60770234708033,
              24.956371913651545
            ],
            [
              121.61056777990724,
              24.959437560237628
            ],
            [
              121.60923740038047,
              24.96399223516552
            ]
          ]
        ]
      },
      "properties": {
        "id": "65000060",
        "name": "新店區",
        "city": "新北市",
        "quarter": "1141",
        "age_under_1y": 3517,
        "age_1_5y": 5208,
        "age_5_10y": 6414,
        "age_10_15y": 9263,
        "age_15_20y": 9236,
        "age_20_25y": 14558,
        "age_25_30y": 22126,
        "age_30_40y": 24614,
        "age_40_50y": 34754,
        "age_over_50y": 11160,
        "total": 140850,
        "old_building_count": 70528
      }
    },
    {
      "type": "Feature",
      "geometry": {
        "type": "Polygon",
        "coordinates": [
          [
            [
              121.43004551181228,
              24.99526183034355
            ],
            [
              121.4319899126591,
              25.003582871077203
            ],
            [
              121.42410997238511,
              25.013568119957583
            ],
            [
              121.42380296172509,
              25.016458586738743
            ],
            [
              121.41807209607128,
              25.019436643422367
            ],
            [
              121.41213655664413,
              25.019436643422367
            ],
            [
              121.40159585731658,
              25.015757867519067
            ],
            [
              121.39750238184958,
              25.016195817031367
            ],
            [
              121.3912598317624,
              25.01225427142069
            ],
            [
              121.39954911958309,
              25.00699887727312
            ],
            [
              121.40323324750338,
              24.999290965856687
            ],
            [
              121.39678602364285,
              24.99727639810012
            ],
            [
              121.39422760147598,
              24.993510032294363
            ],
            [
              121.38798505138878,
              24.996400499075524
            ],
            [
              121.38409624969513,
              24.995612189953388
            ],
            [
              121.38215184884831,
              24.98387514302382
            ],
            [
              121.37242984461416,
              24.979933597413144
            ],
            [
              121.3689503904672,
              24.976780360924604
            ],
            [
              121.37089479131404,
              24.972313275899168
            ],
            [
              121.37427190857431,
              24.9707366576549
            ],
            [
              121.37826304715465,
              24.965393673604872
            ],
            [
              121.37867239470135,
              24.96083899867698
            ],
            [
              121.37232750772749,
              24.956722273261384
            ],
            [
              121.36618729452698,
              24.954795295407276
            ],
            [
              121.3656756100936,
              24.951291699308896
            ],
            [
              121.36137746085325,
              24.945510765746572
            ],
            [
              121.36526626254691,
              24.94735015369822
            ],
            [
              121.37069011754069,
              24.946824614283464
            ],
            [
              121.37611397253447,
              24.949715081064625
            ],
            [
              121.37918407913473,
              24.943408608087545
            ],
            [
              121.38522195544856,
              24.94375896769738
            ],
            [
              121.39484162279602,
              24.946386664771165
            ],
            [
              121.39729770807622,
              24.94253270906295
            ],
            [
              121.40753139674374,
              24.952167598333492
            ],
            [
              121.41049916645733,
              24.956196733846628
            ],
            [
              121.40998748202395,
              24.96250320682371
            ],
            [
              121.41285291485084,
              24.966094392824548
            ],
            [
              121.42298426663169,
              24.968897269703252
            ],
            [
              121.42881746917217,
              24.972050506191792
            ],
            [
              121.426668394552,
              24.972926405216384
            ],
            [
              121.42656605766533,
              24.98405032282874
            ],
            [
              121.42451931993182,
              24.98702837951236
            ],
            [
              121.43004551181228,
              24.99526183034355
            ]
          ]
        ]
      },
      "properties": {
        "id": "65000070",
        "name": "樹林區",
        "city": "新北市",
        "quarter": "1141",
        "age_under_1y": 341,
        "age_1_5y": 981,
        "age_5_10y": 1460,
        "age_10_15y": 4829,
        "age_15_20y": 9493,
        "age_20_25y": 3492,
        "age_25_30y": 11851,
        "age_30_40y": 11955,
        "age_40_50y": 16675,
        "age_over_50y": 4861,
        "total": 65938,
        "old_building_count": 33491
      }
    },
    {
      "type": "Feature",
      "geometry": {
        "type": "Polygon",
        "coordinates": [
          [
            [
              121.3689503904672,
              24.976780360924604
            ],
            [
              121.36373120924678,
              24.979583237803304
            ],
            [
              121.35400920501264,
              24.977831439754116
            ],
            [
              121.35237181482583,
              24.98080949643774
            ],
            [
              121.34735730737876,
              24.97879492868117
            ],
            [
              121.34275214747836,
              24.982298524779548
            ],
            [
              121.32719694070374,
              24.97756867004674
            ],
            [
              121.32914134155058,
              24.9605762289696
            ],
            [
              121.32811797268383,
              24.948839182040032
            ],
            [
              121.33036938419067,
              24.944547276819517
            ],
            [
              121.32504786608357,
              24.943583787892464
            ],
            [
              121.31573520939614,
              24.938503573549813
            ],
            [
              121.32320580212341,
              24.931321201548137
            ],
            [
              121.32208009636999,
              24.928080375157137
            ],
            [
              121.33425818588434,
              24.929744583303865
            ],
            [
              121.33978437776479,
              24.928518324669433
            ],
            [
              121.34868768690554,
              24.936576595695705
            ],
            [
              121.3591260493464,
              24.942182349453113
            ],
            [
              121.36137746085325,
              24.945510765746572
            ],
            [
              121.3656756100936,
              24.951291699308896
            ],
            [
              121.36618729452698,
              24.954795295407276
            ],
            [
              121.37232750772749,
              24.956722273261384
            ],
            [
              121.37867239470135,
              24.96083899867698
            ],
            [
              121.37826304715465,
              24.965393673604872
            ],
            [
              121.37427190857431,
              24.9707366576549
            ],
            [
              121.37089479131404,
              24.972313275899168
            ],
            [
              121.3689503904672,
              24.976780360924604
            ]
          ]
        ]
      },
      "properties": {
        "id": "65000080",
        "name": "鶯歌區",
        "city": "新北市",
        "quarter": "1141",
        "age_under_1y": 1562,
        "age_1_5y": 3017,
        "age_5_10y": 2184,
        "age_10_15y": 890,
        "age_15_20y": 2386,
        "age_20_25y": 1217,
        "age_25_30y": 6049,
        "age_30_40y": 4023,
        "age_40_50y": 11794,
        "age_over_50y": 2659,
        "total": 35781,
        "old_building_count": 18476
      }
    },
    {
      "type": "Feature",
      "geometry": {
        "type": "Polygon",
        "coordinates": [
          [
            [
              121.45747179744122,
              24.94612389506379
            ],
            [
              121.45163859490073,
              24.944372097014597
            ],
            [
              121.44232593821329,
              24.937715264427677
            ],
            [
              121.43669740944615,
              24.93561310676865
            ],
            [
              121.43413898727928,
              24.940255371599
            ],
            [
              121.41745807475124,
              24.93754008462276
            ],
            [
              121.41408095749095,
              24.941131270623597
            ],
            [
              121.40916878693055,
              24.941656810038353
            ],
            [
              121.40753139674374,
              24.952167598333492
            ],
            [
              121.39729770807622,
              24.94253270906295
            ],
            [
              121.39484162279602,
              24.946386664771165
            ],
            [
              121.38522195544856,
              24.94375896769738
            ],
            [
              121.37918407913473,
              24.943408608087545
            ],
            [
              121.37611397253447,
              24.949715081064625
            ],
            [
              121.37069011754069,
              24.946824614283464
            ],
            [
              121.36526626254691,
              24.94735015369822
            ],
            [
              121.36137746085325,
              24.945510765746572
            ],
            [
              121.3591260493464,
              24.942182349453113
            ],
            [
              121.34868768690554,
              24.936576595695705
            ],
            [
              121.33978437776479,
              24.928518324669433
            ],
            [
              121.33548622852443,
              24.925102318473513
            ],
            [
              121.32463851853687,
              24.923350520424325
            ],
            [
              121.31757727335628,
              24.916343328227565
            ],
            [
              121.326173571837,
              24.90916095622589
            ],
            [
              121.32177308570996,
              24.903467612566025
            ],
            [
              121.32126140127659,
              24.899964016467646
            ],
            [
              121.33221144815083,
              24.893394773783186
            ],
            [
              121.34213812615832,
              24.89260646466105
            ],
            [
              121.34131943106492,
              24.887438660415942
            ],
            [
              121.3446965483252,
              24.88577445226921
            ],
            [
              121.34561758030527,
              24.880081108609346
            ],
            [
              121.35052975086569,
              24.878592080267534
            ],
            [
              121.35441855255934,
              24.873249096217506
            ],
            [
              121.34940404511225,
              24.868782011192074
            ],
            [
              121.3459245909653,
              24.86816888187486
            ],
            [
              121.34735730737876,
              24.862037588702695
            ],
            [
              121.35359985746594,
              24.858446402701855
            ],
            [
              121.35482790010605,
              24.853366188359207
            ],
            [
              121.35247415171251,
              24.84907428313869
            ],
            [
              121.3467432860587,
              24.850212951870667
            ],
            [
              121.33691894493789,
              24.8481983841141
            ],
            [
              121.33599791295781,
              24.843906478893583
            ],
            [
              121.3401937253115,
              24.843468529381287
            ],
            [
              121.3467432860587,
              24.84592104665015
            ],
            [
              121.35482790010605,
              24.843994068796043
            ],
            [
              121.35779566981962,
              24.83952698377061
            ],
            [
              121.37283919216087,
              24.834972308842715
            ],
            [
              121.37785369960795,
              24.83444676942796
            ],
            [
              121.38450559724183,
              24.8380379554288
            ],
            [
              121.3850172816752,
              24.840840832307503
            ],
            [
              121.39361358015591,
              24.843994068796043
            ],
            [
              121.39801406628295,
              24.841804321234555
            ],
            [
              121.40272156307002,
              24.843556119283747
            ],
            [
              121.40875943938384,
              24.840665652502583
            ],
            [
              121.41561601079108,
              24.835497848257475
            ],
            [
              121.4138762837176,
              24.831994252159095
            ],
            [
              121.41756041163791,
              24.825249829669715
            ],
            [
              121.42349595106506,
              24.825512599377095
            ],
            [
              121.42533801502522,
              24.819994435522148
            ],
            [
              121.4299431749256,
              24.814914221179496
            ],
            [
              121.43639039878613,
              24.812198934203256
            ],
            [
              121.43792545208626,
              24.80422825307944
            ],
            [
              121.43823246274629,
              24.795381672931036
            ],
            [
              121.4460100661336,
              24.79003868888101
            ],
            [
              121.45041055226064,
              24.7909145879056
            ],
            [
              121.45624375480111,
              24.79327951527201
            ],
            [
              121.45532272282104,
              24.798885269029412
            ],
            [
              121.46228163111495,
              24.805629691518792
            ],
            [
              121.4690358656355,
              24.807206309763064
            ],
            [
              121.47312934110252,
              24.813250013032768
            ],
            [
              121.48407938797675,
              24.81920612640001
            ],
            [
              121.48039526005645,
              24.823498031620527
            ],
            [
              121.4867401470303,
              24.83427158962304
            ],
            [
              121.49441541353094,
              24.836461337184527
            ],
            [
              121.49717850947117,
              24.848285974016555
            ],
            [
              121.49277802334414,
              24.853716547969043
            ],
            [
              121.49277802334414,
              24.856607014750207
            ],
            [
              121.48837753721712,
              24.862212768507614
            ],
            [
              121.48039526005645,
              24.861774818995315
            ],
            [
              121.47763216411622,
              24.86562877470353
            ],
            [
              121.47926955430303,
              24.870095859728966
            ],
            [
              121.47179896157574,
              24.877015462023262
            ],
            [
              121.47538075260937,
              24.88621240178151
            ],
            [
              121.48029292316977,
              24.890591896904482
            ],
            [
              121.48653547325696,
              24.9004895558824
            ],
            [
              121.49247101268412,
              24.903555202468485
            ],
            [
              121.48940090608386,
              24.908197467298837
            ],
            [
              121.49206166513741,
              24.91704404744724
            ],
            [
              121.48551210439021,
              24.92422641944892
            ],
            [
              121.48469340929681,
              24.927905195352217
            ],
            [
              121.46842184431546,
              24.93070807223092
            ],
            [
              121.45972320894806,
              24.935437926963733
            ],
            [
              121.45747179744122,
              24.94612389506379
            ]
          ]
        ]
      },
      "properties": {
        "id": "65000090",
        "name": "三峽區",
        "city": "新北市",
        "quarter": "1141",
        "age_under_1y": 371,
        "age_1_5y": 1213,
        "age_5_10y": 3025,
        "age_10_15y": 4602,
        "age_15_20y": 10393,
        "age_20_25y": 1558,
        "age_25_30y": 10748,
        "age_30_40y": 5312,
        "age_40_50y": 7036,
        "age_over_50y": 4260,
        "total": 48518,
        "old_building_count": 16608
      }
    },
    {
      "type": "Feature",
      "geometry": {
        "type": "Polygon",
        "coordinates": [
          [
            [
              121.52173936227321,
              25.179113035605983
            ],
            [
              121.51938561387968,
              25.182441451899443
            ],
            [
              121.51426876954592,
              25.183842890338795
            ],
            [
              121.50618415549859,
              25.19023695321834
            ],
            [
              121.50076030050481,
              25.19295224019458
            ],
            [
              121.49554111928437,
              25.19111285224293
            ],
            [
              121.48551210439021,
              25.20477687702661
            ],
            [
              121.4867401470303,
              25.21134611971107
            ],
            [
              121.49288036023081,
              25.211959249028286
            ],
            [
              121.49850888899795,
              25.215900794638962
            ],
            [
              121.49697383569783,
              25.21809054220045
            ],
            [
              121.50157899559821,
              25.223783885860314
            ],
            [
              121.49758785701788,
              25.225272914202126
            ],
            [
              121.49646215126445,
              25.230440718447234
            ],
            [
              121.49001492740392,
              25.231754566984126
            ],
            [
              121.47087792959566,
              25.238849349083345
            ],
            [
              121.45880217696799,
              25.240338377425154
            ],
            [
              121.45696011300784,
              25.243141254303858
            ],
            [
              121.45030821537395,
              25.24436751293829
            ],
            [
              121.44590772924693,
              25.241827405766966
            ],
            [
              121.4435539808534,
              25.232542876106262
            ],
            [
              121.43587871435275,
              25.217127053273394
            ],
            [
              121.43086420690568,
              25.215900794638962
            ],
            [
              121.41889079116469,
              25.199258713171663
            ],
            [
              121.41878845427802,
              25.19155080175523
            ],
            [
              121.4122388935308,
              25.18997418351096
            ],
            [
              121.4048706376902,
              25.18979900370604
            ],
            [
              121.40425661637013,
              25.18305458121666
            ],
            [
              121.4163323689978,
              25.180689653850255
            ],
            [
              121.41745807475124,
              25.175521849605147
            ],
            [
              121.42410997238511,
              25.17149271409201
            ],
            [
              121.4332179552992,
              25.16763875838379
            ],
            [
              121.44099555868652,
              25.162558544041143
            ],
            [
              121.45041055226064,
              25.152748474965684
            ],
            [
              121.45266196376748,
              25.14670477169598
            ],
            [
              121.45685777612117,
              25.12664668403276
            ],
            [
              121.45880217696799,
              25.12296790812946
            ],
            [
              121.4645330426218,
              25.124719706178652
            ],
            [
              121.46555641148855,
              25.131551718570492
            ],
            [
              121.47200363534908,
              25.137770601645112
            ],
            [
              121.48285134533666,
              25.15020836779436
            ],
            [
              121.48643313637028,
              25.150733907209116
            ],
            [
              121.49277802334414,
              25.160719156089495
            ],
            [
              121.49738318324452,
              25.163697212773116
            ],
            [
              121.50270470135163,
              25.172806562628903
            ],
            [
              121.51037996785227,
              25.169478146335443
            ],
            [
              121.51304072690583,
              25.17096717467725
            ],
            [
              121.52010197208641,
              25.169390556432983
            ],
            [
              121.52255805736661,
              25.17464595058055
            ],
            [
              121.52173936227321,
              25.179113035605983
            ]
          ]
        ]
      },
      "properties": {
        "id": "65000100",
        "name": "淡水區",
        "city": "新北市",
        "quarter": "1141",
        "age_under_1y": 4582,
        "age_1_5y": 4438,
        "age_5_10y": 19378,
        "age_10_15y": 13880,
        "age_15_20y": 14865,
        "age_20_25y": 10120,
        "age_25_30y": 20883,
        "age_30_40y": 14385,
        "age_40_50y": 13843,
        "age_over_50y": 4355,
        "total": 120729,
        "old_building_count": 32583
      }
    },
    {
      "type": "Feature",
      "geometry": {
        "type": "Polygon",
        "coordinates": [
          [
            [
              121.6268393448886,
              25.13969757949922
            ],
            [
              121.61629864556106,
              25.137595421840196
            ],
            [
              121.60780468396702,
              25.1302378700336
            ],
            [
              121.60166447076651,
              25.126033554715544
            ],
            [
              121.59562659445267,
              25.11324542895646
            ],
            [
              121.59746865841282,
              25.109479063150705
            ],
            [
              121.60800935774037,
              25.10676377617446
            ],
            [
              121.61547995046764,
              25.103873309393297
            ],
            [
              121.62325755385497,
              25.096953707098997
            ],
            [
              121.62857907196206,
              25.08644291880386
            ],
            [
              121.62428092272171,
              25.080399215534158
            ],
            [
              121.62141548989482,
              25.069538067629185
            ],
            [
              121.6160939717877,
              25.063932313871778
            ],
            [
              121.62162016366815,
              25.060341127870938
            ],
            [
              121.62100614234811,
              25.053684295284018
            ],
            [
              121.6165033193344,
              25.048166131429074
            ],
            [
              121.62192717432819,
              25.040020270500342
            ],
            [
              121.62530429158846,
              25.037655343133935
            ],
            [
              121.63287722120242,
              25.035815955182287
            ],
            [
              121.64403194185002,
              25.029947431717503
            ],
            [
              121.6502744919372,
              25.027670094253555
            ],
            [
              121.65682405268441,
              25.027932863960935
            ],
            [
              121.66081519126475,
              25.03047297113226
            ],
            [
              121.66582969871183,
              25.029947431717503
            ],
            [
              121.66582969871183,
              25.03371379752326
            ],
            [
              121.67115121681893,
              25.033100668206043
            ],
            [
              121.67718909313277,
              25.034852466255234
            ],
            [
              121.68414800142668,
              25.040107860402802
            ],
            [
              121.6923349523607,
              25.04185965845199
            ],
            [
              121.6956097327343,
              25.040808579622478
            ],
            [
              121.69694011226107,
              25.03511523596261
            ],
            [
              121.70318266234825,
              25.03196199947407
            ],
            [
              121.70829950668201,
              25.0340641571331
            ],
            [
              121.71188129771565,
              25.033363437913422
            ],
            [
              121.7157700994093,
              25.036253904694586
            ],
            [
              121.7178168371428,
              25.042998327183962
            ],
            [
              121.72098928062974,
              25.047202642502018
            ],
            [
              121.72661780939687,
              25.049392390063506
            ],
            [
              121.73009726354383,
              25.053333935674182
            ],
            [
              121.72620846185016,
              25.058151380309454
            ],
            [
              121.72272900770321,
              25.05850173991929
            ],
            [
              121.71239298214903,
              25.068049039287374
            ],
            [
              121.70686679026856,
              25.06656001094556
            ],
            [
              121.69939619754128,
              25.067435909970158
            ],
            [
              121.69653076471437,
              25.07006360704394
            ],
            [
              121.68844615066703,
              25.07172781519067
            ],
            [
              121.67923583086628,
              25.07855982758251
            ],
            [
              121.68148724237312,
              25.084428351047293
            ],
            [
              121.67862180954621,
              25.087231227925997
            ],
            [
              121.67401664964584,
              25.082939322705485
            ],
            [
              121.66787643644533,
              25.085742199584185
            ],
            [
              121.65569834693099,
              25.093625290805537
            ],
            [
              121.64894411241042,
              25.10194633153919
            ],
            [
              121.65221889278403,
              25.104661618515433
            ],
            [
              121.65017215505053,
              25.10965424295562
            ],
            [
              121.6461810164702,
              25.1135957885663
            ],
            [
              121.64628335335688,
              25.121040930275353
            ],
            [
              121.64300857298326,
              25.127872942667192
            ],
            [
              121.6378917286495,
              25.130850999350816
            ],
            [
              121.6346169482759,
              25.130500639740976
            ],
            [
              121.62868140884875,
              25.134704955059032
            ],
            [
              121.6268393448886,
              25.13969757949922
            ]
          ]
        ]
      },
      "properties": {
        "id": "65000110",
        "name": "汐止區",
        "city": "新北市",
        "quarter": "1141",
        "age_under_1y": 1369,
        "age_1_5y": 3315,
        "age_5_10y": 5420,
        "age_10_15y": 4635,
        "age_15_20y": 4587,
        "age_20_25y": 8064,
        "age_25_30y": 39547,
        "age_30_40y": 14907,
        "age_40_50y": 18003,
        "age_over_50y": 4319,
        "total": 104166,
        "old_building_count": 37229
      }
    },
    {
      "type": "Feature",
      "geometry": {
        "type": "Polygon",
        "coordinates": [
          [
            [
              121.92259294737978,
              25.122354778812245
            ],
            [
              121.92678875973347,
              25.128836431594248
            ],
            [
              121.92402566379323,
              25.13015028013114
            ],
            [
              121.91645273417927,
              25.127259813349976
            ],
            [
              121.91502001776583,
              25.124369346568812
            ],
            [
              121.91031252097876,
              25.1233182677393
            ],
            [
              121.90447931843828,
              25.124281756666356
            ],
            [
              121.89711106259767,
              25.11972708173846
            ],
            [
              121.88933345921036,
              25.12016503125076
            ],
            [
              121.88831009034361,
              25.122529958617164
            ],
            [
              121.87736004346937,
              25.12507006578849
            ],
            [
              121.86507961706835,
              25.12314308793438
            ],
            [
              121.85607397104093,
              25.124807296081112
            ],
            [
              121.84184914379308,
              25.128836431594248
            ],
            [
              121.82844301163864,
              25.127259813349976
            ],
            [
              121.82844301163864,
              25.12296790812946
            ],
            [
              121.82250747221148,
              25.121478879787652
            ],
            [
              121.81984671315793,
              25.124194166763896
            ],
            [
              121.81974437627126,
              25.129361971009004
            ],
            [
              121.82578225258509,
              25.134704955059032
            ],
            [
              121.82189345089144,
              25.136018803595924
            ],
            [
              121.81043171958382,
              25.13312833681476
            ],
            [
              121.80684992855018,
              25.135580854083628
            ],
            [
              121.80500786459004,
              25.125770785008164
            ],
            [
              121.80234710553648,
              25.12174164949503
            ],
            [
              121.79702558742937,
              25.121303699982732
            ],
            [
              121.79774194563609,
              25.114296507785973
            ],
            [
              121.79016901602213,
              25.112281940029405
            ],
            [
              121.78597320366845,
              25.118150463494192
            ],
            [
              121.78351711838825,
              25.11657384524992
            ],
            [
              121.77297641906071,
              25.1200774413483
            ],
            [
              121.76693854274687,
              25.112544709736785
            ],
            [
              121.75936561313291,
              25.112632299639245
            ],
            [
              121.75609083275931,
              25.10842798432119
            ],
            [
              121.75957028690627,
              25.100807662807217
            ],
            [
              121.75834224426616,
              25.094763959537513
            ],
            [
              121.75977496067962,
              25.09020928460962
            ],
            [
              121.75916093935956,
              25.084515940949753
            ],
            [
              121.76171936152645,
              25.07838464777759
            ],
            [
              121.76704087963356,
              25.07873500738743
            ],
            [
              121.77133902887391,
              25.076107310313645
            ],
            [
              121.77563717811427,
              25.07006360704394
            ],
            [
              121.784540487255,
              25.072516124312806
            ],
            [
              121.78842928894866,
              25.07549418099643
            ],
            [
              121.79477417592251,
              25.077421158850537
            ],
            [
              121.79784428252277,
              25.075932130508725
            ],
            [
              121.80377982194993,
              25.067611089775074
            ],
            [
              121.80674759166351,
              25.058063790406994
            ],
            [
              121.81002237203711,
              25.059727998553722
            ],
            [
              121.8142181843908,
              25.058063790406994
            ],
            [
              121.8133994892974,
              25.053421525576642
            ],
            [
              121.81687894344435,
              25.04212242815937
            ],
            [
              121.82148410334473,
              25.045801204062666
            ],
            [
              121.8339692035191,
              25.044399765623314
            ],
            [
              121.8347878986125,
              25.047290232404478
            ],
            [
              121.83038741248546,
              25.05692512167502
            ],
            [
              121.82977339116542,
              25.06498339270129
            ],
            [
              121.83253648710564,
              25.07181540509313
            ],
            [
              121.84031409049297,
              25.078121878070213
            ],
            [
              121.84768234633357,
              25.089333385585025
            ],
            [
              121.85146881114055,
              25.089158205780105
            ],
            [
              121.85341321198737,
              25.09511431914735
            ],
            [
              121.85730201368104,
              25.097304066708837
            ],
            [
              121.8685590712153,
              25.093800470610457
            ],
            [
              121.87551797950921,
              25.094588779732593
            ],
            [
              121.88738905836352,
              25.100369713294917
            ],
            [
              121.89567834618421,
              25.101158022417053
            ],
            [
              121.8974180732577,
              25.103435359881
            ],
            [
              121.89475731420414,
              25.10869075402857
            ],
            [
              121.89762274703105,
              25.113770968371217
            ],
            [
              121.91952284077952,
              25.120515390860596
            ],
            [
              121.92259294737978,
              25.122354778812245
            ]
          ]
        ]
      },
      "properties": {
        "id": "65000120",
        "name": "瑞芳區",
        "city": "新北市",
        "quarter": "1141",
        "age_under_1y": 8,
        "age_1_5y": 36,
        "age_5_10y": 286,
        "age_10_15y": 291,
        "age_15_20y": 304,
        "age_20_25y": 705,
        "age_25_30y": 2461,
        "age_30_40y": 2241,
        "age_40_50y": 4815,
        "age_over_50y": 6089,
        "total": 17236,
        "old_building_count": 13145
      }
    },
    {
      "type": "Feature",
      "geometry": {
        "type": "Polygon",
        "coordinates": [
          [
            [
              121.46709146478868,
              24.992984492879604
            ],
            [
              121.46310032620835,
              24.989042947268928
            ],
            [
              121.45706244989452,
              24.991407874635335
            ],
            [
              121.44908017273386,
              24.992634133269767
            ],
            [
              121.44007452670644,
              24.988167048244335
            ],
            [
              121.43475300859933,
              24.98063431663282
            ],
            [
              121.43383197661926,
              24.97555410229017
            ],
            [
              121.42881746917217,
              24.972050506191792
            ],
            [
              121.42298426663169,
              24.968897269703252
            ],
            [
              121.41285291485084,
              24.966094392824548
            ],
            [
              121.40998748202395,
              24.96250320682371
            ],
            [
              121.41049916645733,
              24.956196733846628
            ],
            [
              121.40753139674374,
              24.952167598333492
            ],
            [
              121.40916878693055,
              24.941656810038353
            ],
            [
              121.41408095749095,
              24.941131270623597
            ],
            [
              121.41745807475124,
              24.93754008462276
            ],
            [
              121.43413898727928,
              24.940255371599
            ],
            [
              121.43669740944615,
              24.93561310676865
            ],
            [
              121.44232593821329,
              24.937715264427677
            ],
            [
              121.45163859490073,
              24.944372097014597
            ],
            [
              121.45747179744122,
              24.94612389506379
            ],
            [
              121.46176994668157,
              24.94752533350314
            ],
            [
              121.47128727714237,
              24.955145655017112
            ],
            [
              121.47190129846241,
              24.95899961072533
            ],
            [
              121.4797812387364,
              24.96390464526306
            ],
            [
              121.47865553298297,
              24.966619932239304
            ],
            [
              121.4818279764699,
              24.973189174923764
            ],
            [
              121.47415270996926,
              24.983174423804144
            ],
            [
              121.4793718911897,
              24.989393306878767
            ],
            [
              121.47302700421584,
              24.99412316161158
            ],
            [
              121.46709146478868,
              24.992984492879604
            ]
          ]
        ]
      },
      "properties": {
        "id": "65000130",
        "name": "土城區",
        "city": "新北市",
        "quarter": "1141",
        "age_under_1y": 2437,
        "age_1_5y": 5571,
        "age_5_10y": 2867,
        "age_10_15y": 1816,
        "age_15_20y": 3228,
        "age_20_25y": 2763,
        "age_25_30y": 23355,
        "age_30_40y": 28522,
        "age_40_50y": 20707,
        "age_over_50y": 2097,
        "total": 93363,
        "old_building_count": 51326
      }
    },
    {
      "type": "Feature",
      "geometry": {
        "type": "Polygon",
        "coordinates": [
          [
            [
              121.49114063315734,
              25.094763959537513
            ],
            [
              121.48602378882359,
              25.09879309505065
            ],
            [
              121.47824618543628,
              25.101420792124433
            ],
            [
              121.46637510658195,
              25.10168356183181
            ],
            [
              121.46269097866166,
              25.10317259017362
            ],
            [
              121.45818815564795,
              25.097829606123593
            ],
            [
              121.4546063646143,
              25.087931947145673
            ],
            [
              121.45696011300784,
              25.081362704461213
            ],
            [
              121.46340733686837,
              25.077771518460374
            ],
            [
              121.46964988695557,
              25.075932130508725
            ],
            [
              121.47098026648234,
              25.07347961323986
            ],
            [
              121.47538075260937,
              25.07321684353248
            ],
            [
              121.48397705109008,
              25.084515940949753
            ],
            [
              121.48459107241013,
              25.089158205780105
            ],
            [
              121.49114063315734,
              25.094763959537513
            ]
          ]
        ]
      },
      "properties": {
        "id": "65000140",
        "name": "蘆洲區",
        "city": "新北市",
        "quarter": "1141",
        "age_under_1y": 425,
        "age_1_5y": 1181,
        "age_5_10y": 3536,
        "age_10_15y": 2226,
        "age_15_20y": 6739,
        "age_20_25y": 6875,
        "age_25_30y": 15722,
        "age_30_40y": 21181,
        "age_40_50y": 11918,
        "age_over_50y": 2477,
        "total": 72280,
        "old_building_count": 35576
      }
    },
    {
      "type": "Feature",
      "geometry": {
        "type": "Polygon",
        "coordinates": [
          [
            [
              121.45900685074135,
              25.112719889541705
            ],
            [
              121.4529689744275,
              25.119376722128624
            ],
            [
              121.44549838170022,
              25.12314308793438
            ],
            [
              121.44140490623322,
              25.12323067783684
            ],
            [
              121.43598105123944,
              25.127259813349976
            ],
            [
              121.42605437323195,
              25.12971233061884
            ],
            [
              121.41561601079108,
              25.129361971009004
            ],
            [
              121.41489965258435,
              25.12296790812946
            ],
            [
              121.4097828082506,
              25.121040930275353
            ],
            [
              121.40476830080351,
              25.122529958617164
            ],
            [
              121.40036781467649,
              25.114559277493353
            ],
            [
              121.40180053108993,
              25.107552085296597
            ],
            [
              121.4122388935308,
              25.093800470610457
            ],
            [
              121.4081454180638,
              25.08854507646289
            ],
            [
              121.40701971231037,
              25.082326193388266
            ],
            [
              121.40354025816342,
              25.077158389143158
            ],
            [
              121.40824775495047,
              25.075844540606266
            ],
            [
              121.41930013871138,
              25.069012528214426
            ],
            [
              121.43014784869895,
              25.069100118116886
            ],
            [
              121.43188757577242,
              25.066122061433266
            ],
            [
              121.44232593821329,
              25.067435909970158
            ],
            [
              121.4480568038671,
              25.062618465334886
            ],
            [
              121.46136059913488,
              25.06874975850705
            ],
            [
              121.46555641148855,
              25.06550893211605
            ],
            [
              121.46975222384224,
              25.06857457870213
            ],
            [
              121.47098026648234,
              25.07347961323986
            ],
            [
              121.46964988695557,
              25.075932130508725
            ],
            [
              121.46340733686837,
              25.077771518460374
            ],
            [
              121.45696011300784,
              25.081362704461213
            ],
            [
              121.4546063646143,
              25.087931947145673
            ],
            [
              121.45818815564795,
              25.097829606123593
            ],
            [
              121.46269097866166,
              25.10317259017362
            ],
            [
              121.45736946055455,
              25.107114135784297
            ],
            [
              121.45900685074135,
              25.112719889541705
            ]
          ]
        ]
      },
      "properties": {
        "id": "65000150",
        "name": "五股區",
        "city": "新北市",
        "quarter": "1141",
        "age_under_1y": 1640,
        "age_1_5y": 2474,
        "age_5_10y": 5239,
        "age_10_15y": 1879,
        "age_15_20y": 2631,
        "age_20_25y": 3060,
        "age_25_30y": 8152,
        "age_30_40y": 5881,
        "age_40_50y": 5208,
        "age_over_50y": 1574,
        "total": 37738,
        "old_building_count": 12663
      }
    },
    {
      "type": "Feature",
      "geometry": {
        "type": "Polygon",
        "coordinates": [
          [
            [
              121.40824775495047,
              25.075844540606266
            ],
            [
              121.40241455240998,
              25.07496864158167
            ],
            [
              121.3994467826964,
              25.071027095970994
            ],
            [
              121.40620101721697,
              25.06883734840951
            ],
            [
              121.40057248844982,
              25.063056414847182
            ],
            [
              121.3957626547761,
              25.06883734840951
            ],
            [
              121.38992945223562,
              25.068049039287374
            ],
            [
              121.38696168252204,
              25.0729540738251
            ],
            [
              121.382561196395,
              25.071465045483293
            ],
            [
              121.3801051111148,
              25.06515857250621
            ],
            [
              121.38829206204882,
              25.061479796602914
            ],
            [
              121.38859907270884,
              25.057012711577478
            ],
            [
              121.39740004496291,
              25.051494547722534
            ],
            [
              121.39606966543613,
              25.04860408094137
            ],
            [
              121.40006080401646,
              25.044925305038074
            ],
            [
              121.40302857373004,
              25.04545084445283
            ],
            [
              121.40906645004387,
              25.044136995915938
            ],
            [
              121.4126482410775,
              25.03520282586507
            ],
            [
              121.41684405343118,
              25.034764876352774
            ],
            [
              121.41817443295795,
              25.03029779132734
            ],
            [
              121.42124453955822,
              25.02872117308307
            ],
            [
              121.43270627086584,
              25.041158939232314
            ],
            [
              121.43731143076621,
              25.043261096891342
            ],
            [
              121.4419165906666,
              25.04177206854953
            ],
            [
              121.44201892755326,
              25.047728181916774
            ],
            [
              121.43864181029299,
              25.055786452943046
            ],
            [
              121.44795446698043,
              25.060428717773398
            ],
            [
              121.4480568038671,
              25.062618465334886
            ],
            [
              121.44232593821329,
              25.067435909970158
            ],
            [
              121.43188757577242,
              25.066122061433266
            ],
            [
              121.43014784869895,
              25.069100118116886
            ],
            [
              121.41930013871138,
              25.069012528214426
            ],
            [
              121.40824775495047,
              25.075844540606266
            ]
          ]
        ]
      },
      "properties": {
        "id": "65000160",
        "name": "泰山區",
        "city": "新北市",
        "quarter": "1141",
        "age_under_1y": 1146,
        "age_1_5y": 954,
        "age_5_10y": 827,
        "age_10_15y": 1308,
        "age_15_20y": 4351,
        "age_20_25y": 3398,
        "age_25_30y": 3279,
        "age_30_40y": 4178,
        "age_40_50y": 8290,
        "age_over_50y": 2819,
        "total": 30550,
        "old_building_count": 15287
      }
    },
    {
      "type": "Feature",
      "geometry": {
        "type": "Polygon",
        "coordinates": [
          [
            [
              121.40180053108993,
              25.107552085296597
            ],
            [
              121.40180053108993,
              25.097917196026053
            ],
            [
              121.40394960571011,
              25.09546467875719
            ],
            [
              121.40077716222318,
              25.09178590285389
            ],
            [
              121.39934444580973,
              25.085742199584185
            ],
            [
              121.39432993836265,
              25.081537884266133
            ],
            [
              121.39269254817584,
              25.0863553289014
            ],
            [
              121.39647901298282,
              25.087756767340753
            ],
            [
              121.39678602364285,
              25.094501189830133
            ],
            [
              121.39463694902267,
              25.101158022417053
            ],
            [
              121.39166917930909,
              25.100632483002297
            ],
            [
              121.38542662922191,
              25.112807479444164
            ],
            [
              121.37693266762787,
              25.11972708173846
            ],
            [
              121.36710832650705,
              25.133916645936896
            ],
            [
              121.36577794698027,
              25.13969757949922
            ],
            [
              121.3599447444398,
              25.134792544961492
            ],
            [
              121.35339518369258,
              25.13163930847295
            ],
            [
              121.34172877861162,
              25.128748841691788
            ],
            [
              121.33865867201136,
              25.126997043642596
            ],
            [
              121.32013569552316,
              25.12340585764176
            ],
            [
              121.31020901751567,
              25.123756217251596
            ],
            [
              121.30949265930894,
              25.125858374910624
            ],
            [
              121.30058935016821,
              25.12524524559341
            ],
            [
              121.29137903036745,
              25.11858841300649
            ],
            [
              121.28339675320679,
              25.117800103884353
            ],
            [
              121.28268039500006,
              25.11009219246792
            ],
            [
              121.2903556615007,
              25.10676377617446
            ],
            [
              121.29158370414079,
              25.102647050758865
            ],
            [
              121.29833793866136,
              25.104486438710513
            ],
            [
              121.30284076167506,
              25.09677852729408
            ],
            [
              121.31041369128903,
              25.0965157575867
            ],
            [
              121.31819129467634,
              25.09301216148832
            ],
            [
              121.32474085542354,
              25.092661801878485
            ],
            [
              121.33016471041732,
              25.08828230675551
            ],
            [
              121.33865867201136,
              25.083640041925158
            ],
            [
              121.34612926473865,
              25.083640041925158
            ],
            [
              121.34889236067887,
              25.081187524656293
            ],
            [
              121.3426498105917,
              25.072778894020185
            ],
            [
              121.35114377218574,
              25.073917562752158
            ],
            [
              121.35134844595909,
              25.068224219092293
            ],
            [
              121.35493023699271,
              25.06515857250621
            ],
            [
              121.3673130002804,
              25.06515857250621
            ],
            [
              121.37662565696785,
              25.066122061433266
            ],
            [
              121.3801051111148,
              25.06515857250621
            ],
            [
              121.382561196395,
              25.071465045483293
            ],
            [
              121.38696168252204,
              25.0729540738251
            ],
            [
              121.38992945223562,
              25.068049039287374
            ],
            [
              121.3957626547761,
              25.06883734840951
            ],
            [
              121.40057248844982,
              25.063056414847182
            ],
            [
              121.40620101721697,
              25.06883734840951
            ],
            [
              121.3994467826964,
              25.071027095970994
            ],
            [
              121.40241455240998,
              25.07496864158167
            ],
            [
              121.40824775495047,
              25.075844540606266
            ],
            [
              121.40354025816342,
              25.077158389143158
            ],
            [
              121.40701971231037,
              25.082326193388266
            ],
            [
              121.4081454180638,
              25.08854507646289
            ],
            [
              121.4122388935308,
              25.093800470610457
            ],
            [
              121.40180053108993,
              25.107552085296597
            ]
          ]
        ]
      },
      "properties": {
        "id": "65000170",
        "name": "林口區",
        "city": "新北市",
        "quarter": "1141",
        "age_under_1y": 2457,
        "age_1_5y": 4532,
        "age_5_10y": 11364,
        "age_10_15y": 8647,
        "age_15_20y": 16105,
        "age_20_25y": 869,
        "age_25_30y": 5683,
        "age_30_40y": 4773,
        "age_40_50y": 3216,
        "age_over_50y": 1421,
        "total": 59067,
        "old_building_count": 9410
      }
    },
    {
      "type": "Feature",
      "geometry": {
        "type": "Polygon",
        "coordinates": [
          [
            [
              121.64024547704304,
              25.023553368837963
            ],
            [
              121.6309328203556,
              25.024692037569935
            ],
            [
              121.62898841950877,
              25.019962182837123
            ],
            [
              121.62243885876156,
              25.0174220756658
            ],
            [
              121.60872571594709,
              25.02048772225188
            ],
            [
              121.60412055604671,
              25.019086283812527
            ],
            [
              121.60268783963326,
              25.01514473820185
            ],
            [
              121.59746865841282,
              25.014794378592015
            ],
            [
              121.59562659445267,
              25.00717405707804
            ],
            [
              121.60053876501308,
              25.00069240429604
            ],
            [
              121.59808267973287,
              24.994473521221416
            ],
            [
              121.60186914453986,
              24.99044438570828
            ],
            [
              121.59982240680635,
              24.986502840097604
            ],
            [
              121.60012941746638,
              24.97695554072952
            ],
            [
              121.60514392491346,
              24.974415433558196
            ],
            [
              121.61128413811397,
              24.974590613363116
            ],
            [
              121.61998277348135,
              24.969247629313088
            ],
            [
              121.62735102932197,
              24.972663635509008
            ],
            [
              121.63891509751626,
              24.9804591368279
            ],
            [
              121.6370730335561,
              24.98746632902466
            ],
            [
              121.63799406553619,
              24.99508665053863
            ],
            [
              121.64372493119,
              24.99508665053863
            ],
            [
              121.64474830005675,
              25.00209384273539
            ],
            [
              121.63922210817628,
              25.00550984893131
            ],
            [
              121.64106417213644,
              25.01400606946988
            ],
            [
              121.63922210817628,
              25.02048772225188
            ],
            [
              121.64024547704304,
              25.023553368837963
            ]
          ]
        ]
      },
      "properties": {
        "id": "65000180",
        "name": "深坑區",
        "city": "新北市",
        "quarter": "1141",
        "age_under_1y": 0,
        "age_1_5y": 11,
        "age_5_10y": 371,
        "age_10_15y": 954,
        "age_15_20y": 638,
        "age_20_25y": 267,
        "age_25_30y": 3180,
        "age_30_40y": 1839,
        "age_40_50y": 2910,
        "age_over_50y": 402,
        "total": 10572,
        "old_building_count": 5151
      }
    },
    {
      "type": "Feature",
      "geometry": {
        "type": "Polygon",
        "coordinates": [
          [
            [
              121.70318266234825,
              25.03196199947407
            ],
            [
              121.69694011226107,
              25.03511523596261
            ],
            [
              121.6956097327343,
              25.040808579622478
            ],
            [
              121.6923349523607,
              25.04185965845199
            ],
            [
              121.68414800142668,
              25.040107860402802
            ],
            [
              121.67718909313277,
              25.034852466255234
            ],
            [
              121.67115121681893,
              25.033100668206043
            ],
            [
              121.66582969871183,
              25.03371379752326
            ],
            [
              121.66582969871183,
              25.029947431717503
            ],
            [
              121.66408997163835,
              25.023203009228123
            ],
            [
              121.6498651443905,
              25.02399131835026
            ],
            [
              121.6469997115636,
              25.02188916069123
            ],
            [
              121.64024547704304,
              25.023553368837963
            ],
            [
              121.63922210817628,
              25.02048772225188
            ],
            [
              121.64106417213644,
              25.01400606946988
            ],
            [
              121.63922210817628,
              25.00550984893131
            ],
            [
              121.64474830005675,
              25.00209384273539
            ],
            [
              121.64372493119,
              24.99508665053863
            ],
            [
              121.63799406553619,
              24.99508665053863
            ],
            [
              121.6370730335561,
              24.98746632902466
            ],
            [
              121.63891509751626,
              24.9804591368279
            ],
            [
              121.62735102932197,
              24.972663635509008
            ],
            [
              121.61998277348135,
              24.969247629313088
            ],
            [
              121.60923740038047,
              24.96399223516552
            ],
            [
              121.61056777990724,
              24.959437560237628
            ],
            [
              121.60770234708033,
              24.956371913651545
            ],
            [
              121.60698598887362,
              24.94743774360068
            ],
            [
              121.60115278633313,
              24.94708738399084
            ],
            [
              121.59787800595953,
              24.944547276819517
            ],
            [
              121.59982240680635,
              24.93911670286703
            ],
            [
              121.59777566907285,
              24.93754008462276
            ],
            [
              121.59419387803922,
              24.92746724583992
            ],
            [
              121.59675230020609,
              24.91748199695954
            ],
            [
              121.59705931086613,
              24.911876243202133
            ],
            [
              121.59040741323224,
              24.914591530178377
            ],
            [
              121.57833166060458,
              24.908810596616053
            ],
            [
              121.57311247938414,
              24.90898577642097
            ],
            [
              121.567483950617,
              24.903467612566025
            ],
            [
              121.5761825859844,
              24.898737757833214
            ],
            [
              121.57884334503795,
              24.895409341539754
            ],
            [
              121.57638725975774,
              24.88603722197659
            ],
            [
              121.5778199761712,
              24.880081108609346
            ],
            [
              121.57577323843769,
              24.875088484169154
            ],
            [
              121.5851882320118,
              24.87263596690029
            ],
            [
              121.59276116162577,
              24.86615431411829
            ],
            [
              121.6012551232198,
              24.863263847337127
            ],
            [
              121.60923740038047,
              24.863088667532207
            ],
            [
              121.615684624241,
              24.860723740165803
            ],
            [
              121.62100614234811,
              24.863263847337127
            ],
            [
              121.62960244082882,
              24.86142445938548
            ],
            [
              121.63523096959595,
              24.857395323872343
            ],
            [
              121.63840341308288,
              24.860898919970722
            ],
            [
              121.64464596317006,
              24.860723740165803
            ],
            [
              121.64833009109037,
              24.86790611216748
            ],
            [
              121.65324226165079,
              24.870446219338803
            ],
            [
              121.65416329363086,
              24.876927872120802
            ],
            [
              121.64976280750383,
              24.880168698511806
            ],
            [
              121.65293525099075,
              24.890153947392186
            ],
            [
              121.64884177552375,
              24.895234161734834
            ],
            [
              121.6531399247641,
              24.898562578028294
            ],
            [
              121.6602011699447,
              24.901365454906998
            ],
            [
              121.6618385601315,
              24.905307000517674
            ],
            [
              121.66603437248517,
              24.908372647103754
            ],
            [
              121.66316893965828,
              24.914941889788214
            ],
            [
              121.67319795455244,
              24.919934514228405
            ],
            [
              121.6762680611527,
              24.923087750716945
            ],
            [
              121.67012784795219,
              24.930094942913705
            ],
            [
              121.66961616351881,
              24.93894152306211
            ],
            [
              121.66705774135193,
              24.939729832184245
            ],
            [
              121.66562502493848,
              24.949802670967085
            ],
            [
              121.66910447908543,
              24.95225518823595
            ],
            [
              121.68046387350637,
              24.954532525699896
            ],
            [
              121.68506903340675,
              24.958298891505653
            ],
            [
              121.6877297924603,
              24.962853566433548
            ],
            [
              121.69867983933455,
              24.964692954385196
            ],
            [
              121.70819716979534,
              24.972751225411468
            ],
            [
              121.71566776252263,
              24.97082424755736
            ],
            [
              121.71812384780283,
              24.974940972972952
            ],
            [
              121.71730515270943,
              24.979145288291008
            ],
            [
              121.72457107166336,
              24.9836999632189
            ],
            [
              121.72682248317021,
              24.989130537171388
            ],
            [
              121.72078460685638,
              24.999378555759147
            ],
            [
              121.72221732326983,
              25.007612006590335
            ],
            [
              121.71362102478912,
              25.006035388346067
            ],
            [
              121.71188129771565,
              25.009714164249363
            ],
            [
              121.70604809517516,
              25.01514473820185
            ],
            [
              121.70103358772808,
              25.023203009228123
            ],
            [
              121.70451304187503,
              25.02740732454618
            ],
            [
              121.70318266234825,
              25.03196199947407
            ]
          ]
        ]
      },
      "properties": {
        "id": "65000190",
        "name": "石碇區",
        "city": "新北市",
        "quarter": "1141",
        "age_under_1y": 2,
        "age_1_5y": 37,
        "age_5_10y": 149,
        "age_10_15y": 208,
        "age_15_20y": 170,
        "age_20_25y": 195,
        "age_25_30y": 88,
        "age_30_40y": 468,
        "age_40_50y": 162,
        "age_over_50y": 385,
        "total": 1864,
        "old_building_count": 1015
      }
    },
    {
      "type": "Feature",
      "geometry": {
        "type": "Polygon",
        "coordinates": [
          [
            [
              121.77706989452771,
              24.984838631950876
            ],
            [
              121.77154370264726,
              24.979758417608224
            ],
            [
              121.76366376237327,
              24.98054672673036
            ],
            [
              121.75854691803951,
              24.976867950827064
            ],
            [
              121.75220203106565,
              24.97713072053444
            ],
            [
              121.74810855559865,
              24.97415266385082
            ],
            [
              121.74411741701832,
              24.975116152777872
            ],
            [
              121.74268470060487,
              24.979495647900848
            ],
            [
              121.73889823579789,
              24.979758417608224
            ],
            [
              121.7338837283508,
              24.976430001314764
            ],
            [
              121.72057993308303,
              24.97406507394836
            ],
            [
              121.71812384780283,
              24.974940972972952
            ],
            [
              121.71566776252263,
              24.97082424755736
            ],
            [
              121.70819716979534,
              24.972751225411468
            ],
            [
              121.69867983933455,
              24.964692954385196
            ],
            [
              121.6877297924603,
              24.962853566433548
            ],
            [
              121.68506903340675,
              24.958298891505653
            ],
            [
              121.68046387350637,
              24.954532525699896
            ],
            [
              121.66910447908543,
              24.95225518823595
            ],
            [
              121.66562502493848,
              24.949802670967085
            ],
            [
              121.66705774135193,
              24.939729832184245
            ],
            [
              121.66961616351881,
              24.93894152306211
            ],
            [
              121.67012784795219,
              24.930094942913705
            ],
            [
              121.6762680611527,
              24.923087750716945
            ],
            [
              121.67319795455244,
              24.919934514228405
            ],
            [
              121.66316893965828,
              24.914941889788214
            ],
            [
              121.66603437248517,
              24.908372647103754
            ],
            [
              121.6618385601315,
              24.905307000517674
            ],
            [
              121.6602011699447,
              24.901365454906998
            ],
            [
              121.6531399247641,
              24.898562578028294
            ],
            [
              121.64884177552375,
              24.895234161734834
            ],
            [
              121.65293525099075,
              24.890153947392186
            ],
            [
              121.64976280750383,
              24.880168698511806
            ],
            [
              121.65416329363086,
              24.876927872120802
            ],
            [
              121.65324226165079,
              24.870446219338803
            ],
            [
              121.64833009109037,
              24.86790611216748
            ],
            [
              121.64464596317006,
              24.860723740165803
            ],
            [
              121.6531399247641,
              24.855030396505935
            ],
            [
              121.65713106334444,
              24.849687412455907
            ],
            [
              121.65968948551132,
              24.850826081187883
            ],
            [
              121.66992317417883,
              24.84802320430918
            ],
            [
              121.68210126369317,
              24.850212951870667
            ],
            [
              121.68783212934699,
              24.849862592260827
            ],
            [
              121.69438169009419,
              24.843556119283747
            ],
            [
              121.7021592934815,
              24.84276781016161
            ],
            [
              121.70748081158861,
              24.838826264550935
            ],
            [
              121.71423504610917,
              24.841804321234555
            ],
            [
              121.72191031260981,
              24.849862592260827
            ],
            [
              121.7326556857107,
              24.85581870562807
            ],
            [
              121.73828421447783,
              24.855293166213315
            ],
            [
              121.74196834239814,
              24.85249028933461
            ],
            [
              121.74780154493862,
              24.854942806603475
            ],
            [
              121.76100300331971,
              24.856694604652667
            ],
            [
              121.76918995425373,
              24.86589154441091
            ],
            [
              121.77522783056756,
              24.866592263630587
            ],
            [
              121.77727456830107,
              24.869745500119127
            ],
            [
              121.78494983480171,
              24.87561402358391
            ],
            [
              121.78218673886147,
              24.87920520958475
            ],
            [
              121.78167505442809,
              24.88936563827005
            ],
            [
              121.78996434224878,
              24.893482363685646
            ],
            [
              121.79344379639574,
              24.899788836662726
            ],
            [
              121.79119238488889,
              24.903380022663566
            ],
            [
              121.78566619300842,
              24.90749674807916
            ],
            [
              121.78474516102835,
              24.91397840086116
            ],
            [
              121.77809326339447,
              24.919671744521025
            ],
            [
              121.78198206508813,
              24.928343144864513
            ],
            [
              121.78474516102835,
              24.93027012271862
            ],
            [
              121.78628021432849,
              24.937014545208
            ],
            [
              121.7894526578154,
              24.94060573120884
            ],
            [
              121.78771293074193,
              24.944722456624437
            ],
            [
              121.79334145950907,
              24.9540945761876
            ],
            [
              121.79027135290882,
              24.959875509749924
            ],
            [
              121.79190874309562,
              24.9702987081426
            ],
            [
              121.7940578177158,
              24.97739349024182
            ],
            [
              121.79252276441566,
              24.983437193511524
            ],
            [
              121.78167505442809,
              24.98203575507217
            ],
            [
              121.77706989452771,
              24.984838631950876
            ]
          ]
        ]
      },
      "properties": {
        "id": "65000200",
        "name": "坪林區",
        "city": "新北市",
        "quarter": "1141",
        "age_under_1y": 0,
        "age_1_5y": 19,
        "age_5_10y": 138,
        "age_10_15y": 205,
        "age_15_20y": 110,
        "age_20_25y": 75,
        "age_25_30y": 15,
        "age_30_40y": 25,
        "age_40_50y": 101,
        "age_over_50y": 574,
        "total": 1262,
        "old_building_count": 700
      }
    },
    {
      "type": "Feature",
      "geometry": {
        "type": "Polygon",
        "coordinates": [
          [
            [
              121.56594889731687,
              25.215024895614366
            ],
            [
              121.56267411694327,
              25.222032087811126
            ],
            [
              121.55561287176269,
              25.227550251666074
            ],
            [
              121.55643156685609,
              25.233856724643154
            ],
            [
              121.55397548157589,
              25.239812838010398
            ],
            [
              121.55080303808896,
              25.2426157148891
            ],
            [
              121.54589086752854,
              25.243491613913697
            ],
            [
              121.5477329314887,
              25.249798086890777
            ],
            [
              121.54640255196192,
              25.253564452696537
            ],
            [
              121.55039369054225,
              25.261797903527725
            ],
            [
              121.54824461592207,
              25.26608980874824
            ],
            [
              121.5420020658349,
              25.26810437650481
            ],
            [
              121.54067168630812,
              25.26582703904086
            ],
            [
              121.53309875669416,
              25.266440168358077
            ],
            [
              121.5267538697203,
              25.26100959440559
            ],
            [
              121.51539447529935,
              25.27476120909173
            ],
            [
              121.5082308932321,
              25.27826480519011
            ],
            [
              121.50761687191203,
              25.28273189021554
            ],
            [
              121.4954387823977,
              25.27791444558027
            ],
            [
              121.49093595938399,
              25.27467361918927
            ],
            [
              121.48090694448983,
              25.270907253383513
            ],
            [
              121.47701814279617,
              25.26626498855316
            ],
            [
              121.47159428780239,
              25.2560169699654
            ],
            [
              121.4624863048883,
              25.252075424354725
            ],
            [
              121.45266196376748,
              25.2527761435744
            ],
            [
              121.4476474563204,
              25.246644850402237
            ],
            [
              121.44590772924693,
              25.241827405766966
            ],
            [
              121.45030821537395,
              25.24436751293829
            ],
            [
              121.45696011300784,
              25.243141254303858
            ],
            [
              121.45880217696799,
              25.240338377425154
            ],
            [
              121.47087792959566,
              25.238849349083345
            ],
            [
              121.49001492740392,
              25.231754566984126
            ],
            [
              121.49646215126445,
              25.230440718447234
            ],
            [
              121.49758785701788,
              25.225272914202126
            ],
            [
              121.50157899559821,
              25.223783885860314
            ],
            [
              121.49697383569783,
              25.21809054220045
            ],
            [
              121.49850888899795,
              25.215900794638962
            ],
            [
              121.49288036023081,
              25.211959249028286
            ],
            [
              121.4867401470303,
              25.21134611971107
            ],
            [
              121.48551210439021,
              25.20477687702661
            ],
            [
              121.49554111928437,
              25.19111285224293
            ],
            [
              121.50076030050481,
              25.19295224019458
            ],
            [
              121.50618415549859,
              25.19023695321834
            ],
            [
              121.51426876954592,
              25.183842890338795
            ],
            [
              121.51938561387968,
              25.182441451899443
            ],
            [
              121.52173936227321,
              25.179113035605983
            ],
            [
              121.52562816396687,
              25.182791811509283
            ],
            [
              121.53340576735418,
              25.18358012063142
            ],
            [
              121.53575951574771,
              25.1866457672175
            ],
            [
              121.5428207609283,
              25.188923104681447
            ],
            [
              121.543230108475,
              25.193652959414255
            ],
            [
              121.54630021507525,
              25.196981375707715
            ],
            [
              121.55254276516243,
              25.198820763659366
            ],
            [
              121.55151939629567,
              25.202149179952826
            ],
            [
              121.55499885044263,
              25.208455652929906
            ],
            [
              121.55919466279632,
              25.210119861076638
            ],
            [
              121.56246944316992,
              25.214148996589774
            ],
            [
              121.56594889731687,
              25.215024895614366
            ]
          ]
        ]
      },
      "properties": {
        "id": "65000210",
        "name": "三芝區",
        "city": "新北市",
        "quarter": "1141",
        "age_under_1y": 36,
        "age_1_5y": 45,
        "age_5_10y": 115,
        "age_10_15y": 106,
        "age_15_20y": 77,
        "age_20_25y": 73,
        "age_25_30y": 7588,
        "age_30_40y": 1682,
        "age_40_50y": 2329,
        "age_over_50y": 1575,
        "total": 13626,
        "old_building_count": 5586
      }
    },
    {
      "type": "Feature",
      "geometry": {
        "type": "Polygon",
        "coordinates": [
          [
            [
              121.62080146857475,
              25.27572469801878
            ],
            [
              121.615684624241,
              25.27922829411716
            ],
            [
              121.60790702085369,
              25.28141804167865
            ],
            [
              121.60238082897324,
              25.28772451465573
            ],
            [
              121.59705931086613,
              25.291578470363948
            ],
            [
              121.58662094842526,
              25.293417858315596
            ],
            [
              121.57771763928451,
              25.298936022170544
            ],
            [
              121.56932601457716,
              25.298498072658244
            ],
            [
              121.56686992929696,
              25.295082066462324
            ],
            [
              121.56032036854974,
              25.292016419876244
            ],
            [
              121.55377080780254,
              25.292979908803296
            ],
            [
              121.55039369054225,
              25.291666060266405
            ],
            [
              121.54118337074149,
              25.29455652704757
            ],
            [
              121.54067168630812,
              25.297884943341028
            ],
            [
              121.53657821084111,
              25.299987101000056
            ],
            [
              121.5337127780142,
              25.297096634218892
            ],
            [
              121.5333034304675,
              25.289914262217216
            ],
            [
              121.5259351746269,
              25.286060306509
            ],
            [
              121.52163702538654,
              25.286848615631136
            ],
            [
              121.51692952859948,
              25.28492163777703
            ],
            [
              121.5139617588859,
              25.286673435826216
            ],
            [
              121.51181268426572,
              25.291841240071324
            ],
            [
              121.50833323011877,
              25.288775593485244
            ],
            [
              121.50761687191203,
              25.28273189021554
            ],
            [
              121.5082308932321,
              25.27826480519011
            ],
            [
              121.51539447529935,
              25.27476120909173
            ],
            [
              121.5267538697203,
              25.26100959440559
            ],
            [
              121.53309875669416,
              25.266440168358077
            ],
            [
              121.54067168630812,
              25.26582703904086
            ],
            [
              121.5420020658349,
              25.26810437650481
            ],
            [
              121.54824461592207,
              25.26608980874824
            ],
            [
              121.55039369054225,
              25.261797903527725
            ],
            [
              121.54640255196192,
              25.253564452696537
            ],
            [
              121.5477329314887,
              25.249798086890777
            ],
            [
              121.54589086752854,
              25.243491613913697
            ],
            [
              121.55080303808896,
              25.2426157148891
            ],
            [
              121.55397548157589,
              25.239812838010398
            ],
            [
              121.55643156685609,
              25.233856724643154
            ],
            [
              121.55561287176269,
              25.227550251666074
            ],
            [
              121.56267411694327,
              25.222032087811126
            ],
            [
              121.56594889731687,
              25.215024895614366
            ],
            [
              121.57127041542398,
              25.220367879664394
            ],
            [
              121.5778199761712,
              25.220805829176694
            ],
            [
              121.58129943031815,
              25.223608706055398
            ],
            [
              121.58396018937171,
              25.233331185228398
            ],
            [
              121.59409154115255,
              25.241914995669426
            ],
            [
              121.59787800595953,
              25.243316434108777
            ],
            [
              121.60023175435305,
              25.248922187866185
            ],
            [
              121.60412055604671,
              25.253038913281777
            ],
            [
              121.61578696112768,
              25.253389272891617
            ],
            [
              121.61865239395458,
              25.25803153772197
            ],
            [
              121.61599163490102,
              25.266965707772837
            ],
            [
              121.61793603574786,
              25.273359770652377
            ],
            [
              121.62080146857475,
              25.27572469801878
            ]
          ]
        ]
      },
      "properties": {
        "id": "65000220",
        "name": "石門區",
        "city": "新北市",
        "quarter": "1141",
        "age_under_1y": 2,
        "age_1_5y": 17,
        "age_5_10y": 38,
        "age_10_15y": 45,
        "age_15_20y": 73,
        "age_20_25y": 70,
        "age_25_30y": 423,
        "age_30_40y": 522,
        "age_40_50y": 760,
        "age_over_50y": 1066,
        "total": 3016,
        "old_building_count": 2348
      }
    },
    {
      "type": "Feature",
      "geometry": {
        "type": "Polygon",
        "coordinates": [
          [
            [
              121.45880217696799,
              25.12296790812946
            ],
            [
              121.45685777612117,
              25.12664668403276
            ],
            [
              121.45266196376748,
              25.14670477169598
            ],
            [
              121.45041055226064,
              25.152748474965684
            ],
            [
              121.44099555868652,
              25.162558544041143
            ],
            [
              121.4332179552992,
              25.16763875838379
            ],
            [
              121.42410997238511,
              25.17149271409201
            ],
            [
              121.41745807475124,
              25.175521849605147
            ],
            [
              121.41254590419082,
              25.168514657408387
            ],
            [
              121.40548465901024,
              25.160456386382116
            ],
            [
              121.40231221552331,
              25.158792178235387
            ],
            [
              121.39166917930909,
              25.16798911799363
            ],
            [
              121.38798505138878,
              25.152047755746008
            ],
            [
              121.38972477846227,
              25.147755850525492
            ],
            [
              121.37949108979475,
              25.14302599579268
            ],
            [
              121.36577794698027,
              25.13969757949922
            ],
            [
              121.36710832650705,
              25.133916645936896
            ],
            [
              121.37693266762787,
              25.11972708173846
            ],
            [
              121.38542662922191,
              25.112807479444164
            ],
            [
              121.39166917930909,
              25.100632483002297
            ],
            [
              121.39463694902267,
              25.101158022417053
            ],
            [
              121.39678602364285,
              25.094501189830133
            ],
            [
              121.39647901298282,
              25.087756767340753
            ],
            [
              121.39269254817584,
              25.0863553289014
            ],
            [
              121.39432993836265,
              25.081537884266133
            ],
            [
              121.39934444580973,
              25.085742199584185
            ],
            [
              121.40077716222318,
              25.09178590285389
            ],
            [
              121.40394960571011,
              25.09546467875719
            ],
            [
              121.40180053108993,
              25.097917196026053
            ],
            [
              121.40180053108993,
              25.107552085296597
            ],
            [
              121.40036781467649,
              25.114559277493353
            ],
            [
              121.40476830080351,
              25.122529958617164
            ],
            [
              121.4097828082506,
              25.121040930275353
            ],
            [
              121.41489965258435,
              25.12296790812946
            ],
            [
              121.41561601079108,
              25.129361971009004
            ],
            [
              121.42605437323195,
              25.12971233061884
            ],
            [
              121.43598105123944,
              25.127259813349976
            ],
            [
              121.44140490623322,
              25.12323067783684
            ],
            [
              121.44549838170022,
              25.12314308793438
            ],
            [
              121.4529689744275,
              25.119376722128624
            ],
            [
              121.45900685074135,
              25.112719889541705
            ],
            [
              121.46095125158817,
              25.116223485640084
            ],
            [
              121.45880217696799,
              25.12296790812946
            ]
          ]
        ]
      },
      "properties": {
        "id": "65000230",
        "name": "八里區",
        "city": "新北市",
        "quarter": "1141",
        "age_under_1y": 596,
        "age_1_5y": 2290,
        "age_5_10y": 885,
        "age_10_15y": 1260,
        "age_15_20y": 1848,
        "age_20_25y": 638,
        "age_25_30y": 6048,
        "age_30_40y": 2680,
        "age_40_50y": 1974,
        "age_over_50y": 937,
        "total": 19156,
        "old_building_count": 5591
      }
    },
    {
      "type": "Feature",
      "geometry": {
        "type": "Polygon",
        "coordinates": [
          [
            [
              121.81687894344435,
              25.04212242815937
            ],
            [
              121.8133994892974,
              25.053421525576642
            ],
            [
              121.8142181843908,
              25.058063790406994
            ],
            [
              121.81002237203711,
              25.059727998553722
            ],
            [
              121.80674759166351,
              25.058063790406994
            ],
            [
              121.80377982194993,
              25.067611089775074
            ],
            [
              121.79784428252277,
              25.075932130508725
            ],
            [
              121.79477417592251,
              25.077421158850537
            ],
            [
              121.78842928894866,
              25.07549418099643
            ],
            [
              121.784540487255,
              25.072516124312806
            ],
            [
              121.77563717811427,
              25.07006360704394
            ],
            [
              121.77000864934713,
              25.06349436435948
            ],
            [
              121.76233338284649,
              25.057012711577478
            ],
            [
              121.75926327624624,
              25.059465228846346
            ],
            [
              121.75087165153887,
              25.057012711577478
            ],
            [
              121.7458571440918,
              25.052983576064342
            ],
            [
              121.73787486693114,
              25.054647784211074
            ],
            [
              121.73009726354383,
              25.053333935674182
            ],
            [
              121.72661780939687,
              25.049392390063506
            ],
            [
              121.72098928062974,
              25.047202642502018
            ],
            [
              121.7178168371428,
              25.042998327183962
            ],
            [
              121.7157700994093,
              25.036253904694586
            ],
            [
              121.71188129771565,
              25.033363437913422
            ],
            [
              121.70829950668201,
              25.0340641571331
            ],
            [
              121.70318266234825,
              25.03196199947407
            ],
            [
              121.70451304187503,
              25.02740732454618
            ],
            [
              121.70103358772808,
              25.023203009228123
            ],
            [
              121.70604809517516,
              25.01514473820185
            ],
            [
              121.71188129771565,
              25.009714164249363
            ],
            [
              121.71362102478912,
              25.006035388346067
            ],
            [
              121.72221732326983,
              25.007612006590335
            ],
            [
              121.72078460685638,
              24.999378555759147
            ],
            [
              121.72682248317021,
              24.989130537171388
            ],
            [
              121.72457107166336,
              24.9836999632189
            ],
            [
              121.71730515270943,
              24.979145288291008
            ],
            [
              121.71812384780283,
              24.974940972972952
            ],
            [
              121.72057993308303,
              24.97406507394836
            ],
            [
              121.7338837283508,
              24.976430001314764
            ],
            [
              121.73889823579789,
              24.979758417608224
            ],
            [
              121.74268470060487,
              24.979495647900848
            ],
            [
              121.74411741701832,
              24.975116152777872
            ],
            [
              121.74810855559865,
              24.97415266385082
            ],
            [
              121.75220203106565,
              24.97713072053444
            ],
            [
              121.75854691803951,
              24.976867950827064
            ],
            [
              121.76366376237327,
              24.98054672673036
            ],
            [
              121.77154370264726,
              24.979758417608224
            ],
            [
              121.77706989452771,
              24.984838631950876
            ],
            [
              121.77430679858749,
              24.98851740785417
            ],
            [
              121.76867826982036,
              24.990181616000903
            ],
            [
              121.76417544680665,
              24.996225319270607
            ],
            [
              121.77471614613418,
              25.002531792247687
            ],
            [
              121.78014000112798,
              25.0105024733715
            ],
            [
              121.78443815036833,
              25.01391847956742
            ],
            [
              121.78443815036833,
              25.017684845373175
            ],
            [
              121.78914564715538,
              25.023027829423203
            ],
            [
              121.79293211196236,
              25.02381613854534
            ],
            [
              121.79958400959624,
              25.030210201424882
            ],
            [
              121.80664525477684,
              25.031524049961774
            ],
            [
              121.808487318737,
              25.036867034011802
            ],
            [
              121.81206910977062,
              25.04045822001264
            ],
            [
              121.81687894344435,
              25.04212242815937
            ]
          ]
        ]
      },
      "properties": {
        "id": "65000240",
        "name": "平溪區",
        "city": "新北市",
        "quarter": "1141",
        "age_under_1y": 1,
        "age_1_5y": 22,
        "age_5_10y": 54,
        "age_10_15y": 49,
        "age_15_20y": 54,
        "age_20_25y": 42,
        "age_25_30y": 106,
        "age_30_40y": 68,
        "age_40_50y": 191,
        "age_over_50y": 1320,
        "total": 1907,
        "old_building_count": 1579
      }
    },
    {
      "type": "Feature",
      "geometry": {
        "type": "Polygon",
        "coordinates": [
          [
            [
              121.87551797950921,
              25.094588779732593
            ],
            [
              121.8685590712153,
              25.093800470610457
            ],
            [
              121.85730201368104,
              25.097304066708837
            ],
            [
              121.85341321198737,
              25.09511431914735
            ],
            [
              121.85146881114055,
              25.089158205780105
            ],
            [
              121.84768234633357,
              25.089333385585025
            ],
            [
              121.84031409049297,
              25.078121878070213
            ],
            [
              121.83253648710564,
              25.07181540509313
            ],
            [
              121.82977339116542,
              25.06498339270129
            ],
            [
              121.83038741248546,
              25.05692512167502
            ],
            [
              121.8347878986125,
              25.047290232404478
            ],
            [
              121.8339692035191,
              25.044399765623314
            ],
            [
              121.82148410334473,
              25.045801204062666
            ],
            [
              121.81687894344435,
              25.04212242815937
            ],
            [
              121.81206910977062,
              25.04045822001264
            ],
            [
              121.808487318737,
              25.036867034011802
            ],
            [
              121.80664525477684,
              25.031524049961774
            ],
            [
              121.79958400959624,
              25.030210201424882
            ],
            [
              121.79293211196236,
              25.02381613854534
            ],
            [
              121.78914564715538,
              25.023027829423203
            ],
            [
              121.78443815036833,
              25.017684845373175
            ],
            [
              121.78443815036833,
              25.01391847956742
            ],
            [
              121.78014000112798,
              25.0105024733715
            ],
            [
              121.77471614613418,
              25.002531792247687
            ],
            [
              121.76417544680665,
              24.996225319270607
            ],
            [
              121.76867826982036,
              24.990181616000903
            ],
            [
              121.77430679858749,
              24.98851740785417
            ],
            [
              121.77706989452771,
              24.984838631950876
            ],
            [
              121.78167505442809,
              24.98203575507217
            ],
            [
              121.79252276441566,
              24.983437193511524
            ],
            [
              121.7940578177158,
              24.97739349024182
            ],
            [
              121.79190874309562,
              24.9702987081426
            ],
            [
              121.79027135290882,
              24.959875509749924
            ],
            [
              121.79334145950907,
              24.9540945761876
            ],
            [
              121.78771293074193,
              24.944722456624437
            ],
            [
              121.7894526578154,
              24.94060573120884
            ],
            [
              121.78628021432849,
              24.937014545208
            ],
            [
              121.78474516102835,
              24.93027012271862
            ],
            [
              121.78198206508813,
              24.928343144864513
            ],
            [
              121.77809326339447,
              24.919671744521025
            ],
            [
              121.78474516102835,
              24.91397840086116
            ],
            [
              121.78566619300842,
              24.90749674807916
            ],
            [
              121.79119238488889,
              24.903380022663566
            ],
            [
              121.79344379639574,
              24.899788836662726
            ],
            [
              121.80449618015666,
              24.901190275102078
            ],
            [
              121.81053405647049,
              24.903642792370942
            ],
            [
              121.81165976222391,
              24.906533259152106
            ],
            [
              121.8183116598578,
              24.90267930344389
            ],
            [
              121.82240513532481,
              24.904518691395538
            ],
            [
              121.83182012889893,
              24.904869051005377
            ],
            [
              121.84328186020655,
              24.915379839300513
            ],
            [
              121.84563560860006,
              24.91940897481365
            ],
            [
              121.8520828324606,
              24.92370088003416
            ],
            [
              121.85382255953408,
              24.927905195352217
            ],
            [
              121.84911506274702,
              24.93035771262108
            ],
            [
              121.84665897746682,
              24.937802854330137
            ],
            [
              121.83980240605959,
              24.942182349453113
            ],
            [
              121.83918838473953,
              24.946299074868705
            ],
            [
              121.8413374593597,
              24.95418216609006
            ],
            [
              121.8471706619002,
              24.96040104916468
            ],
            [
              121.8541295701941,
              24.961276948189276
            ],
            [
              121.86129315226137,
              24.96364187555568
            ],
            [
              121.86088380471466,
              24.973539534533604
            ],
            [
              121.86241885801479,
              24.981597805559872
            ],
            [
              121.86600064904842,
              24.989568486683687
            ],
            [
              121.8710151564955,
              24.993247262586983
            ],
            [
              121.87531330573586,
              24.999378555759147
            ],
            [
              121.8805324869563,
              25.013392940152663
            ],
            [
              121.89107318628383,
              25.016370996836283
            ],
            [
              121.88820775345692,
              25.019261463617447
            ],
            [
              121.89158487071721,
              25.02407890825272
            ],
            [
              121.89680405193765,
              25.039319551280666
            ],
            [
              121.88759373213688,
              25.04553843435529
            ],
            [
              121.89025449119043,
              25.052545626552046
            ],
            [
              121.8870820477035,
              25.06358195426194
            ],
            [
              121.88237455091645,
              25.072340944507886
            ],
            [
              121.87715536969601,
              25.0766328497284
            ],
            [
              121.87838341233612,
              25.082939322705485
            ],
            [
              121.87602966394259,
              25.087493997633377
            ],
            [
              121.87551797950921,
              25.094588779732593
            ]
          ]
        ]
      },
      "properties": {
        "id": "65000250",
        "name": "雙溪區",
        "city": "新北市",
        "quarter": "1141",
        "age_under_1y": 5,
        "age_1_5y": 12,
        "age_5_10y": 88,
        "age_10_15y": 85,
        "age_15_20y": 112,
        "age_20_25y": 169,
        "age_25_30y": 347,
        "age_30_40y": 92,
        "age_40_50y": 541,
        "age_over_50y": 1751,
        "total": 3202,
        "old_building_count": 2384
      }
    },
    {
      "type": "Feature",
      "geometry": {
        "type": "Polygon",
        "coordinates": [
          [
            [
              121.86129315226137,
              24.96364187555568
            ],
            [
              121.87152684092888,
              24.96075140877452
            ],
            [
              121.88227221402977,
              24.96416741497044
            ],
            [
              121.88943579609703,
              24.964692954385196
            ],
            [
              121.89721339948434,
              24.9670578817516
            ],
            [
              121.90284192825148,
              24.974415433558196
            ],
            [
              121.91000551031874,
              24.974765793168036
            ],
            [
              121.91624806040592,
              24.979495647900848
            ],
            [
              121.92228593671976,
              24.978619748876252
            ],
            [
              121.93344065736734,
              24.9808970863402
            ],
            [
              121.9344640262341,
              24.983174423804144
            ],
            [
              121.9406042394346,
              24.984488272341036
            ],
            [
              121.94387901980821,
              24.987904278536956
            ],
            [
              121.96281134384311,
              24.987729098732036
            ],
            [
              121.96772351440353,
              24.984838631950876
            ],
            [
              121.97478475958411,
              24.98527658146317
            ],
            [
              121.97611513911089,
              24.98878017756155
            ],
            [
              121.9838927424982,
              24.99053197561074
            ],
            [
              121.98931659749198,
              24.99377280200174
            ],
            [
              121.9966848533326,
              25.0007799941985
            ],
            [
              122.00354142473982,
              25.00200625283293
            ],
            [
              122.00691854200011,
              25.01085283298134
            ],
            [
              122.00558816247333,
              25.014531608884635
            ],
            [
              122.00180169766635,
              25.014794378592015
            ],
            [
              121.9991409386128,
              25.019611823227283
            ],
            [
              121.99320539918564,
              25.014268839177255
            ],
            [
              121.99013529258538,
              25.021100851569095
            ],
            [
              121.98297171051813,
              25.02495480727731
            ],
            [
              121.97365905383069,
              25.026531425521583
            ],
            [
              121.96690481931012,
              25.0239037284478
            ],
            [
              121.94705146329514,
              25.021100851569095
            ],
            [
              121.9422416296214,
              25.024604447667475
            ],
            [
              121.93456636312078,
              25.032399948986367
            ],
            [
              121.92893783435365,
              25.040983759427395
            ],
            [
              121.92975652944705,
              25.051319367917614
            ],
            [
              121.9315985934072,
              25.054122244796318
            ],
            [
              121.93170093029387,
              25.063144004749642
            ],
            [
              121.92545838020669,
              25.07207817480051
            ],
            [
              121.91532702842585,
              25.078121878070213
            ],
            [
              121.91686208172598,
              25.081362704461213
            ],
            [
              121.91440599644577,
              25.08547942987681
            ],
            [
              121.91440599644577,
              25.08977133509732
            ],
            [
              121.9196251776662,
              25.094851549439973
            ],
            [
              121.91860180879945,
              25.10019453349
            ],
            [
              121.92658408596012,
              25.108165214613813
            ],
            [
              121.92320696869983,
              25.11324542895646
            ],
            [
              121.91860180879945,
              25.112544709736785
            ],
            [
              121.92259294737978,
              25.122354778812245
            ],
            [
              121.91952284077952,
              25.120515390860596
            ],
            [
              121.89762274703105,
              25.113770968371217
            ],
            [
              121.89475731420414,
              25.10869075402857
            ],
            [
              121.8974180732577,
              25.103435359881
            ],
            [
              121.89567834618421,
              25.101158022417053
            ],
            [
              121.88738905836352,
              25.100369713294917
            ],
            [
              121.87551797950921,
              25.094588779732593
            ],
            [
              121.87602966394259,
              25.087493997633377
            ],
            [
              121.87838341233612,
              25.082939322705485
            ],
            [
              121.87715536969601,
              25.0766328497284
            ],
            [
              121.88237455091645,
              25.072340944507886
            ],
            [
              121.8870820477035,
              25.06358195426194
            ],
            [
              121.89025449119043,
              25.052545626552046
            ],
            [
              121.88759373213688,
              25.04553843435529
            ],
            [
              121.89680405193765,
              25.039319551280666
            ],
            [
              121.89158487071721,
              25.02407890825272
            ],
            [
              121.88820775345692,
              25.019261463617447
            ],
            [
              121.89107318628383,
              25.016370996836283
            ],
            [
              121.8805324869563,
              25.013392940152663
            ],
            [
              121.87531330573586,
              24.999378555759147
            ],
            [
              121.8710151564955,
              24.993247262586983
            ],
            [
              121.86600064904842,
              24.989568486683687
            ],
            [
              121.86241885801479,
              24.981597805559872
            ],
            [
              121.86088380471466,
              24.973539534533604
            ],
            [
              121.86129315226137,
              24.96364187555568
            ]
          ]
        ]
      },
      "properties": {
        "id": "65000260",
        "name": "貢寮區",
        "city": "新北市",
        "quarter": "1141",
        "age_under_1y": 2,
        "age_1_5y": 14,
        "age_5_10y": 61,
        "age_10_15y": 121,
        "age_15_20y": 116,
        "age_20_25y": 78,
        "age_25_30y": 373,
        "age_30_40y": 222,
        "age_40_50y": 933,
        "age_over_50y": 1433,
        "total": 3353,
        "old_building_count": 2588
      }
    },
    {
      "type": "Feature",
      "geometry": {
        "type": "Polygon",
        "coordinates": [
          [
            [
              121.65017215505053,
              25.222732807030802
            ],
            [
              121.65344693542413,
              25.228951690105426
            ],
            [
              121.65129786080395,
              25.233331185228398
            ],
            [
              121.64270156232324,
              25.230966257861994
            ],
            [
              121.63635667534938,
              25.236396831814478
            ],
            [
              121.63390059006917,
              25.240601147132534
            ],
            [
              121.63584499091601,
              25.250060856598157
            ],
            [
              121.63410526384253,
              25.260046105478537
            ],
            [
              121.6297047777155,
              25.266790527967917
            ],
            [
              121.62080146857475,
              25.27572469801878
            ],
            [
              121.61793603574786,
              25.273359770652377
            ],
            [
              121.61599163490102,
              25.266965707772837
            ],
            [
              121.61865239395458,
              25.25803153772197
            ],
            [
              121.61578696112768,
              25.253389272891617
            ],
            [
              121.60412055604671,
              25.253038913281777
            ],
            [
              121.60023175435305,
              25.248922187866185
            ],
            [
              121.59787800595953,
              25.243316434108777
            ],
            [
              121.59409154115255,
              25.241914995669426
            ],
            [
              121.58396018937171,
              25.233331185228398
            ],
            [
              121.58129943031815,
              25.223608706055398
            ],
            [
              121.5778199761712,
              25.220805829176694
            ],
            [
              121.57127041542398,
              25.220367879664394
            ],
            [
              121.56594889731687,
              25.215024895614366
            ],
            [
              121.56246944316992,
              25.214148996589774
            ],
            [
              121.55919466279632,
              25.210119861076638
            ],
            [
              121.56277645382995,
              25.209331551954502
            ],
            [
              121.56492552845013,
              25.200922921318394
            ],
            [
              121.57321481627082,
              25.194966807951147
            ],
            [
              121.58303915739162,
              25.194966807951147
            ],
            [
              121.58396018937171,
              25.188835514778987
            ],
            [
              121.58089008277145,
              25.182091092289607
            ],
            [
              121.58324383116498,
              25.177536417361715
            ],
            [
              121.58170877786485,
              25.173770051555955
            ],
            [
              121.57730829173782,
              25.16991609584774
            ],
            [
              121.57710361796447,
              25.167025629066575
            ],
            [
              121.58641627465191,
              25.1635220329682
            ],
            [
              121.58979339191218,
              25.163697212773116
            ],
            [
              121.59664996331942,
              25.165624190627227
            ],
            [
              121.60688365198693,
              25.177448827459255
            ],
            [
              121.60729299953364,
              25.18147796297239
            ],
            [
              121.61097712745395,
              25.187258896534715
            ],
            [
              121.61189815943402,
              25.19339018970688
            ],
            [
              121.61670799310775,
              25.20101051122085
            ],
            [
              121.62213184810153,
              25.20337543858726
            ],
            [
              121.6297047777155,
              25.21143370961353
            ],
            [
              121.63840341308288,
              25.215813204736502
            ],
            [
              121.64178053034317,
              25.215900794638962
            ],
            [
              121.64372493119,
              25.220017520054558
            ],
            [
              121.65017215505053,
              25.222732807030802
            ]
          ]
        ]
      },
      "properties": {
        "id": "65000270",
        "name": "金山區",
        "city": "新北市",
        "quarter": "1141",
        "age_under_1y": 45,
        "age_1_5y": 90,
        "age_5_10y": 398,
        "age_10_15y": 125,
        "age_15_20y": 203,
        "age_20_25y": 266,
        "age_25_30y": 1986,
        "age_30_40y": 1171,
        "age_40_50y": 2090,
        "age_over_50y": 1638,
        "total": 8012,
        "old_building_count": 4899
      }
    },
    {
      "type": "Feature",
      "geometry": {
        "type": "Polygon",
        "coordinates": [
          [
            [
              121.6268393448886,
              25.13969757949922
            ],
            [
              121.6292954301688,
              25.141799737158248
            ],
            [
              121.63952911883631,
              25.145653692866464
            ],
            [
              121.6498651443905,
              25.145128153451708
            ],
            [
              121.65201421901068,
              25.148456569745168
            ],
            [
              121.65815443221119,
              25.152135345648468
            ],
            [
              121.6692068159721,
              25.1533616042829
            ],
            [
              121.67145822747896,
              25.155551351844387
            ],
            [
              121.67770077756614,
              25.155814121551764
            ],
            [
              121.68332930633328,
              25.160631566187035
            ],
            [
              121.68762745557363,
              25.161857824821467
            ],
            [
              121.69131158349394,
              25.1663249098469
            ],
            [
              121.69898684999457,
              25.167200808871495
            ],
            [
              121.70226163036818,
              25.17350728184858
            ],
            [
              121.70594575828848,
              25.173857641458415
            ],
            [
              121.70277331480156,
              25.180602063947795
            ],
            [
              121.69612141716767,
              25.181740732679767
            ],
            [
              121.69264196302072,
              25.1801641144355
            ],
            [
              121.6877297924603,
              25.185594688387987
            ],
            [
              121.68588772850016,
              25.191988751267527
            ],
            [
              121.6923349523607,
              25.19785727473231
            ],
            [
              121.6939723425475,
              25.201798820342987
            ],
            [
              121.69264196302072,
              25.208543242832366
            ],
            [
              121.67811012511284,
              25.205915545758582
            ],
            [
              121.6724815963457,
              25.202149179952826
            ],
            [
              121.6626572552249,
              25.207404574100394
            ],
            [
              121.65580068381766,
              25.213273097565178
            ],
            [
              121.65017215505053,
              25.222732807030802
            ],
            [
              121.64372493119,
              25.220017520054558
            ],
            [
              121.64178053034317,
              25.215900794638962
            ],
            [
              121.63840341308288,
              25.215813204736502
            ],
            [
              121.6297047777155,
              25.21143370961353
            ],
            [
              121.62213184810153,
              25.20337543858726
            ],
            [
              121.61670799310775,
              25.20101051122085
            ],
            [
              121.61189815943402,
              25.19339018970688
            ],
            [
              121.61097712745395,
              25.187258896534715
            ],
            [
              121.60729299953364,
              25.18147796297239
            ],
            [
              121.60688365198693,
              25.177448827459255
            ],
            [
              121.59664996331942,
              25.165624190627227
            ],
            [
              121.58979339191218,
              25.163697212773116
            ],
            [
              121.59173779275902,
              25.157565919600955
            ],
            [
              121.58958871813884,
              25.152135345648468
            ],
            [
              121.59368219360584,
              25.15003318798944
            ],
            [
              121.59572893133935,
              25.14355153520744
            ],
            [
              121.60401821916004,
              25.136193983400844
            ],
            [
              121.60463224048009,
              25.130763409448356
            ],
            [
              121.60780468396702,
              25.1302378700336
            ],
            [
              121.61629864556106,
              25.137595421840196
            ],
            [
              121.6268393448886,
              25.13969757949922
            ]
          ]
        ]
      },
      "properties": {
        "id": "65000280",
        "name": "萬里區",
        "city": "新北市",
        "quarter": "1141",
        "age_under_1y": 1,
        "age_1_5y": 31,
        "age_5_10y": 75,
        "age_10_15y": 100,
        "age_15_20y": 128,
        "age_20_25y": 751,
        "age_25_30y": 1282,
        "age_30_40y": 1334,
        "age_40_50y": 3453,
        "age_over_50y": 1529,
        "total": 8684,
        "old_building_count": 6316
      }
    },
    {
      "type": "Feature",
      "geometry": {
        "type": "Polygon",
        "coordinates": [
          [
            [
              121.57577323843769,
              24.875088484169154
            ],
            [
              121.57137275231067,
              24.876927872120802
            ],
            [
              121.56451618090342,
              24.877103051925722
            ],
            [
              121.56410683335673,
              24.886825531098726
            ],
            [
              121.55909232590965,
              24.890591896904482
            ],
            [
              121.55029135365558,
              24.890942256514318
            ],
            [
              121.54660722573527,
              24.888314559440534
            ],
            [
              121.53985299121472,
              24.893832723295482
            ],
            [
              121.53504315754098,
              24.891467795929078
            ],
            [
              121.5324847353741,
              24.887613840220858
            ],
            [
              121.52654919594694,
              24.883672294610182
            ],
            [
              121.52071599340645,
              24.883321935000346
            ],
            [
              121.5180552343529,
              24.88095700763394
            ],
            [
              121.50884491455214,
              24.877541001438022
            ],
            [
              121.49922524720468,
              24.870358629436343
            ],
            [
              121.49472242419097,
              24.868344061679775
            ],
            [
              121.48837753721712,
              24.862212768507614
            ],
            [
              121.49277802334414,
              24.856607014750207
            ],
            [
              121.49277802334414,
              24.853716547969043
            ],
            [
              121.49717850947117,
              24.848285974016555
            ],
            [
              121.49441541353094,
              24.836461337184527
            ],
            [
              121.4867401470303,
              24.83427158962304
            ],
            [
              121.48039526005645,
              24.823498031620527
            ],
            [
              121.48407938797675,
              24.81920612640001
            ],
            [
              121.47312934110252,
              24.813250013032768
            ],
            [
              121.4690358656355,
              24.807206309763064
            ],
            [
              121.46228163111495,
              24.805629691518792
            ],
            [
              121.45532272282104,
              24.798885269029412
            ],
            [
              121.45624375480111,
              24.79327951527201
            ],
            [
              121.45041055226064,
              24.7909145879056
            ],
            [
              121.44948952028055,
              24.785921963465412
            ],
            [
              121.44611240302028,
              24.781892827952277
            ],
            [
              121.44058621113982,
              24.779177540976033
            ],
            [
              121.43577637746608,
              24.77295865790141
            ],
            [
              121.43137589133906,
              24.771907579071897
            ],
            [
              121.42544035191189,
              24.767002544534165
            ],
            [
              121.4233936141784,
              24.76306099892349
            ],
            [
              121.42851045851215,
              24.75342610965295
            ],
            [
              121.4287151322855,
              24.747907945798
            ],
            [
              121.4319899126591,
              24.742214602138134
            ],
            [
              121.43536702991938,
              24.73293007247743
            ],
            [
              121.43424132416595,
              24.73003960569627
            ],
            [
              121.44150724311989,
              24.72312000340197
            ],
            [
              121.4451913710402,
              24.714798962668322
            ],
            [
              121.4488754989605,
              24.711908495887158
            ],
            [
              121.45030821537395,
              24.705602022910075
            ],
            [
              121.46361201064173,
              24.701047347982183
            ],
            [
              121.46698912790201,
              24.697718931688723
            ],
            [
              121.47425504685594,
              24.696142313444454
            ],
            [
              121.47302700421584,
              24.68966066066245
            ],
            [
              121.47589243704275,
              24.679412642074695
            ],
            [
              121.47916721741635,
              24.67547109646402
            ],
            [
              121.48684248391699,
              24.67520832675664
            ],
            [
              121.49267568645747,
              24.67319375900007
            ],
            [
              121.49912291031801,
              24.678011203635343
            ],
            [
              121.50557013417854,
              24.67993818148945
            ],
            [
              121.51222203181243,
              24.684492856417343
            ],
            [
              121.5147804539793,
              24.68326659778291
            ],
            [
              121.52378610000672,
              24.68326659778291
            ],
            [
              121.52910761811383,
              24.687646092905883
            ],
            [
              121.53688522150114,
              24.68852199193048
            ],
            [
              121.53882962234796,
              24.694565695200183
            ],
            [
              121.53780625348121,
              24.69973349944529
            ],
            [
              121.54343478224834,
              24.705777202714994
            ],
            [
              121.55029135365558,
              24.705689612812535
            ],
            [
              121.55827363081625,
              24.710945006960102
            ],
            [
              121.56328813826332,
              24.712784394911754
            ],
            [
              121.567483950617,
              24.71155813627732
            ],
            [
              121.57045172033058,
              24.713923063643726
            ],
            [
              121.57485220645762,
              24.71015669783797
            ],
            [
              121.57730829173782,
              24.71488655257078
            ],
            [
              121.5778199761712,
              24.721806154865078
            ],
            [
              121.587644317292,
              24.720317126523266
            ],
            [
              121.59040741323224,
              24.72347036301181
            ],
            [
              121.5975709952995,
              24.727674678329862
            ],
            [
              121.59409154115255,
              24.729251296574134
            ],
            [
              121.59531958379264,
              24.739148955552054
            ],
            [
              121.59163545587234,
              24.744929889114378
            ],
            [
              121.59613827888604,
              24.748258305407838
            ],
            [
              121.58999806568553,
              24.751849491408677
            ],
            [
              121.58897469681878,
              24.755177907702137
            ],
            [
              121.59050975011891,
              24.760783661459545
            ],
            [
              121.59583126822602,
              24.76647700511941
            ],
            [
              121.5975709952995,
              24.772520708389113
            ],
            [
              121.59450088869924,
              24.778827181366196
            ],
            [
              121.59194246653237,
              24.787498581709684
            ],
            [
              121.60565560934684,
              24.789162789856412
            ],
            [
              121.60964674792717,
              24.793805054686764
            ],
            [
              121.62039212102806,
              24.792578796052332
            ],
            [
              121.62530429158846,
              24.794943723418736
            ],
            [
              121.62479260715509,
              24.801600556005656
            ],
            [
              121.63001178837553,
              24.808958107812252
            ],
            [
              121.63881276062959,
              24.810709905861444
            ],
            [
              121.6457716689235,
              24.809658827031928
            ],
            [
              121.64751139599697,
              24.813863142349984
            ],
            [
              121.65436796740421,
              24.81114785537374
            ],
            [
              121.6602011699447,
              24.81114785537374
            ],
            [
              121.66879746842541,
              24.816928788936064
            ],
            [
              121.67677974558606,
              24.814125912057364
            ],
            [
              121.68077088416639,
              24.817541918253283
            ],
            [
              121.68936718264712,
              24.817366738448364
            ],
            [
              121.68885549821374,
              24.82621331859677
            ],
            [
              121.6964284278277,
              24.830417633914823
            ],
            [
              121.69673543848772,
              24.833746050208283
            ],
            [
              121.70174994593481,
              24.8343591795255
            ],
            [
              121.70748081158861,
              24.838826264550935
            ],
            [
              121.7021592934815,
              24.84276781016161
            ],
            [
              121.69438169009419,
              24.843556119283747
            ],
            [
              121.68783212934699,
              24.849862592260827
            ],
            [
              121.68210126369317,
              24.850212951870667
            ],
            [
              121.66992317417883,
              24.84802320430918
            ],
            [
              121.65968948551132,
              24.850826081187883
            ],
            [
              121.65713106334444,
              24.849687412455907
            ],
            [
              121.6531399247641,
              24.855030396505935
            ],
            [
              121.64464596317006,
              24.860723740165803
            ],
            [
              121.63840341308288,
              24.860898919970722
            ],
            [
              121.63523096959595,
              24.857395323872343
            ],
            [
              121.62960244082882,
              24.86142445938548
            ],
            [
              121.62100614234811,
              24.863263847337127
            ],
            [
              121.615684624241,
              24.860723740165803
            ],
            [
              121.60923740038047,
              24.863088667532207
            ],
            [
              121.6012551232198,
              24.863263847337127
            ],
            [
              121.59276116162577,
              24.86615431411829
            ],
            [
              121.5851882320118,
              24.87263596690029
            ],
            [
              121.57577323843769,
              24.875088484169154
            ]
          ]
        ]
      },
      "properties": {
        "id": "65000290",
        "name": "烏來區",
        "city": "新北市",
        "quarter": "1141",
        "age_under_1y": 1,
        "age_1_5y": 43,
        "age_5_10y": 167,
        "age_10_15y": 165,
        "age_15_20y": 76,
        "age_20_25y": 67,
        "age_25_30y": 62,
        "age_30_40y": 63,
        "age_40_50y": 223,
        "age_over_50y": 220,
        "total": 1087,
        "old_building_count": 506
      }
    },
    {
      "type": "Feature",
      "geometry": {
        "type": "Polygon",
        "coordinates": [
          [
            [
              121.48520509373019,
              25.039231961378206
            ],
            [
              121.47834852232295,
              25.039845090695422
            ],
            [
              121.46627276969528,
              25.03853124215853
            ],
            [
              121.45501571216101,
              25.033013078303583
            ],
            [
              121.44611240302028,
              25.02381613854534
            ],
            [
              121.43761844142624,
              25.01067765317642
            ],
            [
              121.43628806189946,
              25.000079274978823
            ],
            [
              121.430761870019,
              24.998064707222255
            ],
            [
              121.43004551181228,
              24.99526183034355
            ],
            [
              121.42451931993182,
              24.98702837951236
            ],
            [
              121.42656605766533,
              24.98405032282874
            ],
            [
              121.426668394552,
              24.972926405216384
            ],
            [
              121.42881746917217,
              24.972050506191792
            ],
            [
              121.43383197661926,
              24.97555410229017
            ],
            [
              121.43475300859933,
              24.98063431663282
            ],
            [
              121.44007452670644,
              24.988167048244335
            ],
            [
              121.44908017273386,
              24.992634133269767
            ],
            [
              121.45706244989452,
              24.991407874635335
            ],
            [
              121.46310032620835,
              24.989042947268928
            ],
            [
              121.46709146478868,
              24.992984492879604
            ],
            [
              121.46422603196177,
              24.99543701014847
            ],
            [
              121.46791015988208,
              25.004458770101795
            ],
            [
              121.47630178458944,
              25.011290782493635
            ],
            [
              121.4810092813765,
              25.01164114210347
            ],
            [
              121.48203265024326,
              25.015670277616607
            ],
            [
              121.48868454787714,
              25.015757867519067
            ],
            [
              121.48878688476381,
              25.023378189033043
            ],
            [
              121.48367004043006,
              25.03529041576753
            ],
            [
              121.48520509373019,
              25.039231961378206
            ]
          ]
        ]
      },
      "properties": {
        "id": "65000010",
        "name": "板橋區",
        "city": "新北市",
        "quarter": "1142",
        "age_under_1y": 2145,
        "age_1_5y": 11401,
        "age_5_10y": 10728,
        "age_10_15y": 8630,
        "age_15_20y": 13700,
        "age_20_25y": 8090,
        "age_25_30y": 27418,
        "age_30_40y": 32376,
        "age_40_50y": 71641,
        "age_over_50y": 38527,
        "total": 224656,
        "old_building_count": 142544
      }
    },
    {
      "type": "Feature",
      "geometry": {
        "type": "Polygon",
        "coordinates": [
          [
            [
              121.48520509373019,
              25.039231961378206
            ],
            [
              121.48878688476381,
              25.042560377671666
            ],
            [
              121.49564345617105,
              25.042998327183962
            ],
            [
              121.50137432182485,
              25.045976383867586
            ],
            [
              121.50618415549859,
              25.05359670538156
            ],
            [
              121.50567247106521,
              25.060779077383238
            ],
            [
              121.50700285059199,
              25.06988842723902
            ],
            [
              121.50260236446496,
              25.082939322705485
            ],
            [
              121.49922524720468,
              25.087844357243213
            ],
            [
              121.49114063315734,
              25.094763959537513
            ],
            [
              121.48459107241013,
              25.089158205780105
            ],
            [
              121.48397705109008,
              25.084515940949753
            ],
            [
              121.47538075260937,
              25.07321684353248
            ],
            [
              121.47098026648234,
              25.07347961323986
            ],
            [
              121.46975222384224,
              25.06857457870213
            ],
            [
              121.46555641148855,
              25.06550893211605
            ],
            [
              121.46872885497548,
              25.052983576064342
            ],
            [
              121.46565874837523,
              25.04369904640364
            ],
            [
              121.46627276969528,
              25.03853124215853
            ],
            [
              121.47834852232295,
              25.039845090695422
            ],
            [
              121.48520509373019,
              25.039231961378206
            ]
          ]
        ]
      },
      "properties": {
        "id": "65000020",
        "name": "三重區",
        "city": "新北市",
        "quarter": "1142",
        "age_under_1y": 3196,
        "age_1_5y": 8967,
        "age_5_10y": 5162,
        "age_10_15y": 5577,
        "age_15_20y": 11993,
        "age_20_25y": 6119,
        "age_25_30y": 22346,
        "age_30_40y": 27270,
        "age_40_50y": 50104,
        "age_over_50y": 29253,
        "total": 169987,
        "old_building_count": 106627
      }
    },
    {
      "type": "Feature",
      "geometry": {
        "type": "Polygon",
        "coordinates": [
          [
            [
              121.49400606598425,
              25.009188624834607
            ],
            [
              121.48868454787714,
              25.015757867519067
            ],
            [
              121.48203265024326,
              25.015670277616607
            ],
            [
              121.4810092813765,
              25.01164114210347
            ],
            [
              121.47630178458944,
              25.011290782493635
            ],
            [
              121.46791015988208,
              25.004458770101795
            ],
            [
              121.46422603196177,
              24.99543701014847
            ],
            [
              121.46709146478868,
              24.992984492879604
            ],
            [
              121.47302700421584,
              24.99412316161158
            ],
            [
              121.4793718911897,
              24.989393306878767
            ],
            [
              121.47415270996926,
              24.983174423804144
            ],
            [
              121.4818279764699,
              24.973189174923764
            ],
            [
              121.47865553298297,
              24.966619932239304
            ],
            [
              121.4797812387364,
              24.96390464526306
            ],
            [
              121.48244199778995,
              24.963379105848304
            ],
            [
              121.49758785701788,
              24.97038629804506
            ],
            [
              121.5019883431449,
              24.969860758630304
            ],
            [
              121.50720752436534,
              24.975992051802468
            ],
            [
              121.51375708511254,
              24.981422625754956
            ],
            [
              121.51498512775265,
              24.986152480487767
            ],
            [
              121.52194403604656,
              24.98834222804925
            ],
            [
              121.52358142623336,
              24.98387514302382
            ],
            [
              121.5316660402807,
              24.99053197561074
            ],
            [
              121.53135902962067,
              24.99543701014847
            ],
            [
              121.5259351746269,
              24.9975391678075
            ],
            [
              121.51846458189961,
              24.995962549563227
            ],
            [
              121.51498512775265,
              24.998152297124715
            ],
            [
              121.51447344331928,
              25.00393323068704
            ],
            [
              121.50894725143881,
              25.0040208205895
            ],
            [
              121.49809954145125,
              25.009013445029687
            ],
            [
              121.49400606598425,
              25.009188624834607
            ]
          ]
        ]
      },
      "properties": {
        "id": "65000030",
        "name": "中和區",
        "city": "新北市",
        "quarter": "1142",
        "age_under_1y": 1302,
        "age_1_5y": 5675,
        "age_5_10y": 6568,
        "age_10_15y": 5538,
        "age_15_20y": 13217,
        "age_20_25y": 8352,
        "age_25_30y": 29404,
        "age_30_40y": 29015,
        "age_40_50y": 61545,
        "age_over_50y": 16675,
        "total": 177291,
        "old_building_count": 107235
      }
    },
    {
      "type": "Feature",
      "geometry": {
        "type": "Polygon",
        "coordinates": [
          [
            [
              121.53135902962067,
              24.99543701014847
            ],
            [
              121.5316660402807,
              25.001217943710795
            ],
            [
              121.53381511490088,
              25.003582871077203
            ],
            [
              121.53217772471407,
              25.008137546005095
            ],
            [
              121.52573050085354,
              25.01190391181085
            ],
            [
              121.51928327699301,
              25.019524233324827
            ],
            [
              121.50915192521217,
              25.021363621276475
            ],
            [
              121.50024861607143,
              25.01199150171331
            ],
            [
              121.49400606598425,
              25.009188624834607
            ],
            [
              121.49809954145125,
              25.009013445029687
            ],
            [
              121.50894725143881,
              25.0040208205895
            ],
            [
              121.51447344331928,
              25.00393323068704
            ],
            [
              121.51498512775265,
              24.998152297124715
            ],
            [
              121.51846458189961,
              24.995962549563227
            ],
            [
              121.5259351746269,
              24.9975391678075
            ],
            [
              121.53135902962067,
              24.99543701014847
            ]
          ]
        ]
      },
      "properties": {
        "id": "65000040",
        "name": "永和區",
        "city": "新北市",
        "quarter": "1142",
        "age_under_1y": 64,
        "age_1_5y": 1065,
        "age_5_10y": 2428,
        "age_10_15y": 2320,
        "age_15_20y": 2653,
        "age_20_25y": 5909,
        "age_25_30y": 13170,
        "age_30_40y": 13068,
        "age_40_50y": 32495,
        "age_over_50y": 18176,
        "total": 91348,
        "old_building_count": 63739
      }
    },
    {
      "type": "Feature",
      "geometry": {
        "type": "Polygon",
        "coordinates": [
          [
            [
              121.46555641148855,
              25.06550893211605
            ],
            [
              121.46136059913488,
              25.06874975850705
            ],
            [
              121.4480568038671,
              25.062618465334886
            ],
            [
              121.44795446698043,
              25.060428717773398
            ],
            [
              121.43864181029299,
              25.055786452943046
            ],
            [
              121.44201892755326,
              25.047728181916774
            ],
            [
              121.4419165906666,
              25.04177206854953
            ],
            [
              121.43731143076621,
              25.043261096891342
            ],
            [
              121.43270627086584,
              25.041158939232314
            ],
            [
              121.42124453955822,
              25.02872117308307
            ],
            [
              121.41817443295795,
              25.03029779132734
            ],
            [
              121.41684405343118,
              25.034764876352774
            ],
            [
              121.4126482410775,
              25.03520282586507
            ],
            [
              121.40906645004387,
              25.044136995915938
            ],
            [
              121.40302857373004,
              25.04545084445283
            ],
            [
              121.3969906974162,
              25.043436276696262
            ],
            [
              121.39873042448968,
              25.03870642196345
            ],
            [
              121.39821874005631,
              25.030210201424882
            ],
            [
              121.40865710249717,
              25.02083808186172
            ],
            [
              121.41213655664413,
              25.019436643422367
            ],
            [
              121.41807209607128,
              25.019436643422367
            ],
            [
              121.42380296172509,
              25.016458586738743
            ],
            [
              121.42410997238511,
              25.013568119957583
            ],
            [
              121.4319899126591,
              25.003582871077203
            ],
            [
              121.43004551181228,
              24.99526183034355
            ],
            [
              121.430761870019,
              24.998064707222255
            ],
            [
              121.43628806189946,
              25.000079274978823
            ],
            [
              121.43761844142624,
              25.01067765317642
            ],
            [
              121.44611240302028,
              25.02381613854534
            ],
            [
              121.45501571216101,
              25.033013078303583
            ],
            [
              121.46627276969528,
              25.03853124215853
            ],
            [
              121.46565874837523,
              25.04369904640364
            ],
            [
              121.46872885497548,
              25.052983576064342
            ],
            [
              121.46555641148855,
              25.06550893211605
            ]
          ]
        ]
      },
      "properties": {
        "id": "65000050",
        "name": "新莊區",
        "city": "新北市",
        "quarter": "1142",
        "age_under_1y": 946,
        "age_1_5y": 6942,
        "age_5_10y": 10713,
        "age_10_15y": 9296,
        "age_15_20y": 10779,
        "age_20_25y": 8058,
        "age_25_30y": 21717,
        "age_30_40y": 39778,
        "age_40_50y": 41051,
        "age_over_50y": 12785,
        "total": 162065,
        "old_building_count": 93614
      }
    },
    {
      "type": "Feature",
      "geometry": {
        "type": "Polygon",
        "coordinates": [
          [
            [
              121.60923740038047,
              24.96399223516552
            ],
            [
              121.59705931086613,
              24.96048863906714
            ],
            [
              121.59337518294582,
              24.964255004872896
            ],
            [
              121.58569991644518,
              24.963203926043384
            ],
            [
              121.5786386712646,
              24.966619932239304
            ],
            [
              121.57301014249747,
              24.96407982506798
            ],
            [
              121.56124140052982,
              24.964692954385196
            ],
            [
              121.5530544495958,
              24.98072190653528
            ],
            [
              121.5538731446892,
              24.984400682438576
            ],
            [
              121.5448674986618,
              24.98378755312136
            ],
            [
              121.54384412979505,
              24.988254638146792
            ],
            [
              121.53688522150114,
              24.98869258765909
            ],
            [
              121.5316660402807,
              24.99053197561074
            ],
            [
              121.52358142623336,
              24.98387514302382
            ],
            [
              121.52194403604656,
              24.98834222804925
            ],
            [
              121.51498512775265,
              24.986152480487767
            ],
            [
              121.51375708511254,
              24.981422625754956
            ],
            [
              121.50720752436534,
              24.975992051802468
            ],
            [
              121.5019883431449,
              24.969860758630304
            ],
            [
              121.49758785701788,
              24.97038629804506
            ],
            [
              121.48244199778995,
              24.963379105848304
            ],
            [
              121.4797812387364,
              24.96390464526306
            ],
            [
              121.47190129846241,
              24.95899961072533
            ],
            [
              121.47128727714237,
              24.955145655017112
            ],
            [
              121.46176994668157,
              24.94752533350314
            ],
            [
              121.45747179744122,
              24.94612389506379
            ],
            [
              121.45972320894806,
              24.935437926963733
            ],
            [
              121.46842184431546,
              24.93070807223092
            ],
            [
              121.48469340929681,
              24.927905195352217
            ],
            [
              121.48551210439021,
              24.92422641944892
            ],
            [
              121.49206166513741,
              24.91704404744724
            ],
            [
              121.48940090608386,
              24.908197467298837
            ],
            [
              121.49247101268412,
              24.903555202468485
            ],
            [
              121.48653547325696,
              24.9004895558824
            ],
            [
              121.48029292316977,
              24.890591896904482
            ],
            [
              121.47538075260937,
              24.88621240178151
            ],
            [
              121.47179896157574,
              24.877015462023262
            ],
            [
              121.47926955430303,
              24.870095859728966
            ],
            [
              121.47763216411622,
              24.86562877470353
            ],
            [
              121.48039526005645,
              24.861774818995315
            ],
            [
              121.48837753721712,
              24.862212768507614
            ],
            [
              121.49472242419097,
              24.868344061679775
            ],
            [
              121.49922524720468,
              24.870358629436343
            ],
            [
              121.50884491455214,
              24.877541001438022
            ],
            [
              121.5180552343529,
              24.88095700763394
            ],
            [
              121.52071599340645,
              24.883321935000346
            ],
            [
              121.52654919594694,
              24.883672294610182
            ],
            [
              121.5324847353741,
              24.887613840220858
            ],
            [
              121.53504315754098,
              24.891467795929078
            ],
            [
              121.53985299121472,
              24.893832723295482
            ],
            [
              121.54660722573527,
              24.888314559440534
            ],
            [
              121.55029135365558,
              24.890942256514318
            ],
            [
              121.55909232590965,
              24.890591896904482
            ],
            [
              121.56410683335673,
              24.886825531098726
            ],
            [
              121.56451618090342,
              24.877103051925722
            ],
            [
              121.57137275231067,
              24.876927872120802
            ],
            [
              121.57577323843769,
              24.875088484169154
            ],
            [
              121.5778199761712,
              24.880081108609346
            ],
            [
              121.57638725975774,
              24.88603722197659
            ],
            [
              121.57884334503795,
              24.895409341539754
            ],
            [
              121.5761825859844,
              24.898737757833214
            ],
            [
              121.567483950617,
              24.903467612566025
            ],
            [
              121.57311247938414,
              24.90898577642097
            ],
            [
              121.57833166060458,
              24.908810596616053
            ],
            [
              121.59040741323224,
              24.914591530178377
            ],
            [
              121.59705931086613,
              24.911876243202133
            ],
            [
              121.59675230020609,
              24.91748199695954
            ],
            [
              121.59419387803922,
              24.92746724583992
            ],
            [
              121.59777566907285,
              24.93754008462276
            ],
            [
              121.59982240680635,
              24.93911670286703
            ],
            [
              121.59787800595953,
              24.944547276819517
            ],
            [
              121.60115278633313,
              24.94708738399084
            ],
            [
              121.60698598887362,
              24.94743774360068
            ],
            [
              121.60770234708033,
              24.956371913651545
            ],
            [
              121.61056777990724,
              24.959437560237628
            ],
            [
              121.60923740038047,
              24.96399223516552
            ]
          ]
        ]
      },
      "properties": {
        "id": "65000060",
        "name": "新店區",
        "city": "新北市",
        "quarter": "1142",
        "age_under_1y": 1421,
        "age_1_5y": 5614,
        "age_5_10y": 7533,
        "age_10_15y": 7941,
        "age_15_20y": 10206,
        "age_20_25y": 9028,
        "age_25_30y": 25186,
        "age_30_40y": 25671,
        "age_40_50y": 34521,
        "age_over_50y": 13694,
        "total": 140815,
        "old_building_count": 73886
      }
    },
    {
      "type": "Feature",
      "geometry": {
        "type": "Polygon",
        "coordinates": [
          [
            [
              121.43004551181228,
              24.99526183034355
            ],
            [
              121.4319899126591,
              25.003582871077203
            ],
            [
              121.42410997238511,
              25.013568119957583
            ],
            [
              121.42380296172509,
              25.016458586738743
            ],
            [
              121.41807209607128,
              25.019436643422367
            ],
            [
              121.41213655664413,
              25.019436643422367
            ],
            [
              121.40159585731658,
              25.015757867519067
            ],
            [
              121.39750238184958,
              25.016195817031367
            ],
            [
              121.3912598317624,
              25.01225427142069
            ],
            [
              121.39954911958309,
              25.00699887727312
            ],
            [
              121.40323324750338,
              24.999290965856687
            ],
            [
              121.39678602364285,
              24.99727639810012
            ],
            [
              121.39422760147598,
              24.993510032294363
            ],
            [
              121.38798505138878,
              24.996400499075524
            ],
            [
              121.38409624969513,
              24.995612189953388
            ],
            [
              121.38215184884831,
              24.98387514302382
            ],
            [
              121.37242984461416,
              24.979933597413144
            ],
            [
              121.3689503904672,
              24.976780360924604
            ],
            [
              121.37089479131404,
              24.972313275899168
            ],
            [
              121.37427190857431,
              24.9707366576549
            ],
            [
              121.37826304715465,
              24.965393673604872
            ],
            [
              121.37867239470135,
              24.96083899867698
            ],
            [
              121.37232750772749,
              24.956722273261384
            ],
            [
              121.36618729452698,
              24.954795295407276
            ],
            [
              121.3656756100936,
              24.951291699308896
            ],
            [
              121.36137746085325,
              24.945510765746572
            ],
            [
              121.36526626254691,
              24.94735015369822
            ],
            [
              121.37069011754069,
              24.946824614283464
            ],
            [
              121.37611397253447,
              24.949715081064625
            ],
            [
              121.37918407913473,
              24.943408608087545
            ],
            [
              121.38522195544856,
              24.94375896769738
            ],
            [
              121.39484162279602,
              24.946386664771165
            ],
            [
              121.39729770807622,
              24.94253270906295
            ],
            [
              121.40753139674374,
              24.952167598333492
            ],
            [
              121.41049916645733,
              24.956196733846628
            ],
            [
              121.40998748202395,
              24.96250320682371
            ],
            [
              121.41285291485084,
              24.966094392824548
            ],
            [
              121.42298426663169,
              24.968897269703252
            ],
            [
              121.42881746917217,
              24.972050506191792
            ],
            [
              121.426668394552,
              24.972926405216384
            ],
            [
              121.42656605766533,
              24.98405032282874
            ],
            [
              121.42451931993182,
              24.98702837951236
            ],
            [
              121.43004551181228,
              24.99526183034355
            ]
          ]
        ]
      },
      "properties": {
        "id": "65000070",
        "name": "樹林區",
        "city": "新北市",
        "quarter": "1142",
        "age_under_1y": 180,
        "age_1_5y": 1035,
        "age_5_10y": 1344,
        "age_10_15y": 1826,
        "age_15_20y": 12564,
        "age_20_25y": 2379,
        "age_25_30y": 8652,
        "age_30_40y": 15875,
        "age_40_50y": 15847,
        "age_over_50y": 6229,
        "total": 65931,
        "old_building_count": 37951
      }
    },
    {
      "type": "Feature",
      "geometry": {
        "type": "Polygon",
        "coordinates": [
          [
            [
              121.3689503904672,
              24.976780360924604
            ],
            [
              121.36373120924678,
              24.979583237803304
            ],
            [
              121.35400920501264,
              24.977831439754116
            ],
            [
              121.35237181482583,
              24.98080949643774
            ],
            [
              121.34735730737876,
              24.97879492868117
            ],
            [
              121.34275214747836,
              24.982298524779548
            ],
            [
              121.32719694070374,
              24.97756867004674
            ],
            [
              121.32914134155058,
              24.9605762289696
            ],
            [
              121.32811797268383,
              24.948839182040032
            ],
            [
              121.33036938419067,
              24.944547276819517
            ],
            [
              121.32504786608357,
              24.943583787892464
            ],
            [
              121.31573520939614,
              24.938503573549813
            ],
            [
              121.32320580212341,
              24.931321201548137
            ],
            [
              121.32208009636999,
              24.928080375157137
            ],
            [
              121.33425818588434,
              24.929744583303865
            ],
            [
              121.33978437776479,
              24.928518324669433
            ],
            [
              121.34868768690554,
              24.936576595695705
            ],
            [
              121.3591260493464,
              24.942182349453113
            ],
            [
              121.36137746085325,
              24.945510765746572
            ],
            [
              121.3656756100936,
              24.951291699308896
            ],
            [
              121.36618729452698,
              24.954795295407276
            ],
            [
              121.37232750772749,
              24.956722273261384
            ],
            [
              121.37867239470135,
              24.96083899867698
            ],
            [
              121.37826304715465,
              24.965393673604872
            ],
            [
              121.37427190857431,
              24.9707366576549
            ],
            [
              121.37089479131404,
              24.972313275899168
            ],
            [
              121.3689503904672,
              24.976780360924604
            ]
          ]
        ]
      },
      "properties": {
        "id": "65000080",
        "name": "鶯歌區",
        "city": "新北市",
        "quarter": "1142",
        "age_under_1y": 827,
        "age_1_5y": 2884,
        "age_5_10y": 2980,
        "age_10_15y": 901,
        "age_15_20y": 1956,
        "age_20_25y": 1318,
        "age_25_30y": 5129,
        "age_30_40y": 5274,
        "age_40_50y": 11420,
        "age_over_50y": 3131,
        "total": 35820,
        "old_building_count": 19825
      }
    },
    {
      "type": "Feature",
      "geometry": {
        "type": "Polygon",
        "coordinates": [
          [
            [
              121.45747179744122,
              24.94612389506379
            ],
            [
              121.45163859490073,
              24.944372097014597
            ],
            [
              121.44232593821329,
              24.937715264427677
            ],
            [
              121.43669740944615,
              24.93561310676865
            ],
            [
              121.43413898727928,
              24.940255371599
            ],
            [
              121.41745807475124,
              24.93754008462276
            ],
            [
              121.41408095749095,
              24.941131270623597
            ],
            [
              121.40916878693055,
              24.941656810038353
            ],
            [
              121.40753139674374,
              24.952167598333492
            ],
            [
              121.39729770807622,
              24.94253270906295
            ],
            [
              121.39484162279602,
              24.946386664771165
            ],
            [
              121.38522195544856,
              24.94375896769738
            ],
            [
              121.37918407913473,
              24.943408608087545
            ],
            [
              121.37611397253447,
              24.949715081064625
            ],
            [
              121.37069011754069,
              24.946824614283464
            ],
            [
              121.36526626254691,
              24.94735015369822
            ],
            [
              121.36137746085325,
              24.945510765746572
            ],
            [
              121.3591260493464,
              24.942182349453113
            ],
            [
              121.34868768690554,
              24.936576595695705
            ],
            [
              121.33978437776479,
              24.928518324669433
            ],
            [
              121.33548622852443,
              24.925102318473513
            ],
            [
              121.32463851853687,
              24.923350520424325
            ],
            [
              121.31757727335628,
              24.916343328227565
            ],
            [
              121.326173571837,
              24.90916095622589
            ],
            [
              121.32177308570996,
              24.903467612566025
            ],
            [
              121.32126140127659,
              24.899964016467646
            ],
            [
              121.33221144815083,
              24.893394773783186
            ],
            [
              121.34213812615832,
              24.89260646466105
            ],
            [
              121.34131943106492,
              24.887438660415942
            ],
            [
              121.3446965483252,
              24.88577445226921
            ],
            [
              121.34561758030527,
              24.880081108609346
            ],
            [
              121.35052975086569,
              24.878592080267534
            ],
            [
              121.35441855255934,
              24.873249096217506
            ],
            [
              121.34940404511225,
              24.868782011192074
            ],
            [
              121.3459245909653,
              24.86816888187486
            ],
            [
              121.34735730737876,
              24.862037588702695
            ],
            [
              121.35359985746594,
              24.858446402701855
            ],
            [
              121.35482790010605,
              24.853366188359207
            ],
            [
              121.35247415171251,
              24.84907428313869
            ],
            [
              121.3467432860587,
              24.850212951870667
            ],
            [
              121.33691894493789,
              24.8481983841141
            ],
            [
              121.33599791295781,
              24.843906478893583
            ],
            [
              121.3401937253115,
              24.843468529381287
            ],
            [
              121.3467432860587,
              24.84592104665015
            ],
            [
              121.35482790010605,
              24.843994068796043
            ],
            [
              121.35779566981962,
              24.83952698377061
            ],
            [
              121.37283919216087,
              24.834972308842715
            ],
            [
              121.37785369960795,
              24.83444676942796
            ],
            [
              121.38450559724183,
              24.8380379554288
            ],
            [
              121.3850172816752,
              24.840840832307503
            ],
            [
              121.39361358015591,
              24.843994068796043
            ],
            [
              121.39801406628295,
              24.841804321234555
            ],
            [
              121.40272156307002,
              24.843556119283747
            ],
            [
              121.40875943938384,
              24.840665652502583
            ],
            [
              121.41561601079108,
              24.835497848257475
            ],
            [
              121.4138762837176,
              24.831994252159095
            ],
            [
              121.41756041163791,
              24.825249829669715
            ],
            [
              121.42349595106506,
              24.825512599377095
            ],
            [
              121.42533801502522,
              24.819994435522148
            ],
            [
              121.4299431749256,
              24.814914221179496
            ],
            [
              121.43639039878613,
              24.812198934203256
            ],
            [
              121.43792545208626,
              24.80422825307944
            ],
            [
              121.43823246274629,
              24.795381672931036
            ],
            [
              121.4460100661336,
              24.79003868888101
            ],
            [
              121.45041055226064,
              24.7909145879056
            ],
            [
              121.45624375480111,
              24.79327951527201
            ],
            [
              121.45532272282104,
              24.798885269029412
            ],
            [
              121.46228163111495,
              24.805629691518792
            ],
            [
              121.4690358656355,
              24.807206309763064
            ],
            [
              121.47312934110252,
              24.813250013032768
            ],
            [
              121.48407938797675,
              24.81920612640001
            ],
            [
              121.48039526005645,
              24.823498031620527
            ],
            [
              121.4867401470303,
              24.83427158962304
            ],
            [
              121.49441541353094,
              24.836461337184527
            ],
            [
              121.49717850947117,
              24.848285974016555
            ],
            [
              121.49277802334414,
              24.853716547969043
            ],
            [
              121.49277802334414,
              24.856607014750207
            ],
            [
              121.48837753721712,
              24.862212768507614
            ],
            [
              121.48039526005645,
              24.861774818995315
            ],
            [
              121.47763216411622,
              24.86562877470353
            ],
            [
              121.47926955430303,
              24.870095859728966
            ],
            [
              121.47179896157574,
              24.877015462023262
            ],
            [
              121.47538075260937,
              24.88621240178151
            ],
            [
              121.48029292316977,
              24.890591896904482
            ],
            [
              121.48653547325696,
              24.9004895558824
            ],
            [
              121.49247101268412,
              24.903555202468485
            ],
            [
              121.48940090608386,
              24.908197467298837
            ],
            [
              121.49206166513741,
              24.91704404744724
            ],
            [
              121.48551210439021,
              24.92422641944892
            ],
            [
              121.48469340929681,
              24.927905195352217
            ],
            [
              121.46842184431546,
              24.93070807223092
            ],
            [
              121.45972320894806,
              24.935437926963733
            ],
            [
              121.45747179744122,
              24.94612389506379
            ]
          ]
        ]
      },
      "properties": {
        "id": "65000090",
        "name": "三峽區",
        "city": "新北市",
        "quarter": "1142",
        "age_under_1y": 871,
        "age_1_5y": 688,
        "age_5_10y": 2909,
        "age_10_15y": 3576,
        "age_15_20y": 11649,
        "age_20_25y": 1638,
        "age_25_30y": 7651,
        "age_30_40y": 8713,
        "age_40_50y": 6748,
        "age_over_50y": 4664,
        "total": 49107,
        "old_building_count": 20125
      }
    },
    {
      "type": "Feature",
      "geometry": {
        "type": "Polygon",
        "coordinates": [
          [
            [
              121.52173936227321,
              25.179113035605983
            ],
            [
              121.51938561387968,
              25.182441451899443
            ],
            [
              121.51426876954592,
              25.183842890338795
            ],
            [
              121.50618415549859,
              25.19023695321834
            ],
            [
              121.50076030050481,
              25.19295224019458
            ],
            [
              121.49554111928437,
              25.19111285224293
            ],
            [
              121.48551210439021,
              25.20477687702661
            ],
            [
              121.4867401470303,
              25.21134611971107
            ],
            [
              121.49288036023081,
              25.211959249028286
            ],
            [
              121.49850888899795,
              25.215900794638962
            ],
            [
              121.49697383569783,
              25.21809054220045
            ],
            [
              121.50157899559821,
              25.223783885860314
            ],
            [
              121.49758785701788,
              25.225272914202126
            ],
            [
              121.49646215126445,
              25.230440718447234
            ],
            [
              121.49001492740392,
              25.231754566984126
            ],
            [
              121.47087792959566,
              25.238849349083345
            ],
            [
              121.45880217696799,
              25.240338377425154
            ],
            [
              121.45696011300784,
              25.243141254303858
            ],
            [
              121.45030821537395,
              25.24436751293829
            ],
            [
              121.44590772924693,
              25.241827405766966
            ],
            [
              121.4435539808534,
              25.232542876106262
            ],
            [
              121.43587871435275,
              25.217127053273394
            ],
            [
              121.43086420690568,
              25.215900794638962
            ],
            [
              121.41889079116469,
              25.199258713171663
            ],
            [
              121.41878845427802,
              25.19155080175523
            ],
            [
              121.4122388935308,
              25.18997418351096
            ],
            [
              121.4048706376902,
              25.18979900370604
            ],
            [
              121.40425661637013,
              25.18305458121666
            ],
            [
              121.4163323689978,
              25.180689653850255
            ],
            [
              121.41745807475124,
              25.175521849605147
            ],
            [
              121.42410997238511,
              25.17149271409201
            ],
            [
              121.4332179552992,
              25.16763875838379
            ],
            [
              121.44099555868652,
              25.162558544041143
            ],
            [
              121.45041055226064,
              25.152748474965684
            ],
            [
              121.45266196376748,
              25.14670477169598
            ],
            [
              121.45685777612117,
              25.12664668403276
            ],
            [
              121.45880217696799,
              25.12296790812946
            ],
            [
              121.4645330426218,
              25.124719706178652
            ],
            [
              121.46555641148855,
              25.131551718570492
            ],
            [
              121.47200363534908,
              25.137770601645112
            ],
            [
              121.48285134533666,
              25.15020836779436
            ],
            [
              121.48643313637028,
              25.150733907209116
            ],
            [
              121.49277802334414,
              25.160719156089495
            ],
            [
              121.49738318324452,
              25.163697212773116
            ],
            [
              121.50270470135163,
              25.172806562628903
            ],
            [
              121.51037996785227,
              25.169478146335443
            ],
            [
              121.51304072690583,
              25.17096717467725
            ],
            [
              121.52010197208641,
              25.169390556432983
            ],
            [
              121.52255805736661,
              25.17464595058055
            ],
            [
              121.52173936227321,
              25.179113035605983
            ]
          ]
        ]
      },
      "properties": {
        "id": "65000100",
        "name": "淡水區",
        "city": "新北市",
        "quarter": "1142",
        "age_under_1y": 3205,
        "age_1_5y": 5364,
        "age_5_10y": 18453,
        "age_10_15y": 13094,
        "age_15_20y": 18101,
        "age_20_25y": 6571,
        "age_25_30y": 21066,
        "age_30_40y": 17607,
        "age_40_50y": 13454,
        "age_over_50y": 5623,
        "total": 122538,
        "old_building_count": 36684
      }
    },
    {
      "type": "Feature",
      "geometry": {
        "type": "Polygon",
        "coordinates": [
          [
            [
              121.6268393448886,
              25.13969757949922
            ],
            [
              121.61629864556106,
              25.137595421840196
            ],
            [
              121.60780468396702,
              25.1302378700336
            ],
            [
              121.60166447076651,
              25.126033554715544
            ],
            [
              121.59562659445267,
              25.11324542895646
            ],
            [
              121.59746865841282,
              25.109479063150705
            ],
            [
              121.60800935774037,
              25.10676377617446
            ],
            [
              121.61547995046764,
              25.103873309393297
            ],
            [
              121.62325755385497,
              25.096953707098997
            ],
            [
              121.62857907196206,
              25.08644291880386
            ],
            [
              121.62428092272171,
              25.080399215534158
            ],
            [
              121.62141548989482,
              25.069538067629185
            ],
            [
              121.6160939717877,
              25.063932313871778
            ],
            [
              121.62162016366815,
              25.060341127870938
            ],
            [
              121.62100614234811,
              25.053684295284018
            ],
            [
              121.6165033193344,
              25.048166131429074
            ],
            [
              121.62192717432819,
              25.040020270500342
            ],
            [
              121.62530429158846,
              25.037655343133935
            ],
            [
              121.63287722120242,
              25.035815955182287
            ],
            [
              121.64403194185002,
              25.029947431717503
            ],
            [
              121.6502744919372,
              25.027670094253555
            ],
            [
              121.65682405268441,
              25.027932863960935
            ],
            [
              121.66081519126475,
              25.03047297113226
            ],
            [
              121.66582969871183,
              25.029947431717503
            ],
            [
              121.66582969871183,
              25.03371379752326
            ],
            [
              121.67115121681893,
              25.033100668206043
            ],
            [
              121.67718909313277,
              25.034852466255234
            ],
            [
              121.68414800142668,
              25.040107860402802
            ],
            [
              121.6923349523607,
              25.04185965845199
            ],
            [
              121.6956097327343,
              25.040808579622478
            ],
            [
              121.69694011226107,
              25.03511523596261
            ],
            [
              121.70318266234825,
              25.03196199947407
            ],
            [
              121.70829950668201,
              25.0340641571331
            ],
            [
              121.71188129771565,
              25.033363437913422
            ],
            [
              121.7157700994093,
              25.036253904694586
            ],
            [
              121.7178168371428,
              25.042998327183962
            ],
            [
              121.72098928062974,
              25.047202642502018
            ],
            [
              121.72661780939687,
              25.049392390063506
            ],
            [
              121.73009726354383,
              25.053333935674182
            ],
            [
              121.72620846185016,
              25.058151380309454
            ],
            [
              121.72272900770321,
              25.05850173991929
            ],
            [
              121.71239298214903,
              25.068049039287374
            ],
            [
              121.70686679026856,
              25.06656001094556
            ],
            [
              121.69939619754128,
              25.067435909970158
            ],
            [
              121.69653076471437,
              25.07006360704394
            ],
            [
              121.68844615066703,
              25.07172781519067
            ],
            [
              121.67923583086628,
              25.07855982758251
            ],
            [
              121.68148724237312,
              25.084428351047293
            ],
            [
              121.67862180954621,
              25.087231227925997
            ],
            [
              121.67401664964584,
              25.082939322705485
            ],
            [
              121.66787643644533,
              25.085742199584185
            ],
            [
              121.65569834693099,
              25.093625290805537
            ],
            [
              121.64894411241042,
              25.10194633153919
            ],
            [
              121.65221889278403,
              25.104661618515433
            ],
            [
              121.65017215505053,
              25.10965424295562
            ],
            [
              121.6461810164702,
              25.1135957885663
            ],
            [
              121.64628335335688,
              25.121040930275353
            ],
            [
              121.64300857298326,
              25.127872942667192
            ],
            [
              121.6378917286495,
              25.130850999350816
            ],
            [
              121.6346169482759,
              25.130500639740976
            ],
            [
              121.62868140884875,
              25.134704955059032
            ],
            [
              121.6268393448886,
              25.13969757949922
            ]
          ]
        ]
      },
      "properties": {
        "id": "65000110",
        "name": "汐止區",
        "city": "新北市",
        "quarter": "1142",
        "age_under_1y": 342,
        "age_1_5y": 3773,
        "age_5_10y": 5605,
        "age_10_15y": 3246,
        "age_15_20y": 5893,
        "age_20_25y": 3835,
        "age_25_30y": 36112,
        "age_30_40y": 22634,
        "age_40_50y": 17969,
        "age_over_50y": 4788,
        "total": 104197,
        "old_building_count": 45391
      }
    },
    {
      "type": "Feature",
      "geometry": {
        "type": "Polygon",
        "coordinates": [
          [
            [
              121.92259294737978,
              25.122354778812245
            ],
            [
              121.92678875973347,
              25.128836431594248
            ],
            [
              121.92402566379323,
              25.13015028013114
            ],
            [
              121.91645273417927,
              25.127259813349976
            ],
            [
              121.91502001776583,
              25.124369346568812
            ],
            [
              121.91031252097876,
              25.1233182677393
            ],
            [
              121.90447931843828,
              25.124281756666356
            ],
            [
              121.89711106259767,
              25.11972708173846
            ],
            [
              121.88933345921036,
              25.12016503125076
            ],
            [
              121.88831009034361,
              25.122529958617164
            ],
            [
              121.87736004346937,
              25.12507006578849
            ],
            [
              121.86507961706835,
              25.12314308793438
            ],
            [
              121.85607397104093,
              25.124807296081112
            ],
            [
              121.84184914379308,
              25.128836431594248
            ],
            [
              121.82844301163864,
              25.127259813349976
            ],
            [
              121.82844301163864,
              25.12296790812946
            ],
            [
              121.82250747221148,
              25.121478879787652
            ],
            [
              121.81984671315793,
              25.124194166763896
            ],
            [
              121.81974437627126,
              25.129361971009004
            ],
            [
              121.82578225258509,
              25.134704955059032
            ],
            [
              121.82189345089144,
              25.136018803595924
            ],
            [
              121.81043171958382,
              25.13312833681476
            ],
            [
              121.80684992855018,
              25.135580854083628
            ],
            [
              121.80500786459004,
              25.125770785008164
            ],
            [
              121.80234710553648,
              25.12174164949503
            ],
            [
              121.79702558742937,
              25.121303699982732
            ],
            [
              121.79774194563609,
              25.114296507785973
            ],
            [
              121.79016901602213,
              25.112281940029405
            ],
            [
              121.78597320366845,
              25.118150463494192
            ],
            [
              121.78351711838825,
              25.11657384524992
            ],
            [
              121.77297641906071,
              25.1200774413483
            ],
            [
              121.76693854274687,
              25.112544709736785
            ],
            [
              121.75936561313291,
              25.112632299639245
            ],
            [
              121.75609083275931,
              25.10842798432119
            ],
            [
              121.75957028690627,
              25.100807662807217
            ],
            [
              121.75834224426616,
              25.094763959537513
            ],
            [
              121.75977496067962,
              25.09020928460962
            ],
            [
              121.75916093935956,
              25.084515940949753
            ],
            [
              121.76171936152645,
              25.07838464777759
            ],
            [
              121.76704087963356,
              25.07873500738743
            ],
            [
              121.77133902887391,
              25.076107310313645
            ],
            [
              121.77563717811427,
              25.07006360704394
            ],
            [
              121.784540487255,
              25.072516124312806
            ],
            [
              121.78842928894866,
              25.07549418099643
            ],
            [
              121.79477417592251,
              25.077421158850537
            ],
            [
              121.79784428252277,
              25.075932130508725
            ],
            [
              121.80377982194993,
              25.067611089775074
            ],
            [
              121.80674759166351,
              25.058063790406994
            ],
            [
              121.81002237203711,
              25.059727998553722
            ],
            [
              121.8142181843908,
              25.058063790406994
            ],
            [
              121.8133994892974,
              25.053421525576642
            ],
            [
              121.81687894344435,
              25.04212242815937
            ],
            [
              121.82148410334473,
              25.045801204062666
            ],
            [
              121.8339692035191,
              25.044399765623314
            ],
            [
              121.8347878986125,
              25.047290232404478
            ],
            [
              121.83038741248546,
              25.05692512167502
            ],
            [
              121.82977339116542,
              25.06498339270129
            ],
            [
              121.83253648710564,
              25.07181540509313
            ],
            [
              121.84031409049297,
              25.078121878070213
            ],
            [
              121.84768234633357,
              25.089333385585025
            ],
            [
              121.85146881114055,
              25.089158205780105
            ],
            [
              121.85341321198737,
              25.09511431914735
            ],
            [
              121.85730201368104,
              25.097304066708837
            ],
            [
              121.8685590712153,
              25.093800470610457
            ],
            [
              121.87551797950921,
              25.094588779732593
            ],
            [
              121.88738905836352,
              25.100369713294917
            ],
            [
              121.89567834618421,
              25.101158022417053
            ],
            [
              121.8974180732577,
              25.103435359881
            ],
            [
              121.89475731420414,
              25.10869075402857
            ],
            [
              121.89762274703105,
              25.113770968371217
            ],
            [
              121.91952284077952,
              25.120515390860596
            ],
            [
              121.92259294737978,
              25.122354778812245
            ]
          ]
        ]
      },
      "properties": {
        "id": "65000120",
        "name": "瑞芳區",
        "city": "新北市",
        "quarter": "1142",
        "age_under_1y": 7,
        "age_1_5y": 20,
        "age_5_10y": 254,
        "age_10_15y": 269,
        "age_15_20y": 315,
        "age_20_25y": 463,
        "age_25_30y": 2258,
        "age_30_40y": 2572,
        "age_40_50y": 4650,
        "age_over_50y": 6376,
        "total": 17184,
        "old_building_count": 13598
      }
    },
    {
      "type": "Feature",
      "geometry": {
        "type": "Polygon",
        "coordinates": [
          [
            [
              121.46709146478868,
              24.992984492879604
            ],
            [
              121.46310032620835,
              24.989042947268928
            ],
            [
              121.45706244989452,
              24.991407874635335
            ],
            [
              121.44908017273386,
              24.992634133269767
            ],
            [
              121.44007452670644,
              24.988167048244335
            ],
            [
              121.43475300859933,
              24.98063431663282
            ],
            [
              121.43383197661926,
              24.97555410229017
            ],
            [
              121.42881746917217,
              24.972050506191792
            ],
            [
              121.42298426663169,
              24.968897269703252
            ],
            [
              121.41285291485084,
              24.966094392824548
            ],
            [
              121.40998748202395,
              24.96250320682371
            ],
            [
              121.41049916645733,
              24.956196733846628
            ],
            [
              121.40753139674374,
              24.952167598333492
            ],
            [
              121.40916878693055,
              24.941656810038353
            ],
            [
              121.41408095749095,
              24.941131270623597
            ],
            [
              121.41745807475124,
              24.93754008462276
            ],
            [
              121.43413898727928,
              24.940255371599
            ],
            [
              121.43669740944615,
              24.93561310676865
            ],
            [
              121.44232593821329,
              24.937715264427677
            ],
            [
              121.45163859490073,
              24.944372097014597
            ],
            [
              121.45747179744122,
              24.94612389506379
            ],
            [
              121.46176994668157,
              24.94752533350314
            ],
            [
              121.47128727714237,
              24.955145655017112
            ],
            [
              121.47190129846241,
              24.95899961072533
            ],
            [
              121.4797812387364,
              24.96390464526306
            ],
            [
              121.47865553298297,
              24.966619932239304
            ],
            [
              121.4818279764699,
              24.973189174923764
            ],
            [
              121.47415270996926,
              24.983174423804144
            ],
            [
              121.4793718911897,
              24.989393306878767
            ],
            [
              121.47302700421584,
              24.99412316161158
            ],
            [
              121.46709146478868,
              24.992984492879604
            ]
          ]
        ]
      },
      "properties": {
        "id": "65000130",
        "name": "土城區",
        "city": "新北市",
        "quarter": "1142",
        "age_under_1y": 3080,
        "age_1_5y": 5777,
        "age_5_10y": 4329,
        "age_10_15y": 1302,
        "age_15_20y": 3264,
        "age_20_25y": 1983,
        "age_25_30y": 14856,
        "age_30_40y": 35980,
        "age_40_50y": 22394,
        "age_over_50y": 2762,
        "total": 95727,
        "old_building_count": 61136
      }
    },
    {
      "type": "Feature",
      "geometry": {
        "type": "Polygon",
        "coordinates": [
          [
            [
              121.49114063315734,
              25.094763959537513
            ],
            [
              121.48602378882359,
              25.09879309505065
            ],
            [
              121.47824618543628,
              25.101420792124433
            ],
            [
              121.46637510658195,
              25.10168356183181
            ],
            [
              121.46269097866166,
              25.10317259017362
            ],
            [
              121.45818815564795,
              25.097829606123593
            ],
            [
              121.4546063646143,
              25.087931947145673
            ],
            [
              121.45696011300784,
              25.081362704461213
            ],
            [
              121.46340733686837,
              25.077771518460374
            ],
            [
              121.46964988695557,
              25.075932130508725
            ],
            [
              121.47098026648234,
              25.07347961323986
            ],
            [
              121.47538075260937,
              25.07321684353248
            ],
            [
              121.48397705109008,
              25.084515940949753
            ],
            [
              121.48459107241013,
              25.089158205780105
            ],
            [
              121.49114063315734,
              25.094763959537513
            ]
          ]
        ]
      },
      "properties": {
        "id": "65000140",
        "name": "蘆洲區",
        "city": "新北市",
        "quarter": "1142",
        "age_under_1y": 371,
        "age_1_5y": 1017,
        "age_5_10y": 2348,
        "age_10_15y": 3057,
        "age_15_20y": 5585,
        "age_20_25y": 6616,
        "age_25_30y": 13063,
        "age_30_40y": 24904,
        "age_40_50y": 12396,
        "age_over_50y": 3060,
        "total": 72417,
        "old_building_count": 40360
      }
    },
    {
      "type": "Feature",
      "geometry": {
        "type": "Polygon",
        "coordinates": [
          [
            [
              121.45900685074135,
              25.112719889541705
            ],
            [
              121.4529689744275,
              25.119376722128624
            ],
            [
              121.44549838170022,
              25.12314308793438
            ],
            [
              121.44140490623322,
              25.12323067783684
            ],
            [
              121.43598105123944,
              25.127259813349976
            ],
            [
              121.42605437323195,
              25.12971233061884
            ],
            [
              121.41561601079108,
              25.129361971009004
            ],
            [
              121.41489965258435,
              25.12296790812946
            ],
            [
              121.4097828082506,
              25.121040930275353
            ],
            [
              121.40476830080351,
              25.122529958617164
            ],
            [
              121.40036781467649,
              25.114559277493353
            ],
            [
              121.40180053108993,
              25.107552085296597
            ],
            [
              121.4122388935308,
              25.093800470610457
            ],
            [
              121.4081454180638,
              25.08854507646289
            ],
            [
              121.40701971231037,
              25.082326193388266
            ],
            [
              121.40354025816342,
              25.077158389143158
            ],
            [
              121.40824775495047,
              25.075844540606266
            ],
            [
              121.41930013871138,
              25.069012528214426
            ],
            [
              121.43014784869895,
              25.069100118116886
            ],
            [
              121.43188757577242,
              25.066122061433266
            ],
            [
              121.44232593821329,
              25.067435909970158
            ],
            [
              121.4480568038671,
              25.062618465334886
            ],
            [
              121.46136059913488,
              25.06874975850705
            ],
            [
              121.46555641148855,
              25.06550893211605
            ],
            [
              121.46975222384224,
              25.06857457870213
            ],
            [
              121.47098026648234,
              25.07347961323986
            ],
            [
              121.46964988695557,
              25.075932130508725
            ],
            [
              121.46340733686837,
              25.077771518460374
            ],
            [
              121.45696011300784,
              25.081362704461213
            ],
            [
              121.4546063646143,
              25.087931947145673
            ],
            [
              121.45818815564795,
              25.097829606123593
            ],
            [
              121.46269097866166,
              25.10317259017362
            ],
            [
              121.45736946055455,
              25.107114135784297
            ],
            [
              121.45900685074135,
              25.112719889541705
            ]
          ]
        ]
      },
      "properties": {
        "id": "65000150",
        "name": "五股區",
        "city": "新北市",
        "quarter": "1142",
        "age_under_1y": 431,
        "age_1_5y": 3477,
        "age_5_10y": 4619,
        "age_10_15y": 2710,
        "age_15_20y": 2224,
        "age_20_25y": 2981,
        "age_25_30y": 7288,
        "age_30_40y": 7183,
        "age_40_50y": 5293,
        "age_over_50y": 1822,
        "total": 38028,
        "old_building_count": 14298
      }
    },
    {
      "type": "Feature",
      "geometry": {
        "type": "Polygon",
        "coordinates": [
          [
            [
              121.40824775495047,
              25.075844540606266
            ],
            [
              121.40241455240998,
              25.07496864158167
            ],
            [
              121.3994467826964,
              25.071027095970994
            ],
            [
              121.40620101721697,
              25.06883734840951
            ],
            [
              121.40057248844982,
              25.063056414847182
            ],
            [
              121.3957626547761,
              25.06883734840951
            ],
            [
              121.38992945223562,
              25.068049039287374
            ],
            [
              121.38696168252204,
              25.0729540738251
            ],
            [
              121.382561196395,
              25.071465045483293
            ],
            [
              121.3801051111148,
              25.06515857250621
            ],
            [
              121.38829206204882,
              25.061479796602914
            ],
            [
              121.38859907270884,
              25.057012711577478
            ],
            [
              121.39740004496291,
              25.051494547722534
            ],
            [
              121.39606966543613,
              25.04860408094137
            ],
            [
              121.40006080401646,
              25.044925305038074
            ],
            [
              121.40302857373004,
              25.04545084445283
            ],
            [
              121.40906645004387,
              25.044136995915938
            ],
            [
              121.4126482410775,
              25.03520282586507
            ],
            [
              121.41684405343118,
              25.034764876352774
            ],
            [
              121.41817443295795,
              25.03029779132734
            ],
            [
              121.42124453955822,
              25.02872117308307
            ],
            [
              121.43270627086584,
              25.041158939232314
            ],
            [
              121.43731143076621,
              25.043261096891342
            ],
            [
              121.4419165906666,
              25.04177206854953
            ],
            [
              121.44201892755326,
              25.047728181916774
            ],
            [
              121.43864181029299,
              25.055786452943046
            ],
            [
              121.44795446698043,
              25.060428717773398
            ],
            [
              121.4480568038671,
              25.062618465334886
            ],
            [
              121.44232593821329,
              25.067435909970158
            ],
            [
              121.43188757577242,
              25.066122061433266
            ],
            [
              121.43014784869895,
              25.069100118116886
            ],
            [
              121.41930013871138,
              25.069012528214426
            ],
            [
              121.40824775495047,
              25.075844540606266
            ]
          ]
        ]
      },
      "properties": {
        "id": "65000160",
        "name": "泰山區",
        "city": "新北市",
        "quarter": "1142",
        "age_under_1y": 906,
        "age_1_5y": 1284,
        "age_5_10y": 776,
        "age_10_15y": 1332,
        "age_15_20y": 3533,
        "age_20_25y": 4134,
        "age_25_30y": 2624,
        "age_30_40y": 5125,
        "age_40_50y": 7933,
        "age_over_50y": 3212,
        "total": 30859,
        "old_building_count": 16270
      }
    },
    {
      "type": "Feature",
      "geometry": {
        "type": "Polygon",
        "coordinates": [
          [
            [
              121.40180053108993,
              25.107552085296597
            ],
            [
              121.40180053108993,
              25.097917196026053
            ],
            [
              121.40394960571011,
              25.09546467875719
            ],
            [
              121.40077716222318,
              25.09178590285389
            ],
            [
              121.39934444580973,
              25.085742199584185
            ],
            [
              121.39432993836265,
              25.081537884266133
            ],
            [
              121.39269254817584,
              25.0863553289014
            ],
            [
              121.39647901298282,
              25.087756767340753
            ],
            [
              121.39678602364285,
              25.094501189830133
            ],
            [
              121.39463694902267,
              25.101158022417053
            ],
            [
              121.39166917930909,
              25.100632483002297
            ],
            [
              121.38542662922191,
              25.112807479444164
            ],
            [
              121.37693266762787,
              25.11972708173846
            ],
            [
              121.36710832650705,
              25.133916645936896
            ],
            [
              121.36577794698027,
              25.13969757949922
            ],
            [
              121.3599447444398,
              25.134792544961492
            ],
            [
              121.35339518369258,
              25.13163930847295
            ],
            [
              121.34172877861162,
              25.128748841691788
            ],
            [
              121.33865867201136,
              25.126997043642596
            ],
            [
              121.32013569552316,
              25.12340585764176
            ],
            [
              121.31020901751567,
              25.123756217251596
            ],
            [
              121.30949265930894,
              25.125858374910624
            ],
            [
              121.30058935016821,
              25.12524524559341
            ],
            [
              121.29137903036745,
              25.11858841300649
            ],
            [
              121.28339675320679,
              25.117800103884353
            ],
            [
              121.28268039500006,
              25.11009219246792
            ],
            [
              121.2903556615007,
              25.10676377617446
            ],
            [
              121.29158370414079,
              25.102647050758865
            ],
            [
              121.29833793866136,
              25.104486438710513
            ],
            [
              121.30284076167506,
              25.09677852729408
            ],
            [
              121.31041369128903,
              25.0965157575867
            ],
            [
              121.31819129467634,
              25.09301216148832
            ],
            [
              121.32474085542354,
              25.092661801878485
            ],
            [
              121.33016471041732,
              25.08828230675551
            ],
            [
              121.33865867201136,
              25.083640041925158
            ],
            [
              121.34612926473865,
              25.083640041925158
            ],
            [
              121.34889236067887,
              25.081187524656293
            ],
            [
              121.3426498105917,
              25.072778894020185
            ],
            [
              121.35114377218574,
              25.073917562752158
            ],
            [
              121.35134844595909,
              25.068224219092293
            ],
            [
              121.35493023699271,
              25.06515857250621
            ],
            [
              121.3673130002804,
              25.06515857250621
            ],
            [
              121.37662565696785,
              25.066122061433266
            ],
            [
              121.3801051111148,
              25.06515857250621
            ],
            [
              121.382561196395,
              25.071465045483293
            ],
            [
              121.38696168252204,
              25.0729540738251
            ],
            [
              121.38992945223562,
              25.068049039287374
            ],
            [
              121.3957626547761,
              25.06883734840951
            ],
            [
              121.40057248844982,
              25.063056414847182
            ],
            [
              121.40620101721697,
              25.06883734840951
            ],
            [
              121.3994467826964,
              25.071027095970994
            ],
            [
              121.40241455240998,
              25.07496864158167
            ],
            [
              121.40824775495047,
              25.075844540606266
            ],
            [
              121.40354025816342,
              25.077158389143158
            ],
            [
              121.40701971231037,
              25.082326193388266
            ],
            [
              121.4081454180638,
              25.08854507646289
            ],
            [
              121.4122388935308,
              25.093800470610457
            ],
            [
              121.40180053108993,
              25.107552085296597
            ]
          ]
        ]
      },
      "properties": {
        "id": "65000170",
        "name": "林口區",
        "city": "新北市",
        "quarter": "1142",
        "age_under_1y": 1202,
        "age_1_5y": 4916,
        "age_5_10y": 10516,
        "age_10_15y": 8186,
        "age_15_20y": 17691,
        "age_20_25y": 1460,
        "age_25_30y": 4193,
        "age_30_40y": 5847,
        "age_40_50y": 3777,
        "age_over_50y": 1456,
        "total": 59244,
        "old_building_count": 11080
      }
    },
    {
      "type": "Feature",
      "geometry": {
        "type": "Polygon",
        "coordinates": [
          [
            [
              121.64024547704304,
              25.023553368837963
            ],
            [
              121.6309328203556,
              25.024692037569935
            ],
            [
              121.62898841950877,
              25.019962182837123
            ],
            [
              121.62243885876156,
              25.0174220756658
            ],
            [
              121.60872571594709,
              25.02048772225188
            ],
            [
              121.60412055604671,
              25.019086283812527
            ],
            [
              121.60268783963326,
              25.01514473820185
            ],
            [
              121.59746865841282,
              25.014794378592015
            ],
            [
              121.59562659445267,
              25.00717405707804
            ],
            [
              121.60053876501308,
              25.00069240429604
            ],
            [
              121.59808267973287,
              24.994473521221416
            ],
            [
              121.60186914453986,
              24.99044438570828
            ],
            [
              121.59982240680635,
              24.986502840097604
            ],
            [
              121.60012941746638,
              24.97695554072952
            ],
            [
              121.60514392491346,
              24.974415433558196
            ],
            [
              121.61128413811397,
              24.974590613363116
            ],
            [
              121.61998277348135,
              24.969247629313088
            ],
            [
              121.62735102932197,
              24.972663635509008
            ],
            [
              121.63891509751626,
              24.9804591368279
            ],
            [
              121.6370730335561,
              24.98746632902466
            ],
            [
              121.63799406553619,
              24.99508665053863
            ],
            [
              121.64372493119,
              24.99508665053863
            ],
            [
              121.64474830005675,
              25.00209384273539
            ],
            [
              121.63922210817628,
              25.00550984893131
            ],
            [
              121.64106417213644,
              25.01400606946988
            ],
            [
              121.63922210817628,
              25.02048772225188
            ],
            [
              121.64024547704304,
              25.023553368837963
            ]
          ]
        ]
      },
      "properties": {
        "id": "65000180",
        "name": "深坑區",
        "city": "新北市",
        "quarter": "1142",
        "age_under_1y": 0,
        "age_1_5y": 0,
        "age_5_10y": 188,
        "age_10_15y": 494,
        "age_15_20y": 1285,
        "age_20_25y": 49,
        "age_25_30y": 1966,
        "age_30_40y": 3233,
        "age_40_50y": 2862,
        "age_over_50y": 497,
        "total": 10574,
        "old_building_count": 6592
      }
    },
    {
      "type": "Feature",
      "geometry": {
        "type": "Polygon",
        "coordinates": [
          [
            [
              121.70318266234825,
              25.03196199947407
            ],
            [
              121.69694011226107,
              25.03511523596261
            ],
            [
              121.6956097327343,
              25.040808579622478
            ],
            [
              121.6923349523607,
              25.04185965845199
            ],
            [
              121.68414800142668,
              25.040107860402802
            ],
            [
              121.67718909313277,
              25.034852466255234
            ],
            [
              121.67115121681893,
              25.033100668206043
            ],
            [
              121.66582969871183,
              25.03371379752326
            ],
            [
              121.66582969871183,
              25.029947431717503
            ],
            [
              121.66408997163835,
              25.023203009228123
            ],
            [
              121.6498651443905,
              25.02399131835026
            ],
            [
              121.6469997115636,
              25.02188916069123
            ],
            [
              121.64024547704304,
              25.023553368837963
            ],
            [
              121.63922210817628,
              25.02048772225188
            ],
            [
              121.64106417213644,
              25.01400606946988
            ],
            [
              121.63922210817628,
              25.00550984893131
            ],
            [
              121.64474830005675,
              25.00209384273539
            ],
            [
              121.64372493119,
              24.99508665053863
            ],
            [
              121.63799406553619,
              24.99508665053863
            ],
            [
              121.6370730335561,
              24.98746632902466
            ],
            [
              121.63891509751626,
              24.9804591368279
            ],
            [
              121.62735102932197,
              24.972663635509008
            ],
            [
              121.61998277348135,
              24.969247629313088
            ],
            [
              121.60923740038047,
              24.96399223516552
            ],
            [
              121.61056777990724,
              24.959437560237628
            ],
            [
              121.60770234708033,
              24.956371913651545
            ],
            [
              121.60698598887362,
              24.94743774360068
            ],
            [
              121.60115278633313,
              24.94708738399084
            ],
            [
              121.59787800595953,
              24.944547276819517
            ],
            [
              121.59982240680635,
              24.93911670286703
            ],
            [
              121.59777566907285,
              24.93754008462276
            ],
            [
              121.59419387803922,
              24.92746724583992
            ],
            [
              121.59675230020609,
              24.91748199695954
            ],
            [
              121.59705931086613,
              24.911876243202133
            ],
            [
              121.59040741323224,
              24.914591530178377
            ],
            [
              121.57833166060458,
              24.908810596616053
            ],
            [
              121.57311247938414,
              24.90898577642097
            ],
            [
              121.567483950617,
              24.903467612566025
            ],
            [
              121.5761825859844,
              24.898737757833214
            ],
            [
              121.57884334503795,
              24.895409341539754
            ],
            [
              121.57638725975774,
              24.88603722197659
            ],
            [
              121.5778199761712,
              24.880081108609346
            ],
            [
              121.57577323843769,
              24.875088484169154
            ],
            [
              121.5851882320118,
              24.87263596690029
            ],
            [
              121.59276116162577,
              24.86615431411829
            ],
            [
              121.6012551232198,
              24.863263847337127
            ],
            [
              121.60923740038047,
              24.863088667532207
            ],
            [
              121.615684624241,
              24.860723740165803
            ],
            [
              121.62100614234811,
              24.863263847337127
            ],
            [
              121.62960244082882,
              24.86142445938548
            ],
            [
              121.63523096959595,
              24.857395323872343
            ],
            [
              121.63840341308288,
              24.860898919970722
            ],
            [
              121.64464596317006,
              24.860723740165803
            ],
            [
              121.64833009109037,
              24.86790611216748
            ],
            [
              121.65324226165079,
              24.870446219338803
            ],
            [
              121.65416329363086,
              24.876927872120802
            ],
            [
              121.64976280750383,
              24.880168698511806
            ],
            [
              121.65293525099075,
              24.890153947392186
            ],
            [
              121.64884177552375,
              24.895234161734834
            ],
            [
              121.6531399247641,
              24.898562578028294
            ],
            [
              121.6602011699447,
              24.901365454906998
            ],
            [
              121.6618385601315,
              24.905307000517674
            ],
            [
              121.66603437248517,
              24.908372647103754
            ],
            [
              121.66316893965828,
              24.914941889788214
            ],
            [
              121.67319795455244,
              24.919934514228405
            ],
            [
              121.6762680611527,
              24.923087750716945
            ],
            [
              121.67012784795219,
              24.930094942913705
            ],
            [
              121.66961616351881,
              24.93894152306211
            ],
            [
              121.66705774135193,
              24.939729832184245
            ],
            [
              121.66562502493848,
              24.949802670967085
            ],
            [
              121.66910447908543,
              24.95225518823595
            ],
            [
              121.68046387350637,
              24.954532525699896
            ],
            [
              121.68506903340675,
              24.958298891505653
            ],
            [
              121.6877297924603,
              24.962853566433548
            ],
            [
              121.69867983933455,
              24.964692954385196
            ],
            [
              121.70819716979534,
              24.972751225411468
            ],
            [
              121.71566776252263,
              24.97082424755736
            ],
            [
              121.71812384780283,
              24.974940972972952
            ],
            [
              121.71730515270943,
              24.979145288291008
            ],
            [
              121.72457107166336,
              24.9836999632189
            ],
            [
              121.72682248317021,
              24.989130537171388
            ],
            [
              121.72078460685638,
              24.999378555759147
            ],
            [
              121.72221732326983,
              25.007612006590335
            ],
            [
              121.71362102478912,
              25.006035388346067
            ],
            [
              121.71188129771565,
              25.009714164249363
            ],
            [
              121.70604809517516,
              25.01514473820185
            ],
            [
              121.70103358772808,
              25.023203009228123
            ],
            [
              121.70451304187503,
              25.02740732454618
            ],
            [
              121.70318266234825,
              25.03196199947407
            ]
          ]
        ]
      },
      "properties": {
        "id": "65000190",
        "name": "石碇區",
        "city": "新北市",
        "quarter": "1142",
        "age_under_1y": 2,
        "age_1_5y": 17,
        "age_5_10y": 140,
        "age_10_15y": 204,
        "age_15_20y": 187,
        "age_20_25y": 195,
        "age_25_30y": 83,
        "age_30_40y": 407,
        "age_40_50y": 227,
        "age_over_50y": 402,
        "total": 1864,
        "old_building_count": 1036
      }
    },
    {
      "type": "Feature",
      "geometry": {
        "type": "Polygon",
        "coordinates": [
          [
            [
              121.77706989452771,
              24.984838631950876
            ],
            [
              121.77154370264726,
              24.979758417608224
            ],
            [
              121.76366376237327,
              24.98054672673036
            ],
            [
              121.75854691803951,
              24.976867950827064
            ],
            [
              121.75220203106565,
              24.97713072053444
            ],
            [
              121.74810855559865,
              24.97415266385082
            ],
            [
              121.74411741701832,
              24.975116152777872
            ],
            [
              121.74268470060487,
              24.979495647900848
            ],
            [
              121.73889823579789,
              24.979758417608224
            ],
            [
              121.7338837283508,
              24.976430001314764
            ],
            [
              121.72057993308303,
              24.97406507394836
            ],
            [
              121.71812384780283,
              24.974940972972952
            ],
            [
              121.71566776252263,
              24.97082424755736
            ],
            [
              121.70819716979534,
              24.972751225411468
            ],
            [
              121.69867983933455,
              24.964692954385196
            ],
            [
              121.6877297924603,
              24.962853566433548
            ],
            [
              121.68506903340675,
              24.958298891505653
            ],
            [
              121.68046387350637,
              24.954532525699896
            ],
            [
              121.66910447908543,
              24.95225518823595
            ],
            [
              121.66562502493848,
              24.949802670967085
            ],
            [
              121.66705774135193,
              24.939729832184245
            ],
            [
              121.66961616351881,
              24.93894152306211
            ],
            [
              121.67012784795219,
              24.930094942913705
            ],
            [
              121.6762680611527,
              24.923087750716945
            ],
            [
              121.67319795455244,
              24.919934514228405
            ],
            [
              121.66316893965828,
              24.914941889788214
            ],
            [
              121.66603437248517,
              24.908372647103754
            ],
            [
              121.6618385601315,
              24.905307000517674
            ],
            [
              121.6602011699447,
              24.901365454906998
            ],
            [
              121.6531399247641,
              24.898562578028294
            ],
            [
              121.64884177552375,
              24.895234161734834
            ],
            [
              121.65293525099075,
              24.890153947392186
            ],
            [
              121.64976280750383,
              24.880168698511806
            ],
            [
              121.65416329363086,
              24.876927872120802
            ],
            [
              121.65324226165079,
              24.870446219338803
            ],
            [
              121.64833009109037,
              24.86790611216748
            ],
            [
              121.64464596317006,
              24.860723740165803
            ],
            [
              121.6531399247641,
              24.855030396505935
            ],
            [
              121.65713106334444,
              24.849687412455907
            ],
            [
              121.65968948551132,
              24.850826081187883
            ],
            [
              121.66992317417883,
              24.84802320430918
            ],
            [
              121.68210126369317,
              24.850212951870667
            ],
            [
              121.68783212934699,
              24.849862592260827
            ],
            [
              121.69438169009419,
              24.843556119283747
            ],
            [
              121.7021592934815,
              24.84276781016161
            ],
            [
              121.70748081158861,
              24.838826264550935
            ],
            [
              121.71423504610917,
              24.841804321234555
            ],
            [
              121.72191031260981,
              24.849862592260827
            ],
            [
              121.7326556857107,
              24.85581870562807
            ],
            [
              121.73828421447783,
              24.855293166213315
            ],
            [
              121.74196834239814,
              24.85249028933461
            ],
            [
              121.74780154493862,
              24.854942806603475
            ],
            [
              121.76100300331971,
              24.856694604652667
            ],
            [
              121.76918995425373,
              24.86589154441091
            ],
            [
              121.77522783056756,
              24.866592263630587
            ],
            [
              121.77727456830107,
              24.869745500119127
            ],
            [
              121.78494983480171,
              24.87561402358391
            ],
            [
              121.78218673886147,
              24.87920520958475
            ],
            [
              121.78167505442809,
              24.88936563827005
            ],
            [
              121.78996434224878,
              24.893482363685646
            ],
            [
              121.79344379639574,
              24.899788836662726
            ],
            [
              121.79119238488889,
              24.903380022663566
            ],
            [
              121.78566619300842,
              24.90749674807916
            ],
            [
              121.78474516102835,
              24.91397840086116
            ],
            [
              121.77809326339447,
              24.919671744521025
            ],
            [
              121.78198206508813,
              24.928343144864513
            ],
            [
              121.78474516102835,
              24.93027012271862
            ],
            [
              121.78628021432849,
              24.937014545208
            ],
            [
              121.7894526578154,
              24.94060573120884
            ],
            [
              121.78771293074193,
              24.944722456624437
            ],
            [
              121.79334145950907,
              24.9540945761876
            ],
            [
              121.79027135290882,
              24.959875509749924
            ],
            [
              121.79190874309562,
              24.9702987081426
            ],
            [
              121.7940578177158,
              24.97739349024182
            ],
            [
              121.79252276441566,
              24.983437193511524
            ],
            [
              121.78167505442809,
              24.98203575507217
            ],
            [
              121.77706989452771,
              24.984838631950876
            ]
          ]
        ]
      },
      "properties": {
        "id": "65000200",
        "name": "坪林區",
        "city": "新北市",
        "quarter": "1142",
        "age_under_1y": 0,
        "age_1_5y": 10,
        "age_5_10y": 100,
        "age_10_15y": 226,
        "age_15_20y": 116,
        "age_20_25y": 88,
        "age_25_30y": 20,
        "age_30_40y": 27,
        "age_40_50y": 94,
        "age_over_50y": 580,
        "total": 1261,
        "old_building_count": 701
      }
    },
    {
      "type": "Feature",
      "geometry": {
        "type": "Polygon",
        "coordinates": [
          [
            [
              121.56594889731687,
              25.215024895614366
            ],
            [
              121.56267411694327,
              25.222032087811126
            ],
            [
              121.55561287176269,
              25.227550251666074
            ],
            [
              121.55643156685609,
              25.233856724643154
            ],
            [
              121.55397548157589,
              25.239812838010398
            ],
            [
              121.55080303808896,
              25.2426157148891
            ],
            [
              121.54589086752854,
              25.243491613913697
            ],
            [
              121.5477329314887,
              25.249798086890777
            ],
            [
              121.54640255196192,
              25.253564452696537
            ],
            [
              121.55039369054225,
              25.261797903527725
            ],
            [
              121.54824461592207,
              25.26608980874824
            ],
            [
              121.5420020658349,
              25.26810437650481
            ],
            [
              121.54067168630812,
              25.26582703904086
            ],
            [
              121.53309875669416,
              25.266440168358077
            ],
            [
              121.5267538697203,
              25.26100959440559
            ],
            [
              121.51539447529935,
              25.27476120909173
            ],
            [
              121.5082308932321,
              25.27826480519011
            ],
            [
              121.50761687191203,
              25.28273189021554
            ],
            [
              121.4954387823977,
              25.27791444558027
            ],
            [
              121.49093595938399,
              25.27467361918927
            ],
            [
              121.48090694448983,
              25.270907253383513
            ],
            [
              121.47701814279617,
              25.26626498855316
            ],
            [
              121.47159428780239,
              25.2560169699654
            ],
            [
              121.4624863048883,
              25.252075424354725
            ],
            [
              121.45266196376748,
              25.2527761435744
            ],
            [
              121.4476474563204,
              25.246644850402237
            ],
            [
              121.44590772924693,
              25.241827405766966
            ],
            [
              121.45030821537395,
              25.24436751293829
            ],
            [
              121.45696011300784,
              25.243141254303858
            ],
            [
              121.45880217696799,
              25.240338377425154
            ],
            [
              121.47087792959566,
              25.238849349083345
            ],
            [
              121.49001492740392,
              25.231754566984126
            ],
            [
              121.49646215126445,
              25.230440718447234
            ],
            [
              121.49758785701788,
              25.225272914202126
            ],
            [
              121.50157899559821,
              25.223783885860314
            ],
            [
              121.49697383569783,
              25.21809054220045
            ],
            [
              121.49850888899795,
              25.215900794638962
            ],
            [
              121.49288036023081,
              25.211959249028286
            ],
            [
              121.4867401470303,
              25.21134611971107
            ],
            [
              121.48551210439021,
              25.20477687702661
            ],
            [
              121.49554111928437,
              25.19111285224293
            ],
            [
              121.50076030050481,
              25.19295224019458
            ],
            [
              121.50618415549859,
              25.19023695321834
            ],
            [
              121.51426876954592,
              25.183842890338795
            ],
            [
              121.51938561387968,
              25.182441451899443
            ],
            [
              121.52173936227321,
              25.179113035605983
            ],
            [
              121.52562816396687,
              25.182791811509283
            ],
            [
              121.53340576735418,
              25.18358012063142
            ],
            [
              121.53575951574771,
              25.1866457672175
            ],
            [
              121.5428207609283,
              25.188923104681447
            ],
            [
              121.543230108475,
              25.193652959414255
            ],
            [
              121.54630021507525,
              25.196981375707715
            ],
            [
              121.55254276516243,
              25.198820763659366
            ],
            [
              121.55151939629567,
              25.202149179952826
            ],
            [
              121.55499885044263,
              25.208455652929906
            ],
            [
              121.55919466279632,
              25.210119861076638
            ],
            [
              121.56246944316992,
              25.214148996589774
            ],
            [
              121.56594889731687,
              25.215024895614366
            ]
          ]
        ]
      },
      "properties": {
        "id": "65000210",
        "name": "三芝區",
        "city": "新北市",
        "quarter": "1142",
        "age_under_1y": 35,
        "age_1_5y": 22,
        "age_5_10y": 130,
        "age_10_15y": 99,
        "age_15_20y": 85,
        "age_20_25y": 62,
        "age_25_30y": 6822,
        "age_30_40y": 2373,
        "age_40_50y": 2333,
        "age_over_50y": 1657,
        "total": 13618,
        "old_building_count": 6363
      }
    },
    {
      "type": "Feature",
      "geometry": {
        "type": "Polygon",
        "coordinates": [
          [
            [
              121.62080146857475,
              25.27572469801878
            ],
            [
              121.615684624241,
              25.27922829411716
            ],
            [
              121.60790702085369,
              25.28141804167865
            ],
            [
              121.60238082897324,
              25.28772451465573
            ],
            [
              121.59705931086613,
              25.291578470363948
            ],
            [
              121.58662094842526,
              25.293417858315596
            ],
            [
              121.57771763928451,
              25.298936022170544
            ],
            [
              121.56932601457716,
              25.298498072658244
            ],
            [
              121.56686992929696,
              25.295082066462324
            ],
            [
              121.56032036854974,
              25.292016419876244
            ],
            [
              121.55377080780254,
              25.292979908803296
            ],
            [
              121.55039369054225,
              25.291666060266405
            ],
            [
              121.54118337074149,
              25.29455652704757
            ],
            [
              121.54067168630812,
              25.297884943341028
            ],
            [
              121.53657821084111,
              25.299987101000056
            ],
            [
              121.5337127780142,
              25.297096634218892
            ],
            [
              121.5333034304675,
              25.289914262217216
            ],
            [
              121.5259351746269,
              25.286060306509
            ],
            [
              121.52163702538654,
              25.286848615631136
            ],
            [
              121.51692952859948,
              25.28492163777703
            ],
            [
              121.5139617588859,
              25.286673435826216
            ],
            [
              121.51181268426572,
              25.291841240071324
            ],
            [
              121.50833323011877,
              25.288775593485244
            ],
            [
              121.50761687191203,
              25.28273189021554
            ],
            [
              121.5082308932321,
              25.27826480519011
            ],
            [
              121.51539447529935,
              25.27476120909173
            ],
            [
              121.5267538697203,
              25.26100959440559
            ],
            [
              121.53309875669416,
              25.266440168358077
            ],
            [
              121.54067168630812,
              25.26582703904086
            ],
            [
              121.5420020658349,
              25.26810437650481
            ],
            [
              121.54824461592207,
              25.26608980874824
            ],
            [
              121.55039369054225,
              25.261797903527725
            ],
            [
              121.54640255196192,
              25.253564452696537
            ],
            [
              121.5477329314887,
              25.249798086890777
            ],
            [
              121.54589086752854,
              25.243491613913697
            ],
            [
              121.55080303808896,
              25.2426157148891
            ],
            [
              121.55397548157589,
              25.239812838010398
            ],
            [
              121.55643156685609,
              25.233856724643154
            ],
            [
              121.55561287176269,
              25.227550251666074
            ],
            [
              121.56267411694327,
              25.222032087811126
            ],
            [
              121.56594889731687,
              25.215024895614366
            ],
            [
              121.57127041542398,
              25.220367879664394
            ],
            [
              121.5778199761712,
              25.220805829176694
            ],
            [
              121.58129943031815,
              25.223608706055398
            ],
            [
              121.58396018937171,
              25.233331185228398
            ],
            [
              121.59409154115255,
              25.241914995669426
            ],
            [
              121.59787800595953,
              25.243316434108777
            ],
            [
              121.60023175435305,
              25.248922187866185
            ],
            [
              121.60412055604671,
              25.253038913281777
            ],
            [
              121.61578696112768,
              25.253389272891617
            ],
            [
              121.61865239395458,
              25.25803153772197
            ],
            [
              121.61599163490102,
              25.266965707772837
            ],
            [
              121.61793603574786,
              25.273359770652377
            ],
            [
              121.62080146857475,
              25.27572469801878
            ]
          ]
        ]
      },
      "properties": {
        "id": "65000220",
        "name": "石門區",
        "city": "新北市",
        "quarter": "1142",
        "age_under_1y": 0,
        "age_1_5y": 8,
        "age_5_10y": 39,
        "age_10_15y": 41,
        "age_15_20y": 78,
        "age_20_25y": 56,
        "age_25_30y": 254,
        "age_30_40y": 698,
        "age_40_50y": 692,
        "age_over_50y": 1143,
        "total": 3009,
        "old_building_count": 2533
      }
    },
    {
      "type": "Feature",
      "geometry": {
        "type": "Polygon",
        "coordinates": [
          [
            [
              121.45880217696799,
              25.12296790812946
            ],
            [
              121.45685777612117,
              25.12664668403276
            ],
            [
              121.45266196376748,
              25.14670477169598
            ],
            [
              121.45041055226064,
              25.152748474965684
            ],
            [
              121.44099555868652,
              25.162558544041143
            ],
            [
              121.4332179552992,
              25.16763875838379
            ],
            [
              121.42410997238511,
              25.17149271409201
            ],
            [
              121.41745807475124,
              25.175521849605147
            ],
            [
              121.41254590419082,
              25.168514657408387
            ],
            [
              121.40548465901024,
              25.160456386382116
            ],
            [
              121.40231221552331,
              25.158792178235387
            ],
            [
              121.39166917930909,
              25.16798911799363
            ],
            [
              121.38798505138878,
              25.152047755746008
            ],
            [
              121.38972477846227,
              25.147755850525492
            ],
            [
              121.37949108979475,
              25.14302599579268
            ],
            [
              121.36577794698027,
              25.13969757949922
            ],
            [
              121.36710832650705,
              25.133916645936896
            ],
            [
              121.37693266762787,
              25.11972708173846
            ],
            [
              121.38542662922191,
              25.112807479444164
            ],
            [
              121.39166917930909,
              25.100632483002297
            ],
            [
              121.39463694902267,
              25.101158022417053
            ],
            [
              121.39678602364285,
              25.094501189830133
            ],
            [
              121.39647901298282,
              25.087756767340753
            ],
            [
              121.39269254817584,
              25.0863553289014
            ],
            [
              121.39432993836265,
              25.081537884266133
            ],
            [
              121.39934444580973,
              25.085742199584185
            ],
            [
              121.40077716222318,
              25.09178590285389
            ],
            [
              121.40394960571011,
              25.09546467875719
            ],
            [
              121.40180053108993,
              25.097917196026053
            ],
            [
              121.40180053108993,
              25.107552085296597
            ],
            [
              121.40036781467649,
              25.114559277493353
            ],
            [
              121.40476830080351,
              25.122529958617164
            ],
            [
              121.4097828082506,
              25.121040930275353
            ],
            [
              121.41489965258435,
              25.12296790812946
            ],
            [
              121.41561601079108,
              25.129361971009004
            ],
            [
              121.42605437323195,
              25.12971233061884
            ],
            [
              121.43598105123944,
              25.127259813349976
            ],
            [
              121.44140490623322,
              25.12323067783684
            ],
            [
              121.44549838170022,
              25.12314308793438
            ],
            [
              121.4529689744275,
              25.119376722128624
            ],
            [
              121.45900685074135,
              25.112719889541705
            ],
            [
              121.46095125158817,
              25.116223485640084
            ],
            [
              121.45880217696799,
              25.12296790812946
            ]
          ]
        ]
      },
      "properties": {
        "id": "65000230",
        "name": "八里區",
        "city": "新北市",
        "quarter": "1142",
        "age_under_1y": 250,
        "age_1_5y": 2497,
        "age_5_10y": 825,
        "age_10_15y": 1303,
        "age_15_20y": 1992,
        "age_20_25y": 499,
        "age_25_30y": 3981,
        "age_30_40y": 4898,
        "age_40_50y": 1932,
        "age_over_50y": 990,
        "total": 19167,
        "old_building_count": 7820
      }
    },
    {
      "type": "Feature",
      "geometry": {
        "type": "Polygon",
        "coordinates": [
          [
            [
              121.81687894344435,
              25.04212242815937
            ],
            [
              121.8133994892974,
              25.053421525576642
            ],
            [
              121.8142181843908,
              25.058063790406994
            ],
            [
              121.81002237203711,
              25.059727998553722
            ],
            [
              121.80674759166351,
              25.058063790406994
            ],
            [
              121.80377982194993,
              25.067611089775074
            ],
            [
              121.79784428252277,
              25.075932130508725
            ],
            [
              121.79477417592251,
              25.077421158850537
            ],
            [
              121.78842928894866,
              25.07549418099643
            ],
            [
              121.784540487255,
              25.072516124312806
            ],
            [
              121.77563717811427,
              25.07006360704394
            ],
            [
              121.77000864934713,
              25.06349436435948
            ],
            [
              121.76233338284649,
              25.057012711577478
            ],
            [
              121.75926327624624,
              25.059465228846346
            ],
            [
              121.75087165153887,
              25.057012711577478
            ],
            [
              121.7458571440918,
              25.052983576064342
            ],
            [
              121.73787486693114,
              25.054647784211074
            ],
            [
              121.73009726354383,
              25.053333935674182
            ],
            [
              121.72661780939687,
              25.049392390063506
            ],
            [
              121.72098928062974,
              25.047202642502018
            ],
            [
              121.7178168371428,
              25.042998327183962
            ],
            [
              121.7157700994093,
              25.036253904694586
            ],
            [
              121.71188129771565,
              25.033363437913422
            ],
            [
              121.70829950668201,
              25.0340641571331
            ],
            [
              121.70318266234825,
              25.03196199947407
            ],
            [
              121.70451304187503,
              25.02740732454618
            ],
            [
              121.70103358772808,
              25.023203009228123
            ],
            [
              121.70604809517516,
              25.01514473820185
            ],
            [
              121.71188129771565,
              25.009714164249363
            ],
            [
              121.71362102478912,
              25.006035388346067
            ],
            [
              121.72221732326983,
              25.007612006590335
            ],
            [
              121.72078460685638,
              24.999378555759147
            ],
            [
              121.72682248317021,
              24.989130537171388
            ],
            [
              121.72457107166336,
              24.9836999632189
            ],
            [
              121.71730515270943,
              24.979145288291008
            ],
            [
              121.71812384780283,
              24.974940972972952
            ],
            [
              121.72057993308303,
              24.97406507394836
            ],
            [
              121.7338837283508,
              24.976430001314764
            ],
            [
              121.73889823579789,
              24.979758417608224
            ],
            [
              121.74268470060487,
              24.979495647900848
            ],
            [
              121.74411741701832,
              24.975116152777872
            ],
            [
              121.74810855559865,
              24.97415266385082
            ],
            [
              121.75220203106565,
              24.97713072053444
            ],
            [
              121.75854691803951,
              24.976867950827064
            ],
            [
              121.76366376237327,
              24.98054672673036
            ],
            [
              121.77154370264726,
              24.979758417608224
            ],
            [
              121.77706989452771,
              24.984838631950876
            ],
            [
              121.77430679858749,
              24.98851740785417
            ],
            [
              121.76867826982036,
              24.990181616000903
            ],
            [
              121.76417544680665,
              24.996225319270607
            ],
            [
              121.77471614613418,
              25.002531792247687
            ],
            [
              121.78014000112798,
              25.0105024733715
            ],
            [
              121.78443815036833,
              25.01391847956742
            ],
            [
              121.78443815036833,
              25.017684845373175
            ],
            [
              121.78914564715538,
              25.023027829423203
            ],
            [
              121.79293211196236,
              25.02381613854534
            ],
            [
              121.79958400959624,
              25.030210201424882
            ],
            [
              121.80664525477684,
              25.031524049961774
            ],
            [
              121.808487318737,
              25.036867034011802
            ],
            [
              121.81206910977062,
              25.04045822001264
            ],
            [
              121.81687894344435,
              25.04212242815937
            ]
          ]
        ]
      },
      "properties": {
        "id": "65000240",
        "name": "平溪區",
        "city": "新北市",
        "quarter": "1142",
        "age_under_1y": 1,
        "age_1_5y": 9,
        "age_5_10y": 53,
        "age_10_15y": 59,
        "age_15_20y": 52,
        "age_20_25y": 36,
        "age_25_30y": 57,
        "age_30_40y": 120,
        "age_40_50y": 188,
        "age_over_50y": 1239,
        "total": 1814,
        "old_building_count": 1547
      }
    },
    {
      "type": "Feature",
      "geometry": {
        "type": "Polygon",
        "coordinates": [
          [
            [
              121.87551797950921,
              25.094588779732593
            ],
            [
              121.8685590712153,
              25.093800470610457
            ],
            [
              121.85730201368104,
              25.097304066708837
            ],
            [
              121.85341321198737,
              25.09511431914735
            ],
            [
              121.85146881114055,
              25.089158205780105
            ],
            [
              121.84768234633357,
              25.089333385585025
            ],
            [
              121.84031409049297,
              25.078121878070213
            ],
            [
              121.83253648710564,
              25.07181540509313
            ],
            [
              121.82977339116542,
              25.06498339270129
            ],
            [
              121.83038741248546,
              25.05692512167502
            ],
            [
              121.8347878986125,
              25.047290232404478
            ],
            [
              121.8339692035191,
              25.044399765623314
            ],
            [
              121.82148410334473,
              25.045801204062666
            ],
            [
              121.81687894344435,
              25.04212242815937
            ],
            [
              121.81206910977062,
              25.04045822001264
            ],
            [
              121.808487318737,
              25.036867034011802
            ],
            [
              121.80664525477684,
              25.031524049961774
            ],
            [
              121.79958400959624,
              25.030210201424882
            ],
            [
              121.79293211196236,
              25.02381613854534
            ],
            [
              121.78914564715538,
              25.023027829423203
            ],
            [
              121.78443815036833,
              25.017684845373175
            ],
            [
              121.78443815036833,
              25.01391847956742
            ],
            [
              121.78014000112798,
              25.0105024733715
            ],
            [
              121.77471614613418,
              25.002531792247687
            ],
            [
              121.76417544680665,
              24.996225319270607
            ],
            [
              121.76867826982036,
              24.990181616000903
            ],
            [
              121.77430679858749,
              24.98851740785417
            ],
            [
              121.77706989452771,
              24.984838631950876
            ],
            [
              121.78167505442809,
              24.98203575507217
            ],
            [
              121.79252276441566,
              24.983437193511524
            ],
            [
              121.7940578177158,
              24.97739349024182
            ],
            [
              121.79190874309562,
              24.9702987081426
            ],
            [
              121.79027135290882,
              24.959875509749924
            ],
            [
              121.79334145950907,
              24.9540945761876
            ],
            [
              121.78771293074193,
              24.944722456624437
            ],
            [
              121.7894526578154,
              24.94060573120884
            ],
            [
              121.78628021432849,
              24.937014545208
            ],
            [
              121.78474516102835,
              24.93027012271862
            ],
            [
              121.78198206508813,
              24.928343144864513
            ],
            [
              121.77809326339447,
              24.919671744521025
            ],
            [
              121.78474516102835,
              24.91397840086116
            ],
            [
              121.78566619300842,
              24.90749674807916
            ],
            [
              121.79119238488889,
              24.903380022663566
            ],
            [
              121.79344379639574,
              24.899788836662726
            ],
            [
              121.80449618015666,
              24.901190275102078
            ],
            [
              121.81053405647049,
              24.903642792370942
            ],
            [
              121.81165976222391,
              24.906533259152106
            ],
            [
              121.8183116598578,
              24.90267930344389
            ],
            [
              121.82240513532481,
              24.904518691395538
            ],
            [
              121.83182012889893,
              24.904869051005377
            ],
            [
              121.84328186020655,
              24.915379839300513
            ],
            [
              121.84563560860006,
              24.91940897481365
            ],
            [
              121.8520828324606,
              24.92370088003416
            ],
            [
              121.85382255953408,
              24.927905195352217
            ],
            [
              121.84911506274702,
              24.93035771262108
            ],
            [
              121.84665897746682,
              24.937802854330137
            ],
            [
              121.83980240605959,
              24.942182349453113
            ],
            [
              121.83918838473953,
              24.946299074868705
            ],
            [
              121.8413374593597,
              24.95418216609006
            ],
            [
              121.8471706619002,
              24.96040104916468
            ],
            [
              121.8541295701941,
              24.961276948189276
            ],
            [
              121.86129315226137,
              24.96364187555568
            ],
            [
              121.86088380471466,
              24.973539534533604
            ],
            [
              121.86241885801479,
              24.981597805559872
            ],
            [
              121.86600064904842,
              24.989568486683687
            ],
            [
              121.8710151564955,
              24.993247262586983
            ],
            [
              121.87531330573586,
              24.999378555759147
            ],
            [
              121.8805324869563,
              25.013392940152663
            ],
            [
              121.89107318628383,
              25.016370996836283
            ],
            [
              121.88820775345692,
              25.019261463617447
            ],
            [
              121.89158487071721,
              25.02407890825272
            ],
            [
              121.89680405193765,
              25.039319551280666
            ],
            [
              121.88759373213688,
              25.04553843435529
            ],
            [
              121.89025449119043,
              25.052545626552046
            ],
            [
              121.8870820477035,
              25.06358195426194
            ],
            [
              121.88237455091645,
              25.072340944507886
            ],
            [
              121.87715536969601,
              25.0766328497284
            ],
            [
              121.87838341233612,
              25.082939322705485
            ],
            [
              121.87602966394259,
              25.087493997633377
            ],
            [
              121.87551797950921,
              25.094588779732593
            ]
          ]
        ]
      },
      "properties": {
        "id": "65000250",
        "name": "雙溪區",
        "city": "新北市",
        "quarter": "1142",
        "age_under_1y": 4,
        "age_1_5y": 11,
        "age_5_10y": 78,
        "age_10_15y": 78,
        "age_15_20y": 108,
        "age_20_25y": 176,
        "age_25_30y": 277,
        "age_30_40y": 179,
        "age_40_50y": 459,
        "age_over_50y": 1838,
        "total": 3208,
        "old_building_count": 2476
      }
    },
    {
      "type": "Feature",
      "geometry": {
        "type": "Polygon",
        "coordinates": [
          [
            [
              121.86129315226137,
              24.96364187555568
            ],
            [
              121.87152684092888,
              24.96075140877452
            ],
            [
              121.88227221402977,
              24.96416741497044
            ],
            [
              121.88943579609703,
              24.964692954385196
            ],
            [
              121.89721339948434,
              24.9670578817516
            ],
            [
              121.90284192825148,
              24.974415433558196
            ],
            [
              121.91000551031874,
              24.974765793168036
            ],
            [
              121.91624806040592,
              24.979495647900848
            ],
            [
              121.92228593671976,
              24.978619748876252
            ],
            [
              121.93344065736734,
              24.9808970863402
            ],
            [
              121.9344640262341,
              24.983174423804144
            ],
            [
              121.9406042394346,
              24.984488272341036
            ],
            [
              121.94387901980821,
              24.987904278536956
            ],
            [
              121.96281134384311,
              24.987729098732036
            ],
            [
              121.96772351440353,
              24.984838631950876
            ],
            [
              121.97478475958411,
              24.98527658146317
            ],
            [
              121.97611513911089,
              24.98878017756155
            ],
            [
              121.9838927424982,
              24.99053197561074
            ],
            [
              121.98931659749198,
              24.99377280200174
            ],
            [
              121.9966848533326,
              25.0007799941985
            ],
            [
              122.00354142473982,
              25.00200625283293
            ],
            [
              122.00691854200011,
              25.01085283298134
            ],
            [
              122.00558816247333,
              25.014531608884635
            ],
            [
              122.00180169766635,
              25.014794378592015
            ],
            [
              121.9991409386128,
              25.019611823227283
            ],
            [
              121.99320539918564,
              25.014268839177255
            ],
            [
              121.99013529258538,
              25.021100851569095
            ],
            [
              121.98297171051813,
              25.02495480727731
            ],
            [
              121.97365905383069,
              25.026531425521583
            ],
            [
              121.96690481931012,
              25.0239037284478
            ],
            [
              121.94705146329514,
              25.021100851569095
            ],
            [
              121.9422416296214,
              25.024604447667475
            ],
            [
              121.93456636312078,
              25.032399948986367
            ],
            [
              121.92893783435365,
              25.040983759427395
            ],
            [
              121.92975652944705,
              25.051319367917614
            ],
            [
              121.9315985934072,
              25.054122244796318
            ],
            [
              121.93170093029387,
              25.063144004749642
            ],
            [
              121.92545838020669,
              25.07207817480051
            ],
            [
              121.91532702842585,
              25.078121878070213
            ],
            [
              121.91686208172598,
              25.081362704461213
            ],
            [
              121.91440599644577,
              25.08547942987681
            ],
            [
              121.91440599644577,
              25.08977133509732
            ],
            [
              121.9196251776662,
              25.094851549439973
            ],
            [
              121.91860180879945,
              25.10019453349
            ],
            [
              121.92658408596012,
              25.108165214613813
            ],
            [
              121.92320696869983,
              25.11324542895646
            ],
            [
              121.91860180879945,
              25.112544709736785
            ],
            [
              121.92259294737978,
              25.122354778812245
            ],
            [
              121.91952284077952,
              25.120515390860596
            ],
            [
              121.89762274703105,
              25.113770968371217
            ],
            [
              121.89475731420414,
              25.10869075402857
            ],
            [
              121.8974180732577,
              25.103435359881
            ],
            [
              121.89567834618421,
              25.101158022417053
            ],
            [
              121.88738905836352,
              25.100369713294917
            ],
            [
              121.87551797950921,
              25.094588779732593
            ],
            [
              121.87602966394259,
              25.087493997633377
            ],
            [
              121.87838341233612,
              25.082939322705485
            ],
            [
              121.87715536969601,
              25.0766328497284
            ],
            [
              121.88237455091645,
              25.072340944507886
            ],
            [
              121.8870820477035,
              25.06358195426194
            ],
            [
              121.89025449119043,
              25.052545626552046
            ],
            [
              121.88759373213688,
              25.04553843435529
            ],
            [
              121.89680405193765,
              25.039319551280666
            ],
            [
              121.89158487071721,
              25.02407890825272
            ],
            [
              121.88820775345692,
              25.019261463617447
            ],
            [
              121.89107318628383,
              25.016370996836283
            ],
            [
              121.8805324869563,
              25.013392940152663
            ],
            [
              121.87531330573586,
              24.999378555759147
            ],
            [
              121.8710151564955,
              24.993247262586983
            ],
            [
              121.86600064904842,
              24.989568486683687
            ],
            [
              121.86241885801479,
              24.981597805559872
            ],
            [
              121.86088380471466,
              24.973539534533604
            ],
            [
              121.86129315226137,
              24.96364187555568
            ]
          ]
        ]
      },
      "properties": {
        "id": "65000260",
        "name": "貢寮區",
        "city": "新北市",
        "quarter": "1142",
        "age_under_1y": 3,
        "age_1_5y": 5,
        "age_5_10y": 52,
        "age_10_15y": 106,
        "age_15_20y": 124,
        "age_20_25y": 83,
        "age_25_30y": 349,
        "age_30_40y": 235,
        "age_40_50y": 842,
        "age_over_50y": 1553,
        "total": 3352,
        "old_building_count": 2630
      }
    },
    {
      "type": "Feature",
      "geometry": {
        "type": "Polygon",
        "coordinates": [
          [
            [
              121.65017215505053,
              25.222732807030802
            ],
            [
              121.65344693542413,
              25.228951690105426
            ],
            [
              121.65129786080395,
              25.233331185228398
            ],
            [
              121.64270156232324,
              25.230966257861994
            ],
            [
              121.63635667534938,
              25.236396831814478
            ],
            [
              121.63390059006917,
              25.240601147132534
            ],
            [
              121.63584499091601,
              25.250060856598157
            ],
            [
              121.63410526384253,
              25.260046105478537
            ],
            [
              121.6297047777155,
              25.266790527967917
            ],
            [
              121.62080146857475,
              25.27572469801878
            ],
            [
              121.61793603574786,
              25.273359770652377
            ],
            [
              121.61599163490102,
              25.266965707772837
            ],
            [
              121.61865239395458,
              25.25803153772197
            ],
            [
              121.61578696112768,
              25.253389272891617
            ],
            [
              121.60412055604671,
              25.253038913281777
            ],
            [
              121.60023175435305,
              25.248922187866185
            ],
            [
              121.59787800595953,
              25.243316434108777
            ],
            [
              121.59409154115255,
              25.241914995669426
            ],
            [
              121.58396018937171,
              25.233331185228398
            ],
            [
              121.58129943031815,
              25.223608706055398
            ],
            [
              121.5778199761712,
              25.220805829176694
            ],
            [
              121.57127041542398,
              25.220367879664394
            ],
            [
              121.56594889731687,
              25.215024895614366
            ],
            [
              121.56246944316992,
              25.214148996589774
            ],
            [
              121.55919466279632,
              25.210119861076638
            ],
            [
              121.56277645382995,
              25.209331551954502
            ],
            [
              121.56492552845013,
              25.200922921318394
            ],
            [
              121.57321481627082,
              25.194966807951147
            ],
            [
              121.58303915739162,
              25.194966807951147
            ],
            [
              121.58396018937171,
              25.188835514778987
            ],
            [
              121.58089008277145,
              25.182091092289607
            ],
            [
              121.58324383116498,
              25.177536417361715
            ],
            [
              121.58170877786485,
              25.173770051555955
            ],
            [
              121.57730829173782,
              25.16991609584774
            ],
            [
              121.57710361796447,
              25.167025629066575
            ],
            [
              121.58641627465191,
              25.1635220329682
            ],
            [
              121.58979339191218,
              25.163697212773116
            ],
            [
              121.59664996331942,
              25.165624190627227
            ],
            [
              121.60688365198693,
              25.177448827459255
            ],
            [
              121.60729299953364,
              25.18147796297239
            ],
            [
              121.61097712745395,
              25.187258896534715
            ],
            [
              121.61189815943402,
              25.19339018970688
            ],
            [
              121.61670799310775,
              25.20101051122085
            ],
            [
              121.62213184810153,
              25.20337543858726
            ],
            [
              121.6297047777155,
              25.21143370961353
            ],
            [
              121.63840341308288,
              25.215813204736502
            ],
            [
              121.64178053034317,
              25.215900794638962
            ],
            [
              121.64372493119,
              25.220017520054558
            ],
            [
              121.65017215505053,
              25.222732807030802
            ]
          ]
        ]
      },
      "properties": {
        "id": "65000270",
        "name": "金山區",
        "city": "新北市",
        "quarter": "1142",
        "age_under_1y": 41,
        "age_1_5y": 52,
        "age_5_10y": 416,
        "age_10_15y": 120,
        "age_15_20y": 209,
        "age_20_25y": 273,
        "age_25_30y": 1528,
        "age_30_40y": 1623,
        "age_40_50y": 2009,
        "age_over_50y": 1736,
        "total": 8007,
        "old_building_count": 5368
      }
    },
    {
      "type": "Feature",
      "geometry": {
        "type": "Polygon",
        "coordinates": [
          [
            [
              121.6268393448886,
              25.13969757949922
            ],
            [
              121.6292954301688,
              25.141799737158248
            ],
            [
              121.63952911883631,
              25.145653692866464
            ],
            [
              121.6498651443905,
              25.145128153451708
            ],
            [
              121.65201421901068,
              25.148456569745168
            ],
            [
              121.65815443221119,
              25.152135345648468
            ],
            [
              121.6692068159721,
              25.1533616042829
            ],
            [
              121.67145822747896,
              25.155551351844387
            ],
            [
              121.67770077756614,
              25.155814121551764
            ],
            [
              121.68332930633328,
              25.160631566187035
            ],
            [
              121.68762745557363,
              25.161857824821467
            ],
            [
              121.69131158349394,
              25.1663249098469
            ],
            [
              121.69898684999457,
              25.167200808871495
            ],
            [
              121.70226163036818,
              25.17350728184858
            ],
            [
              121.70594575828848,
              25.173857641458415
            ],
            [
              121.70277331480156,
              25.180602063947795
            ],
            [
              121.69612141716767,
              25.181740732679767
            ],
            [
              121.69264196302072,
              25.1801641144355
            ],
            [
              121.6877297924603,
              25.185594688387987
            ],
            [
              121.68588772850016,
              25.191988751267527
            ],
            [
              121.6923349523607,
              25.19785727473231
            ],
            [
              121.6939723425475,
              25.201798820342987
            ],
            [
              121.69264196302072,
              25.208543242832366
            ],
            [
              121.67811012511284,
              25.205915545758582
            ],
            [
              121.6724815963457,
              25.202149179952826
            ],
            [
              121.6626572552249,
              25.207404574100394
            ],
            [
              121.65580068381766,
              25.213273097565178
            ],
            [
              121.65017215505053,
              25.222732807030802
            ],
            [
              121.64372493119,
              25.220017520054558
            ],
            [
              121.64178053034317,
              25.215900794638962
            ],
            [
              121.63840341308288,
              25.215813204736502
            ],
            [
              121.6297047777155,
              25.21143370961353
            ],
            [
              121.62213184810153,
              25.20337543858726
            ],
            [
              121.61670799310775,
              25.20101051122085
            ],
            [
              121.61189815943402,
              25.19339018970688
            ],
            [
              121.61097712745395,
              25.187258896534715
            ],
            [
              121.60729299953364,
              25.18147796297239
            ],
            [
              121.60688365198693,
              25.177448827459255
            ],
            [
              121.59664996331942,
              25.165624190627227
            ],
            [
              121.58979339191218,
              25.163697212773116
            ],
            [
              121.59173779275902,
              25.157565919600955
            ],
            [
              121.58958871813884,
              25.152135345648468
            ],
            [
              121.59368219360584,
              25.15003318798944
            ],
            [
              121.59572893133935,
              25.14355153520744
            ],
            [
              121.60401821916004,
              25.136193983400844
            ],
            [
              121.60463224048009,
              25.130763409448356
            ],
            [
              121.60780468396702,
              25.1302378700336
            ],
            [
              121.61629864556106,
              25.137595421840196
            ],
            [
              121.6268393448886,
              25.13969757949922
            ]
          ]
        ]
      },
      "properties": {
        "id": "65000280",
        "name": "萬里區",
        "city": "新北市",
        "quarter": "1142",
        "age_under_1y": 0,
        "age_1_5y": 12,
        "age_5_10y": 82,
        "age_10_15y": 86,
        "age_15_20y": 134,
        "age_20_25y": 493,
        "age_25_30y": 1408,
        "age_30_40y": 984,
        "age_40_50y": 3684,
        "age_over_50y": 1795,
        "total": 8678,
        "old_building_count": 6463
      }
    },
    {
      "type": "Feature",
      "geometry": {
        "type": "Polygon",
        "coordinates": [
          [
            [
              121.57577323843769,
              24.875088484169154
            ],
            [
              121.57137275231067,
              24.876927872120802
            ],
            [
              121.56451618090342,
              24.877103051925722
            ],
            [
              121.56410683335673,
              24.886825531098726
            ],
            [
              121.55909232590965,
              24.890591896904482
            ],
            [
              121.55029135365558,
              24.890942256514318
            ],
            [
              121.54660722573527,
              24.888314559440534
            ],
            [
              121.53985299121472,
              24.893832723295482
            ],
            [
              121.53504315754098,
              24.891467795929078
            ],
            [
              121.5324847353741,
              24.887613840220858
            ],
            [
              121.52654919594694,
              24.883672294610182
            ],
            [
              121.52071599340645,
              24.883321935000346
            ],
            [
              121.5180552343529,
              24.88095700763394
            ],
            [
              121.50884491455214,
              24.877541001438022
            ],
            [
              121.49922524720468,
              24.870358629436343
            ],
            [
              121.49472242419097,
              24.868344061679775
            ],
            [
              121.48837753721712,
              24.862212768507614
            ],
            [
              121.49277802334414,
              24.856607014750207
            ],
            [
              121.49277802334414,
              24.853716547969043
            ],
            [
              121.49717850947117,
              24.848285974016555
            ],
            [
              121.49441541353094,
              24.836461337184527
            ],
            [
              121.4867401470303,
              24.83427158962304
            ],
            [
              121.48039526005645,
              24.823498031620527
            ],
            [
              121.48407938797675,
              24.81920612640001
            ],
            [
              121.47312934110252,
              24.813250013032768
            ],
            [
              121.4690358656355,
              24.807206309763064
            ],
            [
              121.46228163111495,
              24.805629691518792
            ],
            [
              121.45532272282104,
              24.798885269029412
            ],
            [
              121.45624375480111,
              24.79327951527201
            ],
            [
              121.45041055226064,
              24.7909145879056
            ],
            [
              121.44948952028055,
              24.785921963465412
            ],
            [
              121.44611240302028,
              24.781892827952277
            ],
            [
              121.44058621113982,
              24.779177540976033
            ],
            [
              121.43577637746608,
              24.77295865790141
            ],
            [
              121.43137589133906,
              24.771907579071897
            ],
            [
              121.42544035191189,
              24.767002544534165
            ],
            [
              121.4233936141784,
              24.76306099892349
            ],
            [
              121.42851045851215,
              24.75342610965295
            ],
            [
              121.4287151322855,
              24.747907945798
            ],
            [
              121.4319899126591,
              24.742214602138134
            ],
            [
              121.43536702991938,
              24.73293007247743
            ],
            [
              121.43424132416595,
              24.73003960569627
            ],
            [
              121.44150724311989,
              24.72312000340197
            ],
            [
              121.4451913710402,
              24.714798962668322
            ],
            [
              121.4488754989605,
              24.711908495887158
            ],
            [
              121.45030821537395,
              24.705602022910075
            ],
            [
              121.46361201064173,
              24.701047347982183
            ],
            [
              121.46698912790201,
              24.697718931688723
            ],
            [
              121.47425504685594,
              24.696142313444454
            ],
            [
              121.47302700421584,
              24.68966066066245
            ],
            [
              121.47589243704275,
              24.679412642074695
            ],
            [
              121.47916721741635,
              24.67547109646402
            ],
            [
              121.48684248391699,
              24.67520832675664
            ],
            [
              121.49267568645747,
              24.67319375900007
            ],
            [
              121.49912291031801,
              24.678011203635343
            ],
            [
              121.50557013417854,
              24.67993818148945
            ],
            [
              121.51222203181243,
              24.684492856417343
            ],
            [
              121.5147804539793,
              24.68326659778291
            ],
            [
              121.52378610000672,
              24.68326659778291
            ],
            [
              121.52910761811383,
              24.687646092905883
            ],
            [
              121.53688522150114,
              24.68852199193048
            ],
            [
              121.53882962234796,
              24.694565695200183
            ],
            [
              121.53780625348121,
              24.69973349944529
            ],
            [
              121.54343478224834,
              24.705777202714994
            ],
            [
              121.55029135365558,
              24.705689612812535
            ],
            [
              121.55827363081625,
              24.710945006960102
            ],
            [
              121.56328813826332,
              24.712784394911754
            ],
            [
              121.567483950617,
              24.71155813627732
            ],
            [
              121.57045172033058,
              24.713923063643726
            ],
            [
              121.57485220645762,
              24.71015669783797
            ],
            [
              121.57730829173782,
              24.71488655257078
            ],
            [
              121.5778199761712,
              24.721806154865078
            ],
            [
              121.587644317292,
              24.720317126523266
            ],
            [
              121.59040741323224,
              24.72347036301181
            ],
            [
              121.5975709952995,
              24.727674678329862
            ],
            [
              121.59409154115255,
              24.729251296574134
            ],
            [
              121.59531958379264,
              24.739148955552054
            ],
            [
              121.59163545587234,
              24.744929889114378
            ],
            [
              121.59613827888604,
              24.748258305407838
            ],
            [
              121.58999806568553,
              24.751849491408677
            ],
            [
              121.58897469681878,
              24.755177907702137
            ],
            [
              121.59050975011891,
              24.760783661459545
            ],
            [
              121.59583126822602,
              24.76647700511941
            ],
            [
              121.5975709952995,
              24.772520708389113
            ],
            [
              121.59450088869924,
              24.778827181366196
            ],
            [
              121.59194246653237,
              24.787498581709684
            ],
            [
              121.60565560934684,
              24.789162789856412
            ],
            [
              121.60964674792717,
              24.793805054686764
            ],
            [
              121.62039212102806,
              24.792578796052332
            ],
            [
              121.62530429158846,
              24.794943723418736
            ],
            [
              121.62479260715509,
              24.801600556005656
            ],
            [
              121.63001178837553,
              24.808958107812252
            ],
            [
              121.63881276062959,
              24.810709905861444
            ],
            [
              121.6457716689235,
              24.809658827031928
            ],
            [
              121.64751139599697,
              24.813863142349984
            ],
            [
              121.65436796740421,
              24.81114785537374
            ],
            [
              121.6602011699447,
              24.81114785537374
            ],
            [
              121.66879746842541,
              24.816928788936064
            ],
            [
              121.67677974558606,
              24.814125912057364
            ],
            [
              121.68077088416639,
              24.817541918253283
            ],
            [
              121.68936718264712,
              24.817366738448364
            ],
            [
              121.68885549821374,
              24.82621331859677
            ],
            [
              121.6964284278277,
              24.830417633914823
            ],
            [
              121.69673543848772,
              24.833746050208283
            ],
            [
              121.70174994593481,
              24.8343591795255
            ],
            [
              121.70748081158861,
              24.838826264550935
            ],
            [
              121.7021592934815,
              24.84276781016161
            ],
            [
              121.69438169009419,
              24.843556119283747
            ],
            [
              121.68783212934699,
              24.849862592260827
            ],
            [
              121.68210126369317,
              24.850212951870667
            ],
            [
              121.66992317417883,
              24.84802320430918
            ],
            [
              121.65968948551132,
              24.850826081187883
            ],
            [
              121.65713106334444,
              24.849687412455907
            ],
            [
              121.6531399247641,
              24.855030396505935
            ],
            [
              121.64464596317006,
              24.860723740165803
            ],
            [
              121.63840341308288,
              24.860898919970722
            ],
            [
              121.63523096959595,
              24.857395323872343
            ],
            [
              121.62960244082882,
              24.86142445938548
            ],
            [
              121.62100614234811,
              24.863263847337127
            ],
            [
              121.615684624241,
              24.860723740165803
            ],
            [
              121.60923740038047,
              24.863088667532207
            ],
            [
              121.6012551232198,
              24.863263847337127
            ],
            [
              121.59276116162577,
              24.86615431411829
            ],
            [
              121.5851882320118,
              24.87263596690029
            ],
            [
              121.57577323843769,
              24.875088484169154
            ]
          ]
        ]
      },
      "properties": {
        "id": "65000290",
        "name": "烏來區",
        "city": "新北市",
        "quarter": "1142",
        "age_under_1y": 1,
        "age_1_5y": 33,
        "age_5_10y": 157,
        "age_10_15y": 169,
        "age_15_20y": 70,
        "age_20_25y": 79,
        "age_25_30y": 58,
        "age_30_40y": 77,
        "age_40_50y": 203,
        "age_over_50y": 242,
        "total": 1089,
        "old_building_count": 522
      }
    }
  ]
}