{
  "type": "FeatureCollection",
  "features": [
    {
      "type": "Feature",
      "geometry": {
        "type": "Polygon",
        "coordinates": [
          [
            [
              121.57142823302664,
              25.074308241567724
            ],
            [
              121.56911961269205,
              25.076186024780466
            ],
            [
              121.56322526290161,
              25.0725614664861
            ],
            [
              121.5526645528604,
              25.075618322878938
            ],
            [
              121.54878410591503,
              25.071076707666723
            ],
            [
              121.5387145916897,
              25.071295054551925
            ],
            [
              121.54431422399063,
              25.06697178622491
            ],
            [
              121.54382302817476,
              25.044918750819434
            ],
            [
              121.54406862608269,
              25.044918750819434
            ],
            [
              121.54490365896966,
              25.045049758950558
            ],
            [
              121.54726139888584,
              25.045137097704636
            ],
            [
              121.55015945419947,
              25.044787742688314
            ],
            [
              121.55114184583121,
              25.044700403934232
            ],
            [
              121.55236983537088,
              25.044569395803112
            ],
            [
              121.55300838993152,
              25.04448205704903
            ],
            [
              121.5541872598896,
              25.04443838767199
            ],
            [
              121.55472757528706,
              25.04452572642607
            ],
            [
              121.55551348859245,
              25.04474407331127
            ],
            [
              121.55738003269276,
              25.045137097704636
            ],
            [
              121.55767475018229,
              25.045224436458717
            ],
            [
              121.56926697143682,
              25.049242019146448
            ],
            [
              121.58007327938596,
              25.049460366031653
            ],
            [
              121.5799259206412,
              25.052910246817856
            ],
            [
              121.57300005963742,
              25.05173117363776
            ],
            [
              121.56956168892634,
              25.063216219799425
            ],
            [
              121.57216502675045,
              25.071469732060088
            ],
            [
              121.57142823302664,
              25.074308241567724
            ]
          ]
        ]
      },
      "properties": {
        "id": "63000010",
        "name": "松山區",
        "city": "臺北市",
        "quarter": "1131",
        "age_under_1y": 274,
        "age_1_5y": 726,
        "age_5_10y": 1342,
        "age_10_15y": 1992,
        "age_15_20y": 2854,
        "age_20_25y": 2371,
        "age_25_30y": 2691,
        "age_30_40y": 15855,
        "age_40_50y": 25235,
        "age_over_50y": 12589,
        "total": 65929,
        "old_building_count": 53679
      }
    },
    {
      "type": "Feature",
      "geometry": {
        "type": "Polygon",
        "coordinates": [
          [
            [
              121.58007327938596,
              25.049460366031653
            ],
            [
              121.56926697143682,
              25.049242019146448
            ],
            [
              121.55767475018229,
              25.045224436458717
            ],
            [
              121.55767475018229,
              25.044962420196477
            ],
            [
              121.55767475018229,
              25.04373967763934
            ],
            [
              121.5576256306007,
              25.042560604459247
            ],
            [
              121.5575765110191,
              25.04059548249242
            ],
            [
              121.5575765110191,
              25.039416409312327
            ],
            [
              121.55752739143752,
              25.037538626099582
            ],
            [
              121.55747827185594,
              25.036272214165407
            ],
            [
              121.55747827185594,
              25.036053867280202
            ],
            [
              121.55747827185594,
              25.03504947160827
            ],
            [
              121.55742915227435,
              25.034263422821542
            ],
            [
              121.55742915227435,
              25.033695720920015
            ],
            [
              121.55742915227435,
              25.033084349641445
            ],
            [
              121.55738003269276,
              25.031337574559824
            ],
            [
              121.55738003269276,
              25.03028950951085
            ],
            [
              121.55738003269276,
              25.029372452593
            ],
            [
              121.55723267394801,
              25.029154105707796
            ],
            [
              121.55698707604007,
              25.028717411937393
            ],
            [
              121.55659411938737,
              25.028106040658823
            ],
            [
              121.55639764106103,
              25.027844024396583
            ],
            [
              121.55595556482675,
              25.027407330626176
            ],
            [
              121.55575908650039,
              25.027276322495055
            ],
            [
              121.55477669486865,
              25.026359265577202
            ],
            [
              121.55369606407373,
              25.02539853928231
            ],
            [
              121.55295927034993,
              25.024699829249663
            ],
            [
              121.55389254240009,
              25.023215070430282
            ],
            [
              121.55639764106103,
              25.02085692407009
            ],
            [
              121.55674147813212,
              25.02055123843081
            ],
            [
              121.5575765110191,
              25.01976518964408
            ],
            [
              121.55821506557974,
              25.019153818365513
            ],
            [
              121.55846066348768,
              25.018935471480308
            ],
            [
              121.55900097888514,
              25.018411438955823
            ],
            [
              121.55934481595624,
              25.01810575331654
            ],
            [
              121.55993425093529,
              25.01745071266093
            ],
            [
              121.5602780880064,
              25.016970349513485
            ],
            [
              121.56052368591433,
              25.016315308857877
            ],
            [
              121.56150607754607,
              25.015267243808903
            ],
            [
              121.56204639294353,
              25.014743211284415
            ],
            [
              121.56224287126987,
              25.014481195022174
            ],
            [
              121.56283230624892,
              25.013607807481364
            ],
            [
              121.56342174122797,
              25.013171113710957
            ],
            [
              121.56342174122797,
              25.012166718039026
            ],
            [
              121.56342174122797,
              25.0118173630227
            ],
            [
              121.56347086080955,
              25.011555346760456
            ],
            [
              121.56356909997272,
              25.011336999875255
            ],
            [
              121.56504268742033,
              25.01015792669516
            ],
            [
              121.56528828532826,
              25.009983249186998
            ],
            [
              121.56568124198097,
              25.008847845383944
            ],
            [
              121.5659268398889,
              25.008105465974253
            ],
            [
              121.56597595947049,
              25.008149135351292
            ],
            [
              121.5666636336127,
              25.008323812859455
            ],
            [
              121.56715482942857,
              25.008498490367618
            ],
            [
              121.56759690566285,
              25.0088041760069
            ],
            [
              121.56774426440762,
              25.008847845383944
            ],
            [
              121.56828457980508,
              25.009066192269145
            ],
            [
              121.56853017771301,
              25.009240869777308
            ],
            [
              121.56902137352888,
              25.009590224793634
            ],
            [
              121.56936521059998,
              25.009764902301793
            ],
            [
              121.56990552599744,
              25.010594620465564
            ],
            [
              121.57000376516062,
              25.010681959219646
            ],
            [
              121.57098615679236,
              25.011118652990053
            ],
            [
              121.57123175470029,
              25.011293330498212
            ],
            [
              121.5715755917714,
              25.011555346760456
            ],
            [
              121.57187030926093,
              25.011904701776782
            ],
            [
              121.5719685484241,
              25.012341395547185
            ],
            [
              121.5719685484241,
              25.01255974243239
            ],
            [
              121.57201766800569,
              25.012778089317592
            ],
            [
              121.5723615050768,
              25.01356413810432
            ],
            [
              121.57304917921901,
              25.01325845246504
            ],
            [
              121.57324565754536,
              25.013214783087996
            ],
            [
              121.57452276666662,
              25.013171113710957
            ],
            [
              121.5753577995536,
              25.01338946059616
            ],
            [
              121.5757507562063,
              25.013826154366566
            ],
            [
              121.576143712859,
              25.01421917875993
            ],
            [
              121.57634019118534,
              25.01421917875993
            ],
            [
              121.5768805065828,
              25.01408817062881
            ],
            [
              121.5772734632355,
              25.013957162497686
            ],
            [
              121.5780102569593,
              25.013869823743605
            ],
            [
              121.58360988926022,
              25.018848132726227
            ],
            [
              121.58523083545259,
              25.024306804856298
            ],
            [
              121.59205845729318,
              25.031293905182785
            ],
            [
              121.5867044229002,
              25.041512539410274
            ],
            [
              121.58076095352817,
              25.04526810583576
            ],
            [
              121.58007327938596,
              25.049460366031653
            ]
          ]
        ]
      },
      "properties": {
        "id": "63000020",
        "name": "信義區",
        "city": "臺北市",
        "quarter": "1131",
        "age_under_1y": 931,
        "age_1_5y": 849,
        "age_5_10y": 1037,
        "age_10_15y": 1955,
        "age_15_20y": 3696,
        "age_20_25y": 2416,
        "age_25_30y": 4574,
        "age_30_40y": 20478,
        "age_40_50y": 27085,
        "age_over_50y": 13594,
        "total": 76615,
        "old_building_count": 61157
      }
    },
    {
      "type": "Feature",
      "geometry": {
        "type": "Polygon",
        "coordinates": [
          [
            [
              121.54406862608269,
              25.044918750819434
            ],
            [
              121.54298799528777,
              25.044787742688314
            ],
            [
              121.5421038428192,
              25.044700403934232
            ],
            [
              121.54102321202429,
              25.04465673455719
            ],
            [
              121.54053201620842,
              25.04465673455719
            ],
            [
              121.53812515671066,
              25.044700403934232
            ],
            [
              121.53655333009988,
              25.04474407331127
            ],
            [
              121.53517798181544,
              25.044962420196477
            ],
            [
              121.53468678599957,
              25.045049758950558
            ],
            [
              121.53321319855196,
              25.04539911396688
            ],
            [
              121.53291848106244,
              25.044132702032705
            ],
            [
              121.53282024189926,
              25.04129419252507
            ],
            [
              121.5326728831545,
              25.033695720920015
            ],
            [
              121.5326728831545,
              25.033652051542973
            ],
            [
              121.53247640482816,
              25.033652051542973
            ],
            [
              121.52967658867769,
              25.033826729051135
            ],
            [
              121.52491198926376,
              25.035267818493473
            ],
            [
              121.52427343470312,
              25.035355157247555
            ],
            [
              121.52279984725551,
              25.032822333379205
            ],
            [
              121.52235777102123,
              25.031555921445026
            ],
            [
              121.52206305353171,
              25.029852815740448
            ],
            [
              121.5224560101844,
              25.02705797560985
            ],
            [
              121.52250512976599,
              25.02701430623281
            ],
            [
              121.52564878298756,
              25.022909384791
            ],
            [
              121.5262873375482,
              25.022341682889472
            ],
            [
              121.5266311746193,
              25.02203599725019
            ],
            [
              121.5284977187196,
              25.020376560922646
            ],
            [
              121.52923451244341,
              25.019677850889998
            ],
            [
              121.52987306700405,
              25.019066479611432
            ],
            [
              121.53021690407515,
              25.018717124595106
            ],
            [
              121.53164137194118,
              25.01736337390685
            ],
            [
              121.53223080692023,
              25.01675200262828
            ],
            [
              121.53311495938878,
              25.015922284464512
            ],
            [
              121.53390087269418,
              25.015179905054822
            ],
            [
              121.53429382934688,
              25.014786880661458
            ],
            [
              121.53586565595765,
              25.01325845246504
            ],
            [
              121.53689716717098,
              25.011555346760456
            ],
            [
              121.53704452591575,
              25.011249661121173
            ],
            [
              121.53783043922114,
              25.00854215974466
            ],
            [
              121.54495277855125,
              25.008018127220172
            ],
            [
              121.55349958574739,
              25.009240869777308
            ],
            [
              121.55850978306927,
              25.011904701776782
            ],
            [
              121.56307790415686,
              25.008018127220172
            ],
            [
              121.5659268398889,
              25.008105465974253
            ],
            [
              121.56568124198097,
              25.008847845383944
            ],
            [
              121.56528828532826,
              25.009983249186998
            ],
            [
              121.56504268742033,
              25.01015792669516
            ],
            [
              121.56356909997272,
              25.011336999875255
            ],
            [
              121.56347086080955,
              25.011555346760456
            ],
            [
              121.56342174122797,
              25.0118173630227
            ],
            [
              121.56342174122797,
              25.012166718039026
            ],
            [
              121.56342174122797,
              25.013171113710957
            ],
            [
              121.56283230624892,
              25.013607807481364
            ],
            [
              121.56224287126987,
              25.014481195022174
            ],
            [
              121.56204639294353,
              25.014743211284415
            ],
            [
              121.56150607754607,
              25.015267243808903
            ],
            [
              121.56052368591433,
              25.016315308857877
            ],
            [
              121.5602780880064,
              25.016970349513485
            ],
            [
              121.55993425093529,
              25.01745071266093
            ],
            [
              121.55934481595624,
              25.01810575331654
            ],
            [
              121.55900097888514,
              25.018411438955823
            ],
            [
              121.55846066348768,
              25.018935471480308
            ],
            [
              121.55821506557974,
              25.019153818365513
            ],
            [
              121.5575765110191,
              25.01976518964408
            ],
            [
              121.55674147813212,
              25.02055123843081
            ],
            [
              121.55639764106103,
              25.02085692407009
            ],
            [
              121.55389254240009,
              25.023215070430282
            ],
            [
              121.55295927034993,
              25.024699829249663
            ],
            [
              121.55369606407373,
              25.02539853928231
            ],
            [
              121.55477669486865,
              25.026359265577202
            ],
            [
              121.55575908650039,
              25.027276322495055
            ],
            [
              121.55595556482675,
              25.027407330626176
            ],
            [
              121.55639764106103,
              25.027844024396583
            ],
            [
              121.55659411938737,
              25.028106040658823
            ],
            [
              121.55698707604007,
              25.028717411937393
            ],
            [
              121.55723267394801,
              25.029154105707796
            ],
            [
              121.55738003269276,
              25.029372452593
            ],
            [
              121.55738003269276,
              25.03028950951085
            ],
            [
              121.55738003269276,
              25.031337574559824
            ],
            [
              121.55742915227435,
              25.033084349641445
            ],
            [
              121.55742915227435,
              25.033695720920015
            ],
            [
              121.55742915227435,
              25.034263422821542
            ],
            [
              121.55747827185594,
              25.03504947160827
            ],
            [
              121.55747827185594,
              25.036053867280202
            ],
            [
              121.55747827185594,
              25.036272214165407
            ],
            [
              121.55752739143752,
              25.037538626099582
            ],
            [
              121.5575765110191,
              25.039416409312327
            ],
            [
              121.5575765110191,
              25.04059548249242
            ],
            [
              121.5576256306007,
              25.042560604459247
            ],
            [
              121.55767475018229,
              25.04373967763934
            ],
            [
              121.55767475018229,
              25.044962420196477
            ],
            [
              121.55767475018229,
              25.045224436458717
            ],
            [
              121.55738003269276,
              25.045137097704636
            ],
            [
              121.55551348859245,
              25.04474407331127
            ],
            [
              121.55472757528706,
              25.04452572642607
            ],
            [
              121.5541872598896,
              25.04443838767199
            ],
            [
              121.55300838993152,
              25.04448205704903
            ],
            [
              121.55236983537088,
              25.044569395803112
            ],
            [
              121.55114184583121,
              25.044700403934232
            ],
            [
              121.55015945419947,
              25.044787742688314
            ],
            [
              121.54726139888584,
              25.045137097704636
            ],
            [
              121.54490365896966,
              25.045049758950558
            ],
            [
              121.54406862608269,
              25.044918750819434
            ]
          ]
        ]
      },
      "properties": {
        "id": "63000030",
        "name": "大安區",
        "city": "臺北市",
        "quarter": "1131",
        "age_under_1y": 549,
        "age_1_5y": 1455,
        "age_5_10y": 1405,
        "age_10_15y": 3243,
        "age_15_20y": 3737,
        "age_20_25y": 2602,
        "age_25_30y": 3188,
        "age_30_40y": 26768,
        "age_40_50y": 37975,
        "age_over_50y": 16807,
        "total": 97729,
        "old_building_count": 81550
      }
    },
    {
      "type": "Feature",
      "geometry": {
        "type": "Polygon",
        "coordinates": [
          [
            [
              121.55217335704454,
              25.09238736366251
            ],
            [
              121.54500189813284,
              25.090378572318645
            ],
            [
              121.53832163503701,
              25.09164498425282
            ],
            [
              121.52427343470312,
              25.080858648123804
            ],
            [
              121.52250512976599,
              25.07710308169832
            ],
            [
              121.52044210733933,
              25.073129168387627
            ],
            [
              121.51896851989173,
              25.064657309241763
            ],
            [
              121.52049122692092,
              25.060028355275463
            ],
            [
              121.5201965094314,
              25.051119802359192
            ],
            [
              121.5186738024022,
              25.048368631605637
            ],
            [
              121.53291848106244,
              25.04548645272096
            ],
            [
              121.53321319855196,
              25.04539911396688
            ],
            [
              121.53468678599957,
              25.045049758950558
            ],
            [
              121.53517798181544,
              25.044962420196477
            ],
            [
              121.53655333009988,
              25.04474407331127
            ],
            [
              121.53812515671066,
              25.044700403934232
            ],
            [
              121.54053201620842,
              25.04465673455719
            ],
            [
              121.54102321202429,
              25.04465673455719
            ],
            [
              121.5421038428192,
              25.044700403934232
            ],
            [
              121.54298799528777,
              25.044787742688314
            ],
            [
              121.54382302817476,
              25.044918750819434
            ],
            [
              121.54431422399063,
              25.06697178622491
            ],
            [
              121.5387145916897,
              25.071295054551925
            ],
            [
              121.54878410591503,
              25.071076707666723
            ],
            [
              121.5526645528604,
              25.075618322878938
            ],
            [
              121.56322526290161,
              25.0725614664861
            ],
            [
              121.56911961269205,
              25.076186024780466
            ],
            [
              121.57142823302664,
              25.074308241567724
            ],
            [
              121.57039672181331,
              25.077059412321276
            ],
            [
              121.56499356783874,
              25.078500501763617
            ],
            [
              121.56111312089337,
              25.084308528910007
            ],
            [
              121.5534504661658,
              25.089810870417118
            ],
            [
              121.55217335704454,
              25.09238736366251
            ]
          ]
        ]
      },
      "properties": {
        "id": "63000040",
        "name": "中山區",
        "city": "臺北市",
        "quarter": "1131",
        "age_under_1y": 664,
        "age_1_5y": 1789,
        "age_5_10y": 3159,
        "age_10_15y": 5716,
        "age_15_20y": 7175,
        "age_20_25y": 6235,
        "age_25_30y": 6309,
        "age_30_40y": 18734,
        "age_40_50y": 30893,
        "age_over_50y": 15835,
        "total": 96509,
        "old_building_count": 65462
      }
    },
    {
      "type": "Feature",
      "geometry": {
        "type": "Polygon",
        "coordinates": [
          [
            [
              121.5186738024022,
              25.048368631605637
            ],
            [
              121.51066731060352,
              25.048324962228598
            ],
            [
              121.5096357993902,
              25.047320566556664
            ],
            [
              121.50418352583404,
              25.029896485117487
            ],
            [
              121.51238649595906,
              25.021730311610906
            ],
            [
              121.52112978148156,
              25.01810575331654
            ],
            [
              121.52574702215074,
              25.01186103239974
            ],
            [
              121.53183785026752,
              25.00867316787578
            ],
            [
              121.5319360894307,
              25.00871683725282
            ],
            [
              121.53218168733864,
              25.008891514760982
            ],
            [
              121.53252552440973,
              25.009066192269145
            ],
            [
              121.5334587964599,
              25.009590224793634
            ],
            [
              121.53390087269418,
              25.009852241055874
            ],
            [
              121.5341955901837,
              25.010026918564037
            ],
            [
              121.5349323839075,
              25.010507281711483
            ],
            [
              121.53527622097862,
              25.010725628596685
            ],
            [
              121.53586565595765,
              25.01103131423597
            ],
            [
              121.53625861261035,
              25.011118652990053
            ],
            [
              121.53665156926304,
              25.01120599174413
            ],
            [
              121.53689716717098,
              25.011555346760456
            ],
            [
              121.53586565595765,
              25.01325845246504
            ],
            [
              121.53429382934688,
              25.014786880661458
            ],
            [
              121.53390087269418,
              25.015179905054822
            ],
            [
              121.53311495938878,
              25.015922284464512
            ],
            [
              121.53223080692023,
              25.01675200262828
            ],
            [
              121.53164137194118,
              25.01736337390685
            ],
            [
              121.53021690407515,
              25.018717124595106
            ],
            [
              121.52987306700405,
              25.019066479611432
            ],
            [
              121.52923451244341,
              25.019677850889998
            ],
            [
              121.5284977187196,
              25.020376560922646
            ],
            [
              121.5266311746193,
              25.02203599725019
            ],
            [
              121.5262873375482,
              25.022341682889472
            ],
            [
              121.52564878298756,
              25.022909384791
            ],
            [
              121.52250512976599,
              25.02701430623281
            ],
            [
              121.5224560101844,
              25.02705797560985
            ],
            [
              121.52206305353171,
              25.029852815740448
            ],
            [
              121.52235777102123,
              25.031555921445026
            ],
            [
              121.52279984725551,
              25.032822333379205
            ],
            [
              121.52427343470312,
              25.035355157247555
            ],
            [
              121.52491198926376,
              25.035267818493473
            ],
            [
              121.52967658867769,
              25.033826729051135
            ],
            [
              121.53247640482816,
              25.033652051542973
            ],
            [
              121.5326728831545,
              25.033652051542973
            ],
            [
              121.5326728831545,
              25.033695720920015
            ],
            [
              121.53282024189926,
              25.04129419252507
            ],
            [
              121.53291848106244,
              25.044132702032705
            ],
            [
              121.53291848106244,
              25.04548645272096
            ],
            [
              121.5186738024022,
              25.048368631605637
            ]
          ]
        ]
      },
      "properties": {
        "id": "63000050",
        "name": "中正區",
        "city": "臺北市",
        "quarter": "1131",
        "age_under_1y": 443,
        "age_1_5y": 1776,
        "age_5_10y": 1751,
        "age_10_15y": 2511,
        "age_15_20y": 3946,
        "age_20_25y": 2179,
        "age_25_30y": 2155,
        "age_30_40y": 9472,
        "age_40_50y": 16321,
        "age_over_50y": 11970,
        "total": 52524,
        "old_building_count": 37763
      }
    },
    {
      "type": "Feature",
      "geometry": {
        "type": "Polygon",
        "coordinates": [
          [
            [
              121.52250512976599,
              25.07710308169832
            ],
            [
              121.51621782332286,
              25.08024727684524
            ],
            [
              121.5046747216499,
              25.07810747737025
            ],
            [
              121.50703246156608,
              25.06989763448663
            ],
            [
              121.50560799370007,
              25.060770734685153
            ],
            [
              121.5061974286791,
              25.053652626227546
            ],
            [
              121.50462560206833,
              25.049766051670936
            ],
            [
              121.51066731060352,
              25.048324962228598
            ],
            [
              121.5186738024022,
              25.048368631605637
            ],
            [
              121.5201965094314,
              25.051119802359192
            ],
            [
              121.52049122692092,
              25.060028355275463
            ],
            [
              121.51896851989173,
              25.064657309241763
            ],
            [
              121.52044210733933,
              25.073129168387627
            ],
            [
              121.52250512976599,
              25.07710308169832
            ]
          ]
        ]
      },
      "properties": {
        "id": "63000060",
        "name": "大同區",
        "city": "臺北市",
        "quarter": "1131",
        "age_under_1y": 773,
        "age_1_5y": 2613,
        "age_5_10y": 1283,
        "age_10_15y": 3517,
        "age_15_20y": 1978,
        "age_20_25y": 1406,
        "age_25_30y": 2415,
        "age_30_40y": 6406,
        "age_40_50y": 13207,
        "age_over_50y": 12552,
        "total": 46150,
        "old_building_count": 32165
      }
    },
    {
      "type": "Feature",
      "geometry": {
        "type": "Polygon",
        "coordinates": [
          [
            [
              121.51066731060352,
              25.048324962228598
            ],
            [
              121.50462560206833,
              25.049766051670936
            ],
            [
              121.50133459010199,
              25.045966815868407
            ],
            [
              121.4956367186379,
              25.04295362885261
            ],
            [
              121.48880909679731,
              25.042560604459247
            ],
            [
              121.48365154073068,
              25.035311487870516
            ],
            [
              121.48880909679731,
              25.023346078561403
            ],
            [
              121.48875997721572,
              25.015310913185942
            ],
            [
              121.4926404241611,
              25.00954655541659
            ],
            [
              121.50025395930709,
              25.01194837115382
            ],
            [
              121.50614830909753,
              25.018804463349188
            ],
            [
              121.51238649595906,
              25.021730311610906
            ],
            [
              121.50418352583404,
              25.029896485117487
            ],
            [
              121.5096357993902,
              25.047320566556664
            ],
            [
              121.51066731060352,
              25.048324962228598
            ]
          ]
        ]
      },
      "properties": {
        "id": "63000070",
        "name": "萬華區",
        "city": "臺北市",
        "quarter": "1131",
        "age_under_1y": 1004,
        "age_1_5y": 1382,
        "age_5_10y": 2702,
        "age_10_15y": 2256,
        "age_15_20y": 2377,
        "age_20_25y": 1974,
        "age_25_30y": 2416,
        "age_30_40y": 11300,
        "age_40_50y": 26308,
        "age_over_50y": 18359,
        "total": 70078,
        "old_building_count": 55967
      }
    },
    {
      "type": "Feature",
      "geometry": {
        "type": "Polygon",
        "coordinates": [
          [
            [
              121.5972651329414,
              25.014393856268093
            ],
            [
              121.59613538256491,
              25.01496155816962
            ],
            [
              121.59588978465698,
              25.01509256630074
            ],
            [
              121.5957915454938,
              25.015223574431865
            ],
            [
              121.59544770842268,
              25.015485590694105
            ],
            [
              121.59525123009634,
              25.015529260071148
            ],
            [
              121.59407236013826,
              25.015136235677783
            ],
            [
              121.59367940348555,
              25.014699541907376
            ],
            [
              121.59318820766968,
              25.014524864399213
            ],
            [
              121.59220581603795,
              25.014743211284415
            ],
            [
              121.59151814189573,
              25.014699541907376
            ],
            [
              121.59141990273255,
              25.014481195022174
            ],
            [
              121.5912725439878,
              25.01426284813697
            ],
            [
              121.58989719570336,
              25.013869823743605
            ],
            [
              121.58965159779542,
              25.013826154366566
            ],
            [
              121.58866920616369,
              25.013695146235445
            ],
            [
              121.58793241243987,
              25.0134331299732
            ],
            [
              121.5878341732767,
              25.01338946059616
            ],
            [
              121.58655706415544,
              25.01338946059616
            ],
            [
              121.5855746725237,
              25.01334579121912
            ],
            [
              121.58508347670784,
              25.013127444333918
            ],
            [
              121.58395372633133,
              25.013083774956876
            ],
            [
              121.58208718223102,
              25.01247240367831
            ],
            [
              121.58174334515991,
              25.01247240367831
            ],
            [
              121.58110479059928,
              25.01247240367831
            ],
            [
              121.58090831227294,
              25.012428734301267
            ],
            [
              121.58076095352817,
              25.012297726170146
            ],
            [
              121.58046623603865,
              25.012210387416065
            ],
            [
              121.58036799687548,
              25.012254056793104
            ],
            [
              121.5802697577123,
              25.012341395547185
            ],
            [
              121.57997504022278,
              25.01247240367831
            ],
            [
              121.57923824649897,
              25.013040105579837
            ],
            [
              121.5787961702647,
              25.01334579121912
            ],
            [
              121.57864881151993,
              25.01347679935024
            ],
            [
              121.5780102569593,
              25.013869823743605
            ],
            [
              121.5772734632355,
              25.013957162497686
            ],
            [
              121.5768805065828,
              25.01408817062881
            ],
            [
              121.57634019118534,
              25.01421917875993
            ],
            [
              121.576143712859,
              25.01421917875993
            ],
            [
              121.5757507562063,
              25.013826154366566
            ],
            [
              121.5753577995536,
              25.01338946059616
            ],
            [
              121.57452276666662,
              25.013171113710957
            ],
            [
              121.57324565754536,
              25.013214783087996
            ],
            [
              121.57304917921901,
              25.01325845246504
            ],
            [
              121.5723615050768,
              25.01356413810432
            ],
            [
              121.57201766800569,
              25.012778089317592
            ],
            [
              121.5719685484241,
              25.01255974243239
            ],
            [
              121.5719685484241,
              25.012341395547185
            ],
            [
              121.57187030926093,
              25.011904701776782
            ],
            [
              121.5715755917714,
              25.011555346760456
            ],
            [
              121.57123175470029,
              25.011293330498212
            ],
            [
              121.57098615679236,
              25.011118652990053
            ],
            [
              121.57000376516062,
              25.010681959219646
            ],
            [
              121.56990552599744,
              25.010594620465564
            ],
            [
              121.56936521059998,
              25.009764902301793
            ],
            [
              121.56902137352888,
              25.009590224793634
            ],
            [
              121.56853017771301,
              25.009240869777308
            ],
            [
              121.56828457980508,
              25.009066192269145
            ],
            [
              121.56774426440762,
              25.008847845383944
            ],
            [
              121.56759690566285,
              25.0088041760069
            ],
            [
              121.56715482942857,
              25.008498490367618
            ],
            [
              121.5666636336127,
              25.008323812859455
            ],
            [
              121.56597595947049,
              25.008149135351292
            ],
            [
              121.5659268398889,
              25.008105465974253
            ],
            [
              121.56307790415686,
              25.008018127220172
            ],
            [
              121.55850978306927,
              25.011904701776782
            ],
            [
              121.55349958574739,
              25.009240869777308
            ],
            [
              121.54495277855125,
              25.008018127220172
            ],
            [
              121.53783043922114,
              25.00854215974466
            ],
            [
              121.53704452591575,
              25.011249661121173
            ],
            [
              121.53665156926304,
              25.01120599174413
            ],
            [
              121.53625861261035,
              25.011118652990053
            ],
            [
              121.53586565595765,
              25.01103131423597
            ],
            [
              121.53527622097862,
              25.010725628596685
            ],
            [
              121.5349323839075,
              25.010507281711483
            ],
            [
              121.5341955901837,
              25.010026918564037
            ],
            [
              121.53390087269418,
              25.009852241055874
            ],
            [
              121.5334587964599,
              25.009590224793634
            ],
            [
              121.53252552440973,
              25.009066192269145
            ],
            [
              121.53218168733864,
              25.008891514760982
            ],
            [
              121.5319360894307,
              25.00871683725282
            ],
            [
              121.53183785026752,
              25.00867316787578
            ],
            [
              121.53385175311259,
              25.003607520139077
            ],
            [
              121.53051162156467,
              24.998017839877885
            ],
            [
              121.53164137194118,
              24.994742636599845
            ],
            [
              121.53625861261035,
              24.994087595944237
            ],
            [
              121.5368480475894,
              24.98871626256825
            ],
            [
              121.54387214775633,
              24.988279568797847
            ],
            [
              121.54485453938808,
              24.98378162296267
            ],
            [
              121.55389254240009,
              24.984349324864194
            ],
            [
              121.55305750951311,
              24.98076843594687
            ],
            [
              121.56121136005655,
              24.96469810519595
            ],
            [
              121.57295094005585,
              24.964130403294423
            ],
            [
              121.57864881151993,
              24.966575888408695
            ],
            [
              121.58572203126846,
              24.96321334637657
            ],
            [
              121.59338468599603,
              24.964217742048504
            ],
            [
              121.59706865461506,
              24.960505845000057
            ],
            [
              121.60846439754324,
              24.96321334637657
            ],
            [
              121.61367107319147,
              24.96644488027757
            ],
            [
              121.6196145425635,
              24.96714359031022
            ],
            [
              121.6191724663292,
              24.970593471096425
            ],
            [
              121.6112642136937,
              24.974611053784155
            ],
            [
              121.60512426599533,
              24.974436376275992
            ],
            [
              121.60016318825504,
              24.976925530767303
            ],
            [
              121.59986847076551,
              24.986489124339183
            ],
            [
              121.60188237361058,
              24.99046303764987
            ],
            [
              121.59814928540997,
              24.9944806203376
            ],
            [
              121.60055614490774,
              25.0007253412544
            ],
            [
              121.59564418674904,
              25.00714473967936
            ],
            [
              121.5972651329414,
              25.014393856268093
            ]
          ]
        ]
      },
      "properties": {
        "id": "63000080",
        "name": "文山區",
        "city": "臺北市",
        "quarter": "1131",
        "age_under_1y": 1116,
        "age_1_5y": 1877,
        "age_5_10y": 4300,
        "age_10_15y": 5510,
        "age_15_20y": 5142,
        "age_20_25y": 5945,
        "age_25_30y": 14927,
        "age_30_40y": 15608,
        "age_40_50y": 30367,
        "age_over_50y": 8954,
        "total": 93746,
        "old_building_count": 54929
      }
    },
    {
      "type": "Feature",
      "geometry": {
        "type": "Polygon",
        "coordinates": [
          [
            [
              121.61612705227081,
              25.063914929832073
            ],
            [
              121.61268868155972,
              25.064307954225438
            ],
            [
              121.60802232130897,
              25.059941016521382
            ],
            [
              121.59623362172808,
              25.058499927079044
            ],
            [
              121.59250053352747,
              25.0596353308821
            ],
            [
              121.58798153202146,
              25.055486740063248
            ],
            [
              121.5799259206412,
              25.052910246817856
            ],
            [
              121.58007327938596,
              25.049460366031653
            ],
            [
              121.58076095352817,
              25.04526810583576
            ],
            [
              121.5867044229002,
              25.041512539410274
            ],
            [
              121.59205845729318,
              25.031293905182785
            ],
            [
              121.58523083545259,
              25.024306804856298
            ],
            [
              121.58360988926022,
              25.018848132726227
            ],
            [
              121.5780102569593,
              25.013869823743605
            ],
            [
              121.57864881151993,
              25.01347679935024
            ],
            [
              121.5787961702647,
              25.01334579121912
            ],
            [
              121.57923824649897,
              25.013040105579837
            ],
            [
              121.57997504022278,
              25.01247240367831
            ],
            [
              121.5802697577123,
              25.012341395547185
            ],
            [
              121.58036799687548,
              25.012254056793104
            ],
            [
              121.58046623603865,
              25.012210387416065
            ],
            [
              121.58076095352817,
              25.012297726170146
            ],
            [
              121.58090831227294,
              25.012428734301267
            ],
            [
              121.58110479059928,
              25.01247240367831
            ],
            [
              121.58174334515991,
              25.01247240367831
            ],
            [
              121.58208718223102,
              25.01247240367831
            ],
            [
              121.58395372633133,
              25.013083774956876
            ],
            [
              121.58508347670784,
              25.013127444333918
            ],
            [
              121.5855746725237,
              25.01334579121912
            ],
            [
              121.58655706415544,
              25.01338946059616
            ],
            [
              121.5878341732767,
              25.01338946059616
            ],
            [
              121.58793241243987,
              25.0134331299732
            ],
            [
              121.58866920616369,
              25.013695146235445
            ],
            [
              121.58965159779542,
              25.013826154366566
            ],
            [
              121.58989719570336,
              25.013869823743605
            ],
            [
              121.5912725439878,
              25.01426284813697
            ],
            [
              121.59141990273255,
              25.014481195022174
            ],
            [
              121.59151814189573,
              25.014699541907376
            ],
            [
              121.59220581603795,
              25.014743211284415
            ],
            [
              121.59318820766968,
              25.014524864399213
            ],
            [
              121.59367940348555,
              25.014699541907376
            ],
            [
              121.59407236013826,
              25.015136235677783
            ],
            [
              121.59525123009634,
              25.015529260071148
            ],
            [
              121.59544770842268,
              25.015485590694105
            ],
            [
              121.5957915454938,
              25.015223574431865
            ],
            [
              121.59588978465698,
              25.01509256630074
            ],
            [
              121.59613538256491,
              25.01496155816962
            ],
            [
              121.5972651329414,
              25.014393856268093
            ],
            [
              121.60271740649756,
              25.015136235677783
            ],
            [
              121.60414187436359,
              25.01911014898847
            ],
            [
              121.60870999545118,
              25.02050756905377
            ],
            [
              121.62246347829554,
              25.01736337390685
            ],
            [
              121.6289963826466,
              25.01998353652928
            ],
            [
              121.6309120463285,
              25.0247434986267
            ],
            [
              121.63567664574244,
              25.023215070430282
            ],
            [
              121.6429954633989,
              25.02456882111854
            ],
            [
              121.64702326908903,
              25.021861319742026
            ],
            [
              121.64992132440267,
              25.023957449839973
            ],
            [
              121.66406776389972,
              25.023171401053244
            ],
            [
              121.66593430800003,
              25.029896485117487
            ],
            [
              121.6607767519334,
              25.030464187019014
            ],
            [
              121.65679806582484,
              25.02793136315066
            ],
            [
              121.6502160418922,
              25.027625677511377
            ],
            [
              121.64402697461223,
              25.029896485117487
            ],
            [
              121.63287682959198,
              25.035835520395
            ],
            [
              121.62531241402759,
              25.037669634230703
            ],
            [
              121.62192316289809,
              25.040071449967932
            ],
            [
              121.61647088934193,
              25.048150284720435
            ],
            [
              121.62103901042951,
              25.053696295604585
            ],
            [
              121.62162844540856,
              25.060334040914746
            ],
            [
              121.61612705227081,
              25.063914929832073
            ]
          ]
        ]
      },
      "properties": {
        "id": "63000090",
        "name": "南港區",
        "city": "臺北市",
        "quarter": "1131",
        "age_under_1y": 546,
        "age_1_5y": 1576,
        "age_5_10y": 1446,
        "age_10_15y": 3925,
        "age_15_20y": 3595,
        "age_20_25y": 2933,
        "age_25_30y": 2058,
        "age_30_40y": 6254,
        "age_40_50y": 14609,
        "age_over_50y": 3120,
        "total": 40062,
        "old_building_count": 23983
      }
    },
    {
      "type": "Feature",
      "geometry": {
        "type": "Polygon",
        "coordinates": [
          [
            [
              121.59569330633062,
              25.114178382805743
            ],
            [
              121.58798153202146,
              25.11378535841238
            ],
            [
              121.58527995503418,
              25.108807049429757
            ],
            [
              121.57977856189643,
              25.106448903069566
            ],
            [
              121.57034760223173,
              25.105444507397632
            ],
            [
              121.56681099235746,
              25.099068778349714
            ],
            [
              121.55880450055878,
              25.09871942333339
            ],
            [
              121.55448197737913,
              25.092736718678836
            ],
            [
              121.55217335704454,
              25.09238736366251
            ],
            [
              121.5534504661658,
              25.089810870417118
            ],
            [
              121.56111312089337,
              25.084308528910007
            ],
            [
              121.56499356783874,
              25.078500501763617
            ],
            [
              121.57039672181331,
              25.077059412321276
            ],
            [
              121.57142823302664,
              25.074308241567724
            ],
            [
              121.57216502675045,
              25.071469732060088
            ],
            [
              121.56956168892634,
              25.063216219799425
            ],
            [
              121.57300005963742,
              25.05173117363776
            ],
            [
              121.5799259206412,
              25.052910246817856
            ],
            [
              121.58798153202146,
              25.055486740063248
            ],
            [
              121.59250053352747,
              25.0596353308821
            ],
            [
              121.59623362172808,
              25.058499927079044
            ],
            [
              121.60802232130897,
              25.059941016521382
            ],
            [
              121.61268868155972,
              25.064307954225438
            ],
            [
              121.61612705227081,
              25.063914929832073
            ],
            [
              121.62148108666379,
              25.069548279470304
            ],
            [
              121.62433002239584,
              25.0804219543534
            ],
            [
              121.62860342599392,
              25.086491997762035
            ],
            [
              121.62329851118251,
              25.096928978874725
            ],
            [
              121.6154393781286,
              25.103828740447135
            ],
            [
              121.60797320172738,
              25.10675458870885
            ],
            [
              121.59746161126776,
              25.109505759462404
            ],
            [
              121.59569330633062,
              25.114178382805743
            ]
          ]
        ]
      },
      "properties": {
        "id": "63000100",
        "name": "內湖區",
        "city": "臺北市",
        "quarter": "1131",
        "age_under_1y": 1007,
        "age_1_5y": 2926,
        "age_5_10y": 2969,
        "age_10_15y": 5933,
        "age_15_20y": 6453,
        "age_20_25y": 7017,
        "age_25_30y": 13238,
        "age_30_40y": 26875,
        "age_40_50y": 24889,
        "age_over_50y": 1311,
        "total": 92618,
        "old_building_count": 53075
      }
    },
    {
      "type": "Feature",
      "geometry": {
        "type": "Polygon",
        "coordinates": [
          [
            [
              121.59569330633062,
              25.114178382805743
            ],
            [
              121.60453483101628,
              25.126012783983732
            ],
            [
              121.60404363520041,
              25.13618774883418
            ],
            [
              121.5957424259122,
              25.14356787355403
            ],
            [
              121.59372852306714,
              25.150030941356032
            ],
            [
              121.58965159779542,
              25.152170740831018
            ],
            [
              121.59176373980367,
              25.157585743584047
            ],
            [
              121.58984807612177,
              25.163699456369724
            ],
            [
              121.5863605858291,
              25.16352477886156
            ],
            [
              121.57707698490916,
              25.167018329024806
            ],
            [
              121.5772734632355,
              25.16994417728652
            ],
            [
              121.58169422557833,
              25.17378708246609
            ],
            [
              121.58326605218912,
              25.177542648891578
            ],
            [
              121.58090831227294,
              25.182084264103793
            ],
            [
              121.58400284591292,
              25.18880934816804
            ],
            [
              121.58306957386276,
              25.195010399707797
            ],
            [
              121.5760945932774,
              25.19531608534708
            ],
            [
              121.56700747068382,
              25.188722009413958
            ],
            [
              121.56789162315238,
              25.183656361677254
            ],
            [
              121.56504268742033,
              25.178416036432388
            ],
            [
              121.56086752298543,
              25.17457313125282
            ],
            [
              121.56307790415686,
              25.169987846663563
            ],
            [
              121.56067104465909,
              25.162345705681467
            ],
            [
              121.55644676064261,
              25.160555261222804
            ],
            [
              121.54947178005726,
              25.149681586339707
            ],
            [
              121.54888234507821,
              25.144790616111166
            ],
            [
              121.54573869185664,
              25.141602751587207
            ],
            [
              121.54112145118746,
              25.14125339657088
            ],
            [
              121.5334587964599,
              25.137585168899477
            ],
            [
              121.53036426281992,
              25.134222626867356
            ],
            [
              121.53139577403324,
              25.12832726096688
            ],
            [
              121.52653293545613,
              25.12356729886946
            ],
            [
              121.52353664097932,
              25.117497255460826
            ],
            [
              121.52574702215074,
              25.11304297900269
            ],
            [
              121.52112978148156,
              25.108938057560877
            ],
            [
              121.51710197579142,
              25.099505472120118
            ],
            [
              121.50821133152418,
              25.095837244448713
            ],
            [
              121.49730678441186,
              25.098239060185943
            ],
            [
              121.49588231654583,
              25.11160188956035
            ],
            [
              121.48905469470525,
              25.115357455985837
            ],
            [
              121.47353290692375,
              25.110815840773622
            ],
            [
              121.46690176340951,
              25.111689228314432
            ],
            [
              121.46090917445589,
              25.11618717414961
            ],
            [
              121.45732344500004,
              25.107103943725175
            ],
            [
              121.46636144801205,
              25.101645271595107
            ],
            [
              121.48104820290656,
              25.100859222808374
            ],
            [
              121.48910381428684,
              25.096841640120644
            ],
            [
              121.4997627634912,
              25.087234377171725
            ],
            [
              121.5046747216499,
              25.07810747737025
            ],
            [
              121.51621782332286,
              25.08024727684524
            ],
            [
              121.52250512976599,
              25.07710308169832
            ],
            [
              121.52427343470312,
              25.080858648123804
            ],
            [
              121.53832163503701,
              25.09164498425282
            ],
            [
              121.54500189813284,
              25.090378572318645
            ],
            [
              121.55217335704454,
              25.09238736366251
            ],
            [
              121.55448197737913,
              25.092736718678836
            ],
            [
              121.55880450055878,
              25.09871942333339
            ],
            [
              121.56681099235746,
              25.099068778349714
            ],
            [
              121.57034760223173,
              25.105444507397632
            ],
            [
              121.57977856189643,
              25.106448903069566
            ],
            [
              121.58527995503418,
              25.108807049429757
            ],
            [
              121.58798153202146,
              25.11378535841238
            ],
            [
              121.59569330633062,
              25.114178382805743
            ]
          ]
        ]
      },
      "properties": {
        "id": "63000110",
        "name": "士林區",
        "city": "臺北市",
        "quarter": "1131",
        "age_under_1y": 329,
        "age_1_5y": 1089,
        "age_5_10y": 1815,
        "age_10_15y": 3313,
        "age_15_20y": 3252,
        "age_20_25y": 3333,
        "age_25_30y": 4784,
        "age_30_40y": 19829,
        "age_40_50y": 36704,
        "age_over_50y": 17809,
        "total": 92257,
        "old_building_count": 74342
      }
    },
    {
      "type": "Feature",
      "geometry": {
        "type": "Polygon",
        "coordinates": [
          [
            [
              121.5760945932774,
              25.19531608534708
            ],
            [
              121.57319653796378,
              25.194966730330755
            ],
            [
              121.56489532867558,
              25.20094943498531
            ],
            [
              121.56273406708574,
              25.209290286000055
            ],
            [
              121.55502229277658,
              25.208416898459244
            ],
            [
              121.55148568290232,
              25.202128508165405
            ],
            [
              121.55256631369724,
              25.198809635510322
            ],
            [
              121.54632812683569,
              25.19697552167462
            ],
            [
              121.54323359319571,
              25.19356931026546
            ],
            [
              121.542840636543,
              25.18894035629916
            ],
            [
              121.53581653637607,
              25.18666954869305
            ],
            [
              121.53336055729672,
              25.183569022923173
            ],
            [
              121.52569790256915,
              25.182782974136444
            ],
            [
              121.5217192164606,
              25.178983738333915
            ],
            [
              121.52255424934758,
              25.17470413938394
            ],
            [
              121.52004915068665,
              25.169420144762036
            ],
            [
              121.5130250505197,
              25.170948572958455
            ],
            [
              121.51042171269559,
              25.169420144762036
            ],
            [
              121.50270993838643,
              25.172782686794157
            ],
            [
              121.49740502357504,
              25.163743125746763
            ],
            [
              121.49273866332427,
              25.160773608108006
            ],
            [
              121.48645135688113,
              25.150773320765722
            ],
            [
              121.48286562742528,
              25.150205618864195
            ],
            [
              121.47196108031297,
              25.137716177030597
            ],
            [
              121.46562465428825,
              25.131558794867882
            ],
            [
              121.46454402349333,
              25.124702702672515
            ],
            [
              121.4593373478451,
              25.12190786254192
            ],
            [
              121.46090917445589,
              25.11618717414961
            ],
            [
              121.46690176340951,
              25.111689228314432
            ],
            [
              121.47353290692375,
              25.110815840773622
            ],
            [
              121.48905469470525,
              25.115357455985837
            ],
            [
              121.49588231654583,
              25.11160188956035
            ],
            [
              121.49730678441186,
              25.098239060185943
            ],
            [
              121.50821133152418,
              25.095837244448713
            ],
            [
              121.51710197579142,
              25.099505472120118
            ],
            [
              121.52112978148156,
              25.108938057560877
            ],
            [
              121.52574702215074,
              25.11304297900269
            ],
            [
              121.52353664097932,
              25.117497255460826
            ],
            [
              121.52653293545613,
              25.12356729886946
            ],
            [
              121.53139577403324,
              25.12832726096688
            ],
            [
              121.53036426281992,
              25.134222626867356
            ],
            [
              121.5334587964599,
              25.137585168899477
            ],
            [
              121.54112145118746,
              25.14125339657088
            ],
            [
              121.54573869185664,
              25.141602751587207
            ],
            [
              121.54888234507821,
              25.144790616111166
            ],
            [
              121.54947178005726,
              25.149681586339707
            ],
            [
              121.55644676064261,
              25.160555261222804
            ],
            [
              121.56067104465909,
              25.162345705681467
            ],
            [
              121.56307790415686,
              25.169987846663563
            ],
            [
              121.56086752298543,
              25.17457313125282
            ],
            [
              121.56504268742033,
              25.178416036432388
            ],
            [
              121.56789162315238,
              25.183656361677254
            ],
            [
              121.56700747068382,
              25.188722009413958
            ],
            [
              121.5760945932774,
              25.19531608534708
            ]
          ]
        ]
      },
      "properties": {
        "id": "63000120",
        "name": "北投區",
        "city": "臺北市",
        "quarter": "1131",
        "age_under_1y": 692,
        "age_1_5y": 1762,
        "age_5_10y": 4105,
        "age_10_15y": 3891,
        "age_15_20y": 4069,
        "age_20_25y": 3897,
        "age_25_30y": 6223,
        "age_30_40y": 14964,
        "age_40_50y": 32060,
        "age_over_50y": 12371,
        "total": 84034,
        "old_building_count": 59395
      }
    },
    {
      "type": "Feature",
      "geometry": {
        "type": "Polygon",
        "coordinates": [
          [
            [
              121.57142823302664,
              25.074308241567724
            ],
            [
              121.56911961269205,
              25.076186024780466
            ],
            [
              121.56322526290161,
              25.0725614664861
            ],
            [
              121.5526645528604,
              25.075618322878938
            ],
            [
              121.54878410591503,
              25.071076707666723
            ],
            [
              121.5387145916897,
              25.071295054551925
            ],
            [
              121.54431422399063,
              25.06697178622491
            ],
            [
              121.54382302817476,
              25.044918750819434
            ],
            [
              121.54406862608269,
              25.044918750819434
            ],
            [
              121.54490365896966,
              25.045049758950558
            ],
            [
              121.54726139888584,
              25.045137097704636
            ],
            [
              121.55015945419947,
              25.044787742688314
            ],
            [
              121.55114184583121,
              25.044700403934232
            ],
            [
              121.55236983537088,
              25.044569395803112
            ],
            [
              121.55300838993152,
              25.04448205704903
            ],
            [
              121.5541872598896,
              25.04443838767199
            ],
            [
              121.55472757528706,
              25.04452572642607
            ],
            [
              121.55551348859245,
              25.04474407331127
            ],
            [
              121.55738003269276,
              25.045137097704636
            ],
            [
              121.55767475018229,
              25.045224436458717
            ],
            [
              121.56926697143682,
              25.049242019146448
            ],
            [
              121.58007327938596,
              25.049460366031653
            ],
            [
              121.5799259206412,
              25.052910246817856
            ],
            [
              121.57300005963742,
              25.05173117363776
            ],
            [
              121.56956168892634,
              25.063216219799425
            ],
            [
              121.57216502675045,
              25.071469732060088
            ],
            [
              121.57142823302664,
              25.074308241567724
            ]
          ]
        ]
      },
      "properties": {
        "id": "63000010",
        "name": "松山區",
        "city": "臺北市",
        "quarter": "1132",
        "age_under_1y": 110,
        "age_1_5y": 703,
        "age_5_10y": 1368,
        "age_10_15y": 1067,
        "age_15_20y": 3675,
        "age_20_25y": 2367,
        "age_25_30y": 2737,
        "age_30_40y": 13835,
        "age_40_50y": 24248,
        "age_over_50y": 15771,
        "total": 65881,
        "old_building_count": 53854
      }
    },
    {
      "type": "Feature",
      "geometry": {
        "type": "Polygon",
        "coordinates": [
          [
            [
              121.58007327938596,
              25.049460366031653
            ],
            [
              121.56926697143682,
              25.049242019146448
            ],
            [
              121.55767475018229,
              25.045224436458717
            ],
            [
              121.55767475018229,
              25.044962420196477
            ],
            [
              121.55767475018229,
              25.04373967763934
            ],
            [
              121.5576256306007,
              25.042560604459247
            ],
            [
              121.5575765110191,
              25.04059548249242
            ],
            [
              121.5575765110191,
              25.039416409312327
            ],
            [
              121.55752739143752,
              25.037538626099582
            ],
            [
              121.55747827185594,
              25.036272214165407
            ],
            [
              121.55747827185594,
              25.036053867280202
            ],
            [
              121.55747827185594,
              25.03504947160827
            ],
            [
              121.55742915227435,
              25.034263422821542
            ],
            [
              121.55742915227435,
              25.033695720920015
            ],
            [
              121.55742915227435,
              25.033084349641445
            ],
            [
              121.55738003269276,
              25.031337574559824
            ],
            [
              121.55738003269276,
              25.03028950951085
            ],
            [
              121.55738003269276,
              25.029372452593
            ],
            [
              121.55723267394801,
              25.029154105707796
            ],
            [
              121.55698707604007,
              25.028717411937393
            ],
            [
              121.55659411938737,
              25.028106040658823
            ],
            [
              121.55639764106103,
              25.027844024396583
            ],
            [
              121.55595556482675,
              25.027407330626176
            ],
            [
              121.55575908650039,
              25.027276322495055
            ],
            [
              121.55477669486865,
              25.026359265577202
            ],
            [
              121.55369606407373,
              25.02539853928231
            ],
            [
              121.55295927034993,
              25.024699829249663
            ],
            [
              121.55389254240009,
              25.023215070430282
            ],
            [
              121.55639764106103,
              25.02085692407009
            ],
            [
              121.55674147813212,
              25.02055123843081
            ],
            [
              121.5575765110191,
              25.01976518964408
            ],
            [
              121.55821506557974,
              25.019153818365513
            ],
            [
              121.55846066348768,
              25.018935471480308
            ],
            [
              121.55900097888514,
              25.018411438955823
            ],
            [
              121.55934481595624,
              25.01810575331654
            ],
            [
              121.55993425093529,
              25.01745071266093
            ],
            [
              121.5602780880064,
              25.016970349513485
            ],
            [
              121.56052368591433,
              25.016315308857877
            ],
            [
              121.56150607754607,
              25.015267243808903
            ],
            [
              121.56204639294353,
              25.014743211284415
            ],
            [
              121.56224287126987,
              25.014481195022174
            ],
            [
              121.56283230624892,
              25.013607807481364
            ],
            [
              121.56342174122797,
              25.013171113710957
            ],
            [
              121.56342174122797,
              25.012166718039026
            ],
            [
              121.56342174122797,
              25.0118173630227
            ],
            [
              121.56347086080955,
              25.011555346760456
            ],
            [
              121.56356909997272,
              25.011336999875255
            ],
            [
              121.56504268742033,
              25.01015792669516
            ],
            [
              121.56528828532826,
              25.009983249186998
            ],
            [
              121.56568124198097,
              25.008847845383944
            ],
            [
              121.5659268398889,
              25.008105465974253
            ],
            [
              121.56597595947049,
              25.008149135351292
            ],
            [
              121.5666636336127,
              25.008323812859455
            ],
            [
              121.56715482942857,
              25.008498490367618
            ],
            [
              121.56759690566285,
              25.0088041760069
            ],
            [
              121.56774426440762,
              25.008847845383944
            ],
            [
              121.56828457980508,
              25.009066192269145
            ],
            [
              121.56853017771301,
              25.009240869777308
            ],
            [
              121.56902137352888,
              25.009590224793634
            ],
            [
              121.56936521059998,
              25.009764902301793
            ],
            [
              121.56990552599744,
              25.010594620465564
            ],
            [
              121.57000376516062,
              25.010681959219646
            ],
            [
              121.57098615679236,
              25.011118652990053
            ],
            [
              121.57123175470029,
              25.011293330498212
            ],
            [
              121.5715755917714,
              25.011555346760456
            ],
            [
              121.57187030926093,
              25.011904701776782
            ],
            [
              121.5719685484241,
              25.012341395547185
            ],
            [
              121.5719685484241,
              25.01255974243239
            ],
            [
              121.57201766800569,
              25.012778089317592
            ],
            [
              121.5723615050768,
              25.01356413810432
            ],
            [
              121.57304917921901,
              25.01325845246504
            ],
            [
              121.57324565754536,
              25.013214783087996
            ],
            [
              121.57452276666662,
              25.013171113710957
            ],
            [
              121.5753577995536,
              25.01338946059616
            ],
            [
              121.5757507562063,
              25.013826154366566
            ],
            [
              121.576143712859,
              25.01421917875993
            ],
            [
              121.57634019118534,
              25.01421917875993
            ],
            [
              121.5768805065828,
              25.01408817062881
            ],
            [
              121.5772734632355,
              25.013957162497686
            ],
            [
              121.5780102569593,
              25.013869823743605
            ],
            [
              121.58360988926022,
              25.018848132726227
            ],
            [
              121.58523083545259,
              25.024306804856298
            ],
            [
              121.59205845729318,
              25.031293905182785
            ],
            [
              121.5867044229002,
              25.041512539410274
            ],
            [
              121.58076095352817,
              25.04526810583576
            ],
            [
              121.58007327938596,
              25.049460366031653
            ]
          ]
        ]
      },
      "properties": {
        "id": "63000020",
        "name": "信義區",
        "city": "臺北市",
        "quarter": "1132",
        "age_under_1y": 203,
        "age_1_5y": 1271,
        "age_5_10y": 1076,
        "age_10_15y": 1687,
        "age_15_20y": 4069,
        "age_20_25y": 2181,
        "age_25_30y": 4327,
        "age_30_40y": 17832,
        "age_40_50y": 28340,
        "age_over_50y": 15547,
        "total": 76533,
        "old_building_count": 61719
      }
    },
    {
      "type": "Feature",
      "geometry": {
        "type": "Polygon",
        "coordinates": [
          [
            [
              121.54406862608269,
              25.044918750819434
            ],
            [
              121.54298799528777,
              25.044787742688314
            ],
            [
              121.5421038428192,
              25.044700403934232
            ],
            [
              121.54102321202429,
              25.04465673455719
            ],
            [
              121.54053201620842,
              25.04465673455719
            ],
            [
              121.53812515671066,
              25.044700403934232
            ],
            [
              121.53655333009988,
              25.04474407331127
            ],
            [
              121.53517798181544,
              25.044962420196477
            ],
            [
              121.53468678599957,
              25.045049758950558
            ],
            [
              121.53321319855196,
              25.04539911396688
            ],
            [
              121.53291848106244,
              25.044132702032705
            ],
            [
              121.53282024189926,
              25.04129419252507
            ],
            [
              121.5326728831545,
              25.033695720920015
            ],
            [
              121.5326728831545,
              25.033652051542973
            ],
            [
              121.53247640482816,
              25.033652051542973
            ],
            [
              121.52967658867769,
              25.033826729051135
            ],
            [
              121.52491198926376,
              25.035267818493473
            ],
            [
              121.52427343470312,
              25.035355157247555
            ],
            [
              121.52279984725551,
              25.032822333379205
            ],
            [
              121.52235777102123,
              25.031555921445026
            ],
            [
              121.52206305353171,
              25.029852815740448
            ],
            [
              121.5224560101844,
              25.02705797560985
            ],
            [
              121.52250512976599,
              25.02701430623281
            ],
            [
              121.52564878298756,
              25.022909384791
            ],
            [
              121.5262873375482,
              25.022341682889472
            ],
            [
              121.5266311746193,
              25.02203599725019
            ],
            [
              121.5284977187196,
              25.020376560922646
            ],
            [
              121.52923451244341,
              25.019677850889998
            ],
            [
              121.52987306700405,
              25.019066479611432
            ],
            [
              121.53021690407515,
              25.018717124595106
            ],
            [
              121.53164137194118,
              25.01736337390685
            ],
            [
              121.53223080692023,
              25.01675200262828
            ],
            [
              121.53311495938878,
              25.015922284464512
            ],
            [
              121.53390087269418,
              25.015179905054822
            ],
            [
              121.53429382934688,
              25.014786880661458
            ],
            [
              121.53586565595765,
              25.01325845246504
            ],
            [
              121.53689716717098,
              25.011555346760456
            ],
            [
              121.53704452591575,
              25.011249661121173
            ],
            [
              121.53783043922114,
              25.00854215974466
            ],
            [
              121.54495277855125,
              25.008018127220172
            ],
            [
              121.55349958574739,
              25.009240869777308
            ],
            [
              121.55850978306927,
              25.011904701776782
            ],
            [
              121.56307790415686,
              25.008018127220172
            ],
            [
              121.5659268398889,
              25.008105465974253
            ],
            [
              121.56568124198097,
              25.008847845383944
            ],
            [
              121.56528828532826,
              25.009983249186998
            ],
            [
              121.56504268742033,
              25.01015792669516
            ],
            [
              121.56356909997272,
              25.011336999875255
            ],
            [
              121.56347086080955,
              25.011555346760456
            ],
            [
              121.56342174122797,
              25.0118173630227
            ],
            [
              121.56342174122797,
              25.012166718039026
            ],
            [
              121.56342174122797,
              25.013171113710957
            ],
            [
              121.56283230624892,
              25.013607807481364
            ],
            [
              121.56224287126987,
              25.014481195022174
            ],
            [
              121.56204639294353,
              25.014743211284415
            ],
            [
              121.56150607754607,
              25.015267243808903
            ],
            [
              121.56052368591433,
              25.016315308857877
            ],
            [
              121.5602780880064,
              25.016970349513485
            ],
            [
              121.55993425093529,
              25.01745071266093
            ],
            [
              121.55934481595624,
              25.01810575331654
            ],
            [
              121.55900097888514,
              25.018411438955823
            ],
            [
              121.55846066348768,
              25.018935471480308
            ],
            [
              121.55821506557974,
              25.019153818365513
            ],
            [
              121.5575765110191,
              25.01976518964408
            ],
            [
              121.55674147813212,
              25.02055123843081
            ],
            [
              121.55639764106103,
              25.02085692407009
            ],
            [
              121.55389254240009,
              25.023215070430282
            ],
            [
              121.55295927034993,
              25.024699829249663
            ],
            [
              121.55369606407373,
              25.02539853928231
            ],
            [
              121.55477669486865,
              25.026359265577202
            ],
            [
              121.55575908650039,
              25.027276322495055
            ],
            [
              121.55595556482675,
              25.027407330626176
            ],
            [
              121.55639764106103,
              25.027844024396583
            ],
            [
              121.55659411938737,
              25.028106040658823
            ],
            [
              121.55698707604007,
              25.028717411937393
            ],
            [
              121.55723267394801,
              25.029154105707796
            ],
            [
              121.55738003269276,
              25.029372452593
            ],
            [
              121.55738003269276,
              25.03028950951085
            ],
            [
              121.55738003269276,
              25.031337574559824
            ],
            [
              121.55742915227435,
              25.033084349641445
            ],
            [
              121.55742915227435,
              25.033695720920015
            ],
            [
              121.55742915227435,
              25.034263422821542
            ],
            [
              121.55747827185594,
              25.03504947160827
            ],
            [
              121.55747827185594,
              25.036053867280202
            ],
            [
              121.55747827185594,
              25.036272214165407
            ],
            [
              121.55752739143752,
              25.037538626099582
            ],
            [
              121.5575765110191,
              25.039416409312327
            ],
            [
              121.5575765110191,
              25.04059548249242
            ],
            [
              121.5576256306007,
              25.042560604459247
            ],
            [
              121.55767475018229,
              25.04373967763934
            ],
            [
              121.55767475018229,
              25.044962420196477
            ],
            [
              121.55767475018229,
              25.045224436458717
            ],
            [
              121.55738003269276,
              25.045137097704636
            ],
            [
              121.55551348859245,
              25.04474407331127
            ],
            [
              121.55472757528706,
              25.04452572642607
            ],
            [
              121.5541872598896,
              25.04443838767199
            ],
            [
              121.55300838993152,
              25.04448205704903
            ],
            [
              121.55236983537088,
              25.044569395803112
            ],
            [
              121.55114184583121,
              25.044700403934232
            ],
            [
              121.55015945419947,
              25.044787742688314
            ],
            [
              121.54726139888584,
              25.045137097704636
            ],
            [
              121.54490365896966,
              25.045049758950558
            ],
            [
              121.54406862608269,
              25.044918750819434
            ]
          ]
        ]
      },
      "properties": {
        "id": "63000030",
        "name": "大安區",
        "city": "臺北市",
        "quarter": "1132",
        "age_under_1y": 443,
        "age_1_5y": 1643,
        "age_5_10y": 1395,
        "age_10_15y": 1963,
        "age_15_20y": 4740,
        "age_20_25y": 2415,
        "age_25_30y": 3344,
        "age_30_40y": 23861,
        "age_40_50y": 39762,
        "age_over_50y": 18280,
        "total": 97846,
        "old_building_count": 81903
      }
    },
    {
      "type": "Feature",
      "geometry": {
        "type": "Polygon",
        "coordinates": [
          [
            [
              121.55217335704454,
              25.09238736366251
            ],
            [
              121.54500189813284,
              25.090378572318645
            ],
            [
              121.53832163503701,
              25.09164498425282
            ],
            [
              121.52427343470312,
              25.080858648123804
            ],
            [
              121.52250512976599,
              25.07710308169832
            ],
            [
              121.52044210733933,
              25.073129168387627
            ],
            [
              121.51896851989173,
              25.064657309241763
            ],
            [
              121.52049122692092,
              25.060028355275463
            ],
            [
              121.5201965094314,
              25.051119802359192
            ],
            [
              121.5186738024022,
              25.048368631605637
            ],
            [
              121.53291848106244,
              25.04548645272096
            ],
            [
              121.53321319855196,
              25.04539911396688
            ],
            [
              121.53468678599957,
              25.045049758950558
            ],
            [
              121.53517798181544,
              25.044962420196477
            ],
            [
              121.53655333009988,
              25.04474407331127
            ],
            [
              121.53812515671066,
              25.044700403934232
            ],
            [
              121.54053201620842,
              25.04465673455719
            ],
            [
              121.54102321202429,
              25.04465673455719
            ],
            [
              121.5421038428192,
              25.044700403934232
            ],
            [
              121.54298799528777,
              25.044787742688314
            ],
            [
              121.54382302817476,
              25.044918750819434
            ],
            [
              121.54431422399063,
              25.06697178622491
            ],
            [
              121.5387145916897,
              25.071295054551925
            ],
            [
              121.54878410591503,
              25.071076707666723
            ],
            [
              121.5526645528604,
              25.075618322878938
            ],
            [
              121.56322526290161,
              25.0725614664861
            ],
            [
              121.56911961269205,
              25.076186024780466
            ],
            [
              121.57142823302664,
              25.074308241567724
            ],
            [
              121.57039672181331,
              25.077059412321276
            ],
            [
              121.56499356783874,
              25.078500501763617
            ],
            [
              121.56111312089337,
              25.084308528910007
            ],
            [
              121.5534504661658,
              25.089810870417118
            ],
            [
              121.55217335704454,
              25.09238736366251
            ]
          ]
        ]
      },
      "properties": {
        "id": "63000040",
        "name": "中山區",
        "city": "臺北市",
        "quarter": "1132",
        "age_under_1y": 396,
        "age_1_5y": 1761,
        "age_5_10y": 3078,
        "age_10_15y": 4465,
        "age_15_20y": 7839,
        "age_20_25y": 6300,
        "age_25_30y": 6290,
        "age_30_40y": 17054,
        "age_40_50y": 31910,
        "age_over_50y": 17270,
        "total": 96363,
        "old_building_count": 66234
      }
    },
    {
      "type": "Feature",
      "geometry": {
        "type": "Polygon",
        "coordinates": [
          [
            [
              121.5186738024022,
              25.048368631605637
            ],
            [
              121.51066731060352,
              25.048324962228598
            ],
            [
              121.5096357993902,
              25.047320566556664
            ],
            [
              121.50418352583404,
              25.029896485117487
            ],
            [
              121.51238649595906,
              25.021730311610906
            ],
            [
              121.52112978148156,
              25.01810575331654
            ],
            [
              121.52574702215074,
              25.01186103239974
            ],
            [
              121.53183785026752,
              25.00867316787578
            ],
            [
              121.5319360894307,
              25.00871683725282
            ],
            [
              121.53218168733864,
              25.008891514760982
            ],
            [
              121.53252552440973,
              25.009066192269145
            ],
            [
              121.5334587964599,
              25.009590224793634
            ],
            [
              121.53390087269418,
              25.009852241055874
            ],
            [
              121.5341955901837,
              25.010026918564037
            ],
            [
              121.5349323839075,
              25.010507281711483
            ],
            [
              121.53527622097862,
              25.010725628596685
            ],
            [
              121.53586565595765,
              25.01103131423597
            ],
            [
              121.53625861261035,
              25.011118652990053
            ],
            [
              121.53665156926304,
              25.01120599174413
            ],
            [
              121.53689716717098,
              25.011555346760456
            ],
            [
              121.53586565595765,
              25.01325845246504
            ],
            [
              121.53429382934688,
              25.014786880661458
            ],
            [
              121.53390087269418,
              25.015179905054822
            ],
            [
              121.53311495938878,
              25.015922284464512
            ],
            [
              121.53223080692023,
              25.01675200262828
            ],
            [
              121.53164137194118,
              25.01736337390685
            ],
            [
              121.53021690407515,
              25.018717124595106
            ],
            [
              121.52987306700405,
              25.019066479611432
            ],
            [
              121.52923451244341,
              25.019677850889998
            ],
            [
              121.5284977187196,
              25.020376560922646
            ],
            [
              121.5266311746193,
              25.02203599725019
            ],
            [
              121.5262873375482,
              25.022341682889472
            ],
            [
              121.52564878298756,
              25.022909384791
            ],
            [
              121.52250512976599,
              25.02701430623281
            ],
            [
              121.5224560101844,
              25.02705797560985
            ],
            [
              121.52206305353171,
              25.029852815740448
            ],
            [
              121.52235777102123,
              25.031555921445026
            ],
            [
              121.52279984725551,
              25.032822333379205
            ],
            [
              121.52427343470312,
              25.035355157247555
            ],
            [
              121.52491198926376,
              25.035267818493473
            ],
            [
              121.52967658867769,
              25.033826729051135
            ],
            [
              121.53247640482816,
              25.033652051542973
            ],
            [
              121.5326728831545,
              25.033652051542973
            ],
            [
              121.5326728831545,
              25.033695720920015
            ],
            [
              121.53282024189926,
              25.04129419252507
            ],
            [
              121.53291848106244,
              25.044132702032705
            ],
            [
              121.53291848106244,
              25.04548645272096
            ],
            [
              121.5186738024022,
              25.048368631605637
            ]
          ]
        ]
      },
      "properties": {
        "id": "63000050",
        "name": "中正區",
        "city": "臺北市",
        "quarter": "1132",
        "age_under_1y": 339,
        "age_1_5y": 1255,
        "age_5_10y": 2221,
        "age_10_15y": 2182,
        "age_15_20y": 4111,
        "age_20_25y": 2059,
        "age_25_30y": 2338,
        "age_30_40y": 8396,
        "age_40_50y": 16623,
        "age_over_50y": 12979,
        "total": 52503,
        "old_building_count": 37998
      }
    },
    {
      "type": "Feature",
      "geometry": {
        "type": "Polygon",
        "coordinates": [
          [
            [
              121.52250512976599,
              25.07710308169832
            ],
            [
              121.51621782332286,
              25.08024727684524
            ],
            [
              121.5046747216499,
              25.07810747737025
            ],
            [
              121.50703246156608,
              25.06989763448663
            ],
            [
              121.50560799370007,
              25.060770734685153
            ],
            [
              121.5061974286791,
              25.053652626227546
            ],
            [
              121.50462560206833,
              25.049766051670936
            ],
            [
              121.51066731060352,
              25.048324962228598
            ],
            [
              121.5186738024022,
              25.048368631605637
            ],
            [
              121.5201965094314,
              25.051119802359192
            ],
            [
              121.52049122692092,
              25.060028355275463
            ],
            [
              121.51896851989173,
              25.064657309241763
            ],
            [
              121.52044210733933,
              25.073129168387627
            ],
            [
              121.52250512976599,
              25.07710308169832
            ]
          ]
        ]
      },
      "properties": {
        "id": "63000060",
        "name": "大同區",
        "city": "臺北市",
        "quarter": "1132",
        "age_under_1y": 449,
        "age_1_5y": 2865,
        "age_5_10y": 1385,
        "age_10_15y": 3274,
        "age_15_20y": 2378,
        "age_20_25y": 1091,
        "age_25_30y": 2594,
        "age_30_40y": 5888,
        "age_40_50y": 12858,
        "age_over_50y": 13575,
        "total": 46357,
        "old_building_count": 32321
      }
    },
    {
      "type": "Feature",
      "geometry": {
        "type": "Polygon",
        "coordinates": [
          [
            [
              121.51066731060352,
              25.048324962228598
            ],
            [
              121.50462560206833,
              25.049766051670936
            ],
            [
              121.50133459010199,
              25.045966815868407
            ],
            [
              121.4956367186379,
              25.04295362885261
            ],
            [
              121.48880909679731,
              25.042560604459247
            ],
            [
              121.48365154073068,
              25.035311487870516
            ],
            [
              121.48880909679731,
              25.023346078561403
            ],
            [
              121.48875997721572,
              25.015310913185942
            ],
            [
              121.4926404241611,
              25.00954655541659
            ],
            [
              121.50025395930709,
              25.01194837115382
            ],
            [
              121.50614830909753,
              25.018804463349188
            ],
            [
              121.51238649595906,
              25.021730311610906
            ],
            [
              121.50418352583404,
              25.029896485117487
            ],
            [
              121.5096357993902,
              25.047320566556664
            ],
            [
              121.51066731060352,
              25.048324962228598
            ]
          ]
        ]
      },
      "properties": {
        "id": "63000070",
        "name": "萬華區",
        "city": "臺北市",
        "quarter": "1132",
        "age_under_1y": 609,
        "age_1_5y": 1383,
        "age_5_10y": 3052,
        "age_10_15y": 2353,
        "age_15_20y": 2327,
        "age_20_25y": 1596,
        "age_25_30y": 2643,
        "age_30_40y": 9929,
        "age_40_50y": 26016,
        "age_over_50y": 20339,
        "total": 70247,
        "old_building_count": 56284
      }
    },
    {
      "type": "Feature",
      "geometry": {
        "type": "Polygon",
        "coordinates": [
          [
            [
              121.5972651329414,
              25.014393856268093
            ],
            [
              121.59613538256491,
              25.01496155816962
            ],
            [
              121.59588978465698,
              25.01509256630074
            ],
            [
              121.5957915454938,
              25.015223574431865
            ],
            [
              121.59544770842268,
              25.015485590694105
            ],
            [
              121.59525123009634,
              25.015529260071148
            ],
            [
              121.59407236013826,
              25.015136235677783
            ],
            [
              121.59367940348555,
              25.014699541907376
            ],
            [
              121.59318820766968,
              25.014524864399213
            ],
            [
              121.59220581603795,
              25.014743211284415
            ],
            [
              121.59151814189573,
              25.014699541907376
            ],
            [
              121.59141990273255,
              25.014481195022174
            ],
            [
              121.5912725439878,
              25.01426284813697
            ],
            [
              121.58989719570336,
              25.013869823743605
            ],
            [
              121.58965159779542,
              25.013826154366566
            ],
            [
              121.58866920616369,
              25.013695146235445
            ],
            [
              121.58793241243987,
              25.0134331299732
            ],
            [
              121.5878341732767,
              25.01338946059616
            ],
            [
              121.58655706415544,
              25.01338946059616
            ],
            [
              121.5855746725237,
              25.01334579121912
            ],
            [
              121.58508347670784,
              25.013127444333918
            ],
            [
              121.58395372633133,
              25.013083774956876
            ],
            [
              121.58208718223102,
              25.01247240367831
            ],
            [
              121.58174334515991,
              25.01247240367831
            ],
            [
              121.58110479059928,
              25.01247240367831
            ],
            [
              121.58090831227294,
              25.012428734301267
            ],
            [
              121.58076095352817,
              25.012297726170146
            ],
            [
              121.58046623603865,
              25.012210387416065
            ],
            [
              121.58036799687548,
              25.012254056793104
            ],
            [
              121.5802697577123,
              25.012341395547185
            ],
            [
              121.57997504022278,
              25.01247240367831
            ],
            [
              121.57923824649897,
              25.013040105579837
            ],
            [
              121.5787961702647,
              25.01334579121912
            ],
            [
              121.57864881151993,
              25.01347679935024
            ],
            [
              121.5780102569593,
              25.013869823743605
            ],
            [
              121.5772734632355,
              25.013957162497686
            ],
            [
              121.5768805065828,
              25.01408817062881
            ],
            [
              121.57634019118534,
              25.01421917875993
            ],
            [
              121.576143712859,
              25.01421917875993
            ],
            [
              121.5757507562063,
              25.013826154366566
            ],
            [
              121.5753577995536,
              25.01338946059616
            ],
            [
              121.57452276666662,
              25.013171113710957
            ],
            [
              121.57324565754536,
              25.013214783087996
            ],
            [
              121.57304917921901,
              25.01325845246504
            ],
            [
              121.5723615050768,
              25.01356413810432
            ],
            [
              121.57201766800569,
              25.012778089317592
            ],
            [
              121.5719685484241,
              25.01255974243239
            ],
            [
              121.5719685484241,
              25.012341395547185
            ],
            [
              121.57187030926093,
              25.011904701776782
            ],
            [
              121.5715755917714,
              25.011555346760456
            ],
            [
              121.57123175470029,
              25.011293330498212
            ],
            [
              121.57098615679236,
              25.011118652990053
            ],
            [
              121.57000376516062,
              25.010681959219646
            ],
            [
              121.56990552599744,
              25.010594620465564
            ],
            [
              121.56936521059998,
              25.009764902301793
            ],
            [
              121.56902137352888,
              25.009590224793634
            ],
            [
              121.56853017771301,
              25.009240869777308
            ],
            [
              121.56828457980508,
              25.009066192269145
            ],
            [
              121.56774426440762,
              25.008847845383944
            ],
            [
              121.56759690566285,
              25.0088041760069
            ],
            [
              121.56715482942857,
              25.008498490367618
            ],
            [
              121.5666636336127,
              25.008323812859455
            ],
            [
              121.56597595947049,
              25.008149135351292
            ],
            [
              121.5659268398889,
              25.008105465974253
            ],
            [
              121.56307790415686,
              25.008018127220172
            ],
            [
              121.55850978306927,
              25.011904701776782
            ],
            [
              121.55349958574739,
              25.009240869777308
            ],
            [
              121.54495277855125,
              25.008018127220172
            ],
            [
              121.53783043922114,
              25.00854215974466
            ],
            [
              121.53704452591575,
              25.011249661121173
            ],
            [
              121.53665156926304,
              25.01120599174413
            ],
            [
              121.53625861261035,
              25.011118652990053
            ],
            [
              121.53586565595765,
              25.01103131423597
            ],
            [
              121.53527622097862,
              25.010725628596685
            ],
            [
              121.5349323839075,
              25.010507281711483
            ],
            [
              121.5341955901837,
              25.010026918564037
            ],
            [
              121.53390087269418,
              25.009852241055874
            ],
            [
              121.5334587964599,
              25.009590224793634
            ],
            [
              121.53252552440973,
              25.009066192269145
            ],
            [
              121.53218168733864,
              25.008891514760982
            ],
            [
              121.5319360894307,
              25.00871683725282
            ],
            [
              121.53183785026752,
              25.00867316787578
            ],
            [
              121.53385175311259,
              25.003607520139077
            ],
            [
              121.53051162156467,
              24.998017839877885
            ],
            [
              121.53164137194118,
              24.994742636599845
            ],
            [
              121.53625861261035,
              24.994087595944237
            ],
            [
              121.5368480475894,
              24.98871626256825
            ],
            [
              121.54387214775633,
              24.988279568797847
            ],
            [
              121.54485453938808,
              24.98378162296267
            ],
            [
              121.55389254240009,
              24.984349324864194
            ],
            [
              121.55305750951311,
              24.98076843594687
            ],
            [
              121.56121136005655,
              24.96469810519595
            ],
            [
              121.57295094005585,
              24.964130403294423
            ],
            [
              121.57864881151993,
              24.966575888408695
            ],
            [
              121.58572203126846,
              24.96321334637657
            ],
            [
              121.59338468599603,
              24.964217742048504
            ],
            [
              121.59706865461506,
              24.960505845000057
            ],
            [
              121.60846439754324,
              24.96321334637657
            ],
            [
              121.61367107319147,
              24.96644488027757
            ],
            [
              121.6196145425635,
              24.96714359031022
            ],
            [
              121.6191724663292,
              24.970593471096425
            ],
            [
              121.6112642136937,
              24.974611053784155
            ],
            [
              121.60512426599533,
              24.974436376275992
            ],
            [
              121.60016318825504,
              24.976925530767303
            ],
            [
              121.59986847076551,
              24.986489124339183
            ],
            [
              121.60188237361058,
              24.99046303764987
            ],
            [
              121.59814928540997,
              24.9944806203376
            ],
            [
              121.60055614490774,
              25.0007253412544
            ],
            [
              121.59564418674904,
              25.00714473967936
            ],
            [
              121.5972651329414,
              25.014393856268093
            ]
          ]
        ]
      },
      "properties": {
        "id": "63000080",
        "name": "文山區",
        "city": "臺北市",
        "quarter": "1132",
        "age_under_1y": 770,
        "age_1_5y": 1746,
        "age_5_10y": 4165,
        "age_10_15y": 5087,
        "age_15_20y": 5495,
        "age_20_25y": 4369,
        "age_25_30y": 15867,
        "age_30_40y": 12228,
        "age_40_50y": 34375,
        "age_over_50y": 9833,
        "total": 93935,
        "old_building_count": 56436
      }
    },
    {
      "type": "Feature",
      "geometry": {
        "type": "Polygon",
        "coordinates": [
          [
            [
              121.61612705227081,
              25.063914929832073
            ],
            [
              121.61268868155972,
              25.064307954225438
            ],
            [
              121.60802232130897,
              25.059941016521382
            ],
            [
              121.59623362172808,
              25.058499927079044
            ],
            [
              121.59250053352747,
              25.0596353308821
            ],
            [
              121.58798153202146,
              25.055486740063248
            ],
            [
              121.5799259206412,
              25.052910246817856
            ],
            [
              121.58007327938596,
              25.049460366031653
            ],
            [
              121.58076095352817,
              25.04526810583576
            ],
            [
              121.5867044229002,
              25.041512539410274
            ],
            [
              121.59205845729318,
              25.031293905182785
            ],
            [
              121.58523083545259,
              25.024306804856298
            ],
            [
              121.58360988926022,
              25.018848132726227
            ],
            [
              121.5780102569593,
              25.013869823743605
            ],
            [
              121.57864881151993,
              25.01347679935024
            ],
            [
              121.5787961702647,
              25.01334579121912
            ],
            [
              121.57923824649897,
              25.013040105579837
            ],
            [
              121.57997504022278,
              25.01247240367831
            ],
            [
              121.5802697577123,
              25.012341395547185
            ],
            [
              121.58036799687548,
              25.012254056793104
            ],
            [
              121.58046623603865,
              25.012210387416065
            ],
            [
              121.58076095352817,
              25.012297726170146
            ],
            [
              121.58090831227294,
              25.012428734301267
            ],
            [
              121.58110479059928,
              25.01247240367831
            ],
            [
              121.58174334515991,
              25.01247240367831
            ],
            [
              121.58208718223102,
              25.01247240367831
            ],
            [
              121.58395372633133,
              25.013083774956876
            ],
            [
              121.58508347670784,
              25.013127444333918
            ],
            [
              121.5855746725237,
              25.01334579121912
            ],
            [
              121.58655706415544,
              25.01338946059616
            ],
            [
              121.5878341732767,
              25.01338946059616
            ],
            [
              121.58793241243987,
              25.0134331299732
            ],
            [
              121.58866920616369,
              25.013695146235445
            ],
            [
              121.58965159779542,
              25.013826154366566
            ],
            [
              121.58989719570336,
              25.013869823743605
            ],
            [
              121.5912725439878,
              25.01426284813697
            ],
            [
              121.59141990273255,
              25.014481195022174
            ],
            [
              121.59151814189573,
              25.014699541907376
            ],
            [
              121.59220581603795,
              25.014743211284415
            ],
            [
              121.59318820766968,
              25.014524864399213
            ],
            [
              121.59367940348555,
              25.014699541907376
            ],
            [
              121.59407236013826,
              25.015136235677783
            ],
            [
              121.59525123009634,
              25.015529260071148
            ],
            [
              121.59544770842268,
              25.015485590694105
            ],
            [
              121.5957915454938,
              25.015223574431865
            ],
            [
              121.59588978465698,
              25.01509256630074
            ],
            [
              121.59613538256491,
              25.01496155816962
            ],
            [
              121.5972651329414,
              25.014393856268093
            ],
            [
              121.60271740649756,
              25.015136235677783
            ],
            [
              121.60414187436359,
              25.01911014898847
            ],
            [
              121.60870999545118,
              25.02050756905377
            ],
            [
              121.62246347829554,
              25.01736337390685
            ],
            [
              121.6289963826466,
              25.01998353652928
            ],
            [
              121.6309120463285,
              25.0247434986267
            ],
            [
              121.63567664574244,
              25.023215070430282
            ],
            [
              121.6429954633989,
              25.02456882111854
            ],
            [
              121.64702326908903,
              25.021861319742026
            ],
            [
              121.64992132440267,
              25.023957449839973
            ],
            [
              121.66406776389972,
              25.023171401053244
            ],
            [
              121.66593430800003,
              25.029896485117487
            ],
            [
              121.6607767519334,
              25.030464187019014
            ],
            [
              121.65679806582484,
              25.02793136315066
            ],
            [
              121.6502160418922,
              25.027625677511377
            ],
            [
              121.64402697461223,
              25.029896485117487
            ],
            [
              121.63287682959198,
              25.035835520395
            ],
            [
              121.62531241402759,
              25.037669634230703
            ],
            [
              121.62192316289809,
              25.040071449967932
            ],
            [
              121.61647088934193,
              25.048150284720435
            ],
            [
              121.62103901042951,
              25.053696295604585
            ],
            [
              121.62162844540856,
              25.060334040914746
            ],
            [
              121.61612705227081,
              25.063914929832073
            ]
          ]
        ]
      },
      "properties": {
        "id": "63000090",
        "name": "南港區",
        "city": "臺北市",
        "quarter": "1132",
        "age_under_1y": 436,
        "age_1_5y": 1784,
        "age_5_10y": 836,
        "age_10_15y": 3577,
        "age_15_20y": 4081,
        "age_20_25y": 1464,
        "age_25_30y": 3720,
        "age_30_40y": 5116,
        "age_40_50y": 14951,
        "age_over_50y": 4136,
        "total": 40101,
        "old_building_count": 24203
      }
    },
    {
      "type": "Feature",
      "geometry": {
        "type": "Polygon",
        "coordinates": [
          [
            [
              121.59569330633062,
              25.114178382805743
            ],
            [
              121.58798153202146,
              25.11378535841238
            ],
            [
              121.58527995503418,
              25.108807049429757
            ],
            [
              121.57977856189643,
              25.106448903069566
            ],
            [
              121.57034760223173,
              25.105444507397632
            ],
            [
              121.56681099235746,
              25.099068778349714
            ],
            [
              121.55880450055878,
              25.09871942333339
            ],
            [
              121.55448197737913,
              25.092736718678836
            ],
            [
              121.55217335704454,
              25.09238736366251
            ],
            [
              121.5534504661658,
              25.089810870417118
            ],
            [
              121.56111312089337,
              25.084308528910007
            ],
            [
              121.56499356783874,
              25.078500501763617
            ],
            [
              121.57039672181331,
              25.077059412321276
            ],
            [
              121.57142823302664,
              25.074308241567724
            ],
            [
              121.57216502675045,
              25.071469732060088
            ],
            [
              121.56956168892634,
              25.063216219799425
            ],
            [
              121.57300005963742,
              25.05173117363776
            ],
            [
              121.5799259206412,
              25.052910246817856
            ],
            [
              121.58798153202146,
              25.055486740063248
            ],
            [
              121.59250053352747,
              25.0596353308821
            ],
            [
              121.59623362172808,
              25.058499927079044
            ],
            [
              121.60802232130897,
              25.059941016521382
            ],
            [
              121.61268868155972,
              25.064307954225438
            ],
            [
              121.61612705227081,
              25.063914929832073
            ],
            [
              121.62148108666379,
              25.069548279470304
            ],
            [
              121.62433002239584,
              25.0804219543534
            ],
            [
              121.62860342599392,
              25.086491997762035
            ],
            [
              121.62329851118251,
              25.096928978874725
            ],
            [
              121.6154393781286,
              25.103828740447135
            ],
            [
              121.60797320172738,
              25.10675458870885
            ],
            [
              121.59746161126776,
              25.109505759462404
            ],
            [
              121.59569330633062,
              25.114178382805743
            ]
          ]
        ]
      },
      "properties": {
        "id": "63000100",
        "name": "內湖區",
        "city": "臺北市",
        "quarter": "1132",
        "age_under_1y": 109,
        "age_1_5y": 2926,
        "age_5_10y": 3239,
        "age_10_15y": 4636,
        "age_15_20y": 7735,
        "age_20_25y": 5171,
        "age_25_30y": 13442,
        "age_30_40y": 22905,
        "age_40_50y": 30807,
        "age_over_50y": 1632,
        "total": 92602,
        "old_building_count": 55344
      }
    },
    {
      "type": "Feature",
      "geometry": {
        "type": "Polygon",
        "coordinates": [
          [
            [
              121.59569330633062,
              25.114178382805743
            ],
            [
              121.60453483101628,
              25.126012783983732
            ],
            [
              121.60404363520041,
              25.13618774883418
            ],
            [
              121.5957424259122,
              25.14356787355403
            ],
            [
              121.59372852306714,
              25.150030941356032
            ],
            [
              121.58965159779542,
              25.152170740831018
            ],
            [
              121.59176373980367,
              25.157585743584047
            ],
            [
              121.58984807612177,
              25.163699456369724
            ],
            [
              121.5863605858291,
              25.16352477886156
            ],
            [
              121.57707698490916,
              25.167018329024806
            ],
            [
              121.5772734632355,
              25.16994417728652
            ],
            [
              121.58169422557833,
              25.17378708246609
            ],
            [
              121.58326605218912,
              25.177542648891578
            ],
            [
              121.58090831227294,
              25.182084264103793
            ],
            [
              121.58400284591292,
              25.18880934816804
            ],
            [
              121.58306957386276,
              25.195010399707797
            ],
            [
              121.5760945932774,
              25.19531608534708
            ],
            [
              121.56700747068382,
              25.188722009413958
            ],
            [
              121.56789162315238,
              25.183656361677254
            ],
            [
              121.56504268742033,
              25.178416036432388
            ],
            [
              121.56086752298543,
              25.17457313125282
            ],
            [
              121.56307790415686,
              25.169987846663563
            ],
            [
              121.56067104465909,
              25.162345705681467
            ],
            [
              121.55644676064261,
              25.160555261222804
            ],
            [
              121.54947178005726,
              25.149681586339707
            ],
            [
              121.54888234507821,
              25.144790616111166
            ],
            [
              121.54573869185664,
              25.141602751587207
            ],
            [
              121.54112145118746,
              25.14125339657088
            ],
            [
              121.5334587964599,
              25.137585168899477
            ],
            [
              121.53036426281992,
              25.134222626867356
            ],
            [
              121.53139577403324,
              25.12832726096688
            ],
            [
              121.52653293545613,
              25.12356729886946
            ],
            [
              121.52353664097932,
              25.117497255460826
            ],
            [
              121.52574702215074,
              25.11304297900269
            ],
            [
              121.52112978148156,
              25.108938057560877
            ],
            [
              121.51710197579142,
              25.099505472120118
            ],
            [
              121.50821133152418,
              25.095837244448713
            ],
            [
              121.49730678441186,
              25.098239060185943
            ],
            [
              121.49588231654583,
              25.11160188956035
            ],
            [
              121.48905469470525,
              25.115357455985837
            ],
            [
              121.47353290692375,
              25.110815840773622
            ],
            [
              121.46690176340951,
              25.111689228314432
            ],
            [
              121.46090917445589,
              25.11618717414961
            ],
            [
              121.45732344500004,
              25.107103943725175
            ],
            [
              121.46636144801205,
              25.101645271595107
            ],
            [
              121.48104820290656,
              25.100859222808374
            ],
            [
              121.48910381428684,
              25.096841640120644
            ],
            [
              121.4997627634912,
              25.087234377171725
            ],
            [
              121.5046747216499,
              25.07810747737025
            ],
            [
              121.51621782332286,
              25.08024727684524
            ],
            [
              121.52250512976599,
              25.07710308169832
            ],
            [
              121.52427343470312,
              25.080858648123804
            ],
            [
              121.53832163503701,
              25.09164498425282
            ],
            [
              121.54500189813284,
              25.090378572318645
            ],
            [
              121.55217335704454,
              25.09238736366251
            ],
            [
              121.55448197737913,
              25.092736718678836
            ],
            [
              121.55880450055878,
              25.09871942333339
            ],
            [
              121.56681099235746,
              25.099068778349714
            ],
            [
              121.57034760223173,
              25.105444507397632
            ],
            [
              121.57977856189643,
              25.106448903069566
            ],
            [
              121.58527995503418,
              25.108807049429757
            ],
            [
              121.58798153202146,
              25.11378535841238
            ],
            [
              121.59569330633062,
              25.114178382805743
            ]
          ]
        ]
      },
      "properties": {
        "id": "63000110",
        "name": "士林區",
        "city": "臺北市",
        "quarter": "1132",
        "age_under_1y": 351,
        "age_1_5y": 1045,
        "age_5_10y": 1700,
        "age_10_15y": 2218,
        "age_15_20y": 3976,
        "age_20_25y": 3423,
        "age_25_30y": 4663,
        "age_30_40y": 17928,
        "age_40_50y": 36290,
        "age_over_50y": 20759,
        "total": 92353,
        "old_building_count": 74977
      }
    },
    {
      "type": "Feature",
      "geometry": {
        "type": "Polygon",
        "coordinates": [
          [
            [
              121.5760945932774,
              25.19531608534708
            ],
            [
              121.57319653796378,
              25.194966730330755
            ],
            [
              121.56489532867558,
              25.20094943498531
            ],
            [
              121.56273406708574,
              25.209290286000055
            ],
            [
              121.55502229277658,
              25.208416898459244
            ],
            [
              121.55148568290232,
              25.202128508165405
            ],
            [
              121.55256631369724,
              25.198809635510322
            ],
            [
              121.54632812683569,
              25.19697552167462
            ],
            [
              121.54323359319571,
              25.19356931026546
            ],
            [
              121.542840636543,
              25.18894035629916
            ],
            [
              121.53581653637607,
              25.18666954869305
            ],
            [
              121.53336055729672,
              25.183569022923173
            ],
            [
              121.52569790256915,
              25.182782974136444
            ],
            [
              121.5217192164606,
              25.178983738333915
            ],
            [
              121.52255424934758,
              25.17470413938394
            ],
            [
              121.52004915068665,
              25.169420144762036
            ],
            [
              121.5130250505197,
              25.170948572958455
            ],
            [
              121.51042171269559,
              25.169420144762036
            ],
            [
              121.50270993838643,
              25.172782686794157
            ],
            [
              121.49740502357504,
              25.163743125746763
            ],
            [
              121.49273866332427,
              25.160773608108006
            ],
            [
              121.48645135688113,
              25.150773320765722
            ],
            [
              121.48286562742528,
              25.150205618864195
            ],
            [
              121.47196108031297,
              25.137716177030597
            ],
            [
              121.46562465428825,
              25.131558794867882
            ],
            [
              121.46454402349333,
              25.124702702672515
            ],
            [
              121.4593373478451,
              25.12190786254192
            ],
            [
              121.46090917445589,
              25.11618717414961
            ],
            [
              121.46690176340951,
              25.111689228314432
            ],
            [
              121.47353290692375,
              25.110815840773622
            ],
            [
              121.48905469470525,
              25.115357455985837
            ],
            [
              121.49588231654583,
              25.11160188956035
            ],
            [
              121.49730678441186,
              25.098239060185943
            ],
            [
              121.50821133152418,
              25.095837244448713
            ],
            [
              121.51710197579142,
              25.099505472120118
            ],
            [
              121.52112978148156,
              25.108938057560877
            ],
            [
              121.52574702215074,
              25.11304297900269
            ],
            [
              121.52353664097932,
              25.117497255460826
            ],
            [
              121.52653293545613,
              25.12356729886946
            ],
            [
              121.53139577403324,
              25.12832726096688
            ],
            [
              121.53036426281992,
              25.134222626867356
            ],
            [
              121.5334587964599,
              25.137585168899477
            ],
            [
              121.54112145118746,
              25.14125339657088
            ],
            [
              121.54573869185664,
              25.141602751587207
            ],
            [
              121.54888234507821,
              25.144790616111166
            ],
            [
              121.54947178005726,
              25.149681586339707
            ],
            [
              121.55644676064261,
              25.160555261222804
            ],
            [
              121.56067104465909,
              25.162345705681467
            ],
            [
              121.56307790415686,
              25.169987846663563
            ],
            [
              121.56086752298543,
              25.17457313125282
            ],
            [
              121.56504268742033,
              25.178416036432388
            ],
            [
              121.56789162315238,
              25.183656361677254
            ],
            [
              121.56700747068382,
              25.188722009413958
            ],
            [
              121.5760945932774,
              25.19531608534708
            ]
          ]
        ]
      },
      "properties": {
        "id": "63000120",
        "name": "北投區",
        "city": "臺北市",
        "quarter": "1132",
        "age_under_1y": 519,
        "age_1_5y": 1802,
        "age_5_10y": 3699,
        "age_10_15y": 3535,
        "age_15_20y": 4688,
        "age_20_25y": 3299,
        "age_25_30y": 6381,
        "age_30_40y": 14221,
        "age_40_50y": 30994,
        "age_over_50y": 14991,
        "total": 84129,
        "old_building_count": 60206
      }
    },
    {
      "type": "Feature",
      "geometry": {
        "type": "Polygon",
        "coordinates": [
          [
            [
              121.57142823302664,
              25.074308241567724
            ],
            [
              121.56911961269205,
              25.076186024780466
            ],
            [
              121.56322526290161,
              25.0725614664861
            ],
            [
              121.5526645528604,
              25.075618322878938
            ],
            [
              121.54878410591503,
              25.071076707666723
            ],
            [
              121.5387145916897,
              25.071295054551925
            ],
            [
              121.54431422399063,
              25.06697178622491
            ],
            [
              121.54382302817476,
              25.044918750819434
            ],
            [
              121.54406862608269,
              25.044918750819434
            ],
            [
              121.54490365896966,
              25.045049758950558
            ],
            [
              121.54726139888584,
              25.045137097704636
            ],
            [
              121.55015945419947,
              25.044787742688314
            ],
            [
              121.55114184583121,
              25.044700403934232
            ],
            [
              121.55236983537088,
              25.044569395803112
            ],
            [
              121.55300838993152,
              25.04448205704903
            ],
            [
              121.5541872598896,
              25.04443838767199
            ],
            [
              121.55472757528706,
              25.04452572642607
            ],
            [
              121.55551348859245,
              25.04474407331127
            ],
            [
              121.55738003269276,
              25.045137097704636
            ],
            [
              121.55767475018229,
              25.045224436458717
            ],
            [
              121.56926697143682,
              25.049242019146448
            ],
            [
              121.58007327938596,
              25.049460366031653
            ],
            [
              121.5799259206412,
              25.052910246817856
            ],
            [
              121.57300005963742,
              25.05173117363776
            ],
            [
              121.56956168892634,
              25.063216219799425
            ],
            [
              121.57216502675045,
              25.071469732060088
            ],
            [
              121.57142823302664,
              25.074308241567724
            ]
          ]
        ]
      },
      "properties": {
        "id": "63000010",
        "name": "松山區",
        "city": "臺北市",
        "quarter": "1141",
        "age_under_1y": 340,
        "age_1_5y": 699,
        "age_5_10y": 1365,
        "age_10_15y": 1069,
        "age_15_20y": 3676,
        "age_20_25y": 2364,
        "age_25_30y": 2737,
        "age_30_40y": 13843,
        "age_40_50y": 24375,
        "age_over_50y": 15560,
        "total": 66028,
        "old_building_count": 53778
      }
    },
    {
      "type": "Feature",
      "geometry": {
        "type": "Polygon",
        "coordinates": [
          [
            [
              121.58007327938596,
              25.049460366031653
            ],
            [
              121.56926697143682,
              25.049242019146448
            ],
            [
              121.55767475018229,
              25.045224436458717
            ],
            [
              121.55767475018229,
              25.044962420196477
            ],
            [
              121.55767475018229,
              25.04373967763934
            ],
            [
              121.5576256306007,
              25.042560604459247
            ],
            [
              121.5575765110191,
              25.04059548249242
            ],
            [
              121.5575765110191,
              25.039416409312327
            ],
            [
              121.55752739143752,
              25.037538626099582
            ],
            [
              121.55747827185594,
              25.036272214165407
            ],
            [
              121.55747827185594,
              25.036053867280202
            ],
            [
              121.55747827185594,
              25.03504947160827
            ],
            [
              121.55742915227435,
              25.034263422821542
            ],
            [
              121.55742915227435,
              25.033695720920015
            ],
            [
              121.55742915227435,
              25.033084349641445
            ],
            [
              121.55738003269276,
              25.031337574559824
            ],
            [
              121.55738003269276,
              25.03028950951085
            ],
            [
              121.55738003269276,
              25.029372452593
            ],
            [
              121.55723267394801,
              25.029154105707796
            ],
            [
              121.55698707604007,
              25.028717411937393
            ],
            [
              121.55659411938737,
              25.028106040658823
            ],
            [
              121.55639764106103,
              25.027844024396583
            ],
            [
              121.55595556482675,
              25.027407330626176
            ],
            [
              121.55575908650039,
              25.027276322495055
            ],
            [
              121.55477669486865,
              25.026359265577202
            ],
            [
              121.55369606407373,
              25.02539853928231
            ],
            [
              121.55295927034993,
              25.024699829249663
            ],
            [
              121.55389254240009,
              25.023215070430282
            ],
            [
              121.55639764106103,
              25.02085692407009
            ],
            [
              121.55674147813212,
              25.02055123843081
            ],
            [
              121.5575765110191,
              25.01976518964408
            ],
            [
              121.55821506557974,
              25.019153818365513
            ],
            [
              121.55846066348768,
              25.018935471480308
            ],
            [
              121.55900097888514,
              25.018411438955823
            ],
            [
              121.55934481595624,
              25.01810575331654
            ],
            [
              121.55993425093529,
              25.01745071266093
            ],
            [
              121.5602780880064,
              25.016970349513485
            ],
            [
              121.56052368591433,
              25.016315308857877
            ],
            [
              121.56150607754607,
              25.015267243808903
            ],
            [
              121.56204639294353,
              25.014743211284415
            ],
            [
              121.56224287126987,
              25.014481195022174
            ],
            [
              121.56283230624892,
              25.013607807481364
            ],
            [
              121.56342174122797,
              25.013171113710957
            ],
            [
              121.56342174122797,
              25.012166718039026
            ],
            [
              121.56342174122797,
              25.0118173630227
            ],
            [
              121.56347086080955,
              25.011555346760456
            ],
            [
              121.56356909997272,
              25.011336999875255
            ],
            [
              121.56504268742033,
              25.01015792669516
            ],
            [
              121.56528828532826,
              25.009983249186998
            ],
            [
              121.56568124198097,
              25.008847845383944
            ],
            [
              121.5659268398889,
              25.008105465974253
            ],
            [
              121.56597595947049,
              25.008149135351292
            ],
            [
              121.5666636336127,
              25.008323812859455
            ],
            [
              121.56715482942857,
              25.008498490367618
            ],
            [
              121.56759690566285,
              25.0088041760069
            ],
            [
              121.56774426440762,
              25.008847845383944
            ],
            [
              121.56828457980508,
              25.009066192269145
            ],
            [
              121.56853017771301,
              25.009240869777308
            ],
            [
              121.56902137352888,
              25.009590224793634
            ],
            [
              121.56936521059998,
              25.009764902301793
            ],
            [
              121.56990552599744,
              25.010594620465564
            ],
            [
              121.57000376516062,
              25.010681959219646
            ],
            [
              121.57098615679236,
              25.011118652990053
            ],
            [
              121.57123175470029,
              25.011293330498212
            ],
            [
              121.5715755917714,
              25.011555346760456
            ],
            [
              121.57187030926093,
              25.011904701776782
            ],
            [
              121.5719685484241,
              25.012341395547185
            ],
            [
              121.5719685484241,
              25.01255974243239
            ],
            [
              121.57201766800569,
              25.012778089317592
            ],
            [
              121.5723615050768,
              25.01356413810432
            ],
            [
              121.57304917921901,
              25.01325845246504
            ],
            [
              121.57324565754536,
              25.013214783087996
            ],
            [
              121.57452276666662,
              25.013171113710957
            ],
            [
              121.5753577995536,
              25.01338946059616
            ],
            [
              121.5757507562063,
              25.013826154366566
            ],
            [
              121.576143712859,
              25.01421917875993
            ],
            [
              121.57634019118534,
              25.01421917875993
            ],
            [
              121.5768805065828,
              25.01408817062881
            ],
            [
              121.5772734632355,
              25.013957162497686
            ],
            [
              121.5780102569593,
              25.013869823743605
            ],
            [
              121.58360988926022,
              25.018848132726227
            ],
            [
              121.58523083545259,
              25.024306804856298
            ],
            [
              121.59205845729318,
              25.031293905182785
            ],
            [
              121.5867044229002,
              25.041512539410274
            ],
            [
              121.58076095352817,
              25.04526810583576
            ],
            [
              121.58007327938596,
              25.049460366031653
            ]
          ]
        ]
      },
      "properties": {
        "id": "63000020",
        "name": "信義區",
        "city": "臺北市",
        "quarter": "1141",
        "age_under_1y": 459,
        "age_1_5y": 1793,
        "age_5_10y": 1074,
        "age_10_15y": 1689,
        "age_15_20y": 4083,
        "age_20_25y": 2193,
        "age_25_30y": 4337,
        "age_30_40y": 17857,
        "age_40_50y": 28297,
        "age_over_50y": 15486,
        "total": 77268,
        "old_building_count": 61640
      }
    },
    {
      "type": "Feature",
      "geometry": {
        "type": "Polygon",
        "coordinates": [
          [
            [
              121.54406862608269,
              25.044918750819434
            ],
            [
              121.54298799528777,
              25.044787742688314
            ],
            [
              121.5421038428192,
              25.044700403934232
            ],
            [
              121.54102321202429,
              25.04465673455719
            ],
            [
              121.54053201620842,
              25.04465673455719
            ],
            [
              121.53812515671066,
              25.044700403934232
            ],
            [
              121.53655333009988,
              25.04474407331127
            ],
            [
              121.53517798181544,
              25.044962420196477
            ],
            [
              121.53468678599957,
              25.045049758950558
            ],
            [
              121.53321319855196,
              25.04539911396688
            ],
            [
              121.53291848106244,
              25.044132702032705
            ],
            [
              121.53282024189926,
              25.04129419252507
            ],
            [
              121.5326728831545,
              25.033695720920015
            ],
            [
              121.5326728831545,
              25.033652051542973
            ],
            [
              121.53247640482816,
              25.033652051542973
            ],
            [
              121.52967658867769,
              25.033826729051135
            ],
            [
              121.52491198926376,
              25.035267818493473
            ],
            [
              121.52427343470312,
              25.035355157247555
            ],
            [
              121.52279984725551,
              25.032822333379205
            ],
            [
              121.52235777102123,
              25.031555921445026
            ],
            [
              121.52206305353171,
              25.029852815740448
            ],
            [
              121.5224560101844,
              25.02705797560985
            ],
            [
              121.52250512976599,
              25.02701430623281
            ],
            [
              121.52564878298756,
              25.022909384791
            ],
            [
              121.5262873375482,
              25.022341682889472
            ],
            [
              121.5266311746193,
              25.02203599725019
            ],
            [
              121.5284977187196,
              25.020376560922646
            ],
            [
              121.52923451244341,
              25.019677850889998
            ],
            [
              121.52987306700405,
              25.019066479611432
            ],
            [
              121.53021690407515,
              25.018717124595106
            ],
            [
              121.53164137194118,
              25.01736337390685
            ],
            [
              121.53223080692023,
              25.01675200262828
            ],
            [
              121.53311495938878,
              25.015922284464512
            ],
            [
              121.53390087269418,
              25.015179905054822
            ],
            [
              121.53429382934688,
              25.014786880661458
            ],
            [
              121.53586565595765,
              25.01325845246504
            ],
            [
              121.53689716717098,
              25.011555346760456
            ],
            [
              121.53704452591575,
              25.011249661121173
            ],
            [
              121.53783043922114,
              25.00854215974466
            ],
            [
              121.54495277855125,
              25.008018127220172
            ],
            [
              121.55349958574739,
              25.009240869777308
            ],
            [
              121.55850978306927,
              25.011904701776782
            ],
            [
              121.56307790415686,
              25.008018127220172
            ],
            [
              121.5659268398889,
              25.008105465974253
            ],
            [
              121.56568124198097,
              25.008847845383944
            ],
            [
              121.56528828532826,
              25.009983249186998
            ],
            [
              121.56504268742033,
              25.01015792669516
            ],
            [
              121.56356909997272,
              25.011336999875255
            ],
            [
              121.56347086080955,
              25.011555346760456
            ],
            [
              121.56342174122797,
              25.0118173630227
            ],
            [
              121.56342174122797,
              25.012166718039026
            ],
            [
              121.56342174122797,
              25.013171113710957
            ],
            [
              121.56283230624892,
              25.013607807481364
            ],
            [
              121.56224287126987,
              25.014481195022174
            ],
            [
              121.56204639294353,
              25.014743211284415
            ],
            [
              121.56150607754607,
              25.015267243808903
            ],
            [
              121.56052368591433,
              25.016315308857877
            ],
            [
              121.5602780880064,
              25.016970349513485
            ],
            [
              121.55993425093529,
              25.01745071266093
            ],
            [
              121.55934481595624,
              25.01810575331654
            ],
            [
              121.55900097888514,
              25.018411438955823
            ],
            [
              121.55846066348768,
              25.018935471480308
            ],
            [
              121.55821506557974,
              25.019153818365513
            ],
            [
              121.5575765110191,
              25.01976518964408
            ],
            [
              121.55674147813212,
              25.02055123843081
            ],
            [
              121.55639764106103,
              25.02085692407009
            ],
            [
              121.55389254240009,
              25.023215070430282
            ],
            [
              121.55295927034993,
              25.024699829249663
            ],
            [
              121.55369606407373,
              25.02539853928231
            ],
            [
              121.55477669486865,
              25.026359265577202
            ],
            [
              121.55575908650039,
              25.027276322495055
            ],
            [
              121.55595556482675,
              25.027407330626176
            ],
            [
              121.55639764106103,
              25.027844024396583
            ],
            [
              121.55659411938737,
              25.028106040658823
            ],
            [
              121.55698707604007,
              25.028717411937393
            ],
            [
              121.55723267394801,
              25.029154105707796
            ],
            [
              121.55738003269276,
              25.029372452593
            ],
            [
              121.55738003269276,
              25.03028950951085
            ],
            [
              121.55738003269276,
              25.031337574559824
            ],
            [
              121.55742915227435,
              25.033084349641445
            ],
            [
              121.55742915227435,
              25.033695720920015
            ],
            [
              121.55742915227435,
              25.034263422821542
            ],
            [
              121.55747827185594,
              25.03504947160827
            ],
            [
              121.55747827185594,
              25.036053867280202
            ],
            [
              121.55747827185594,
              25.036272214165407
            ],
            [
              121.55752739143752,
              25.037538626099582
            ],
            [
              121.5575765110191,
              25.039416409312327
            ],
            [
              121.5575765110191,
              25.04059548249242
            ],
            [
              121.5576256306007,
              25.042560604459247
            ],
            [
              121.55767475018229,
              25.04373967763934
            ],
            [
              121.55767475018229,
              25.044962420196477
            ],
            [
              121.55767475018229,
              25.045224436458717
            ],
            [
              121.55738003269276,
              25.045137097704636
            ],
            [
              121.55551348859245,
              25.04474407331127
            ],
            [
              121.55472757528706,
              25.04452572642607
            ],
            [
              121.5541872598896,
              25.04443838767199
            ],
            [
              121.55300838993152,
              25.04448205704903
            ],
            [
              121.55236983537088,
              25.044569395803112
            ],
            [
              121.55114184583121,
              25.044700403934232
            ],
            [
              121.55015945419947,
              25.044787742688314
            ],
            [
              121.54726139888584,
              25.045137097704636
            ],
            [
              121.54490365896966,
              25.045049758950558
            ],
            [
              121.54406862608269,
              25.044918750819434
            ]
          ]
        ]
      },
      "properties": {
        "id": "63000030",
        "name": "大安區",
        "city": "臺北市",
        "quarter": "1141",
        "age_under_1y": 1026,
        "age_1_5y": 1639,
        "age_5_10y": 1392,
        "age_10_15y": 1972,
        "age_15_20y": 4739,
        "age_20_25y": 2408,
        "age_25_30y": 3347,
        "age_30_40y": 23865,
        "age_40_50y": 39717,
        "age_over_50y": 18012,
        "total": 98117,
        "old_building_count": 81594
      }
    },
    {
      "type": "Feature",
      "geometry": {
        "type": "Polygon",
        "coordinates": [
          [
            [
              121.55217335704454,
              25.09238736366251
            ],
            [
              121.54500189813284,
              25.090378572318645
            ],
            [
              121.53832163503701,
              25.09164498425282
            ],
            [
              121.52427343470312,
              25.080858648123804
            ],
            [
              121.52250512976599,
              25.07710308169832
            ],
            [
              121.52044210733933,
              25.073129168387627
            ],
            [
              121.51896851989173,
              25.064657309241763
            ],
            [
              121.52049122692092,
              25.060028355275463
            ],
            [
              121.5201965094314,
              25.051119802359192
            ],
            [
              121.5186738024022,
              25.048368631605637
            ],
            [
              121.53291848106244,
              25.04548645272096
            ],
            [
              121.53321319855196,
              25.04539911396688
            ],
            [
              121.53468678599957,
              25.045049758950558
            ],
            [
              121.53517798181544,
              25.044962420196477
            ],
            [
              121.53655333009988,
              25.04474407331127
            ],
            [
              121.53812515671066,
              25.044700403934232
            ],
            [
              121.54053201620842,
              25.04465673455719
            ],
            [
              121.54102321202429,
              25.04465673455719
            ],
            [
              121.5421038428192,
              25.044700403934232
            ],
            [
              121.54298799528777,
              25.044787742688314
            ],
            [
              121.54382302817476,
              25.044918750819434
            ],
            [
              121.54431422399063,
              25.06697178622491
            ],
            [
              121.5387145916897,
              25.071295054551925
            ],
            [
              121.54878410591503,
              25.071076707666723
            ],
            [
              121.5526645528604,
              25.075618322878938
            ],
            [
              121.56322526290161,
              25.0725614664861
            ],
            [
              121.56911961269205,
              25.076186024780466
            ],
            [
              121.57142823302664,
              25.074308241567724
            ],
            [
              121.57039672181331,
              25.077059412321276
            ],
            [
              121.56499356783874,
              25.078500501763617
            ],
            [
              121.56111312089337,
              25.084308528910007
            ],
            [
              121.5534504661658,
              25.089810870417118
            ],
            [
              121.55217335704454,
              25.09238736366251
            ]
          ]
        ]
      },
      "properties": {
        "id": "63000040",
        "name": "中山區",
        "city": "臺北市",
        "quarter": "1141",
        "age_under_1y": 1060,
        "age_1_5y": 1775,
        "age_5_10y": 3083,
        "age_10_15y": 4464,
        "age_15_20y": 7821,
        "age_20_25y": 6313,
        "age_25_30y": 6302,
        "age_30_40y": 17066,
        "age_40_50y": 31980,
        "age_over_50y": 16751,
        "total": 96615,
        "old_building_count": 65797
      }
    },
    {
      "type": "Feature",
      "geometry": {
        "type": "Polygon",
        "coordinates": [
          [
            [
              121.5186738024022,
              25.048368631605637
            ],
            [
              121.51066731060352,
              25.048324962228598
            ],
            [
              121.5096357993902,
              25.047320566556664
            ],
            [
              121.50418352583404,
              25.029896485117487
            ],
            [
              121.51238649595906,
              25.021730311610906
            ],
            [
              121.52112978148156,
              25.01810575331654
            ],
            [
              121.52574702215074,
              25.01186103239974
            ],
            [
              121.53183785026752,
              25.00867316787578
            ],
            [
              121.5319360894307,
              25.00871683725282
            ],
            [
              121.53218168733864,
              25.008891514760982
            ],
            [
              121.53252552440973,
              25.009066192269145
            ],
            [
              121.5334587964599,
              25.009590224793634
            ],
            [
              121.53390087269418,
              25.009852241055874
            ],
            [
              121.5341955901837,
              25.010026918564037
            ],
            [
              121.5349323839075,
              25.010507281711483
            ],
            [
              121.53527622097862,
              25.010725628596685
            ],
            [
              121.53586565595765,
              25.01103131423597
            ],
            [
              121.53625861261035,
              25.011118652990053
            ],
            [
              121.53665156926304,
              25.01120599174413
            ],
            [
              121.53689716717098,
              25.011555346760456
            ],
            [
              121.53586565595765,
              25.01325845246504
            ],
            [
              121.53429382934688,
              25.014786880661458
            ],
            [
              121.53390087269418,
              25.015179905054822
            ],
            [
              121.53311495938878,
              25.015922284464512
            ],
            [
              121.53223080692023,
              25.01675200262828
            ],
            [
              121.53164137194118,
              25.01736337390685
            ],
            [
              121.53021690407515,
              25.018717124595106
            ],
            [
              121.52987306700405,
              25.019066479611432
            ],
            [
              121.52923451244341,
              25.019677850889998
            ],
            [
              121.5284977187196,
              25.020376560922646
            ],
            [
              121.5266311746193,
              25.02203599725019
            ],
            [
              121.5262873375482,
              25.022341682889472
            ],
            [
              121.52564878298756,
              25.022909384791
            ],
            [
              121.52250512976599,
              25.02701430623281
            ],
            [
              121.5224560101844,
              25.02705797560985
            ],
            [
              121.52206305353171,
              25.029852815740448
            ],
            [
              121.52235777102123,
              25.031555921445026
            ],
            [
              121.52279984725551,
              25.032822333379205
            ],
            [
              121.52427343470312,
              25.035355157247555
            ],
            [
              121.52491198926376,
              25.035267818493473
            ],
            [
              121.52967658867769,
              25.033826729051135
            ],
            [
              121.53247640482816,
              25.033652051542973
            ],
            [
              121.5326728831545,
              25.033652051542973
            ],
            [
              121.5326728831545,
              25.033695720920015
            ],
            [
              121.53282024189926,
              25.04129419252507
            ],
            [
              121.53291848106244,
              25.044132702032705
            ],
            [
              121.53291848106244,
              25.04548645272096
            ],
            [
              121.5186738024022,
              25.048368631605637
            ]
          ]
        ]
      },
      "properties": {
        "id": "63000050",
        "name": "中正區",
        "city": "臺北市",
        "quarter": "1141",
        "age_under_1y": 676,
        "age_1_5y": 1255,
        "age_5_10y": 2227,
        "age_10_15y": 2183,
        "age_15_20y": 4120,
        "age_20_25y": 2059,
        "age_25_30y": 2336,
        "age_30_40y": 8386,
        "age_40_50y": 16634,
        "age_over_50y": 12953,
        "total": 52829,
        "old_building_count": 37973
      }
    },
    {
      "type": "Feature",
      "geometry": {
        "type": "Polygon",
        "coordinates": [
          [
            [
              121.52250512976599,
              25.07710308169832
            ],
            [
              121.51621782332286,
              25.08024727684524
            ],
            [
              121.5046747216499,
              25.07810747737025
            ],
            [
              121.50703246156608,
              25.06989763448663
            ],
            [
              121.50560799370007,
              25.060770734685153
            ],
            [
              121.5061974286791,
              25.053652626227546
            ],
            [
              121.50462560206833,
              25.049766051670936
            ],
            [
              121.51066731060352,
              25.048324962228598
            ],
            [
              121.5186738024022,
              25.048368631605637
            ],
            [
              121.5201965094314,
              25.051119802359192
            ],
            [
              121.52049122692092,
              25.060028355275463
            ],
            [
              121.51896851989173,
              25.064657309241763
            ],
            [
              121.52044210733933,
              25.073129168387627
            ],
            [
              121.52250512976599,
              25.07710308169832
            ]
          ]
        ]
      },
      "properties": {
        "id": "63000060",
        "name": "大同區",
        "city": "臺北市",
        "quarter": "1141",
        "age_under_1y": 517,
        "age_1_5y": 2867,
        "age_5_10y": 1384,
        "age_10_15y": 3283,
        "age_15_20y": 2377,
        "age_20_25y": 1094,
        "age_25_30y": 2605,
        "age_30_40y": 5895,
        "age_40_50y": 12863,
        "age_over_50y": 13596,
        "total": 46481,
        "old_building_count": 32354
      }
    },
    {
      "type": "Feature",
      "geometry": {
        "type": "Polygon",
        "coordinates": [
          [
            [
              121.51066731060352,
              25.048324962228598
            ],
            [
              121.50462560206833,
              25.049766051670936
            ],
            [
              121.50133459010199,
              25.045966815868407
            ],
            [
              121.4956367186379,
              25.04295362885261
            ],
            [
              121.48880909679731,
              25.042560604459247
            ],
            [
              121.48365154073068,
              25.035311487870516
            ],
            [
              121.48880909679731,
              25.023346078561403
            ],
            [
              121.48875997721572,
              25.015310913185942
            ],
            [
              121.4926404241611,
              25.00954655541659
            ],
            [
              121.50025395930709,
              25.01194837115382
            ],
            [
              121.50614830909753,
              25.018804463349188
            ],
            [
              121.51238649595906,
              25.021730311610906
            ],
            [
              121.50418352583404,
              25.029896485117487
            ],
            [
              121.5096357993902,
              25.047320566556664
            ],
            [
              121.51066731060352,
              25.048324962228598
            ]
          ]
        ]
      },
      "properties": {
        "id": "63000070",
        "name": "萬華區",
        "city": "臺北市",
        "quarter": "1141",
        "age_under_1y": 792,
        "age_1_5y": 1384,
        "age_5_10y": 3052,
        "age_10_15y": 2354,
        "age_15_20y": 2325,
        "age_20_25y": 1592,
        "age_25_30y": 2646,
        "age_30_40y": 9937,
        "age_40_50y": 26012,
        "age_over_50y": 20244,
        "total": 70338,
        "old_building_count": 56193
      }
    },
    {
      "type": "Feature",
      "geometry": {
        "type": "Polygon",
        "coordinates": [
          [
            [
              121.5972651329414,
              25.014393856268093
            ],
            [
              121.59613538256491,
              25.01496155816962
            ],
            [
              121.59588978465698,
              25.01509256630074
            ],
            [
              121.5957915454938,
              25.015223574431865
            ],
            [
              121.59544770842268,
              25.015485590694105
            ],
            [
              121.59525123009634,
              25.015529260071148
            ],
            [
              121.59407236013826,
              25.015136235677783
            ],
            [
              121.59367940348555,
              25.014699541907376
            ],
            [
              121.59318820766968,
              25.014524864399213
            ],
            [
              121.59220581603795,
              25.014743211284415
            ],
            [
              121.59151814189573,
              25.014699541907376
            ],
            [
              121.59141990273255,
              25.014481195022174
            ],
            [
              121.5912725439878,
              25.01426284813697
            ],
            [
              121.58989719570336,
              25.013869823743605
            ],
            [
              121.58965159779542,
              25.013826154366566
            ],
            [
              121.58866920616369,
              25.013695146235445
            ],
            [
              121.58793241243987,
              25.0134331299732
            ],
            [
              121.5878341732767,
              25.01338946059616
            ],
            [
              121.58655706415544,
              25.01338946059616
            ],
            [
              121.5855746725237,
              25.01334579121912
            ],
            [
              121.58508347670784,
              25.013127444333918
            ],
            [
              121.58395372633133,
              25.013083774956876
            ],
            [
              121.58208718223102,
              25.01247240367831
            ],
            [
              121.58174334515991,
              25.01247240367831
            ],
            [
              121.58110479059928,
              25.01247240367831
            ],
            [
              121.58090831227294,
              25.012428734301267
            ],
            [
              121.58076095352817,
              25.012297726170146
            ],
            [
              121.58046623603865,
              25.012210387416065
            ],
            [
              121.58036799687548,
              25.012254056793104
            ],
            [
              121.5802697577123,
              25.012341395547185
            ],
            [
              121.57997504022278,
              25.01247240367831
            ],
            [
              121.57923824649897,
              25.013040105579837
            ],
            [
              121.5787961702647,
              25.01334579121912
            ],
            [
              121.57864881151993,
              25.01347679935024
            ],
            [
              121.5780102569593,
              25.013869823743605
            ],
            [
              121.5772734632355,
              25.013957162497686
            ],
            [
              121.5768805065828,
              25.01408817062881
            ],
            [
              121.57634019118534,
              25.01421917875993
            ],
            [
              121.576143712859,
              25.01421917875993
            ],
            [
              121.5757507562063,
              25.013826154366566
            ],
            [
              121.5753577995536,
              25.01338946059616
            ],
            [
              121.57452276666662,
              25.013171113710957
            ],
            [
              121.57324565754536,
              25.013214783087996
            ],
            [
              121.57304917921901,
              25.01325845246504
            ],
            [
              121.5723615050768,
              25.01356413810432
            ],
            [
              121.57201766800569,
              25.012778089317592
            ],
            [
              121.5719685484241,
              25.01255974243239
            ],
            [
              121.5719685484241,
              25.012341395547185
            ],
            [
              121.57187030926093,
              25.011904701776782
            ],
            [
              121.5715755917714,
              25.011555346760456
            ],
            [
              121.57123175470029,
              25.011293330498212
            ],
            [
              121.57098615679236,
              25.011118652990053
            ],
            [
              121.57000376516062,
              25.010681959219646
            ],
            [
              121.56990552599744,
              25.010594620465564
            ],
            [
              121.56936521059998,
              25.009764902301793
            ],
            [
              121.56902137352888,
              25.009590224793634
            ],
            [
              121.56853017771301,
              25.009240869777308
            ],
            [
              121.56828457980508,
              25.009066192269145
            ],
            [
              121.56774426440762,
              25.008847845383944
            ],
            [
              121.56759690566285,
              25.0088041760069
            ],
            [
              121.56715482942857,
              25.008498490367618
            ],
            [
              121.5666636336127,
              25.008323812859455
            ],
            [
              121.56597595947049,
              25.008149135351292
            ],
            [
              121.5659268398889,
              25.008105465974253
            ],
            [
              121.56307790415686,
              25.008018127220172
            ],
            [
              121.55850978306927,
              25.011904701776782
            ],
            [
              121.55349958574739,
              25.009240869777308
            ],
            [
              121.54495277855125,
              25.008018127220172
            ],
            [
              121.53783043922114,
              25.00854215974466
            ],
            [
              121.53704452591575,
              25.011249661121173
            ],
            [
              121.53665156926304,
              25.01120599174413
            ],
            [
              121.53625861261035,
              25.011118652990053
            ],
            [
              121.53586565595765,
              25.01103131423597
            ],
            [
              121.53527622097862,
              25.010725628596685
            ],
            [
              121.5349323839075,
              25.010507281711483
            ],
            [
              121.5341955901837,
              25.010026918564037
            ],
            [
              121.53390087269418,
              25.009852241055874
            ],
            [
              121.5334587964599,
              25.009590224793634
            ],
            [
              121.53252552440973,
              25.009066192269145
            ],
            [
              121.53218168733864,
              25.008891514760982
            ],
            [
              121.5319360894307,
              25.00871683725282
            ],
            [
              121.53183785026752,
              25.00867316787578
            ],
            [
              121.53385175311259,
              25.003607520139077
            ],
            [
              121.53051162156467,
              24.998017839877885
            ],
            [
              121.53164137194118,
              24.994742636599845
            ],
            [
              121.53625861261035,
              24.994087595944237
            ],
            [
              121.5368480475894,
              24.98871626256825
            ],
            [
              121.54387214775633,
              24.988279568797847
            ],
            [
              121.54485453938808,
              24.98378162296267
            ],
            [
              121.55389254240009,
              24.984349324864194
            ],
            [
              121.55305750951311,
              24.98076843594687
            ],
            [
              121.56121136005655,
              24.96469810519595
            ],
            [
              121.57295094005585,
              24.964130403294423
            ],
            [
              121.57864881151993,
              24.966575888408695
            ],
            [
              121.58572203126846,
              24.96321334637657
            ],
            [
              121.59338468599603,
              24.964217742048504
            ],
            [
              121.59706865461506,
              24.960505845000057
            ],
            [
              121.60846439754324,
              24.96321334637657
            ],
            [
              121.61367107319147,
              24.96644488027757
            ],
            [
              121.6196145425635,
              24.96714359031022
            ],
            [
              121.6191724663292,
              24.970593471096425
            ],
            [
              121.6112642136937,
              24.974611053784155
            ],
            [
              121.60512426599533,
              24.974436376275992
            ],
            [
              121.60016318825504,
              24.976925530767303
            ],
            [
              121.59986847076551,
              24.986489124339183
            ],
            [
              121.60188237361058,
              24.99046303764987
            ],
            [
              121.59814928540997,
              24.9944806203376
            ],
            [
              121.60055614490774,
              25.0007253412544
            ],
            [
              121.59564418674904,
              25.00714473967936
            ],
            [
              121.5972651329414,
              25.014393856268093
            ]
          ]
        ]
      },
      "properties": {
        "id": "63000080",
        "name": "文山區",
        "city": "臺北市",
        "quarter": "1141",
        "age_under_1y": 1379,
        "age_1_5y": 1750,
        "age_5_10y": 4163,
        "age_10_15y": 5086,
        "age_15_20y": 5490,
        "age_20_25y": 4368,
        "age_25_30y": 15861,
        "age_30_40y": 12227,
        "age_40_50y": 34345,
        "age_over_50y": 9682,
        "total": 94351,
        "old_building_count": 56254
      }
    },
    {
      "type": "Feature",
      "geometry": {
        "type": "Polygon",
        "coordinates": [
          [
            [
              121.61612705227081,
              25.063914929832073
            ],
            [
              121.61268868155972,
              25.064307954225438
            ],
            [
              121.60802232130897,
              25.059941016521382
            ],
            [
              121.59623362172808,
              25.058499927079044
            ],
            [
              121.59250053352747,
              25.0596353308821
            ],
            [
              121.58798153202146,
              25.055486740063248
            ],
            [
              121.5799259206412,
              25.052910246817856
            ],
            [
              121.58007327938596,
              25.049460366031653
            ],
            [
              121.58076095352817,
              25.04526810583576
            ],
            [
              121.5867044229002,
              25.041512539410274
            ],
            [
              121.59205845729318,
              25.031293905182785
            ],
            [
              121.58523083545259,
              25.024306804856298
            ],
            [
              121.58360988926022,
              25.018848132726227
            ],
            [
              121.5780102569593,
              25.013869823743605
            ],
            [
              121.57864881151993,
              25.01347679935024
            ],
            [
              121.5787961702647,
              25.01334579121912
            ],
            [
              121.57923824649897,
              25.013040105579837
            ],
            [
              121.57997504022278,
              25.01247240367831
            ],
            [
              121.5802697577123,
              25.012341395547185
            ],
            [
              121.58036799687548,
              25.012254056793104
            ],
            [
              121.58046623603865,
              25.012210387416065
            ],
            [
              121.58076095352817,
              25.012297726170146
            ],
            [
              121.58090831227294,
              25.012428734301267
            ],
            [
              121.58110479059928,
              25.01247240367831
            ],
            [
              121.58174334515991,
              25.01247240367831
            ],
            [
              121.58208718223102,
              25.01247240367831
            ],
            [
              121.58395372633133,
              25.013083774956876
            ],
            [
              121.58508347670784,
              25.013127444333918
            ],
            [
              121.5855746725237,
              25.01334579121912
            ],
            [
              121.58655706415544,
              25.01338946059616
            ],
            [
              121.5878341732767,
              25.01338946059616
            ],
            [
              121.58793241243987,
              25.0134331299732
            ],
            [
              121.58866920616369,
              25.013695146235445
            ],
            [
              121.58965159779542,
              25.013826154366566
            ],
            [
              121.58989719570336,
              25.013869823743605
            ],
            [
              121.5912725439878,
              25.01426284813697
            ],
            [
              121.59141990273255,
              25.014481195022174
            ],
            [
              121.59151814189573,
              25.014699541907376
            ],
            [
              121.59220581603795,
              25.014743211284415
            ],
            [
              121.59318820766968,
              25.014524864399213
            ],
            [
              121.59367940348555,
              25.014699541907376
            ],
            [
              121.59407236013826,
              25.015136235677783
            ],
            [
              121.59525123009634,
              25.015529260071148
            ],
            [
              121.59544770842268,
              25.015485590694105
            ],
            [
              121.5957915454938,
              25.015223574431865
            ],
            [
              121.59588978465698,
              25.01509256630074
            ],
            [
              121.59613538256491,
              25.01496155816962
            ],
            [
              121.5972651329414,
              25.014393856268093
            ],
            [
              121.60271740649756,
              25.015136235677783
            ],
            [
              121.60414187436359,
              25.01911014898847
            ],
            [
              121.60870999545118,
              25.02050756905377
            ],
            [
              121.62246347829554,
              25.01736337390685
            ],
            [
              121.6289963826466,
              25.01998353652928
            ],
            [
              121.6309120463285,
              25.0247434986267
            ],
            [
              121.63567664574244,
              25.023215070430282
            ],
            [
              121.6429954633989,
              25.02456882111854
            ],
            [
              121.64702326908903,
              25.021861319742026
            ],
            [
              121.64992132440267,
              25.023957449839973
            ],
            [
              121.66406776389972,
              25.023171401053244
            ],
            [
              121.66593430800003,
              25.029896485117487
            ],
            [
              121.6607767519334,
              25.030464187019014
            ],
            [
              121.65679806582484,
              25.02793136315066
            ],
            [
              121.6502160418922,
              25.027625677511377
            ],
            [
              121.64402697461223,
              25.029896485117487
            ],
            [
              121.63287682959198,
              25.035835520395
            ],
            [
              121.62531241402759,
              25.037669634230703
            ],
            [
              121.62192316289809,
              25.040071449967932
            ],
            [
              121.61647088934193,
              25.048150284720435
            ],
            [
              121.62103901042951,
              25.053696295604585
            ],
            [
              121.62162844540856,
              25.060334040914746
            ],
            [
              121.61612705227081,
              25.063914929832073
            ]
          ]
        ]
      },
      "properties": {
        "id": "63000090",
        "name": "南港區",
        "city": "臺北市",
        "quarter": "1141",
        "age_under_1y": 1274,
        "age_1_5y": 1784,
        "age_5_10y": 834,
        "age_10_15y": 3579,
        "age_15_20y": 4083,
        "age_20_25y": 1463,
        "age_25_30y": 3723,
        "age_30_40y": 5117,
        "age_40_50y": 14954,
        "age_over_50y": 4118,
        "total": 40929,
        "old_building_count": 24189
      }
    },
    {
      "type": "Feature",
      "geometry": {
        "type": "Polygon",
        "coordinates": [
          [
            [
              121.59569330633062,
              25.114178382805743
            ],
            [
              121.58798153202146,
              25.11378535841238
            ],
            [
              121.58527995503418,
              25.108807049429757
            ],
            [
              121.57977856189643,
              25.106448903069566
            ],
            [
              121.57034760223173,
              25.105444507397632
            ],
            [
              121.56681099235746,
              25.099068778349714
            ],
            [
              121.55880450055878,
              25.09871942333339
            ],
            [
              121.55448197737913,
              25.092736718678836
            ],
            [
              121.55217335704454,
              25.09238736366251
            ],
            [
              121.5534504661658,
              25.089810870417118
            ],
            [
              121.56111312089337,
              25.084308528910007
            ],
            [
              121.56499356783874,
              25.078500501763617
            ],
            [
              121.57039672181331,
              25.077059412321276
            ],
            [
              121.57142823302664,
              25.074308241567724
            ],
            [
              121.57216502675045,
              25.071469732060088
            ],
            [
              121.56956168892634,
              25.063216219799425
            ],
            [
              121.57300005963742,
              25.05173117363776
            ],
            [
              121.5799259206412,
              25.052910246817856
            ],
            [
              121.58798153202146,
              25.055486740063248
            ],
            [
              121.59250053352747,
              25.0596353308821
            ],
            [
              121.59623362172808,
              25.058499927079044
            ],
            [
              121.60802232130897,
              25.059941016521382
            ],
            [
              121.61268868155972,
              25.064307954225438
            ],
            [
              121.61612705227081,
              25.063914929832073
            ],
            [
              121.62148108666379,
              25.069548279470304
            ],
            [
              121.62433002239584,
              25.0804219543534
            ],
            [
              121.62860342599392,
              25.086491997762035
            ],
            [
              121.62329851118251,
              25.096928978874725
            ],
            [
              121.6154393781286,
              25.103828740447135
            ],
            [
              121.60797320172738,
              25.10675458870885
            ],
            [
              121.59746161126776,
              25.109505759462404
            ],
            [
              121.59569330633062,
              25.114178382805743
            ]
          ]
        ]
      },
      "properties": {
        "id": "63000100",
        "name": "內湖區",
        "city": "臺北市",
        "quarter": "1141",
        "age_under_1y": 411,
        "age_1_5y": 2925,
        "age_5_10y": 3246,
        "age_10_15y": 4635,
        "age_15_20y": 7738,
        "age_20_25y": 5181,
        "age_25_30y": 13448,
        "age_30_40y": 22753,
        "age_40_50y": 30806,
        "age_over_50y": 1627,
        "total": 92770,
        "old_building_count": 55186
      }
    },
    {
      "type": "Feature",
      "geometry": {
        "type": "Polygon",
        "coordinates": [
          [
            [
              121.59569330633062,
              25.114178382805743
            ],
            [
              121.60453483101628,
              25.126012783983732
            ],
            [
              121.60404363520041,
              25.13618774883418
            ],
            [
              121.5957424259122,
              25.14356787355403
            ],
            [
              121.59372852306714,
              25.150030941356032
            ],
            [
              121.58965159779542,
              25.152170740831018
            ],
            [
              121.59176373980367,
              25.157585743584047
            ],
            [
              121.58984807612177,
              25.163699456369724
            ],
            [
              121.5863605858291,
              25.16352477886156
            ],
            [
              121.57707698490916,
              25.167018329024806
            ],
            [
              121.5772734632355,
              25.16994417728652
            ],
            [
              121.58169422557833,
              25.17378708246609
            ],
            [
              121.58326605218912,
              25.177542648891578
            ],
            [
              121.58090831227294,
              25.182084264103793
            ],
            [
              121.58400284591292,
              25.18880934816804
            ],
            [
              121.58306957386276,
              25.195010399707797
            ],
            [
              121.5760945932774,
              25.19531608534708
            ],
            [
              121.56700747068382,
              25.188722009413958
            ],
            [
              121.56789162315238,
              25.183656361677254
            ],
            [
              121.56504268742033,
              25.178416036432388
            ],
            [
              121.56086752298543,
              25.17457313125282
            ],
            [
              121.56307790415686,
              25.169987846663563
            ],
            [
              121.56067104465909,
              25.162345705681467
            ],
            [
              121.55644676064261,
              25.160555261222804
            ],
            [
              121.54947178005726,
              25.149681586339707
            ],
            [
              121.54888234507821,
              25.144790616111166
            ],
            [
              121.54573869185664,
              25.141602751587207
            ],
            [
              121.54112145118746,
              25.14125339657088
            ],
            [
              121.5334587964599,
              25.137585168899477
            ],
            [
              121.53036426281992,
              25.134222626867356
            ],
            [
              121.53139577403324,
              25.12832726096688
            ],
            [
              121.52653293545613,
              25.12356729886946
            ],
            [
              121.52353664097932,
              25.117497255460826
            ],
            [
              121.52574702215074,
              25.11304297900269
            ],
            [
              121.52112978148156,
              25.108938057560877
            ],
            [
              121.51710197579142,
              25.099505472120118
            ],
            [
              121.50821133152418,
              25.095837244448713
            ],
            [
              121.49730678441186,
              25.098239060185943
            ],
            [
              121.49588231654583,
              25.11160188956035
            ],
            [
              121.48905469470525,
              25.115357455985837
            ],
            [
              121.47353290692375,
              25.110815840773622
            ],
            [
              121.46690176340951,
              25.111689228314432
            ],
            [
              121.46090917445589,
              25.11618717414961
            ],
            [
              121.45732344500004,
              25.107103943725175
            ],
            [
              121.46636144801205,
              25.101645271595107
            ],
            [
              121.48104820290656,
              25.100859222808374
            ],
            [
              121.48910381428684,
              25.096841640120644
            ],
            [
              121.4997627634912,
              25.087234377171725
            ],
            [
              121.5046747216499,
              25.07810747737025
            ],
            [
              121.51621782332286,
              25.08024727684524
            ],
            [
              121.52250512976599,
              25.07710308169832
            ],
            [
              121.52427343470312,
              25.080858648123804
            ],
            [
              121.53832163503701,
              25.09164498425282
            ],
            [
              121.54500189813284,
              25.090378572318645
            ],
            [
              121.55217335704454,
              25.09238736366251
            ],
            [
              121.55448197737913,
              25.092736718678836
            ],
            [
              121.55880450055878,
              25.09871942333339
            ],
            [
              121.56681099235746,
              25.099068778349714
            ],
            [
              121.57034760223173,
              25.105444507397632
            ],
            [
              121.57977856189643,
              25.106448903069566
            ],
            [
              121.58527995503418,
              25.108807049429757
            ],
            [
              121.58798153202146,
              25.11378535841238
            ],
            [
              121.59569330633062,
              25.114178382805743
            ]
          ]
        ]
      },
      "properties": {
        "id": "63000110",
        "name": "士林區",
        "city": "臺北市",
        "quarter": "1141",
        "age_under_1y": 925,
        "age_1_5y": 1030,
        "age_5_10y": 1722,
        "age_10_15y": 2216,
        "age_15_20y": 3982,
        "age_20_25y": 3428,
        "age_25_30y": 4659,
        "age_30_40y": 17913,
        "age_40_50y": 36279,
        "age_over_50y": 20638,
        "total": 92792,
        "old_building_count": 74830
      }
    },
    {
      "type": "Feature",
      "geometry": {
        "type": "Polygon",
        "coordinates": [
          [
            [
              121.5760945932774,
              25.19531608534708
            ],
            [
              121.57319653796378,
              25.194966730330755
            ],
            [
              121.56489532867558,
              25.20094943498531
            ],
            [
              121.56273406708574,
              25.209290286000055
            ],
            [
              121.55502229277658,
              25.208416898459244
            ],
            [
              121.55148568290232,
              25.202128508165405
            ],
            [
              121.55256631369724,
              25.198809635510322
            ],
            [
              121.54632812683569,
              25.19697552167462
            ],
            [
              121.54323359319571,
              25.19356931026546
            ],
            [
              121.542840636543,
              25.18894035629916
            ],
            [
              121.53581653637607,
              25.18666954869305
            ],
            [
              121.53336055729672,
              25.183569022923173
            ],
            [
              121.52569790256915,
              25.182782974136444
            ],
            [
              121.5217192164606,
              25.178983738333915
            ],
            [
              121.52255424934758,
              25.17470413938394
            ],
            [
              121.52004915068665,
              25.169420144762036
            ],
            [
              121.5130250505197,
              25.170948572958455
            ],
            [
              121.51042171269559,
              25.169420144762036
            ],
            [
              121.50270993838643,
              25.172782686794157
            ],
            [
              121.49740502357504,
              25.163743125746763
            ],
            [
              121.49273866332427,
              25.160773608108006
            ],
            [
              121.48645135688113,
              25.150773320765722
            ],
            [
              121.48286562742528,
              25.150205618864195
            ],
            [
              121.47196108031297,
              25.137716177030597
            ],
            [
              121.46562465428825,
              25.131558794867882
            ],
            [
              121.46454402349333,
              25.124702702672515
            ],
            [
              121.4593373478451,
              25.12190786254192
            ],
            [
              121.46090917445589,
              25.11618717414961
            ],
            [
              121.46690176340951,
              25.111689228314432
            ],
            [
              121.47353290692375,
              25.110815840773622
            ],
            [
              121.48905469470525,
              25.115357455985837
            ],
            [
              121.49588231654583,
              25.11160188956035
            ],
            [
              121.49730678441186,
              25.098239060185943
            ],
            [
              121.50821133152418,
              25.095837244448713
            ],
            [
              121.51710197579142,
              25.099505472120118
            ],
            [
              121.52112978148156,
              25.108938057560877
            ],
            [
              121.52574702215074,
              25.11304297900269
            ],
            [
              121.52353664097932,
              25.117497255460826
            ],
            [
              121.52653293545613,
              25.12356729886946
            ],
            [
              121.53139577403324,
              25.12832726096688
            ],
            [
              121.53036426281992,
              25.134222626867356
            ],
            [
              121.5334587964599,
              25.137585168899477
            ],
            [
              121.54112145118746,
              25.14125339657088
            ],
            [
              121.54573869185664,
              25.141602751587207
            ],
            [
              121.54888234507821,
              25.144790616111166
            ],
            [
              121.54947178005726,
              25.149681586339707
            ],
            [
              121.55644676064261,
              25.160555261222804
            ],
            [
              121.56067104465909,
              25.162345705681467
            ],
            [
              121.56307790415686,
              25.169987846663563
            ],
            [
              121.56086752298543,
              25.17457313125282
            ],
            [
              121.56504268742033,
              25.178416036432388
            ],
            [
              121.56789162315238,
              25.183656361677254
            ],
            [
              121.56700747068382,
              25.188722009413958
            ],
            [
              121.5760945932774,
              25.19531608534708
            ]
          ]
        ]
      },
      "properties": {
        "id": "63000120",
        "name": "北投區",
        "city": "臺北市",
        "quarter": "1141",
        "age_under_1y": 1011,
        "age_1_5y": 1802,
        "age_5_10y": 3696,
        "age_10_15y": 3536,
        "age_15_20y": 4693,
        "age_20_25y": 3297,
        "age_25_30y": 6376,
        "age_30_40y": 14218,
        "age_40_50y": 30978,
        "age_over_50y": 14953,
        "total": 84560,
        "old_building_count": 60149
      }
    },
    {
      "type": "Feature",
      "geometry": {
        "type": "Polygon",
        "coordinates": [
          [
            [
              121.57142823302664,
              25.074308241567724
            ],
            [
              121.56911961269205,
              25.076186024780466
            ],
            [
              121.56322526290161,
              25.0725614664861
            ],
            [
              121.5526645528604,
              25.075618322878938
            ],
            [
              121.54878410591503,
              25.071076707666723
            ],
            [
              121.5387145916897,
              25.071295054551925
            ],
            [
              121.54431422399063,
              25.06697178622491
            ],
            [
              121.54382302817476,
              25.044918750819434
            ],
            [
              121.54406862608269,
              25.044918750819434
            ],
            [
              121.54490365896966,
              25.045049758950558
            ],
            [
              121.54726139888584,
              25.045137097704636
            ],
            [
              121.55015945419947,
              25.044787742688314
            ],
            [
              121.55114184583121,
              25.044700403934232
            ],
            [
              121.55236983537088,
              25.044569395803112
            ],
            [
              121.55300838993152,
              25.04448205704903
            ],
            [
              121.5541872598896,
              25.04443838767199
            ],
            [
              121.55472757528706,
              25.04452572642607
            ],
            [
              121.55551348859245,
              25.04474407331127
            ],
            [
              121.55738003269276,
              25.045137097704636
            ],
            [
              121.55767475018229,
              25.045224436458717
            ],
            [
              121.56926697143682,
              25.049242019146448
            ],
            [
              121.58007327938596,
              25.049460366031653
            ],
            [
              121.5799259206412,
              25.052910246817856
            ],
            [
              121.57300005963742,
              25.05173117363776
            ],
            [
              121.56956168892634,
              25.063216219799425
            ],
            [
              121.57216502675045,
              25.071469732060088
            ],
            [
              121.57142823302664,
              25.074308241567724
            ]
          ]
        ]
      },
      "properties": {
        "id": "63000010",
        "name": "松山區",
        "city": "臺北市",
        "quarter": "1142",
        "age_under_1y": 230,
        "age_1_5y": 756,
        "age_5_10y": 1262,
        "age_10_15y": 929,
        "age_15_20y": 3252,
        "age_20_25y": 2687,
        "age_25_30y": 2478,
        "age_30_40y": 12365,
        "age_40_50y": 23077,
        "age_over_50y": 18733,
        "total": 65769,
        "old_building_count": 54175
      }
    },
    {
      "type": "Feature",
      "geometry": {
        "type": "Polygon",
        "coordinates": [
          [
            [
              121.58007327938596,
              25.049460366031653
            ],
            [
              121.56926697143682,
              25.049242019146448
            ],
            [
              121.55767475018229,
              25.045224436458717
            ],
            [
              121.55767475018229,
              25.044962420196477
            ],
            [
              121.55767475018229,
              25.04373967763934
            ],
            [
              121.5576256306007,
              25.042560604459247
            ],
            [
              121.5575765110191,
              25.04059548249242
            ],
            [
              121.5575765110191,
              25.039416409312327
            ],
            [
              121.55752739143752,
              25.037538626099582
            ],
            [
              121.55747827185594,
              25.036272214165407
            ],
            [
              121.55747827185594,
              25.036053867280202
            ],
            [
              121.55747827185594,
              25.03504947160827
            ],
            [
              121.55742915227435,
              25.034263422821542
            ],
            [
              121.55742915227435,
              25.033695720920015
            ],
            [
              121.55742915227435,
              25.033084349641445
            ],
            [
              121.55738003269276,
              25.031337574559824
            ],
            [
              121.55738003269276,
              25.03028950951085
            ],
            [
              121.55738003269276,
              25.029372452593
            ],
            [
              121.55723267394801,
              25.029154105707796
            ],
            [
              121.55698707604007,
              25.028717411937393
            ],
            [
              121.55659411938737,
              25.028106040658823
            ],
            [
              121.55639764106103,
              25.027844024396583
            ],
            [
              121.55595556482675,
              25.027407330626176
            ],
            [
              121.55575908650039,
              25.027276322495055
            ],
            [
              121.55477669486865,
              25.026359265577202
            ],
            [
              121.55369606407373,
              25.02539853928231
            ],
            [
              121.55295927034993,
              25.024699829249663
            ],
            [
              121.55389254240009,
              25.023215070430282
            ],
            [
              121.55639764106103,
              25.02085692407009
            ],
            [
              121.55674147813212,
              25.02055123843081
            ],
            [
              121.5575765110191,
              25.01976518964408
            ],
            [
              121.55821506557974,
              25.019153818365513
            ],
            [
              121.55846066348768,
              25.018935471480308
            ],
            [
              121.55900097888514,
              25.018411438955823
            ],
            [
              121.55934481595624,
              25.01810575331654
            ],
            [
              121.55993425093529,
              25.01745071266093
            ],
            [
              121.5602780880064,
              25.016970349513485
            ],
            [
              121.56052368591433,
              25.016315308857877
            ],
            [
              121.56150607754607,
              25.015267243808903
            ],
            [
              121.56204639294353,
              25.014743211284415
            ],
            [
              121.56224287126987,
              25.014481195022174
            ],
            [
              121.56283230624892,
              25.013607807481364
            ],
            [
              121.56342174122797,
              25.013171113710957
            ],
            [
              121.56342174122797,
              25.012166718039026
            ],
            [
              121.56342174122797,
              25.0118173630227
            ],
            [
              121.56347086080955,
              25.011555346760456
            ],
            [
              121.56356909997272,
              25.011336999875255
            ],
            [
              121.56504268742033,
              25.01015792669516
            ],
            [
              121.56528828532826,
              25.009983249186998
            ],
            [
              121.56568124198097,
              25.008847845383944
            ],
            [
              121.5659268398889,
              25.008105465974253
            ],
            [
              121.56597595947049,
              25.008149135351292
            ],
            [
              121.5666636336127,
              25.008323812859455
            ],
            [
              121.56715482942857,
              25.008498490367618
            ],
            [
              121.56759690566285,
              25.0088041760069
            ],
            [
              121.56774426440762,
              25.008847845383944
            ],
            [
              121.56828457980508,
              25.009066192269145
            ],
            [
              121.56853017771301,
              25.009240869777308
            ],
            [
              121.56902137352888,
              25.009590224793634
            ],
            [
              121.56936521059998,
              25.009764902301793
            ],
            [
              121.56990552599744,
              25.010594620465564
            ],
            [
              121.57000376516062,
              25.010681959219646
            ],
            [
              121.57098615679236,
              25.011118652990053
            ],
            [
              121.57123175470029,
              25.011293330498212
            ],
            [
              121.5715755917714,
              25.011555346760456
            ],
            [
              121.57187030926093,
              25.011904701776782
            ],
            [
              121.5719685484241,
              25.012341395547185
            ],
            [
              121.5719685484241,
              25.01255974243239
            ],
            [
              121.57201766800569,
              25.012778089317592
            ],
            [
              121.5723615050768,
              25.01356413810432
            ],
            [
              121.57304917921901,
              25.01325845246504
            ],
            [
              121.57324565754536,
              25.013214783087996
            ],
            [
              121.57452276666662,
              25.013171113710957
            ],
            [
              121.5753577995536,
              25.01338946059616
            ],
            [
              121.5757507562063,
              25.013826154366566
            ],
            [
              121.576143712859,
              25.01421917875993
            ],
            [
              121.57634019118534,
              25.01421917875993
            ],
            [
              121.5768805065828,
              25.01408817062881
            ],
            [
              121.5772734632355,
              25.013957162497686
            ],
            [
              121.5780102569593,
              25.013869823743605
            ],
            [
              121.58360988926022,
              25.018848132726227
            ],
            [
              121.58523083545259,
              25.024306804856298
            ],
            [
              121.59205845729318,
              25.031293905182785
            ],
            [
              121.5867044229002,
              25.041512539410274
            ],
            [
              121.58076095352817,
              25.04526810583576
            ],
            [
              121.58007327938596,
              25.049460366031653
            ]
          ]
        ]
      },
      "properties": {
        "id": "63000020",
        "name": "信義區",
        "city": "臺北市",
        "quarter": "1142",
        "age_under_1y": 333,
        "age_1_5y": 1960,
        "age_5_10y": 881,
        "age_10_15y": 1295,
        "age_15_20y": 4273,
        "age_20_25y": 2088,
        "age_25_30y": 3558,
        "age_30_40y": 16441,
        "age_40_50y": 27962,
        "age_over_50y": 18428,
        "total": 77219,
        "old_building_count": 62831
      }
    },
    {
      "type": "Feature",
      "geometry": {
        "type": "Polygon",
        "coordinates": [
          [
            [
              121.54406862608269,
              25.044918750819434
            ],
            [
              121.54298799528777,
              25.044787742688314
            ],
            [
              121.5421038428192,
              25.044700403934232
            ],
            [
              121.54102321202429,
              25.04465673455719
            ],
            [
              121.54053201620842,
              25.04465673455719
            ],
            [
              121.53812515671066,
              25.044700403934232
            ],
            [
              121.53655333009988,
              25.04474407331127
            ],
            [
              121.53517798181544,
              25.044962420196477
            ],
            [
              121.53468678599957,
              25.045049758950558
            ],
            [
              121.53321319855196,
              25.04539911396688
            ],
            [
              121.53291848106244,
              25.044132702032705
            ],
            [
              121.53282024189926,
              25.04129419252507
            ],
            [
              121.5326728831545,
              25.033695720920015
            ],
            [
              121.5326728831545,
              25.033652051542973
            ],
            [
              121.53247640482816,
              25.033652051542973
            ],
            [
              121.52967658867769,
              25.033826729051135
            ],
            [
              121.52491198926376,
              25.035267818493473
            ],
            [
              121.52427343470312,
              25.035355157247555
            ],
            [
              121.52279984725551,
              25.032822333379205
            ],
            [
              121.52235777102123,
              25.031555921445026
            ],
            [
              121.52206305353171,
              25.029852815740448
            ],
            [
              121.5224560101844,
              25.02705797560985
            ],
            [
              121.52250512976599,
              25.02701430623281
            ],
            [
              121.52564878298756,
              25.022909384791
            ],
            [
              121.5262873375482,
              25.022341682889472
            ],
            [
              121.5266311746193,
              25.02203599725019
            ],
            [
              121.5284977187196,
              25.020376560922646
            ],
            [
              121.52923451244341,
              25.019677850889998
            ],
            [
              121.52987306700405,
              25.019066479611432
            ],
            [
              121.53021690407515,
              25.018717124595106
            ],
            [
              121.53164137194118,
              25.01736337390685
            ],
            [
              121.53223080692023,
              25.01675200262828
            ],
            [
              121.53311495938878,
              25.015922284464512
            ],
            [
              121.53390087269418,
              25.015179905054822
            ],
            [
              121.53429382934688,
              25.014786880661458
            ],
            [
              121.53586565595765,
              25.01325845246504
            ],
            [
              121.53689716717098,
              25.011555346760456
            ],
            [
              121.53704452591575,
              25.011249661121173
            ],
            [
              121.53783043922114,
              25.00854215974466
            ],
            [
              121.54495277855125,
              25.008018127220172
            ],
            [
              121.55349958574739,
              25.009240869777308
            ],
            [
              121.55850978306927,
              25.011904701776782
            ],
            [
              121.56307790415686,
              25.008018127220172
            ],
            [
              121.5659268398889,
              25.008105465974253
            ],
            [
              121.56568124198097,
              25.008847845383944
            ],
            [
              121.56528828532826,
              25.009983249186998
            ],
            [
              121.56504268742033,
              25.01015792669516
            ],
            [
              121.56356909997272,
              25.011336999875255
            ],
            [
              121.56347086080955,
              25.011555346760456
            ],
            [
              121.56342174122797,
              25.0118173630227
            ],
            [
              121.56342174122797,
              25.012166718039026
            ],
            [
              121.56342174122797,
              25.013171113710957
            ],
            [
              121.56283230624892,
              25.013607807481364
            ],
            [
              121.56224287126987,
              25.014481195022174
            ],
            [
              121.56204639294353,
              25.014743211284415
            ],
            [
              121.56150607754607,
              25.015267243808903
            ],
            [
              121.56052368591433,
              25.016315308857877
            ],
            [
              121.5602780880064,
              25.016970349513485
            ],
            [
              121.55993425093529,
              25.01745071266093
            ],
            [
              121.55934481595624,
              25.01810575331654
            ],
            [
              121.55900097888514,
              25.018411438955823
            ],
            [
              121.55846066348768,
              25.018935471480308
            ],
            [
              121.55821506557974,
              25.019153818365513
            ],
            [
              121.5575765110191,
              25.01976518964408
            ],
            [
              121.55674147813212,
              25.02055123843081
            ],
            [
              121.55639764106103,
              25.02085692407009
            ],
            [
              121.55389254240009,
              25.023215070430282
            ],
            [
              121.55295927034993,
              25.024699829249663
            ],
            [
              121.55369606407373,
              25.02539853928231
            ],
            [
              121.55477669486865,
              25.026359265577202
            ],
            [
              121.55575908650039,
              25.027276322495055
            ],
            [
              121.55595556482675,
              25.027407330626176
            ],
            [
              121.55639764106103,
              25.027844024396583
            ],
            [
              121.55659411938737,
              25.028106040658823
            ],
            [
              121.55698707604007,
              25.028717411937393
            ],
            [
              121.55723267394801,
              25.029154105707796
            ],
            [
              121.55738003269276,
              25.029372452593
            ],
            [
              121.55738003269276,
              25.03028950951085
            ],
            [
              121.55738003269276,
              25.031337574559824
            ],
            [
              121.55742915227435,
              25.033084349641445
            ],
            [
              121.55742915227435,
              25.033695720920015
            ],
            [
              121.55742915227435,
              25.034263422821542
            ],
            [
              121.55747827185594,
              25.03504947160827
            ],
            [
              121.55747827185594,
              25.036053867280202
            ],
            [
              121.55747827185594,
              25.036272214165407
            ],
            [
              121.55752739143752,
              25.037538626099582
            ],
            [
              121.5575765110191,
              25.039416409312327
            ],
            [
              121.5575765110191,
              25.04059548249242
            ],
            [
              121.5576256306007,
              25.042560604459247
            ],
            [
              121.55767475018229,
              25.04373967763934
            ],
            [
              121.55767475018229,
              25.044962420196477
            ],
            [
              121.55767475018229,
              25.045224436458717
            ],
            [
              121.55738003269276,
              25.045137097704636
            ],
            [
              121.55551348859245,
              25.04474407331127
            ],
            [
              121.55472757528706,
              25.04452572642607
            ],
            [
              121.5541872598896,
              25.04443838767199
            ],
            [
              121.55300838993152,
              25.04448205704903
            ],
            [
              121.55236983537088,
              25.044569395803112
            ],
            [
              121.55114184583121,
              25.044700403934232
            ],
            [
              121.55015945419947,
              25.044787742688314
            ],
            [
              121.54726139888584,
              25.045137097704636
            ],
            [
              121.54490365896966,
              25.045049758950558
            ],
            [
              121.54406862608269,
              25.044918750819434
            ]
          ]
        ]
      },
      "properties": {
        "id": "63000030",
        "name": "大安區",
        "city": "臺北市",
        "quarter": "1142",
        "age_under_1y": 725,
        "age_1_5y": 1888,
        "age_5_10y": 1450,
        "age_10_15y": 1563,
        "age_15_20y": 5105,
        "age_20_25y": 2061,
        "age_25_30y": 3503,
        "age_30_40y": 20392,
        "age_40_50y": 41166,
        "age_over_50y": 20400,
        "total": 98253,
        "old_building_count": 81958
      }
    },
    {
      "type": "Feature",
      "geometry": {
        "type": "Polygon",
        "coordinates": [
          [
            [
              121.55217335704454,
              25.09238736366251
            ],
            [
              121.54500189813284,
              25.090378572318645
            ],
            [
              121.53832163503701,
              25.09164498425282
            ],
            [
              121.52427343470312,
              25.080858648123804
            ],
            [
              121.52250512976599,
              25.07710308169832
            ],
            [
              121.52044210733933,
              25.073129168387627
            ],
            [
              121.51896851989173,
              25.064657309241763
            ],
            [
              121.52049122692092,
              25.060028355275463
            ],
            [
              121.5201965094314,
              25.051119802359192
            ],
            [
              121.5186738024022,
              25.048368631605637
            ],
            [
              121.53291848106244,
              25.04548645272096
            ],
            [
              121.53321319855196,
              25.04539911396688
            ],
            [
              121.53468678599957,
              25.045049758950558
            ],
            [
              121.53517798181544,
              25.044962420196477
            ],
            [
              121.53655333009988,
              25.04474407331127
            ],
            [
              121.53812515671066,
              25.044700403934232
            ],
            [
              121.54053201620842,
              25.04465673455719
            ],
            [
              121.54102321202429,
              25.04465673455719
            ],
            [
              121.5421038428192,
              25.044700403934232
            ],
            [
              121.54298799528777,
              25.044787742688314
            ],
            [
              121.54382302817476,
              25.044918750819434
            ],
            [
              121.54431422399063,
              25.06697178622491
            ],
            [
              121.5387145916897,
              25.071295054551925
            ],
            [
              121.54878410591503,
              25.071076707666723
            ],
            [
              121.5526645528604,
              25.075618322878938
            ],
            [
              121.56322526290161,
              25.0725614664861
            ],
            [
              121.56911961269205,
              25.076186024780466
            ],
            [
              121.57142823302664,
              25.074308241567724
            ],
            [
              121.57039672181331,
              25.077059412321276
            ],
            [
              121.56499356783874,
              25.078500501763617
            ],
            [
              121.56111312089337,
              25.084308528910007
            ],
            [
              121.5534504661658,
              25.089810870417118
            ],
            [
              121.55217335704454,
              25.09238736366251
            ]
          ]
        ]
      },
      "properties": {
        "id": "63000040",
        "name": "中山區",
        "city": "臺北市",
        "quarter": "1142",
        "age_under_1y": 730,
        "age_1_5y": 1601,
        "age_5_10y": 3051,
        "age_10_15y": 3296,
        "age_15_20y": 8456,
        "age_20_25y": 6714,
        "age_25_30y": 5942,
        "age_30_40y": 14273,
        "age_40_50y": 34109,
        "age_over_50y": 18424,
        "total": 96596,
        "old_building_count": 66806
      }
    },
    {
      "type": "Feature",
      "geometry": {
        "type": "Polygon",
        "coordinates": [
          [
            [
              121.5186738024022,
              25.048368631605637
            ],
            [
              121.51066731060352,
              25.048324962228598
            ],
            [
              121.5096357993902,
              25.047320566556664
            ],
            [
              121.50418352583404,
              25.029896485117487
            ],
            [
              121.51238649595906,
              25.021730311610906
            ],
            [
              121.52112978148156,
              25.01810575331654
            ],
            [
              121.52574702215074,
              25.01186103239974
            ],
            [
              121.53183785026752,
              25.00867316787578
            ],
            [
              121.5319360894307,
              25.00871683725282
            ],
            [
              121.53218168733864,
              25.008891514760982
            ],
            [
              121.53252552440973,
              25.009066192269145
            ],
            [
              121.5334587964599,
              25.009590224793634
            ],
            [
              121.53390087269418,
              25.009852241055874
            ],
            [
              121.5341955901837,
              25.010026918564037
            ],
            [
              121.5349323839075,
              25.010507281711483
            ],
            [
              121.53527622097862,
              25.010725628596685
            ],
            [
              121.53586565595765,
              25.01103131423597
            ],
            [
              121.53625861261035,
              25.011118652990053
            ],
            [
              121.53665156926304,
              25.01120599174413
            ],
            [
              121.53689716717098,
              25.011555346760456
            ],
            [
              121.53586565595765,
              25.01325845246504
            ],
            [
              121.53429382934688,
              25.014786880661458
            ],
            [
              121.53390087269418,
              25.015179905054822
            ],
            [
              121.53311495938878,
              25.015922284464512
            ],
            [
              121.53223080692023,
              25.01675200262828
            ],
            [
              121.53164137194118,
              25.01736337390685
            ],
            [
              121.53021690407515,
              25.018717124595106
            ],
            [
              121.52987306700405,
              25.019066479611432
            ],
            [
              121.52923451244341,
              25.019677850889998
            ],
            [
              121.5284977187196,
              25.020376560922646
            ],
            [
              121.5266311746193,
              25.02203599725019
            ],
            [
              121.5262873375482,
              25.022341682889472
            ],
            [
              121.52564878298756,
              25.022909384791
            ],
            [
              121.52250512976599,
              25.02701430623281
            ],
            [
              121.5224560101844,
              25.02705797560985
            ],
            [
              121.52206305353171,
              25.029852815740448
            ],
            [
              121.52235777102123,
              25.031555921445026
            ],
            [
              121.52279984725551,
              25.032822333379205
            ],
            [
              121.52427343470312,
              25.035355157247555
            ],
            [
              121.52491198926376,
              25.035267818493473
            ],
            [
              121.52967658867769,
              25.033826729051135
            ],
            [
              121.53247640482816,
              25.033652051542973
            ],
            [
              121.5326728831545,
              25.033652051542973
            ],
            [
              121.5326728831545,
              25.033695720920015
            ],
            [
              121.53282024189926,
              25.04129419252507
            ],
            [
              121.53291848106244,
              25.044132702032705
            ],
            [
              121.53291848106244,
              25.04548645272096
            ],
            [
              121.5186738024022,
              25.048368631605637
            ]
          ]
        ]
      },
      "properties": {
        "id": "63000050",
        "name": "中正區",
        "city": "臺北市",
        "quarter": "1142",
        "age_under_1y": 253,
        "age_1_5y": 1377,
        "age_5_10y": 2328,
        "age_10_15y": 1849,
        "age_15_20y": 4372,
        "age_20_25y": 2161,
        "age_25_30y": 2341,
        "age_30_40y": 7702,
        "age_40_50y": 15446,
        "age_over_50y": 14874,
        "total": 52703,
        "old_building_count": 38022
      }
    },
    {
      "type": "Feature",
      "geometry": {
        "type": "Polygon",
        "coordinates": [
          [
            [
              121.52250512976599,
              25.07710308169832
            ],
            [
              121.51621782332286,
              25.08024727684524
            ],
            [
              121.5046747216499,
              25.07810747737025
            ],
            [
              121.50703246156608,
              25.06989763448663
            ],
            [
              121.50560799370007,
              25.060770734685153
            ],
            [
              121.5061974286791,
              25.053652626227546
            ],
            [
              121.50462560206833,
              25.049766051670936
            ],
            [
              121.51066731060352,
              25.048324962228598
            ],
            [
              121.5186738024022,
              25.048368631605637
            ],
            [
              121.5201965094314,
              25.051119802359192
            ],
            [
              121.52049122692092,
              25.060028355275463
            ],
            [
              121.51896851989173,
              25.064657309241763
            ],
            [
              121.52044210733933,
              25.073129168387627
            ],
            [
              121.52250512976599,
              25.07710308169832
            ]
          ]
        ]
      },
      "properties": {
        "id": "63000060",
        "name": "大同區",
        "city": "臺北市",
        "quarter": "1142",
        "age_under_1y": 299,
        "age_1_5y": 2895,
        "age_5_10y": 1569,
        "age_10_15y": 2022,
        "age_15_20y": 3557,
        "age_20_25y": 1253,
        "age_25_30y": 2040,
        "age_30_40y": 5250,
        "age_40_50y": 12863,
        "age_over_50y": 14818,
        "total": 46566,
        "old_building_count": 32931
      }
    },
    {
      "type": "Feature",
      "geometry": {
        "type": "Polygon",
        "coordinates": [
          [
            [
              121.51066731060352,
              25.048324962228598
            ],
            [
              121.50462560206833,
              25.049766051670936
            ],
            [
              121.50133459010199,
              25.045966815868407
            ],
            [
              121.4956367186379,
              25.04295362885261
            ],
            [
              121.48880909679731,
              25.042560604459247
            ],
            [
              121.48365154073068,
              25.035311487870516
            ],
            [
              121.48880909679731,
              25.023346078561403
            ],
            [
              121.48875997721572,
              25.015310913185942
            ],
            [
              121.4926404241611,
              25.00954655541659
            ],
            [
              121.50025395930709,
              25.01194837115382
            ],
            [
              121.50614830909753,
              25.018804463349188
            ],
            [
              121.51238649595906,
              25.021730311610906
            ],
            [
              121.50418352583404,
              25.029896485117487
            ],
            [
              121.5096357993902,
              25.047320566556664
            ],
            [
              121.51066731060352,
              25.048324962228598
            ]
          ]
        ]
      },
      "properties": {
        "id": "63000070",
        "name": "萬華區",
        "city": "臺北市",
        "quarter": "1142",
        "age_under_1y": 754,
        "age_1_5y": 1672,
        "age_5_10y": 2887,
        "age_10_15y": 2472,
        "age_15_20y": 2327,
        "age_20_25y": 1522,
        "age_25_30y": 2579,
        "age_30_40y": 8925,
        "age_40_50y": 25319,
        "age_over_50y": 22419,
        "total": 70876,
        "old_building_count": 56663
      }
    },
    {
      "type": "Feature",
      "geometry": {
        "type": "Polygon",
        "coordinates": [
          [
            [
              121.5972651329414,
              25.014393856268093
            ],
            [
              121.59613538256491,
              25.01496155816962
            ],
            [
              121.59588978465698,
              25.01509256630074
            ],
            [
              121.5957915454938,
              25.015223574431865
            ],
            [
              121.59544770842268,
              25.015485590694105
            ],
            [
              121.59525123009634,
              25.015529260071148
            ],
            [
              121.59407236013826,
              25.015136235677783
            ],
            [
              121.59367940348555,
              25.014699541907376
            ],
            [
              121.59318820766968,
              25.014524864399213
            ],
            [
              121.59220581603795,
              25.014743211284415
            ],
            [
              121.59151814189573,
              25.014699541907376
            ],
            [
              121.59141990273255,
              25.014481195022174
            ],
            [
              121.5912725439878,
              25.01426284813697
            ],
            [
              121.58989719570336,
              25.013869823743605
            ],
            [
              121.58965159779542,
              25.013826154366566
            ],
            [
              121.58866920616369,
              25.013695146235445
            ],
            [
              121.58793241243987,
              25.0134331299732
            ],
            [
              121.5878341732767,
              25.01338946059616
            ],
            [
              121.58655706415544,
              25.01338946059616
            ],
            [
              121.5855746725237,
              25.01334579121912
            ],
            [
              121.58508347670784,
              25.013127444333918
            ],
            [
              121.58395372633133,
              25.013083774956876
            ],
            [
              121.58208718223102,
              25.01247240367831
            ],
            [
              121.58174334515991,
              25.01247240367831
            ],
            [
              121.58110479059928,
              25.01247240367831
            ],
            [
              121.58090831227294,
              25.012428734301267
            ],
            [
              121.58076095352817,
              25.012297726170146
            ],
            [
              121.58046623603865,
              25.012210387416065
            ],
            [
              121.58036799687548,
              25.012254056793104
            ],
            [
              121.5802697577123,
              25.012341395547185
            ],
            [
              121.57997504022278,
              25.01247240367831
            ],
            [
              121.57923824649897,
              25.013040105579837
            ],
            [
              121.5787961702647,
              25.01334579121912
            ],
            [
              121.57864881151993,
              25.01347679935024
            ],
            [
              121.5780102569593,
              25.013869823743605
            ],
            [
              121.5772734632355,
              25.013957162497686
            ],
            [
              121.5768805065828,
              25.01408817062881
            ],
            [
              121.57634019118534,
              25.01421917875993
            ],
            [
              121.576143712859,
              25.01421917875993
            ],
            [
              121.5757507562063,
              25.013826154366566
            ],
            [
              121.5753577995536,
              25.01338946059616
            ],
            [
              121.57452276666662,
              25.013171113710957
            ],
            [
              121.57324565754536,
              25.013214783087996
            ],
            [
              121.57304917921901,
              25.01325845246504
            ],
            [
              121.5723615050768,
              25.01356413810432
            ],
            [
              121.57201766800569,
              25.012778089317592
            ],
            [
              121.5719685484241,
              25.01255974243239
            ],
            [
              121.5719685484241,
              25.012341395547185
            ],
            [
              121.57187030926093,
              25.011904701776782
            ],
            [
              121.5715755917714,
              25.011555346760456
            ],
            [
              121.57123175470029,
              25.011293330498212
            ],
            [
              121.57098615679236,
              25.011118652990053
            ],
            [
              121.57000376516062,
              25.010681959219646
            ],
            [
              121.56990552599744,
              25.010594620465564
            ],
            [
              121.56936521059998,
              25.009764902301793
            ],
            [
              121.56902137352888,
              25.009590224793634
            ],
            [
              121.56853017771301,
              25.009240869777308
            ],
            [
              121.56828457980508,
              25.009066192269145
            ],
            [
              121.56774426440762,
              25.008847845383944
            ],
            [
              121.56759690566285,
              25.0088041760069
            ],
            [
              121.56715482942857,
              25.008498490367618
            ],
            [
              121.5666636336127,
              25.008323812859455
            ],
            [
              121.56597595947049,
              25.008149135351292
            ],
            [
              121.5659268398889,
              25.008105465974253
            ],
            [
              121.56307790415686,
              25.008018127220172
            ],
            [
              121.55850978306927,
              25.011904701776782
            ],
            [
              121.55349958574739,
              25.009240869777308
            ],
            [
              121.54495277855125,
              25.008018127220172
            ],
            [
              121.53783043922114,
              25.00854215974466
            ],
            [
              121.53704452591575,
              25.011249661121173
            ],
            [
              121.53665156926304,
              25.01120599174413
            ],
            [
              121.53625861261035,
              25.011118652990053
            ],
            [
              121.53586565595765,
              25.01103131423597
            ],
            [
              121.53527622097862,
              25.010725628596685
            ],
            [
              121.5349323839075,
              25.010507281711483
            ],
            [
              121.5341955901837,
              25.010026918564037
            ],
            [
              121.53390087269418,
              25.009852241055874
            ],
            [
              121.5334587964599,
              25.009590224793634
            ],
            [
              121.53252552440973,
              25.009066192269145
            ],
            [
              121.53218168733864,
              25.008891514760982
            ],
            [
              121.5319360894307,
              25.00871683725282
            ],
            [
              121.53183785026752,
              25.00867316787578
            ],
            [
              121.53385175311259,
              25.003607520139077
            ],
            [
              121.53051162156467,
              24.998017839877885
            ],
            [
              121.53164137194118,
              24.994742636599845
            ],
            [
              121.53625861261035,
              24.994087595944237
            ],
            [
              121.5368480475894,
              24.98871626256825
            ],
            [
              121.54387214775633,
              24.988279568797847
            ],
            [
              121.54485453938808,
              24.98378162296267
            ],
            [
              121.55389254240009,
              24.984349324864194
            ],
            [
              121.55305750951311,
              24.98076843594687
            ],
            [
              121.56121136005655,
              24.96469810519595
            ],
            [
              121.57295094005585,
              24.964130403294423
            ],
            [
              121.57864881151993,
              24.966575888408695
            ],
            [
              121.58572203126846,
              24.96321334637657
            ],
            [
              121.59338468599603,
              24.964217742048504
            ],
            [
              121.59706865461506,
              24.960505845000057
            ],
            [
              121.60846439754324,
              24.96321334637657
            ],
            [
              121.61367107319147,
              24.96644488027757
            ],
            [
              121.6196145425635,
              24.96714359031022
            ],
            [
              121.6191724663292,
              24.970593471096425
            ],
            [
              121.6112642136937,
              24.974611053784155
            ],
            [
              121.60512426599533,
              24.974436376275992
            ],
            [
              121.60016318825504,
              24.976925530767303
            ],
            [
              121.59986847076551,
              24.986489124339183
            ],
            [
              121.60188237361058,
              24.99046303764987
            ],
            [
              121.59814928540997,
              24.9944806203376
            ],
            [
              121.60055614490774,
              25.0007253412544
            ],
            [
              121.59564418674904,
              25.00714473967936
            ],
            [
              121.5972651329414,
              25.014393856268093
            ]
          ]
        ]
      },
      "properties": {
        "id": "63000080",
        "name": "文山區",
        "city": "臺北市",
        "quarter": "1142",
        "age_under_1y": 544,
        "age_1_5y": 1727,
        "age_5_10y": 4036,
        "age_10_15y": 4882,
        "age_15_20y": 6021,
        "age_20_25y": 3866,
        "age_25_30y": 13530,
        "age_30_40y": 13736,
        "age_40_50y": 33609,
        "age_over_50y": 12328,
        "total": 94279,
        "old_building_count": 59673
      }
    },
    {
      "type": "Feature",
      "geometry": {
        "type": "Polygon",
        "coordinates": [
          [
            [
              121.61612705227081,
              25.063914929832073
            ],
            [
              121.61268868155972,
              25.064307954225438
            ],
            [
              121.60802232130897,
              25.059941016521382
            ],
            [
              121.59623362172808,
              25.058499927079044
            ],
            [
              121.59250053352747,
              25.0596353308821
            ],
            [
              121.58798153202146,
              25.055486740063248
            ],
            [
              121.5799259206412,
              25.052910246817856
            ],
            [
              121.58007327938596,
              25.049460366031653
            ],
            [
              121.58076095352817,
              25.04526810583576
            ],
            [
              121.5867044229002,
              25.041512539410274
            ],
            [
              121.59205845729318,
              25.031293905182785
            ],
            [
              121.58523083545259,
              25.024306804856298
            ],
            [
              121.58360988926022,
              25.018848132726227
            ],
            [
              121.5780102569593,
              25.013869823743605
            ],
            [
              121.57864881151993,
              25.01347679935024
            ],
            [
              121.5787961702647,
              25.01334579121912
            ],
            [
              121.57923824649897,
              25.013040105579837
            ],
            [
              121.57997504022278,
              25.01247240367831
            ],
            [
              121.5802697577123,
              25.012341395547185
            ],
            [
              121.58036799687548,
              25.012254056793104
            ],
            [
              121.58046623603865,
              25.012210387416065
            ],
            [
              121.58076095352817,
              25.012297726170146
            ],
            [
              121.58090831227294,
              25.012428734301267
            ],
            [
              121.58110479059928,
              25.01247240367831
            ],
            [
              121.58174334515991,
              25.01247240367831
            ],
            [
              121.58208718223102,
              25.01247240367831
            ],
            [
              121.58395372633133,
              25.013083774956876
            ],
            [
              121.58508347670784,
              25.013127444333918
            ],
            [
              121.5855746725237,
              25.01334579121912
            ],
            [
              121.58655706415544,
              25.01338946059616
            ],
            [
              121.5878341732767,
              25.01338946059616
            ],
            [
              121.58793241243987,
              25.0134331299732
            ],
            [
              121.58866920616369,
              25.013695146235445
            ],
            [
              121.58965159779542,
              25.013826154366566
            ],
            [
              121.58989719570336,
              25.013869823743605
            ],
            [
              121.5912725439878,
              25.01426284813697
            ],
            [
              121.59141990273255,
              25.014481195022174
            ],
            [
              121.59151814189573,
              25.014699541907376
            ],
            [
              121.59220581603795,
              25.014743211284415
            ],
            [
              121.59318820766968,
              25.014524864399213
            ],
            [
              121.59367940348555,
              25.014699541907376
            ],
            [
              121.59407236013826,
              25.015136235677783
            ],
            [
              121.59525123009634,
              25.015529260071148
            ],
            [
              121.59544770842268,
              25.015485590694105
            ],
            [
              121.5957915454938,
              25.015223574431865
            ],
            [
              121.59588978465698,
              25.01509256630074
            ],
            [
              121.59613538256491,
              25.01496155816962
            ],
            [
              121.5972651329414,
              25.014393856268093
            ],
            [
              121.60271740649756,
              25.015136235677783
            ],
            [
              121.60414187436359,
              25.01911014898847
            ],
            [
              121.60870999545118,
              25.02050756905377
            ],
            [
              121.62246347829554,
              25.01736337390685
            ],
            [
              121.6289963826466,
              25.01998353652928
            ],
            [
              121.6309120463285,
              25.0247434986267
            ],
            [
              121.63567664574244,
              25.023215070430282
            ],
            [
              121.6429954633989,
              25.02456882111854
            ],
            [
              121.64702326908903,
              25.021861319742026
            ],
            [
              121.64992132440267,
              25.023957449839973
            ],
            [
              121.66406776389972,
              25.023171401053244
            ],
            [
              121.66593430800003,
              25.029896485117487
            ],
            [
              121.6607767519334,
              25.030464187019014
            ],
            [
              121.65679806582484,
              25.02793136315066
            ],
            [
              121.6502160418922,
              25.027625677511377
            ],
            [
              121.64402697461223,
              25.029896485117487
            ],
            [
              121.63287682959198,
              25.035835520395
            ],
            [
              121.62531241402759,
              25.037669634230703
            ],
            [
              121.62192316289809,
              25.040071449967932
            ],
            [
              121.61647088934193,
              25.048150284720435
            ],
            [
              121.62103901042951,
              25.053696295604585
            ],
            [
              121.62162844540856,
              25.060334040914746
            ],
            [
              121.61612705227081,
              25.063914929832073
            ]
          ]
        ]
      },
      "properties": {
        "id": "63000090",
        "name": "南港區",
        "city": "臺北市",
        "quarter": "1142",
        "age_under_1y": 604,
        "age_1_5y": 1719,
        "age_5_10y": 1169,
        "age_10_15y": 3127,
        "age_15_20y": 3860,
        "age_20_25y": 2113,
        "age_25_30y": 3608,
        "age_30_40y": 3847,
        "age_40_50y": 14150,
        "age_over_50y": 6666,
        "total": 40863,
        "old_building_count": 24663
      }
    },
    {
      "type": "Feature",
      "geometry": {
        "type": "Polygon",
        "coordinates": [
          [
            [
              121.59569330633062,
              25.114178382805743
            ],
            [
              121.58798153202146,
              25.11378535841238
            ],
            [
              121.58527995503418,
              25.108807049429757
            ],
            [
              121.57977856189643,
              25.106448903069566
            ],
            [
              121.57034760223173,
              25.105444507397632
            ],
            [
              121.56681099235746,
              25.099068778349714
            ],
            [
              121.55880450055878,
              25.09871942333339
            ],
            [
              121.55448197737913,
              25.092736718678836
            ],
            [
              121.55217335704454,
              25.09238736366251
            ],
            [
              121.5534504661658,
              25.089810870417118
            ],
            [
              121.56111312089337,
              25.084308528910007
            ],
            [
              121.56499356783874,
              25.078500501763617
            ],
            [
              121.57039672181331,
              25.077059412321276
            ],
            [
              121.57142823302664,
              25.074308241567724
            ],
            [
              121.57216502675045,
              25.071469732060088
            ],
            [
              121.56956168892634,
              25.063216219799425
            ],
            [
              121.57300005963742,
              25.05173117363776
            ],
            [
              121.5799259206412,
              25.052910246817856
            ],
            [
              121.58798153202146,
              25.055486740063248
            ],
            [
              121.59250053352747,
              25.0596353308821
            ],
            [
              121.59623362172808,
              25.058499927079044
            ],
            [
              121.60802232130897,
              25.059941016521382
            ],
            [
              121.61268868155972,
              25.064307954225438
            ],
            [
              121.61612705227081,
              25.063914929832073
            ],
            [
              121.62148108666379,
              25.069548279470304
            ],
            [
              121.62433002239584,
              25.0804219543534
            ],
            [
              121.62860342599392,
              25.086491997762035
            ],
            [
              121.62329851118251,
              25.096928978874725
            ],
            [
              121.6154393781286,
              25.103828740447135
            ],
            [
              121.60797320172738,
              25.10675458870885
            ],
            [
              121.59746161126776,
              25.109505759462404
            ],
            [
              121.59569330633062,
              25.114178382805743
            ]
          ]
        ]
      },
      "properties": {
        "id": "63000100",
        "name": "內湖區",
        "city": "臺北市",
        "quarter": "1142",
        "age_under_1y": 200,
        "age_1_5y": 2376,
        "age_5_10y": 3357,
        "age_10_15y": 3694,
        "age_15_20y": 8579,
        "age_20_25y": 3839,
        "age_25_30y": 11759,
        "age_30_40y": 21931,
        "age_40_50y": 35243,
        "age_over_50y": 1778,
        "total": 92756,
        "old_building_count": 58952
      }
    },
    {
      "type": "Feature",
      "geometry": {
        "type": "Polygon",
        "coordinates": [
          [
            [
              121.59569330633062,
              25.114178382805743
            ],
            [
              121.60453483101628,
              25.126012783983732
            ],
            [
              121.60404363520041,
              25.13618774883418
            ],
            [
              121.5957424259122,
              25.14356787355403
            ],
            [
              121.59372852306714,
              25.150030941356032
            ],
            [
              121.58965159779542,
              25.152170740831018
            ],
            [
              121.59176373980367,
              25.157585743584047
            ],
            [
              121.58984807612177,
              25.163699456369724
            ],
            [
              121.5863605858291,
              25.16352477886156
            ],
            [
              121.57707698490916,
              25.167018329024806
            ],
            [
              121.5772734632355,
              25.16994417728652
            ],
            [
              121.58169422557833,
              25.17378708246609
            ],
            [
              121.58326605218912,
              25.177542648891578
            ],
            [
              121.58090831227294,
              25.182084264103793
            ],
            [
              121.58400284591292,
              25.18880934816804
            ],
            [
              121.58306957386276,
              25.195010399707797
            ],
            [
              121.5760945932774,
              25.19531608534708
            ],
            [
              121.56700747068382,
              25.188722009413958
            ],
            [
              121.56789162315238,
              25.183656361677254
            ],
            [
              121.56504268742033,
              25.178416036432388
            ],
            [
              121.56086752298543,
              25.17457313125282
            ],
            [
              121.56307790415686,
              25.169987846663563
            ],
            [
              121.56067104465909,
              25.162345705681467
            ],
            [
              121.55644676064261,
              25.160555261222804
            ],
            [
              121.54947178005726,
              25.149681586339707
            ],
            [
              121.54888234507821,
              25.144790616111166
            ],
            [
              121.54573869185664,
              25.141602751587207
            ],
            [
              121.54112145118746,
              25.14125339657088
            ],
            [
              121.5334587964599,
              25.137585168899477
            ],
            [
              121.53036426281992,
              25.134222626867356
            ],
            [
              121.53139577403324,
              25.12832726096688
            ],
            [
              121.52653293545613,
              25.12356729886946
            ],
            [
              121.52353664097932,
              25.117497255460826
            ],
            [
              121.52574702215074,
              25.11304297900269
            ],
            [
              121.52112978148156,
              25.108938057560877
            ],
            [
              121.51710197579142,
              25.099505472120118
            ],
            [
              121.50821133152418,
              25.095837244448713
            ],
            [
              121.49730678441186,
              25.098239060185943
            ],
            [
              121.49588231654583,
              25.11160188956035
            ],
            [
              121.48905469470525,
              25.115357455985837
            ],
            [
              121.47353290692375,
              25.110815840773622
            ],
            [
              121.46690176340951,
              25.111689228314432
            ],
            [
              121.46090917445589,
              25.11618717414961
            ],
            [
              121.45732344500004,
              25.107103943725175
            ],
            [
              121.46636144801205,
              25.101645271595107
            ],
            [
              121.48104820290656,
              25.100859222808374
            ],
            [
              121.48910381428684,
              25.096841640120644
            ],
            [
              121.4997627634912,
              25.087234377171725
            ],
            [
              121.5046747216499,
              25.07810747737025
            ],
            [
              121.51621782332286,
              25.08024727684524
            ],
            [
              121.52250512976599,
              25.07710308169832
            ],
            [
              121.52427343470312,
              25.080858648123804
            ],
            [
              121.53832163503701,
              25.09164498425282
            ],
            [
              121.54500189813284,
              25.090378572318645
            ],
            [
              121.55217335704454,
              25.09238736366251
            ],
            [
              121.55448197737913,
              25.092736718678836
            ],
            [
              121.55880450055878,
              25.09871942333339
            ],
            [
              121.56681099235746,
              25.099068778349714
            ],
            [
              121.57034760223173,
              25.105444507397632
            ],
            [
              121.57977856189643,
              25.106448903069566
            ],
            [
              121.58527995503418,
              25.108807049429757
            ],
            [
              121.58798153202146,
              25.11378535841238
            ],
            [
              121.59569330633062,
              25.114178382805743
            ]
          ]
        ]
      },
      "properties": {
        "id": "63000110",
        "name": "士林區",
        "city": "臺北市",
        "quarter": "1142",
        "age_under_1y": 351,
        "age_1_5y": 1306,
        "age_5_10y": 1667,
        "age_10_15y": 1988,
        "age_15_20y": 3656,
        "age_20_25y": 3434,
        "age_25_30y": 4825,
        "age_30_40y": 13938,
        "age_40_50y": 38617,
        "age_over_50y": 22616,
        "total": 92398,
        "old_building_count": 75171
      }
    },
    {
      "type": "Feature",
      "geometry": {
        "type": "Polygon",
        "coordinates": [
          [
            [
              121.5760945932774,
              25.19531608534708
            ],
            [
              121.57319653796378,
              25.194966730330755
            ],
            [
              121.56489532867558,
              25.20094943498531
            ],
            [
              121.56273406708574,
              25.209290286000055
            ],
            [
              121.55502229277658,
              25.208416898459244
            ],
            [
              121.55148568290232,
              25.202128508165405
            ],
            [
              121.55256631369724,
              25.198809635510322
            ],
            [
              121.54632812683569,
              25.19697552167462
            ],
            [
              121.54323359319571,
              25.19356931026546
            ],
            [
              121.542840636543,
              25.18894035629916
            ],
            [
              121.53581653637607,
              25.18666954869305
            ],
            [
              121.53336055729672,
              25.183569022923173
            ],
            [
              121.52569790256915,
              25.182782974136444
            ],
            [
              121.5217192164606,
              25.178983738333915
            ],
            [
              121.52255424934758,
              25.17470413938394
            ],
            [
              121.52004915068665,
              25.169420144762036
            ],
            [
              121.5130250505197,
              25.170948572958455
            ],
            [
              121.51042171269559,
              25.169420144762036
            ],
            [
              121.50270993838643,
              25.172782686794157
            ],
            [
              121.49740502357504,
              25.163743125746763
            ],
            [
              121.49273866332427,
              25.160773608108006
            ],
            [
              121.48645135688113,
              25.150773320765722
            ],
            [
              121.48286562742528,
              25.150205618864195
            ],
            [
              121.47196108031297,
              25.137716177030597
            ],
            [
              121.46562465428825,
              25.131558794867882
            ],
            [
              121.46454402349333,
              25.124702702672515
            ],
            [
              121.4593373478451,
              25.12190786254192
            ],
            [
              121.46090917445589,
              25.11618717414961
            ],
            [
              121.46690176340951,
              25.111689228314432
            ],
            [
              121.47353290692375,
              25.110815840773622
            ],
            [
              121.48905469470525,
              25.115357455985837
            ],
            [
              121.49588231654583,
              25.11160188956035
            ],
            [
              121.49730678441186,
              25.098239060185943
            ],
            [
              121.50821133152418,
              25.095837244448713
            ],
            [
              121.51710197579142,
              25.099505472120118
            ],
            [
              121.52112978148156,
              25.108938057560877
            ],
            [
              121.52574702215074,
              25.11304297900269
            ],
            [
              121.52353664097932,
              25.117497255460826
            ],
            [
              121.52653293545613,
              25.12356729886946
            ],
            [
              121.53139577403324,
              25.12832726096688
            ],
            [
              121.53036426281992,
              25.134222626867356
            ],
            [
              121.5334587964599,
              25.137585168899477
            ],
            [
              121.54112145118746,
              25.14125339657088
            ],
            [
              121.54573869185664,
              25.141602751587207
            ],
            [
              121.54888234507821,
              25.144790616111166
            ],
            [
              121.54947178005726,
              25.149681586339707
            ],
            [
              121.55644676064261,
              25.160555261222804
            ],
            [
              121.56067104465909,
              25.162345705681467
            ],
            [
              121.56307790415686,
              25.169987846663563
            ],
            [
              121.56086752298543,
              25.17457313125282
            ],
            [
              121.56504268742033,
              25.178416036432388
            ],
            [
              121.56789162315238,
              25.183656361677254
            ],
            [
              121.56700747068382,
              25.188722009413958
            ],
            [
              121.5760945932774,
              25.19531608534708
            ]
          ]
        ]
      },
      "properties": {
        "id": "63000120",
        "name": "北投區",
        "city": "臺北市",
        "quarter": "1142",
        "age_under_1y": 762,
        "age_1_5y": 1990,
        "age_5_10y": 3315,
        "age_10_15y": 3275,
        "age_15_20y": 5093,
        "age_20_25y": 3184,
        "age_25_30y": 5683,
        "age_30_40y": 12189,
        "age_40_50y": 31679,
        "age_over_50y": 17644,
        "total": 84814,
        "old_building_count": 61512
      }
    }
  ]
}